branch_id,name,city,status,claimed,owner_approved,has_import_record,tier,why,draft_prompt_version,action,problems
428b9c2b-b87d-4cb3-82d5-83d155ae79c1,ARcosmetolog,נהריה,live,no,no,yes,sparse,older_prompt,2026-10-04.5,rewrite,
b5afada9-287f-47af-9a19-2bbd854a7400,BEAUTY OSK,נהריה,live,no,no,yes,sparse,older_prompt,2026-10-04.5,rewrite,
14e6f29b-d0e6-4733-bca8-8f0541f268fe,Barak clinic - קליניקה לאסתטיקה מתקדמת בנהריה,נהריה,live,no,no,yes,normal,older_prompt,2026-10-04.5,rewrite,
80be9c7f-a966-4f2c-9309-97bbbb8fa10b,Batya Care & Beauty Institute,נהריה,live,no,yes,yes,normal,older_prompt,2026-10-04.3,skipped_reference,
388a5b73-0aed-4fea-9b38-a28b0b4b0aaa,Glamur G_B,נהריה,live,no,no,yes,normal,older_prompt,2026-10-04.5,rewrite,
2ccbad7e-ae74-4814-afcb-89d1d6d34d30,Grace Cosmetology Nahariya,נהריה,live,no,yes,yes,sparse,older_prompt,2026-10-04.3,skipped_reference,
ad544cb8-7e77-4524-9640-0befa25de827,L&Y beauty lab,נהריה,live,no,no,yes,sparse,both,2026-10-04.5,rewrite,text:missing_info:במקורות | text:missing_info:לא פורסמו | text:missing_info:לא פורסם | text:missing_info:לא נמצאו | text:missing_info:אין מידע | text:missing_info:אין פירוט | text:record:הרשומה | text:record:מצוין | text:record:מציינת | text:record:ומופיעה | text:record:אין פירוט | text:address:Sderot | text:latin:Sderot | text:latin:HaGa'aton | text:latin:Nahariyya | text:latin:bookingOnline | text:spelling:ווטסאפ
dddabe69-f356-4d08-bcd8-1d39cef0d770,Laurence skin care,נהריה,live,no,no,yes,sparse,both,2026-10-04.1,rewrite,text:missing_info:במקורות | text:missing_info:לא פורסמו | text:missing_info:לא פורסם | text:missing_info:אין מידע | text:record:הרשומה | text:record:המצוינת | text:record:מציינת | text:record:נרשמה | text:record:מופיעה | text:address:St | text:latin:Golomb | text:latin:St | text:latin:Nahariyya | text:spelling:מצויין
caa416ae-8f10-4aee-ac00-d5f35227bbd0,Lilac Saturn cosmetics and eyebrow shaping,נהריה,live,no,no,yes,normal,older_prompt,2026-10-04.5,rewrite,
bcbde7dc-9a86-447f-940d-a440d716402c,M.B- BARBER SHOP,צפת,live,no,no,yes,sparse,text_rules,none,rewrite,text:missing_info:במקורות | text:missing_info:לא צוין | text:missing_info:לא פורסמו | text:missing_info:לא פורסם | text:missing_info:בעמוד העסק | text:record:הרשומה | text:record:המצוינת | text:record:מופיע | text:latin:Yoseftal
8d6eddba-0a9d-466f-84d5-94586d40f31b,Meital Ram professional makeup artist and cosmetologist,נהריה,live,no,no,yes,normal,both,2026-10-03.1,rewrite,text:missing_info:במקורות | text:missing_info:לא פורסמו | text:missing_info:לא נמסר | text:missing_info:אין פירוט | text:missing_info:בפרופיל העסק | text:record:הרשומה | text:record:מציין | text:record:שנרשמו | text:record:המתואר | text:record:אינו מפרט | text:record:אין פירוט | text:address:St | text:latin:Pinsker | text:latin:St | text:latin:Nahariyya | text:spelling:המצויין | text:spelling:מצויין
4833e9c5-cb30-4281-906a-ec2a727fecd2,Opal cosmetic - אופל קוסמטיקה מקצועית,נהריה,live,no,no,yes,sparse,older_prompt,2026-10-03.1,rewrite,
9df5dfd6-0cbd-410b-8ec1-ffdcb83ec9b4,Osmo Professional רפאל אוסמו,נהריה,live,no,no,yes,normal,both,2026-10-02.1,rewrite,text:missing_info:חבילת המידע | text:missing_info:בחבילת | text:missing_info:לא פורסמו | text:missing_info:לא פורסם | text:missing_info:המידע הזמין | text:missing_info:בעמוד העסק | text:record:מצוינות | text:record:מציין | text:record:שמופיע | text:address:St | text:latin:St | text:latin:Nahariyya | text:latin:Herzl
7ec6706c-f25f-4e12-803e-7f24c0ddd609,Perfection studio,נהריה,live,no,no,yes,sparse,text_rules,none,rewrite,text:missing_info:במקורות | text:missing_info:שסופק | text:missing_info:לא צוינו | text:missing_info:לא צוין | text:missing_info:לא פורסם | text:missing_info:ללא פירוט | text:missing_info:על פי הנתונים | text:missing_info:לפי הנתונים | text:missing_info:בעמוד העסק | text:record:ברשומות | text:record:המצוינת | text:record:מציין | text:record:נרשמו | text:record:מופיעים | text:record:מתואר
046a4123-029b-4df9-aba7-951606c2b568,Permanent makeup & eyelashes Nahariya,נהריה,live,no,no,yes,normal,older_prompt,2026-10-03.1,rewrite,
9fb03bc6-cffa-4ac9-aa3b-8cca3c9d9c34,R&R Rina Oren & Roni Shalev,נהריה,live,no,no,yes,sparse,older_prompt,2026-10-03.1,rewrite,
7e8c91ea-4b2e-4e75-b211-194e1188fbce,Sharona Spa,נהריה,live,no,no,yes,normal,both,2026-10-02.1,rewrite,text:missing_info:במקורות | text:missing_info:שסופק | text:missing_info:לא פורסמו | text:missing_info:לא נמצאו | text:record:רשומות | text:record:שמצוינים | text:record:מציינים | text:record:שמתואר | text:address:St | text:latin:Sokolow | text:latin:St | text:latin:Nahariyya | text:latin:Holistic | text:latin:Beauty | text:latin:Skincare | text:latin:IPL | text:spelling:מצויין
fd8ad20d-1caa-4a2e-aa1a-f2a43a6d80db,Shiran Ben Yehuda איפור קבוע,נהריה,live,no,no,yes,normal,older_prompt,2026-10-03.1,rewrite,
e58b2a2e-29a8-4d41-988b-51bab7c40d3b,Tamar Cosmetics - קוסמטיקאית פרא רפואית,נהריה,live,no,no,yes,normal,both,2026-10-02.1,rewrite,text:missing_info:במקורות | text:missing_info:לא פורסמו | text:missing_info:לא פורסם | text:missing_info:אין מידע | text:missing_info:לא נמסר | text:missing_info:המידע הזמין | text:record:ברשומה | text:record:מצוין | text:record:נרשמה | text:address:St | text:latin:Weizman | text:latin:St | text:spelling:המצויין | text:spelling:מצויין
5e7d4d4f-5aa6-41f1-b660-3e4cf7c5525f,Victoria Levin Cosmetics,נהריה,live,no,no,yes,normal,older_prompt,2026-10-03.1,rewrite,
06390e24-6f82-4bb1-8bc5-caecf3f12a37,mimi cosmetics,נהריה,live,no,no,yes,sparse,text_rules,none,rewrite,text:missing_info:במקורות | text:missing_info:לא פורסמו | text:missing_info:לא פורסם | text:missing_info:לא נמצאו | text:missing_info:אין מידע | text:record:הרשומה | text:record:מציין | text:record:מופיעה | text:address:St | text:latin:Portsei | text:latin:Kele | text:latin:Ako | text:latin:St | text:latin:Nahariyya
c1d074c8-2287-4d62-b421-1ba5f1c08c70,"салон красоты "" DREAM """,נהריה,live,no,no,yes,sparse,both,2026-10-02.1,rewrite,text:missing_info:במקורות | text:missing_info:לא פורסמו | text:missing_info:לא פורסם | text:missing_info:המידע הזמין | text:record:המצוינים | text:record:מציינות | text:record:ומופיע
75525b40-06e9-498a-a04f-5b0c0a6317ac,אורטל הר זהב קוסמטיקאית בנהריה,נהריה,live,no,no,yes,normal,text_rules,none,rewrite,text:missing_info:במקורות | text:missing_info:לא פורסם | text:missing_info:המידע הזמין | text:record:הרשומה | text:record:מצוינים | text:record:מציין | text:record:שמופיעה
31167bd4-b539-47fb-8a00-f9ed653212c2,אורית דיין מעצבת גבות והסרת שיער בלייזר,נהריה,live,no,no,yes,normal,both,2026-10-02.1,rewrite,text:missing_info:במקורות | text:missing_info:שסופק | text:missing_info:לא צוין | text:missing_info:לא פורסמו | text:missing_info:לא נמצאו | text:missing_info:אין מידע | text:missing_info:לא נמסר | text:missing_info:בעמוד העסק | text:record:ברשומות | text:record:שמצוין | text:record:מציין | text:record:מופיעים | text:spelling:המצויין | text:spelling:מצויין | text:spelling:ווטסאפ
76c423b1-7a82-4e86-8b99-cab9c99707af,אורלי דהאן ORLY DAHAN,נהריה,live,no,no,yes,normal,text_rules,none,rewrite,text:missing_info:במקורות | text:missing_info:לא צוין | text:missing_info:לא פורסמו | text:record:מצוינת | text:record:מציין | text:record:נרשמו | text:record:שמופיעים | text:address:St | text:latin:Keren | text:latin:HaYesod | text:latin:St | text:latin:Nahariyya
0e665d70-a4cd-4499-bf50-514a2bb29577,איפור ועיצוב שיער - רבקה רחמים,צפת,live,no,no,yes,normal,text_rules,none,rewrite,text:missing_info:במקורות | text:missing_info:לא פורסם | text:missing_info:בעמוד העסק | text:record:מצוין | text:record:מציין | text:record:נרשמות | text:record:שמופיעים | text:address:St | text:latin:Ha-Tavor | text:latin:St | text:latin:Safed | text:dash:— | text:spelling:ווטסאפ
0e5b7bdb-b90b-4576-a535-ab77269958df,אלה שמואל - טיפוח ויופי,נהריה,live,no,no,yes,normal,older_prompt,2026-10-03.1,rewrite,
d44aee6a-cef9-4a1c-8dc0-6d9a18a77742,בי ביוטי בתאל שפר,נהריה,live,no,no,yes,normal,older_prompt,2026-10-03.1,rewrite,
64642c0f-f2ea-43cb-b0a3-cbd9b66517e9,בתאל הראל קוסמטיקה מתקדמת,נהריה,live,no,no,yes,normal,both,2026-10-02.1,rewrite,text:missing_info:במקורות | text:missing_info:לא צוינו | text:missing_info:לא פורסמו | text:missing_info:לא נמסר | text:record:המצוינות | text:record:שנרשמה | text:address:St | text:latin:Abir | text:latin:Ya'acob | text:latin:St | text:latin:Nahariyya
c1ea549c-d06c-4606-8a0b-c00d8b09725f,"ד""ר יעל הירש אסתטיקה",נהריה,live,no,no,yes,sparse,both,2026-10-02.1,rewrite,text:missing_info:במקורות | text:missing_info:לא צוינו | text:missing_info:אין פירוט | text:missing_info:בעמוד העסק | text:missing_info:בפרופיל העסק | text:record:ברשומות | text:record:המצוינים | text:record:מציין | text:record:ומופיעה | text:record:אין פירוט
2a7539f0-8de3-43fc-b286-3eec171e7cb3,"ד""ר מינה סקנדריון",נהריה,live,no,no,yes,sparse,text_rules,none,rewrite,text:missing_info:במקורות | text:missing_info:לא צוינו | text:missing_info:לא פורסמו | text:missing_info:המידע הזמין | text:record:מצוינת | text:record:מציינים | text:record:מופיעים | text:address:St | text:latin:Lotus | text:latin:St | text:latin:bookingOnline | text:spelling:ווטסאפ
142d077d-f5ce-4904-aeba-eaa2eb286855,דיאנה שרייפר,נהריה,live,no,no,yes,sparse,both,2026-10-03.1,rewrite,text:record:המצוינות
30491085-9e7e-462d-887e-70b5ac899ef4,ד״ר אביטל אנדלר- אסתטיקה רפואית ודנטלית,נהריה,live,no,no,yes,sparse,older_prompt,2026-10-03.1,rewrite,
53e4393c-8b32-4615-b714-bd46cb2541ca,"ד״ר אמיר מטר,מרפאת שיניים ואסתטיקה",נהריה,live,no,no,yes,sparse,both,2026-10-02.1,rewrite,text:missing_info:במקורות | text:missing_info:שסופק | text:missing_info:לא צוינו | text:missing_info:לא פורסמו | text:missing_info:לא פורסם | text:missing_info:אין פירוט | text:record:ונרשמו | text:record:שמופיע | text:record:תוארו | text:record:אין פירוט
8aa9c929-98b3-4ae7-8ef2-c633df3ff7f4,הילה גנון מאפרת ומסרקת מקצועית מנהריה,נהריה,live,no,no,yes,normal,older_prompt,2026-10-03.1,rewrite,
ff590aaf-bf24-47fe-94af-30f52187b8c5,הלנה שינדרמן טיפולי פנים בנהריה,נהריה,live,no,no,yes,normal,both,2026-10-02.1,rewrite,text:missing_info:במקורות | text:missing_info:לא פורסמו | text:missing_info:לא פורסם | text:missing_info:אין פירוט | text:record:הרשומה | text:record:המצוינות | text:record:מציינת | text:record:שנרשם | text:record:מופיעים | text:record:מתואר | text:record:ואין פירוט | text:address:St | text:latin:Silver | text:latin:St | text:latin:Nahariyya | text:latin:RF | text:latin:lifting | text:latin:IPL
af4ecf73-badc-4b6c-a7f7-4ec3f15393dc,הסטודיו של מורן איפור וציפורניים,נהריה,live,no,no,yes,sparse,text_rules,none,rewrite,text:missing_info:במקורות | text:missing_info:לא צוינו | text:missing_info:לא נמצאו | text:missing_info:אין פירוט | text:missing_info:המידע הזמין | text:record:ברשומות | text:record:מצוין | text:record:מציין | text:record:נרשמה | text:record:שמופיעה | text:record:אין פירוט | text:address:St | text:latin:Gordon | text:latin:St | text:latin:Nahariyya
ee4d7d41-ed59-4253-a44f-a35d78f933c7,הפינה של טלי בנהריה-דירות אירוח וספא בריאות,נהריה,live,no,no,yes,sparse,both,2026-10-02.1,rewrite,text:missing_info:במקורות | text:missing_info:שסופק | text:missing_info:לא פורסמו | text:missing_info:לא פורסם | text:missing_info:לא נמצאו | text:record:הרשומה | text:record:שמצוין | text:record:מציינת | text:record:מופיעים | text:spelling:המצויין | text:spelling:מצויין
49c69891-3bae-4cf8-ab22-e473f85244b5,יוניק קליניק - unique clinic,נהריה,live,no,no,yes,normal,both,2026-10-03.1,rewrite,text:missing_info:במקורות | text:missing_info:שסופק | text:missing_info:לא צוינו | text:missing_info:לא פורסם | text:missing_info:לא נמסר | text:missing_info:המידע הזמין | text:missing_info:בפרופיל העסק | text:record:מציינות | text:record:שנרשמו | text:record:מופיע | text:record:ומתוארת | text:record:אינו מפרט | text:spelling:ווטסאפ
3b5f58db-d47c-40e8-9816-0c87f5a6b947,יעל ביוטי,נהריה,live,no,no,yes,sparse,both,2026-10-02.1,rewrite,text:missing_info:במקורות | text:missing_info:לא פורסמו | text:missing_info:אין מידע | text:missing_info:הפרופיל כולל | text:missing_info:אין פירוט | text:missing_info:המידע הזמין | text:missing_info:בעמוד זה | text:record:שנרשמו | text:record:שמופיע | text:record:אין פירוט | text:address:St. | text:latin:Yefe | text:latin:Nof | text:latin:St
b5c6b28d-d5ae-4ca1-b53e-25f795617481,לב מדיקל - סניף נהריה,נהריה,live,no,no,yes,normal,older_prompt,2026-10-03.1,rewrite,
79f45964-d5b5-4ff7-a487-79a424062603,לורנסה בוטיק ספא ראש והילינג,נהריה,live,no,no,yes,normal,text_rules,none,rewrite,text:missing_info:במקורות | text:missing_info:לא צוינו | text:missing_info:לא פורסמו | text:missing_info:לא פורסם | text:missing_info:אין פירוט | text:missing_info:המידע הזמין | text:record:רשומה | text:record:המצוינים | text:record:נרשמה | text:record:מופיעים | text:record:אין פירוט | text:spelling:מצויין
91b91049-672e-40a2-b689-2161570e2b4f,"ליאל מילר - קוסמטיקאית קלינית פרא רפואית מומחית בפיגמנטציה, אקנה ופוסט אקנה בעור הפנים והגוף",נהריה,live,no,no,yes,normal,both,2026-10-03.1,rewrite,text:record:המצוינות
ac0b76e1-fa40-4d39-a307-7d29bff52c2f,ליאת גז,נהריה,live,no,no,yes,normal,text_rules,none,rewrite,text:missing_info:במקורות | text:missing_info:לא פורסמו | text:missing_info:לא פורסם | text:missing_info:המידע הזמין | text:record:שמצוין | text:record:מופיע
f276095e-d7ef-4f16-b6ad-bf523bc2e6cc,לינוי מיכאלוב קוסמטיקאית מוסמכת,נהריה,live,no,no,yes,sparse,older_prompt,2026-10-03.1,rewrite,
cc65a219-ea6b-4325-8cea-7807dd28a4fa,לירן איפור קבוע ובניית ציפורניים.,נהריה,live,no,no,yes,normal,text_rules,none,rewrite,text:missing_info:במקורות | text:missing_info:שסופק | text:missing_info:לא צוין | text:missing_info:לא פורסמו | text:missing_info:לא פורסם | text:missing_info:לא נמסר | text:missing_info:אין פירוט | text:record:מצוין | text:record:מציינות | text:record:נרשמה | text:record:מופיעים | text:record:אין פירוט | text:address:St | text:latin:Weizman | text:latin:St | text:latin:Nahariyya
4d026a4e-c492-40cc-a8ca-d4a2d5056ced,לירן קוסמטיקס,נהריה,live,no,no,yes,normal,text_rules,2026-10-02.1,rewrite,text:missing_info:במקורות | text:missing_info:לא פורסמו | text:missing_info:לא פורסם | text:missing_info:אין פירוט | text:record:הרשומה | text:record:המצוין | text:record:מציינות | text:record:נרשמים | text:record:מופיעים | text:record:אינם מפרטים | text:record:אין פירוט | text:address:St | text:latin:Ha-Zamir | text:latin:St | text:latin:eighteen | text:spelling:מצויין
0dea655d-47cd-46e8-b4b7-47aca4a9b031,לק ג׳ל בנהריה - סנדי טטרו,נהריה,live,no,no,yes,sparse,older_prompt,2026-10-03.1,rewrite,
8addcfc7-48ba-4183-b32e-fe487838525b,"לקראת כלה- בוטיק-איפור-עיצוב שיער , מבית הילה פרץ",נהריה,live,no,no,yes,normal,older_prompt,2026-10-03.1,rewrite,
7ae5151f-120e-47e1-9984-92378daa9cef,מגי צרונה קוסמטיקה מתקדמת,נהריה,live,no,no,yes,sparse,both,2026-10-03.1,rewrite,text:missing_info:במקורות | text:missing_info:שסופק | text:missing_info:לא צוינו | text:missing_info:לא פורסמו | text:missing_info:לא פורסם | text:missing_info:לא נמסר | text:missing_info:לא זמין | text:missing_info:המידע הזמין | text:missing_info:בעמוד העסק | text:record:ברשומה | text:record:שמצוין | text:record:נרשם | text:record:ומופיעה | text:spelling:מצויין
23b14542-a951-4680-94fe-77ed146bce0f,מימו - מכון היופי הלבנוני,נהריה,live,no,no,yes,sparse,older_prompt,2026-10-03.1,rewrite,
4fa323fe-817a-48f1-b827-79ce7229049b,מכון C היופי בנהריה,נהריה,live,no,no,yes,sparse,both,2026-10-03.1,rewrite,text:record:המצוינות
0ac85d39-f36c-4b8a-89cc-ddab374ab304,מכון יופי לנה,נהריה,live,no,no,yes,sparse,older_prompt,2026-10-03.1,rewrite,
42d5a6d0-f36b-4a1a-ae7e-a1011c3b6dfa,מלי לב פדיקור רפואי,נהריה,live,no,no,yes,sparse,older_prompt,2026-10-03.1,rewrite,
02e46019-4948-46bb-ab2a-0ad8100d7d4b,מספרה לתוספות שיער בנהריה,נהריה,live,no,no,yes,normal,both,2026-10-03.1,rewrite,text:missing_info:במקורות | text:missing_info:לא צוינו | text:missing_info:לא פורסמו | text:missing_info:לא פורסם | text:missing_info:לא נמסר | text:missing_info:אין פירוט | text:missing_info:בפרופיל העסק | text:record:מצוין | text:record:מציין | text:record:מופיעים | text:record:אין פירוט | text:address:St | text:latin:Herzl | text:latin:St | text:latin:Nahariyya | text:spelling:המצויין | text:spelling:מצויין
829e09a9-4def-4022-847f-19abd9f53e21,מספרת מרואן,נהריה,live,no,no,yes,sparse,both,2026-10-03.1,rewrite,text:missing_info:במקורות | text:missing_info:שסופק | text:missing_info:לא פורסמו | text:missing_info:לא פורסם | text:missing_info:לא נמסר | text:missing_info:במידע שהתקבל | text:missing_info:המידע הזמין | text:record:ברשומות | text:record:מופיעים | text:address:St | text:latin:Herzl | text:latin:St | text:latin:Nahariyya
8349e161-0863-45f1-93ba-d204342de001,מרינה איפור גבות ושפתיים,נהריה,live,no,no,yes,sparse,older_prompt,2026-10-03.1,rewrite,
c879aafa-4713-409f-bba6-b630b511b6f4,מרינה קוסמטיקס,נהריה,live,no,no,yes,normal,older_prompt,2026-10-03.1,rewrite,
81e5ecb1-8d1d-4a7d-a2b0-6dbc9c796fe9,מרסל לחמיש פתרונות אסתטיקה,נהריה,live,no,no,yes,sparse,older_prompt,2026-10-03.1,rewrite,
6f680011-0c01-48a3-b887-91466fef37df,מרפאת שיניים ד''ר חנקין ילנה,נהריה,live,no,no,yes,normal,older_prompt,2026-10-03.1,rewrite,
54447982-0aae-431b-b030-50aef823883f,מרפאת שיניים וולפסון - Wolfson Dental Clinic,נהריה,live,no,no,yes,sparse,older_prompt,2026-10-03.1,rewrite,
1dcb7347-5f79-442f-9f58-e5335cc022be,ניצן קמחי | מומחית לבניית ציפורניים בנהריה,נהריה,live,no,no,yes,normal,both,2026-10-03.1,rewrite,text:record:המצוינות
b120e474-5446-4845-877f-60eae03cef50,סופי קוסמטיק,נהריה,live,no,no,yes,sparse,older_prompt,2026-10-03.1,rewrite,
087d37ad-856f-47d9-95f9-f85340853aee,סימונה גולדמן - מרכז אסתטיקה ויופי,נהריה,live,no,no,yes,normal,both,2026-10-03.1,rewrite,text:missing_info:במקורות | text:missing_info:לא פורסמו | text:missing_info:לא פורסם | text:missing_info:לפי הנתונים | text:record:המצוינות | text:record:מציין | text:record:שנרשמו | text:record:מופיעות
e3b8f590-db0a-4263-ae6b-206613f31dff,סלון יופי נהריה,נהריה,live,no,no,yes,normal,text_rules,none,rewrite,text:missing_info:במקורות | text:missing_info:לא צוינו | text:missing_info:לא פורסמו | text:missing_info:לא פורסם | text:missing_info:ללא פירוט | text:record:הרשומה | text:record:מצוינים | text:record:מציין | text:record:שנרשמו | text:record:מופיעים | text:latin:Shaked | text:latin:street | text:latin:Nahariyya
f94de83c-bdb9-41e6-ac81-4ec43b50d66a,ספיר חתואל מעצבת גבות,נהריה,live,no,no,yes,normal,older_prompt,2026-10-03.1,rewrite,
8cb30000-0612-4ed8-985b-94ea34a56ab1,עיצוב גבות וריסים - Hana Permbeauty,נהריה,live,no,no,yes,normal,older_prompt,2026-10-03.1,rewrite,
8f3a53d6-b747-44e5-941f-6cce923aa6a5,פאינה אמילוב - קליניקה לאיפור קבוע שמדגיש את יופיך.,נהריה,live,no,no,yes,normal,older_prompt,2026-10-03.1,rewrite,
120739f2-2f1e-4268-9afb-861a91ab878b,"פן אקספרס ,פן מעכשיו לעכשיו - אודליה",נהריה,live,no,no,yes,sparse,older_prompt,2026-10-03.1,rewrite,
e7a7ede1-2590-4d64-9f3f-ce0893975d6d,פרו אסתטיקס טיפולים אסתטיים מתקדמים צפת,צפת,live,no,no,yes,rich,older_prompt,2026-10-04.5,rewrite,
ca83b4e8-cddf-439a-8dd5-20dd9ed83780,ציפורניים בנהריה,נהריה,live,no,no,yes,sparse,older_prompt,2026-10-03.1,rewrite,
abe563aa-f7e1-47e5-9b1c-e898c17ec053,קוסמטיקאי מומחה - Sahar Cosmetics,נהריה,live,no,no,yes,normal,older_prompt,2026-10-03.1,rewrite,
7fe75393-c4ab-4f02-90ce-af04fb37f700,קוסמטיקאית Genin cosmotology,נהריה,live,no,no,yes,rich,older_prompt,2026-10-04.5,rewrite,
64ad1de8-7c3d-419c-a982-3b625c10df3d,קוסמטיקאית בכירה נהריה | ענת | Anat & Co ',נהריה,live,no,no,yes,sparse,older_prompt,2026-10-03.1,rewrite,
c01a4806-3312-4deb-898d-bfd9b421da94,קוסמטיקאית בתיה גדז,נהריה,live,no,no,yes,sparse,both,2026-10-03.1,rewrite,text:missing_info:במקורות | text:missing_info:לא צוינו | text:missing_info:לא פורסמו | text:missing_info:לא פורסם | text:record:ברשומה | text:record:שמצוינות | text:record:ומופיעה | text:address:St | text:latin:Yavne | text:latin:St | text:latin:Nahariyya
69c1d782-193f-4881-b66a-e2ea4b50052a,קוסמטיקאית שני גת לייזר Shani cosmetics,נהריה,live,no,no,yes,sparse,older_prompt,2026-10-03.1,rewrite,
b68720d8-e83d-4ffb-95a0-e1c66caf21d4,קרין אטיאס - קליניקה לטיפולי אסתטיקה מתקדמים,נהריה,live,no,no,yes,sparse,older_prompt,2026-10-03.1,rewrite,
eae39576-cd1d-4f39-b4e5-151e80a1cb2f,רויטל שטאשוילי קוסמטיקאית קלינית בנהריה,נהריה,live,no,no,yes,normal,older_prompt,2026-10-03.1,rewrite,
673a7dd4-66ca-46e0-bb54-e327c3587207,רחלי קוסמטיקס נהריה,נהריה,live,no,no,yes,normal,older_prompt,2026-10-03.1,rewrite,
38a765c6-dac9-4985-a6e0-4d4ffc6fa6bc,רינת עיצוב גבות,נהריה,live,no,no,yes,normal,older_prompt,2026-10-03.1,rewrite,
22e6331c-fa28-4e5b-8afd-4561aa1d9f0e,רינת קוסמטיקה ויופי,נהריה,live,no,no,yes,sparse,both,2026-10-03.1,rewrite,text:record:המצוינות
b60cbd40-99eb-4dd3-ba0e-8eb1f4f99288,שרה סטודיו לציפורניים,נהריה,live,no,no,yes,normal,older_prompt,2026-10-03.1,rewrite,
13dc3d4c-75ae-438d-be70-083a921f4999,שרית אטיאס-עיצוב גבות,נהריה,live,no,no,yes,normal,both,2026-10-03.1,rewrite,text:missing_info:במקורות | text:missing_info:לא פורסמו | text:missing_info:לא פורסם | text:missing_info:המידע הזמין | text:missing_info:בעמוד העסק | text:record:המצוינת | text:record:מציינים | text:record:שנרשמו | text:record:מופיעים | text:record:מתואר | text:address:St | text:latin:He-Khaluts | text:latin:St | text:latin:Nahariyya
6c8c5be7-3aed-4af7-b030-cb1c36ba0a81,תפארת היופי בניית ציפורניים וקוסמטיקאית,נהריה,live,no,no,yes,normal,both,2026-10-03.1,rewrite,text:record:המצוינות
f50febde-d165-41a3-8ef3-c18ad6c44533,AdiandLucia Salon,חיפה,live,no,no,yes,normal,older_prompt,2026-10-03.1,rewrite,
c67574e1-fbd6-4972-9757-8490e1cd0064,Adir Levi - Hair Boutique,חיפה,live,no,no,yes,normal,older_prompt,2026-10-03.1,rewrite,
6521a145-3c74-470d-9b89-6a1151f1b19c,Aviva Diamond,חיפה,live,no,no,yes,normal,older_prompt,2026-10-03.1,rewrite,
688ebfab-8838-4359-a4ac-4f0fe116e2ee,Ayelet Beauty Art - איילת ביוטי ארט,חיפה,live,no,no,yes,sparse,older_prompt,2026-10-03.1,rewrite,
11b6e64d-e966-4fc5-a956-061ea0137b48,Be beauty nivin,חיפה,live,no,no,yes,sparse,both,2026-10-03.1,rewrite,text:missing_info:במקורות | text:missing_info:שסופק | text:missing_info:לא פורסמו | text:missing_info:לא פורסם | text:missing_info:אין מידע | text:missing_info:אין פירוט | text:missing_info:המידע הזמין | text:record:ברשומות | text:record:מצוין | text:record:מציין | text:record:מופיע | text:record:אין פירוט | text:address:St | text:latin:Hativat | text:latin:Carmeli | text:latin:St | text:spelling:המצויין | text:spelling:מצויין
84125f36-07a8-486b-9786-b21b46ee0adc,Beauty Lab - студия премиум-класса в Хайфе. Все виды эпиляции и аппаратной косметологии.,חיפה,live,no,no,yes,normal,both,2026-10-03.1,rewrite,text:record:המצוינות
1c887cc4-ea4d-4fce-a224-1e1bdf31433e,Beauty Line Cosmetology Clinic,טירת כרמל,live,no,no,yes,sparse,both,2026-10-03.1,rewrite,text:record:המצוינות
e90c9695-f978-4c7e-ad67-770fc64aa4d7,Beauty Salon by Svetlana Isakov SVIS,טירת כרמל,live,no,no,yes,normal,older_prompt,2026-10-03.1,rewrite,
0f2bbfad-d971-4805-ae80-9c45c2c33219,Beauty Shik - סלון יופי בחיפה,חיפה,live,no,no,yes,sparse,older_prompt,2026-10-03.1,rewrite,
75cfe0f5-8a5b-431b-8536-e11cb4935651,Beauty boutique by Ortal,חיפה,live,no,no,yes,sparse,older_prompt,2026-10-03.1,rewrite,
09da612a-7fd6-46f5-8b7a-269d8ea15cf0,Beauty salon Grubnik.Beauty.Bar,חיפה,live,no,no,yes,normal,older_prompt,2026-10-03.1,rewrite,
84c8be45-95df-43e6-89e5-6eecf8f19770,BeautyIdol,חיפה,live,no,no,yes,sparse,both,2026-10-03.1,rewrite,text:missing_info:במקורות | text:missing_info:לא צוינו | text:missing_info:בעמוד העסק | text:record:ברשומה | text:record:המצוינת | text:record:מציינת | text:record:ומופיעה | text:record:לא מפורטים | text:address:St | text:latin:Jean | text:latin:Jaures | text:latin:St
9fe17e24-8415-4f30-94bd-3bb6dd1547df,BodyFaceControl,חיפה,live,no,no,yes,sparse,both,2026-10-03.1,rewrite,text:missing_info:במקורות | text:missing_info:שסופק | text:missing_info:לא צוינו | text:missing_info:לא פורסמו | text:missing_info:לא פורסם | text:missing_info:לא נמצאו | text:missing_info:לא ידוע | text:missing_info:על פי הנתונים | text:record:המצוינת | text:record:נרשמו | text:address:Rd | text:latin:Ha'atzma'ut | text:latin:Rd | text:latin:Haifa
5e21a8cc-b7e1-49f4-85d0-6054d015837f,Bridal makeup and hairstyles makeup - brides Marine herein Studio,חיפה,live,no,no,yes,normal,older_prompt,2026-10-03.1,rewrite,
a105ab64-72a6-4355-b264-edc1de33b98b,Brows By Alla עיצוב גבות וריסים,חיפה,live,no,no,yes,normal,older_prompt,2026-10-03.1,rewrite,
1d917ad2-fc73-4683-9e56-011fa5add090,CJ DADON COSMETICS,חיפה,live,no,no,yes,normal,older_prompt,2026-10-03.1,rewrite,
77c3fddc-e5fc-4bdd-b9d6-153eb4a0b4c0,CULT | סטודיו ליופי והכשרה | מניקור • פדיקור • ריסים • גבות • הסרת שיער | חיפה,חיפה,live,no,no,yes,normal,text_rules,2026-09-26.1,rewrite,text:missing_info:במקורות | text:missing_info:שסופק | text:missing_info:לא צוינו | text:missing_info:לא פורסמו | text:missing_info:לא פורסם | text:record:המצוינים | text:record:מופיע | text:record:מתוארים | text:address:St | text:latin:Nordau | text:latin:St
1b021794-8031-4d50-9e8b-9d4d275f483d,Clinic Dr. Eran Bar-Meir,חיפה,live,no,no,yes,rich,text_rules,2026-10-04.5,rewrite,text:missing_info:במקורות | text:missing_info:לא פורסמו | text:missing_info:לא פורסם | text:missing_info:בעמוד העסק | text:missing_info:בפרופיל העסק | text:record:מצוין | text:record:מציינת | text:record:נרשמה | text:record:שמופיע | text:record:מתואר
647d7b59-2f56-47ac-828a-3f730c64237b,Clinic specialists gums and implants teachers,חיפה,live,no,no,yes,normal,older_prompt,2026-10-03.1,rewrite,
72e5db6d-cb5a-4726-80bc-cad512c4361d,Cosmetology One,חיפה,live,no,no,yes,normal,text_rules,2026-09-26.1,rewrite,text:missing_info:במקורות | text:missing_info:שסופק | text:missing_info:לא צוינו | text:missing_info:לא פורסמו | text:missing_info:לא פורסם | text:missing_info:אין מידע | text:missing_info:לפי הנתונים | text:missing_info:המידע הזמין | text:missing_info:בעמוד העסק | text:record:רשומה | text:record:שמצוין | text:record:מציין | text:record:שנרשם | text:record:מופיעות | text:record:מתוארים | text:latin:IPL | text:spelling:ווטסאפ
4124e0af-651e-4e9e-8638-9535ace3bcd3,DK The Hair Lounge,חיפה,live,no,no,yes,normal,older_prompt,2026-10-03.1,rewrite,
247ecf73-334d-4f3b-b705-2ebe6202db68,Dolev Beauty Clinic And Academy,חיפה,live,no,no,yes,normal,older_prompt,2026-10-03.1,rewrite,
637f9a97-399f-48ce-9dc7-e6c2faf2672f,"Dr. Altman Dental Clinic Haifa מרפאת שיניים ד""ר אלטמן בחיפה Стоматология Доктора Альтмана Хайфа",חיפה,live,no,no,yes,normal,older_prompt,2026-10-03.1,rewrite,
25537abc-719e-44de-ac04-877397d0e51e,Dr. Ronen Porat,חיפה,live,no,no,yes,sparse,text_rules,2026-09-26.1,rewrite,text:record:ברשומה | text:record:מצוינות | text:record:מציינת | text:record:ומופיעה | text:record:המתוארים | text:record:אינן מפרטות | text:address:St | text:latin:Gat | text:latin:St | text:latin:Haifa | text:spelling:המצויין | text:spelling:מצויין
c8355290-2cb6-419c-87ac-2a57570a2d58,Dr. Thaer Clinic - Alchemy 22,חיפה,live,no,no,yes,normal,text_rules,2026-09-26.1,rewrite,text:missing_info:במקורות | text:missing_info:לא צוינו | text:missing_info:לא פורסמו | text:missing_info:המידע הזמין | text:record:ברשומות | text:record:המצוינים | text:record:מציינת | text:record:מופיעות | text:record:מתוארים | text:latin:Shahwan | text:spelling:ווטסאפ
fd7b2449-decb-48c1-b178-97956c809984,Dr.Matani Aesthetic,חיפה,live,no,no,yes,sparse,text_rules,2026-09-26.1,rewrite,text:missing_info:במקורות | text:missing_info:שסופק | text:missing_info:לא פורסמו | text:missing_info:לא פורסם | text:missing_info:לא זמין | text:missing_info:בעמוד העסק | text:record:המצוינים | text:record:מופיעים | text:address:Derech | text:latin:Derech | text:latin:Allenby | text:latin:Haifa | text:latin:PRP | text:latin:bookingOnline | text:spelling:מצויין
89576520-5f79-4723-b1a2-636045227830,Dr.raanan segev. ד״ר רענן שגב,חיפה,live,no,no,yes,normal,older_prompt,2026-10-03.1,rewrite,
4aed5b3e-e72f-47ba-9349-106380956ea5,Dream Laser Haifa - Medical Aesthetic Clinic,חיפה,live,no,no,yes,sparse,text_rules,2026-09-26.1,rewrite,text:missing_info:במקורות | text:missing_info:שסופק | text:missing_info:לא צוינו | text:missing_info:לא פורסמו | text:missing_info:לא פורסם | text:missing_info:אין מידע | text:missing_info:אין פירוט | text:record:מצוין | text:record:מציין | text:record:שנרשם | text:record:מופיעה | text:record:מתואר | text:record:אינו מפרט | text:record:אין פירוט | text:address:Ave | text:latin:Hahistadrut | text:latin:Ave | text:latin:SHR | text:spelling:המצויין | text:spelling:מצויין
5a8cbecc-145c-4f42-8f11-891f3d6c107a,Eden Clinic,חיפה,live,no,no,yes,sparse,text_rules,2026-09-26.1,rewrite,text:missing_info:במקורות | text:missing_info:לא צוין | text:missing_info:לא פורסמו | text:missing_info:לא פורסם | text:missing_info:בעמוד העסק | text:record:ברשומות | text:record:המצוינים | text:record:מציינת | text:record:ומופיע | text:address:St | text:latin:HaShahaf | text:latin:St
ceff57e5-7bf9-4e4c-a1d2-762c2dc686f8,Eden Cosmetics,טירת כרמל,live,no,no,yes,sparse,text_rules,2026-09-26.1,rewrite,text:missing_info:במקורות | text:missing_info:לא פורסם | text:missing_info:אין פירוט | text:record:מציין | text:record:אין פירוט | text:address:St | text:latin:Yud | text:latin:Alef | text:latin:ha-Sporta'im | text:latin:St | text:latin:Tirat | text:latin:Carmel
1d18490e-4666-4f18-be9f-0c21ca22977c,Ehud Elbaz Beauty Salon מספרה בחיפה אהוד אלבז,חיפה,live,no,no,yes,normal,older_prompt,2026-10-03.1,rewrite,
f5f9510a-f30f-4fda-ac5d-ed82c839117e,Epilution Haifa | Салон красоты | Beauty Salon,חיפה,live,no,no,yes,rich,older_prompt,2026-10-04.5,rewrite,
0dbd3063-57dd-4ab1-9594-151e7a9e00ac,Face Art | רפואה אסתטית בחיפה,חיפה,live,no,no,yes,sparse,text_rules,2026-09-26.1,rewrite,text:missing_info:במקורות | text:missing_info:לא צוינו | text:missing_info:לא פורסם | text:missing_info:לא נמצאו | text:missing_info:אין מידע | text:missing_info:אין פירוט | text:record:ברשומות | text:record:מצוין | text:record:מציין | text:record:שנרשם | text:record:ומופיעה | text:record:אין פירוט | text:latin:bookingOnline | text:spelling:מצויין
1e4a9162-fb70-4285-95e1-1b230b1f94d5,GPoint,חיפה,live,no,no,yes,normal,text_rules,2026-09-26.1,rewrite,text:missing_info:במקורות | text:missing_info:לא צוינו | text:missing_info:לא פורסמו | text:record:ברשומות | text:record:שמצוינים | text:record:מציין | text:record:נרשמו | text:record:מופיע | text:latin:Haifa
d3afdfe1-693f-47b0-8a7a-a60879dd4ee6,Gili Shani professional make-up,חיפה,live,no,no,yes,sparse,text_rules,2026-09-26.1,rewrite,text:missing_info:במקורות | text:missing_info:שסופק | text:missing_info:לא פורסמו | text:missing_info:לא זמין | text:missing_info:המידע הזמין | text:record:ברשומה | text:record:שמצוינים | text:record:מופיעים | text:address:St | text:latin:Hatzollelet | text:latin:Dakar | text:latin:St | text:latin:Haifa
4843f1d3-9c41-49fc-99de-20fe8c48b8b3,Glow Med Aesthetic - גלואו מד אסתטיקס,חיפה,live,no,no,yes,sparse,text_rules,2026-09-26.1,rewrite,text:missing_info:במקורות | text:missing_info:לא צוינו | text:missing_info:לא פורסמו | text:missing_info:לא פורסם | text:missing_info:בעמוד העסק | text:missing_info:בפרופיל העסק | text:record:שמצוין | text:record:מציין | text:record:מופיעה
3ce9f88a-23ff-4896-8ea1-3f72d951bdb0,Goddess of grace,חיפה,live,no,no,yes,sparse,text_rules,2026-09-26.1,rewrite,text:missing_info:במקורות | text:missing_info:לא צוין | text:missing_info:לא פורסמו | text:missing_info:לא פורסם | text:missing_info:המידע הזמין | text:record:שמצוינים | text:record:מציינים | text:record:נרשמה | text:record:מופיעים | text:record:המתוארת | text:address:St | text:latin:Khorev | text:latin:St | text:latin:Haifa
486cc530-40df-4493-8f64-76f0ab942df7,Hagar shitrit holistic cosmetics,חיפה,live,no,no,yes,normal,older_prompt,2026-10-03.1,rewrite,
83a4f1c8-32af-46b2-88e0-8ce64c1f3f6b,Hanna Vi Nails,חיפה,live,no,no,yes,normal,older_prompt,2026-10-03.1,rewrite,
b50c8fbe-1668-49b7-b3f4-bc1ab7b9c20e,Health & Beauty Clinic - Dr. Eyal Ness,חיפה,live,no,no,yes,sparse,older_prompt,2026-10-03.1,rewrite,
72aa9b91-1800-45d4-aee7-90fdd3f55411,"ILANIT - סטיילינג, איפור ואפילציה בחיפה",חיפה,live,no,no,yes,normal,text_rules,2026-09-26.1,rewrite,text:missing_info:במקורות | text:missing_info:שסופק | text:missing_info:לא פורסמו | text:missing_info:לא נמצאו | text:missing_info:ללא פירוט | text:record:ברשומות | text:record:מצוין | text:record:מציינות | text:record:נרשמו | text:record:מופיעים | text:record:שמתואר | text:record:לא מפורטות | text:spelling:מצויין
39565533-b923-4b79-aab0-09004cef625b,Innesa_beauty_lab,חיפה,live,no,no,yes,normal,text_rules,2026-09-26.1,rewrite,text:missing_info:במקורות | text:missing_info:שסופק | text:missing_info:לא צוינו | text:missing_info:לא פורסמו | text:missing_info:אין פירוט | text:record:רשומה | text:record:שמצוין | text:record:מציין | text:record:מופיעים | text:record:ואין פירוט | text:address:Ave | text:latin:Moriah | text:latin:Ave
71ec6c62-0e51-4344-b8bd-cfb947b777bc,Irina Nikolenko,חיפה,live,no,no,yes,normal,text_rules,2026-09-26.1,rewrite,text:missing_info:במקורות | text:missing_info:שסופק | text:missing_info:לא צוינו | text:missing_info:לא פורסמו | text:missing_info:אין פירוט | text:missing_info:בעמוד העסק | text:missing_info:בפרופיל העסק | text:record:ברשומה | text:record:המצוינת | text:record:שנרשם | text:record:מופיעה | text:record:שמתואר | text:record:אין פירוט | text:address:Ave | text:latin:Moriah | text:latin:Ave
eec6e8c2-c64c-4f62-972a-b62bbdcd2d18,Julia Elkin FaceMassage,חיפה,live,no,no,yes,normal,both,2026-10-03.1,rewrite,text:record:המצוינות
2d008e64-fb14-44e5-bd2c-ad4939f19c7a,Kareen Skin Care,חיפה,live,no,no,yes,sparse,text_rules,2026-09-26.1,rewrite,text:missing_info:במקורות | text:missing_info:שסופק | text:missing_info:לא צוינו | text:missing_info:לא פורסם | text:missing_info:אין פירוט | text:missing_info:המידע הזמין | text:record:ברשומת | text:record:ומצוינת | text:record:שנרשם | text:record:שמופיעה | text:record:אינו מפרט | text:record:אין פירוט | text:latin:PME
50ac6dab-ec35-4b33-bd75-46d81256cd5b,Kavva Beauty Boutique,טירת כרמל,live,no,no,yes,normal,text_rules,2026-09-26.1,rewrite,text:missing_info:במקורות | text:missing_info:לא צוינו | text:missing_info:לא פורסם | text:missing_info:לא נמסר | text:missing_info:אין פירוט | text:record:מצוין | text:record:מציינים | text:record:מופיע | text:record:ואין פירוט | text:address:St | text:latin:Nahum | text:latin:Het | text:latin:St | text:latin:IPL | text:spelling:מצויין
c8501197-c2bd-48d1-86c3-4d3263977865,LS__LashStudio_,חיפה,live,no,no,yes,normal,text_rules,2026-09-26.1,rewrite,text:missing_info:במקורות | text:missing_info:לא פורסמו | text:record:הרשומה | text:record:ומצוינת | text:record:מציין | text:record:נרשם | text:record:שמופיע | text:address:Blvd | text:latin:HaNassi | text:latin:Blvd | text:latin:Haifa
752f7ed8-64d5-4ddc-969b-63849c18b5d6,Liya Hanukaev - ליה חנוכייב קוסמטיקאית בכירה,חיפה,live,no,no,yes,normal,text_rules,2026-09-26.1,rewrite,text:missing_info:במקורות | text:missing_info:שסופק | text:missing_info:לא צוינו | text:missing_info:לא פורסמו | text:missing_info:לא פורסם | text:missing_info:לא נמצאו | text:missing_info:המידע הזמין | text:record:מציין | text:record:נרשמו | text:record:מופיעים | text:record:שתוארו
3c4c15b5-9cbf-465e-a31e-85411f29ee17,Lumi Spa & Beauty,חיפה,live,no,no,yes,normal,text_rules,2026-09-26.1,rewrite,text:missing_info:במקורות | text:missing_info:לא צוינו | text:missing_info:לא נמסר | text:missing_info:אין פירוט | text:missing_info:בפרופיל העסק | text:record:שמצוין | text:record:מציינת | text:record:נרשמה | text:record:שמופיע | text:record:מתואר | text:record:אין פירוט | text:spelling:מצויין
1681b742-e40f-425c-93b5-335fc70d782a,MAC Cosmetics Haifa,חיפה,live,no,no,yes,normal,both,2026-10-03.1,rewrite,text:missing_info:במקורות | text:missing_info:שסופק | text:missing_info:לא צוינו | text:missing_info:לא פורסמו | text:record:רשומה | text:record:שמצוין | text:record:מציינת | text:record:נרשם | text:record:מופיעים | text:address:Derech | text:latin:Simha | text:latin:Golan | text:latin:Derech
3ce86f6b-3656-4c56-b22c-2f56f53ade4f,Maia Beauty - קוסמטיקה מתקדמת,נשר,live,no,no,yes,sparse,both,2026-10-03.1,rewrite,text:missing_info:במקורות | text:missing_info:שסופק | text:missing_info:לא צוינו | text:missing_info:לא פורסמו | text:missing_info:לא פורסם | text:missing_info:אין מידע | text:missing_info:תיאור זה | text:missing_info:לא נמסר | text:missing_info:אין פירוט | text:record:המצוינים | text:record:מציינים | text:record:שנרשמו | text:record:שמופיע | text:record:מתוארת | text:record:אין פירוט | text:address:St | text:latin:Khavatselet | text:latin:St | text:latin:Nesher
e5ce2df7-326a-46af-a152-f5ed9085aedc,Maria Permanent Make-Up,חיפה,live,no,no,yes,sparse,text_rules,2026-09-26.1,rewrite,text:missing_info:במקורות | text:missing_info:שסופק | text:missing_info:לא פורסמו | text:missing_info:לא פורסם | text:missing_info:הפרופיל כולל | text:missing_info:לפי הנתונים | text:record:ברשומות | text:record:המצוינת | text:record:מציין | text:record:נרשמו | text:record:מופיע | text:record:מתוארת | text:address:Ave | text:latin:HaHistadrut | text:latin:Ave | text:spelling:המצויין | text:spelling:מצויין
d467daa3-d104-4ca1-8362-8f29ca77cb7f,"MeDay המרכז לאסתטיקה , טיפוח ויופי",חיפה,live,no,no,yes,rich,older_prompt,2026-10-03.1,rewrite,
147663ca-f2e6-4d2f-b731-34ab4ecdaec1,Mika's nails מיקה ציפורניים,חיפה,live,no,no,yes,sparse,both,2026-10-03.1,rewrite,text:missing_info:במקורות | text:missing_info:בעמוד העסק | text:record:הרשומה | text:record:המצוינים | text:record:מציין | text:record:שנרשמו | text:record:מופיע | text:record:לא מפורטים | text:address:St | text:latin:Feierberg | text:latin:St
a7572d75-33ed-415d-b81f-2eedfff8d458,Miss G,חיפה,live,no,no,yes,sparse,text_rules,2026-09-26.1,rewrite,text:missing_info:במקורות | text:missing_info:לא צוינו | text:missing_info:לא פורסמו | text:missing_info:לא פורסם | text:missing_info:המידע הזמין | text:record:המצוינים | text:record:מציין | text:latin:Meir | text:latin:Rotenberg | text:latin:Haifa | text:spelling:המצויין | text:spelling:מצויין
5aa93c11-a952-4603-be9d-24f17d8ddeec,Moria beauty/ מוריה ביוטי,חיפה,live,no,no,yes,normal,text_rules,2026-09-26.1,rewrite,text:missing_info:לא פורסמו | text:missing_info:אין מידע | text:missing_info:אין פירוט | text:record:הרשומה | text:record:שמצוינים | text:record:מציינת | text:record:שנרשמו | text:record:מופיע | text:record:אין פירוט
3d7e9e5f-1473-435a-915e-83f83dd6c14c,My Beauty clinic,חיפה,live,no,no,yes,normal,older_prompt,2026-10-03.1,rewrite,
062e0522-e937-4e53-81b5-b1a5a2558af8,My Beauty מכון יופי בת גלים,חיפה,live,no,no,yes,rich,text_rules,2026-09-26.1,rewrite,text:missing_info:במקורות | text:missing_info:לא צוינו | text:missing_info:לא פורסמו | text:missing_info:לא פורסם | text:missing_info:לא זמין | text:record:ברשומה | text:record:שמצוין | text:record:מציין | text:record:שנרשמו | text:record:מופיע | text:dash:—
e1127edf-795b-48b0-8153-4e4c865346d9,NEWNESS Cosmetology Haifa,חיפה,live,no,no,yes,normal,text_rules,2026-09-26.1,rewrite,text:missing_info:במקורות | text:missing_info:לא פורסמו | text:missing_info:לא פורסם | text:record:מצוין | text:record:מציינת | text:record:מופיע | text:latin:RF
422ac2ff-fd4d-4881-9098-79ca96b4cabb,Nael’s Barbershop,חיפה,live,no,no,yes,normal,both,2026-10-03.1,rewrite,text:missing_info:במקורות | text:missing_info:לא פורסמו | text:missing_info:לא פורסם | text:missing_info:לא נמצאו | text:missing_info:אין מידע | text:missing_info:בעמוד העסק | text:record:כרשומה | text:record:מצוין | text:record:מציין | text:record:נרשמה | text:record:מופיעים | text:address:Derekh | text:latin:Derekh | text:latin:Yafo
5bf84054-38dc-4b7e-b73c-14cd92ba85c5,Nails Salon A.N,חיפה,live,no,no,yes,normal,text_rules,2026-09-26.1,rewrite,text:missing_info:במקורות | text:missing_info:לא פורסמו | text:missing_info:המידע הזמין | text:missing_info:בעמוד העסק | text:record:מצוינים | text:record:מציין | text:record:מופיעים | text:address:St | text:latin:HaMelech | text:latin:David | text:latin:St
053bef04-b379-4002-8859-f1dad479aae3,Olfat Clinic,חיפה,live,no,no,yes,sparse,older_prompt,2026-10-03.1,rewrite,
4f317565-8ae0-41af-833f-9fd5e87a67c0,"Oly Cosmetics - מרכז לטיפולי פנים וגוף, מוצרי קוסמטיקה",חיפה,live,no,no,yes,rich,text_rules,2026-09-26.1,rewrite,text:missing_info:במקורות | text:missing_info:לא פורסמו | text:record:רשומה | text:record:מציינת | text:record:נרשם | text:record:מופיעים | text:address:St | text:latin:HaGanim | text:latin:St
2f2a838c-8789-49d4-a47a-726340cf66cc,O’brows- עיצוב גבות בנשר,נשר,live,no,no,yes,rich,text_rules,2026-09-26.1,rewrite,text:missing_info:במקורות | text:missing_info:לא צוין | text:missing_info:לא פורסמו | text:missing_info:לא פורסם | text:missing_info:אין פירוט | text:missing_info:בעמוד העסק | text:record:מצוין | text:record:שמציינות | text:record:שמופיעה | text:record:אין פירוט
2f33a115-db5f-4848-9b0c-2c2508110d13,PYON BEAUTY ZONE,חיפה,live,no,no,yes,normal,text_rules,2026-09-26.1,rewrite,text:missing_info:במקורות | text:missing_info:שסופק | text:missing_info:לא פורסמו | text:missing_info:לא פורסם | text:missing_info:ללא פירוט | text:record:רשומה | text:record:מצוינים | text:record:מציינת | text:record:מופיע | text:address:Ave | text:latin:Moriah | text:latin:Ave
ad0f8d77-3da3-4c9d-b9be-8d9960b44b28,Paroa' Hair Salon Haifa פרוע,חיפה,live,no,no,yes,normal,text_rules,2026-09-26.1,rewrite,text:missing_info:במקורות | text:missing_info:לא צוינו | text:missing_info:לא פורסמו | text:missing_info:לא פורסם | text:missing_info:לא זמין | text:record:ברשומה | text:record:המצוינים | text:record:מופיעים | text:address:Rd | text:latin:Stella | text:latin:Maris | text:latin:Rd
0e024116-fe75-449e-ba10-63b38958aa95,Pelle Medical Cosmetics,חיפה,live,no,no,yes,sparse,text_rules,2026-09-26.1,rewrite,text:missing_info:במקורות | text:missing_info:לא פורסמו | text:missing_info:לא פורסם | text:missing_info:לפי הנתונים | text:missing_info:המידע הזמין | text:missing_info:בעמוד זה | text:record:שמצוין | text:record:מציין | text:record:שמופיעות | text:record:מתואר | text:record:אינו מפרט | text:address:St | text:latin:Tchernikhovsky | text:latin:St | text:latin:Starko | text:latin:building | text:latin:Haifa
06feb076-1b98-4074-bd46-726ae3f79684,Persona - עיצוב שיער,חיפה,live,no,no,yes,sparse,text_rules,2026-09-26.1,rewrite,text:missing_info:במקורות | text:missing_info:שסופק | text:missing_info:לא פורסמו | text:missing_info:לא פורסם | text:missing_info:אין תיעוד | text:missing_info:אין פירוט | text:missing_info:לפי הנתונים | text:missing_info:בפרופיל העסק | text:record:הרשומות | text:record:שמצוין | text:record:מופיעה | text:record:אין פירוט | text:address:St | text:latin:Ha-Kharoshet | text:latin:St
7f01f930-97a5-4bc9-a4ec-bac6e01cb8f0,Premium Beauty,חיפה,live,no,no,yes,rich,text_rules,2026-09-26.1,rewrite,text:missing_info:במקורות | text:missing_info:לא צוינו | text:missing_info:לא פורסם | text:missing_info:אין מידע | text:missing_info:אין פירוט | text:missing_info:ללא פירוט | text:record:ברשומות | text:record:מצוין | text:record:נרשמות | text:record:מופיעים | text:record:מתוארות | text:record:אין פירוט | text:address:Derech | text:latin:Derech | text:latin:Jaffa
b62b3b28-e109-48f6-ae9b-57b9c437d7d1,Premium Beauty Center,חיפה,live,no,no,yes,normal,text_rules,2026-09-26.1,rewrite,text:missing_info:במקורות | text:missing_info:לא פורסמו | text:record:מצוין | text:record:מציינים | text:record:נרשם | text:record:מופיעה | text:record:מתוארים | text:latin:Vela | text:latin:Shape | text:latin:III | text:latin:ENDYMED | text:latin:Pure | text:latin:B-Flexy
63e0a281-ccfd-4616-a8db-1157d1a75ccb,Relax - Manual Therapy Clinic,חיפה,live,no,no,yes,sparse,text_rules,2026-09-26.1,rewrite,text:missing_info:במקורות | text:missing_info:לא צוינו | text:missing_info:לא פורסמו | text:missing_info:לא פורסם | text:missing_info:המידע הזמין | text:missing_info:בעמוד העסק | text:record:ברשומות | text:record:מצוין | text:record:מציינים | text:record:שנרשמו | text:record:מופיעה | text:spelling:מצויין
fbf7b660-ab28-41a7-9061-b21e2685803e,Ruchla Cosmetics,חיפה,live,no,no,yes,rich,older_prompt,2026-10-04.3,rewrite,
a3b60d0b-6475-4d44-961a-199372f76f46,SARA קוסמטיקה ואפילציה,טירת כרמל,live,no,no,yes,normal,text_rules,2026-09-26.1,rewrite,text:missing_info:במקורות | text:missing_info:שסופק | text:missing_info:לא פורסמו | text:missing_info:אין פירוט | text:missing_info:המידע הזמין | text:record:ברשומות | text:record:המצוינות | text:record:מציינת | text:record:מופיעה | text:record:מתואר | text:record:אין פירוט
cfdca373-6516-4296-a3b4-ee5b1621bac4,SO Clinic,חיפה,live,no,no,yes,normal,text_rules,2026-09-26.1,rewrite,text:missing_info:במקורות | text:missing_info:שסופק | text:missing_info:לא צוינו | text:missing_info:לא פורסמו | text:missing_info:לא פורסם | text:missing_info:אין מידע | text:record:לרשומה | text:record:מציין | text:record:שמופיע | text:record:לא מפורטות
eb9c31cc-753f-4299-8d3f-2e0ab9efdf83,Sacara,חיפה,live,no,no,yes,sparse,text_rules,2026-09-26.1,rewrite,text:missing_info:במקורות | text:missing_info:לא פורסמו | text:missing_info:אין פירוט | text:missing_info:לפי הנתונים | text:record:רשומה | text:record:שמצוין | text:record:מציין | text:record:מופיע | text:record:אין פירוט | text:spelling:מצויין
aeaba3d2-9483-4973-a2c6-8e638839cb48,Salon MARGO Haifa,חיפה,live,no,no,yes,sparse,text_rules,2026-09-26.1,rewrite,text:missing_info:לא נמסר | text:missing_info:לא זמין | text:missing_info:בפרופיל העסק | text:record:ברשומה | text:record:מצוין | text:record:מופיעים | text:record:אינה מפרטת | text:address:St | text:latin:Yona | text:latin:St | text:latin:bookingOnline | text:spelling:המצויין | text:spelling:מצויין | text:spelling:ווטסאפ
9f0933ee-94c6-42cd-b69c-d61d71d5bf37,Salon boutique Paradise,חיפה,live,no,no,yes,rich,both,2026-10-04.3,rewrite,text:missing_info:במקורות | text:missing_info:שסופק | text:missing_info:לא פורסם | text:missing_info:אין פירוט | text:missing_info:המידע הזמין | text:record:מצוין | text:record:מציינים | text:record:נרשמה | text:record:מופיעים | text:record:אין פירוט | text:spelling:מצויין
6b8a7c5a-a3e8-40a8-88c1-b5311fe0e086,Sarit - Hair Design,חיפה,live,no,no,yes,sparse,text_rules,2026-09-26.1,rewrite,text:missing_info:במקורות | text:missing_info:לא צוינו | text:missing_info:לא פורסמו | text:missing_info:לא פורסם | text:missing_info:לא נמצאו | text:missing_info:אין פירוט | text:record:ברשומות | text:record:המצוינת | text:record:מציין | text:record:נרשמה | text:record:ומופיע | text:record:אין פירוט | text:address:St | text:latin:International | text:latin:St | text:latin:Haifa
19983aee-b4dd-4e71-b29f-a26bab9a53df,Sol Clinics,חיפה,live,no,no,yes,rich,text_rules,2026-09-26.1,rewrite,text:missing_info:במקורות | text:missing_info:לא פורסמו | text:missing_info:לא פורסם | text:missing_info:המידע הזמין | text:record:מציינת | text:record:נרשמה | text:record:שמופיע | text:spelling:ווטסאפ
88e75f55-627d-4d56-8562-d31e9dab09a3,Studio French (nail and cosmetic) סטודיו פרנץ- סלון ציפורניים בחיפה,חיפה,live,no,no,yes,normal,text_rules,2026-09-26.1,rewrite,text:missing_info:במקורות | text:missing_info:לא צוינו | text:missing_info:לא פורסם | text:missing_info:אין מידע | text:missing_info:בפרופיל העסק | text:record:הרשומה | text:record:מצוינים | text:record:מציינים | text:record:שנרשמו | text:record:מופיעים | text:latin:str | text:latin:Balfour | text:latin:Haifa
07d2fb79-74ec-4669-a629-9a7a8e46423f,Tal Sharir,חיפה,live,no,no,yes,sparse,text_rules,2026-09-26.1,rewrite,text:missing_info:במקורות | text:missing_info:לא פורסמו | text:missing_info:לא פורסם | text:missing_info:אין פירוט | text:record:ברשומות | text:record:שמצוין | text:record:מציינים | text:record:שמופיעות | text:record:אין פירוט | text:address:St | text:latin:Shalom | text:latin:Aleichem | text:latin:St
87dd20b1-0840-4624-9bf7-4eca3eb11208,Tanya Gur,חיפה,live,no,no,yes,normal,text_rules,2026-09-26.1,rewrite,text:missing_info:במקורות | text:missing_info:לא צוינו | text:missing_info:לא פורסם | text:missing_info:לא נמסר | text:missing_info:אין פירוט | text:missing_info:המידע הזמין | text:record:הרשומה | text:record:מציינים | text:record:שנרשמה | text:record:מופיע | text:record:אין פירוט
f01c0d3e-f6ae-46b3-820b-fc1ecc424158,ValentinaCosmetic,חיפה,live,no,no,yes,rich,text_rules,2026-09-26.1,rewrite,text:missing_info:לא צוינו | text:record:ברשומות | text:record:מצוינות | text:record:מציינת | text:record:נרשמו | text:record:מופיעים
3116d5c1-3b70-4309-9c55-abd9158a0e21,Yana Naumov Lash & Brow Studio,חיפה,live,no,no,yes,normal,text_rules,2026-09-26.1,rewrite,text:missing_info:במקורות | text:missing_info:לא צוינו | text:missing_info:לא פורסמו | text:missing_info:לא פורסם | text:missing_info:אין מידע | text:record:המצוינת | text:record:מציין | text:record:מופיעים | text:record:שמתוארות
a89a6dcd-cf86-44ed-a708-509a4c6145aa,escosmetician - קוסמטיקה מקצועית,חיפה,live,no,no,yes,normal,text_rules,2026-09-26.1,rewrite,text:missing_info:במקורות | text:missing_info:לא צוין | text:missing_info:לא פורסמו | text:missing_info:לא פורסם | text:missing_info:אין פירוט | text:record:הרשומות | text:record:מצוין | text:record:מציין | text:record:שנרשם | text:record:מופיע | text:record:שמתואר | text:record:אין פירוט | text:address:St | text:latin:Oskar | text:latin:Schindler | text:latin:St | text:latin:Haifa | text:latin:RF | text:spelling:מצויין
cd046027-bf61-4a7a-b45d-d0026202b552,rastafari style,חיפה,live,no,no,yes,normal,text_rules,2026-09-26.1,rewrite,text:missing_info:במקורות | text:missing_info:לא פורסם | text:missing_info:לא נמצאו | text:record:ברשומות | text:record:מצוין | text:record:מציין | text:record:ומופיע | text:record:מתואר | text:address:St | text:latin:Flieman | text:latin:St | text:spelling:המצויין | text:spelling:מצויין
c72c94d8-42c2-474a-88bc-5bec1b42fa32,Косметолог Марина Зверева,חיפה,live,no,no,yes,normal,text_rules,2026-09-26.1,rewrite,text:missing_info:במקורות | text:missing_info:שסופק | text:missing_info:לא פורסמו | text:missing_info:לא פורסם | text:missing_info:בעמוד העסק | text:record:המצוינת | text:record:מציין | text:record:שמופיע
fa9c02ad-1af6-4006-8234-25597523509a,"Стоматологическая клиника ""Style Dent"" Хайфа",חיפה,live,no,no,yes,normal,text_rules,2026-09-26.1,rewrite,text:missing_info:במקורות | text:missing_info:שסופק | text:missing_info:לא צוינו | text:missing_info:לא פורסמו | text:missing_info:לא פורסם | text:missing_info:אין מידע | text:missing_info:אין פירוט | text:record:הרשומה | text:record:שמצוינים | text:record:מציין | text:record:שנרשם | text:record:מופיע | text:record:אינו מפרט | text:record:אין פירוט | text:address:Ave | text:latin:Hahistadrut | text:latin:Ave | text:latin:Haifa | text:dash:— | text:spelling:המצויין | text:spelling:מצויין
e1ca59e4-7cff-4e40-9349-1bb2114cce9b,Студия наращивания ресниц «B.LASHLI»,חיפה,live,no,no,yes,sparse,text_rules,2026-09-26.1,rewrite,text:missing_info:במקורות | text:missing_info:לא צוינו | text:missing_info:לא פורסמו | text:missing_info:לא פורסם | text:missing_info:המידע הזמין | text:record:ברשומות | text:record:המצוינים | text:record:מציין | text:record:מופיע | text:record:אינו מפרט | text:address:Derekh | text:latin:Derekh | text:latin:Yafo | text:latin:found
61f3792a-323e-4309-b1f5-f1584b494fa7,אבי אשורי עיצוב שיער Barbershop,טירת כרמל,live,no,no,yes,normal,text_rules,2026-09-26.1,rewrite,text:missing_info:במקורות | text:missing_info:לא צוינו | text:missing_info:לא פורסמו | text:missing_info:תיאור זה | text:missing_info:המידע הזמין | text:missing_info:בעמוד העסק | text:missing_info:בתיאור זה | text:record:הרשומה | text:record:מצוין | text:record:מציינים | text:record:נרשמו | text:record:מופיעים | text:record:מתואר | text:address:St | text:latin:Yishak | text:latin:Shamir | text:latin:St | text:latin:Tirat | text:latin:Carmel
cfbed9e7-b435-4986-bbee-1f7a0b991dba,אברמסקי - המרכז לבריאות השיער בחיפה,חיפה,live,no,no,yes,rich,text_rules,2026-09-26.1,rewrite,text:missing_info:במקורות | text:missing_info:לא פורסם | text:missing_info:לא נמצאו | text:record:המצוינת | text:record:מציינים | text:record:שמופיע | text:record:מתוארת | text:address:Ave | text:latin:Hahistadrut | text:latin:Ave
3dfea4d9-6047-4504-a026-04bb18543d87,אורלי בנדל מכון קוסמטיקה,חיפה,live,no,no,yes,sparse,text_rules,2026-09-26.1,rewrite,text:missing_info:במקורות | text:missing_info:שסופק | text:missing_info:לא נמצאו | text:missing_info:אין פירוט | text:missing_info:המידע הזמין | text:record:הרשומה | text:record:שמצוין | text:record:מציין | text:record:שנרשמו | text:record:מופיע | text:record:אין פירוט | text:dash:– | text:spelling:המצויין | text:spelling:מצויין | text:spelling:ווטסאפ
02263231-4b7b-4b95-920a-228edffaf3e4,איילת קוסמטיקה במגע טבעי,נשר,live,no,no,yes,sparse,text_rules,2026-09-26.1,rewrite,text:missing_info:במקורות | text:missing_info:שסופק | text:missing_info:לא פורסמו | text:missing_info:לא נמצאו | text:missing_info:אין מידע | text:missing_info:הפרופיל כולל | text:missing_info:אין פירוט | text:record:ברשומות | text:record:שמצוינת | text:record:מציינים | text:record:מופיעים | text:record:שאין פירוט | text:latin:Nesher | text:spelling:המצויין | text:spelling:מצויין | text:spelling:ווטסאפ
030a9fa3-ab1b-40ed-aa5f-2a9d9e8bc9b8,איפור קבוע - אווה נתיב,חיפה,live,no,no,yes,normal,text_rules,2026-09-26.1,rewrite,text:missing_info:במקורות | text:missing_info:לא צוינו | text:missing_info:לא פורסמו | text:missing_info:לא פורסם | text:missing_info:לפי הנתונים | text:missing_info:המידע הזמין | text:record:ברשומות | text:record:מצוינים | text:record:מציין | text:record:מופיעה | text:spelling:מצויין
58c99f0c-3e41-4f51-b4f4-9431e869d1c0,אלון פיקלר מטפל הוליסטי מעסה/ספורטתרפיסט,חיפה,live,no,no,yes,sparse,text_rules,2026-09-26.1,rewrite,text:missing_info:במקורות | text:missing_info:לא צוינו | text:missing_info:לא פורסמו | text:missing_info:לא פורסם | text:missing_info:אין מידע | text:record:מצוין | text:record:מתואר | text:record:לא מפורט
d7600688-f6b5-450a-9a96-febf72ebb9f4,אליס,חיפה,live,no,no,yes,sparse,text_rules,2026-09-26.1,rewrite,text:missing_info:במקורות | text:missing_info:לא פורסמו | text:missing_info:המידע הזמין | text:record:מצוין | text:record:מציינת | text:record:נרשמה | text:spelling:מצויין
9cb3af26-74dc-4270-bf98-73acd6081711,אסתי-סלון יופי. קוסמטיקאית מוסמכת בחיפה,חיפה,live,no,no,yes,normal,text_rules,2026-09-26.1,rewrite,text:missing_info:במקורות | text:missing_info:שסופק | text:missing_info:לא צוינו | text:missing_info:לא פורסמו | text:missing_info:לא פורסם | text:record:ברשומה | text:record:המצוינים | text:record:מופיעים
57f16419-fdda-4608-8e6e-24bef1580b21,ביו סקלפצ'ר ישראל BIO SCULPTURE IL,חיפה,live,no,no,yes,normal,text_rules,2026-09-26.1,rewrite,text:missing_info:במקורות | text:missing_info:שסופק | text:missing_info:לא צוינו | text:missing_info:אין פירוט | text:missing_info:המידע הזמין | text:record:המצוינים | text:record:מציינת | text:record:שנרשמו | text:record:מופיעים | text:record:אינו מפרט | text:record:אין פירוט
6d6bed8b-c75f-430e-ac7c-0c5ec58fe4d3,גבות חדשות | שרה,חיפה,live,no,no,yes,normal,text_rules,2026-09-26.1,rewrite,text:missing_info:במקורות | text:missing_info:לא פורסם | text:missing_info:מידע חסר | text:record:ברשומות | text:record:מצוין | text:record:מציינות | text:record:שנרשמו | text:record:ומופיעה | text:address:St | text:latin:Rabbi | text:latin:Akiva | text:latin:St
8ef4648e-8cdf-490b-b36d-d41ed0d1a0b3,"ד""ר אוהד בן-נון",חיפה,live,no,no,yes,normal,text_rules,2026-09-26.1,rewrite,text:missing_info:במקורות | text:missing_info:לא פורסמו | text:missing_info:לא פורסם | text:record:מצוינים | text:record:מציינת | text:record:שמופיעה | text:spelling:ווטסאפ
b96bf50f-33ad-4b56-9572-f26696b96130,"ד""ר אור שבתאי | מילוי שפתיים טבעי | בוטוקס | טיפול זרע הסלמון | רדיאס | סקולפטרה | אסתטיקה רפואית",חיפה,live,no,no,yes,normal,text_rules,2026-09-26.1,rewrite,text:missing_info:במקורות | text:missing_info:שסופק | text:missing_info:לא פורסמו | text:missing_info:לא פורסם | text:missing_info:לא נמצאו | text:missing_info:המידע הזמין | text:record:מצוין | text:record:מציינים | text:record:נרשמים | text:record:מופיעה | text:record:ותוארו | text:record:המתוארים | text:spelling:מצויין | text:spelling:ווטסאפ
fcdb8efd-b282-4555-9855-09e348073c1a,"ד""ר אליאס מטאנס - מנתח פלסטי",חיפה,live,no,no,yes,sparse,text_rules,2026-09-26.1,rewrite,text:missing_info:במקורות | text:missing_info:לא צוינו | text:missing_info:לא פורסמו | text:missing_info:לא נמסר | text:record:ברשומה | text:record:מצוין | text:record:נרשמו | text:record:מופיע | text:address:St | text:latin:Tchernikhovski | text:latin:St | text:latin:Haifa
a2c95959-b2a3-4257-a2c2-68473bf39586,"ד""ר אסתר קורן-מדע וחן",טירת כרמל,live,no,no,yes,sparse,text_rules,2026-09-26.1,rewrite,text:missing_info:במקורות | text:missing_info:לא פורסמו | text:missing_info:לא פורסם | text:missing_info:לא נמצאו | text:missing_info:המידע הזמין | text:missing_info:בפרופיל העסק | text:record:מצוין | text:record:מציינים | text:record:שמופיע | text:record:אינם מפרטים | text:spelling:ווטסאפ
d6b51cd7-10a9-4c1c-90eb-8a6c926e61b1,"ד""ר אריאל ניימן מומחה לכירורגיה פלסטית",חיפה,live,no,no,yes,normal,text_rules,2026-09-26.1,rewrite,text:missing_info:במקורות | text:missing_info:לא צוינו | text:missing_info:לא פורסם | text:missing_info:לא נמצאו | text:missing_info:לפי הנתונים | text:record:מצוין | text:record:מציינים | text:record:מופיעה | text:address:St | text:latin:Alon | text:latin:St
8d1b6326-7b24-482e-84fa-b4964b1e82f2,"ד""ר ברגר - ניתוחים פלסטיים בצפון",חיפה,live,no,no,yes,sparse,text_rules,2026-09-26.1,rewrite,text:missing_info:במקורות | text:missing_info:לא צוינו | text:missing_info:לא פורסמו | text:missing_info:לא פורסם | text:missing_info:לא נמצאו | text:missing_info:אין פירוט | text:record:רשומה | text:record:מצוין | text:record:שנרשמו | text:record:ומופיעה | text:record:אינן מפרטות | text:record:אין פירוט
4f5ef12c-b42c-4fd8-9e0a-90910d247056,"ד""ר צבי גוטמכר - מומחה לשיקום הפה",חיפה,live,no,no,yes,normal,text_rules,2026-09-26.1,rewrite,text:missing_info:במקורות | text:missing_info:לא צוינו | text:missing_info:לא פורסמו | text:missing_info:לא פורסם | text:record:המצוינים | text:record:מציין | text:record:שנרשם | text:record:מופיע
b00a083f-d8a8-4b23-84c4-f76e955d1576,"ד""ר רוני מוסקונה - מרפאות ניתוחים פלסטיים וטיפולי אסתטיקה",חיפה,live,no,no,yes,rich,older_prompt,2026-10-04.3,rewrite,
9652a052-c1e2-4ad8-8251-75eee658e7ef,"ד""ר תמיר גיל - מומחה בכירורגיה פלסטית בחיפה ובקריות",חיפה,live,no,no,yes,rich,text_rules,2026-09-26.1,rewrite,text:missing_info:במקורות | text:missing_info:לא פורסמו | text:missing_info:לא ידוע | text:missing_info:אין פירוט | text:missing_info:המידע הזמין | text:record:ברשומות | text:record:מציינים | text:record:מופיעה | text:record:ואין פירוט | text:address:St | text:latin:Yair | text:latin:Kats | text:latin:St | text:latin:Haifa | text:spelling:ווטסאפ
380cff8d-a5ba-4601-9ea9-1952b6a935f4,דבורה פריווה סלון היופי שלך בחיפה,חיפה,live,no,no,yes,normal,text_rules,2026-09-26.1,rewrite,text:missing_info:במקורות | text:missing_info:שסופק | text:missing_info:לא צוינו | text:missing_info:לא צוין | text:missing_info:לא פורסמו | text:missing_info:אין פירוט | text:missing_info:ללא פירוט | text:missing_info:המידע הזמין | text:record:ברשומה | text:record:המצוינים | text:record:מציין | text:record:נרשם | text:record:מופיע | text:record:אין פירוט | text:record:לא מפורטות | text:address:St | text:latin:Trumpeldor | text:latin:St | text:latin:Haifa
4335e5f5-aba2-40b7-ad64-cc79b0f40d79,דביר אפרים,חיפה,live,no,no,yes,sparse,text_rules,2026-09-26.1,rewrite,text:missing_info:במקורות | text:missing_info:לא צוינו | text:missing_info:לא צוין | text:missing_info:לא פורסמו | text:missing_info:לא פורסם | text:missing_info:אין פירוט | text:record:הרשומה | text:record:מצוין | text:record:מציינת | text:record:מופיעה | text:record:אין פירוט | text:spelling:מצויין
bb64f25c-75d8-4003-8c60-820007427dcb,דניאל איפור קבוע והלחמת ריסים,חיפה,live,no,no,yes,normal,text_rules,2026-09-26.1,rewrite,text:missing_info:במקורות | text:missing_info:שסופק | text:missing_info:לא צוינו | text:missing_info:לא פורסמו | text:missing_info:לא פורסם | text:missing_info:אין פירוט | text:record:מציין | text:record:נרשמו | text:record:מופיעים | text:record:מתואר | text:record:אין פירוט
19ac94fc-69f9-46cf-9223-4e6dba69a5c7,דר בייטיש - הסרת שיער בלייזר בחיפה,חיפה,live,no,no,yes,normal,text_rules,2026-09-26.1,rewrite,text:missing_info:במקורות | text:missing_info:לא פורסמו | text:missing_info:לא פורסם | text:record:הרשומה | text:record:המצוינים | text:record:מציינת | text:record:ונרשמים | text:address:St | text:latin:Sha'ar | text:latin:Palmer | text:latin:St | text:latin:Haifa
b32e1d35-cd2b-4934-bf95-628243ad36f1,דר מואיד אבו בכר - גשר שקוף בחיפה,חיפה,live,no,no,yes,normal,text_rules,2026-09-26.1,rewrite,text:missing_info:במקורות | text:missing_info:לא צוין | text:missing_info:לא פורסמו | text:missing_info:לא פורסם | text:missing_info:לא נמסר | text:missing_info:לפי הנתונים | text:record:ברשומות | text:record:המצוינת | text:record:מציינת | text:record:נרשמה | text:record:מופיעים | text:address:Road | text:latin:Jaffa | text:latin:Road | text:latin:Haifa
1ff8a60d-8ab5-4879-9dbf-6d2862b30cc5,דר' מריה שרפוב - קליניקה לרפואה אסתטית,חיפה,live,no,no,yes,normal,text_rules,2026-09-26.1,rewrite,text:missing_info:במקורות | text:missing_info:שסופק | text:missing_info:לא צוינו | text:missing_info:לא פורסמו | text:missing_info:לא פורסם | text:missing_info:אין פירוט | text:record:שמצוינים | text:record:מציין | text:record:מופיע | text:record:מתואר | text:record:אינם מפרטים | text:record:אין פירוט
106954bc-aa30-425f-8614-81c9106473fa,ד״ר גוברין - מומחה בכירורגיה פלסטית,חיפה,live,no,no,yes,normal,text_rules,2026-09-26.1,rewrite,text:missing_info:במקורות | text:missing_info:לא פורסמו | text:missing_info:לא פורסם | text:missing_info:אין מידע | text:missing_info:אין פירוט | text:missing_info:המידע הזמין | text:record:מצוינים | text:record:מציינות | text:record:מופיעה | text:record:המתוארים | text:record:אין פירוט | text:spelling:ווטסאפ
218ae7bb-ed17-4a58-b7cf-ecfdcbbf0536,ד״ר חסן חטיב - קליניקה לרפואה אסתטית,חיפה,live,no,no,yes,normal,text_rules,2026-09-26.1,rewrite,text:missing_info:במקורות | text:missing_info:אין מידע | text:missing_info:בכרטיס העסק | text:record:שמצוינים | text:record:מציינת | text:record:מופיעה
9c7c2244-996d-45b2-88a2-9160cd872e80,ד״ר מנאר קעואר - מומחה בכירורגיה פלסטית ואסתטית,חיפה,live,no,yes,yes,rich,older_prompt,2026-10-04.3,skipped_reference,
d8e8ddd8-d12c-415b-9b14-5aee6cc05577,הודיה מורג קוסמטיקאית,חיפה,live,no,no,yes,sparse,text_rules,2026-09-26.1,rewrite,text:missing_info:במקורות | text:missing_info:לא צוינו | text:missing_info:לא פורסמו | text:missing_info:המידע הזמין | text:record:הרשומות | text:record:מצוין | text:record:מופיעה | text:record:אינו מפרט
01445687-24a4-43b5-a2b1-27cc0c52045c,הלנייז - Helenayz בוטיק יופי,חיפה,live,no,no,yes,sparse,text_rules,2026-09-26.1,rewrite,text:missing_info:במקורות | text:missing_info:לא פורסמו | text:missing_info:אין פירוט | text:missing_info:מידע חסר | text:missing_info:לפי הנתונים | text:record:הרשומה | text:record:מציינות | text:record:שנרשמה | text:record:מופיעים | text:record:אין פירוט | text:address:St | text:latin:Wolfson | text:latin:St | text:latin:Haifa
f9e168f3-87ba-4a9e-b289-af46df13ffda,המכללה והמרכז לטיפוח יופי ואסתטיקה - U Master,חיפה,live,no,no,yes,sparse,text_rules,2026-09-26.1,rewrite,text:missing_info:במקורות | text:missing_info:לא פורסמו | text:missing_info:לא פורסם | text:missing_info:לא נמסר | text:record:רשומת | text:record:מציין | text:record:שנרשמו | text:record:מופיע | text:record:אינם מפרטים | text:address:St | text:latin:HaAshlag | text:latin:St
477fabbc-5ea5-4a6f-8055-8c6ed7dbc925,המספריים של אנג'י,חיפה,live,no,no,yes,normal,text_rules,2026-09-26.1,rewrite,text:missing_info:במקורות | text:missing_info:שסופק | text:missing_info:לא צוינו | text:missing_info:לא פורסמו | text:missing_info:לא פורסם | text:missing_info:לא נמצאו | text:missing_info:המידע הזמין | text:record:ברשומות | text:record:מציין | text:record:נרשמה | text:record:מופיעים | text:dash:–
bc0861cb-0fed-474b-9ebf-4b1514579a4d,המקום של נתלי,חיפה,live,no,no,yes,sparse,text_rules,2026-09-26.1,rewrite,text:missing_info:במקורות | text:missing_info:לא צוינו | text:missing_info:לא פורסמו | text:missing_info:לא פורסם | text:record:ברשומות | text:record:שמצוינים | text:record:מופיעה | text:record:מתואר
4099cefb-a624-4684-8335-a68b3768d99b,המרכז לרפואה אסתטית של אניה בלוך- Ania IBC,חיפה,live,no,no,yes,normal,text_rules,2026-09-26.1,rewrite,text:missing_info:במקורות | text:missing_info:לא צוינו | text:missing_info:לא פורסם | text:missing_info:לא נמצאו | text:record:מצוין | text:record:ומציין | text:record:שנרשם | text:address:St | text:latin:Kdoshei | text:latin:Jassy | text:latin:St | text:latin:Haifa
03bc6c74-8adc-4df3-b03b-04d0b537d9d3,הפנינה,חיפה,live,no,no,yes,sparse,text_rules,2026-09-26.1,rewrite,text:missing_info:במקורות | text:missing_info:שסופק | text:missing_info:לא פורסמו | text:missing_info:לא פורסם | text:missing_info:אין פירוט | text:missing_info:לא זמין | text:record:ברשומות | text:record:שנרשמו | text:record:מופיע | text:record:אין פירוט | text:address:St | text:latin:Khanita | text:latin:St | text:latin:Haifa | text:latin:bookingOnline | text:spelling:מצויין
964ade56-b9e0-4e7b-8a7a-78440e32516a,"יאנה קוסמטיקאית - טיפולי פנים, טיפולי אנטי אייג'ינג, אקנה, הסרת שיער, סידור ועיצוב גבות",חיפה,live,no,no,yes,sparse,text_rules,2026-09-26.1,rewrite,text:missing_info:במקורות | text:missing_info:שסופק | text:missing_info:לא צוינו | text:missing_info:לא פורסם | text:missing_info:לא זמין | text:record:רשומה | text:record:מציין | text:record:מופיעים | text:spelling:המצויין | text:spelling:מצויין
b1e95095-1205-4ec4-b2d0-b0547fe5d678,יהודית גולד מכון לטיפולי אסטתיקה,חיפה,live,no,no,yes,normal,text_rules,2026-09-26.1,rewrite,text:missing_info:במקורות | text:missing_info:לא צוינו | text:missing_info:לא פורסמו | text:missing_info:לא פורסם | text:missing_info:לא נמסר | text:missing_info:בפרופיל העסק | text:record:המצוינת | text:record:מציין | text:record:נרשמה | text:record:שמופיע | text:address:St | text:latin:Vardiya | text:latin:St | text:latin:Haifa | text:spelling:מצויין
fbb6bdc2-9d7c-4611-b92e-e6aa15e0915e,יובל בן אהרון - קוסמטיקאית,חיפה,live,no,no,yes,sparse,text_rules,2026-09-26.1,rewrite,text:missing_info:שסופק | text:missing_info:לא צוינו | text:record:ברשומת | text:record:ומצוינת | text:record:מציין | text:record:שמופיעה | text:record:מתואר | text:record:אינה מפרטת | text:address:Ave | text:latin:Moriah | text:latin:Ave | text:latin:Haifa
257b1b1b-43a7-4835-b55c-636b2a47c5fb,כללית אסתטיקה חיפה,חיפה,live,no,no,yes,normal,text_rules,2026-09-26.1,rewrite,text:missing_info:במקורות | text:missing_info:לא פורסמו | text:missing_info:לא פורסם | text:missing_info:לא נמצאו | text:record:מצוין | text:record:מציין | text:record:נרשמה | text:record:מופיע | text:spelling:מצויין
53f044ae-03f0-40da-abbd-7cbcf0bb8c7a,ליאן גלסריה קוסמטיקה & ביוטי,חיפה,live,no,no,yes,sparse,text_rules,2026-09-26.1,rewrite,text:missing_info:במקורות | text:missing_info:לא פורסמו | text:missing_info:לא פורסם | text:missing_info:לא נמצאו | text:missing_info:אין פירוט | text:record:ברשומת | text:record:מצוין | text:record:מציין | text:record:שנרשמו | text:record:ומופיעה | text:record:אין פירוט | text:address:St | text:latin:Kinneret | text:latin:St
4cd07264-453c-423f-858f-199214db7927,ליאת דניאלי קוסמטיקה מתקדמת,חיפה,live,no,no,yes,sparse,text_rules,2026-09-26.1,rewrite,text:missing_info:במקורות | text:missing_info:שסופק | text:missing_info:לא צוינו | text:missing_info:לא פורסמו | text:missing_info:לא פורסם | text:missing_info:אין פירוט | text:record:הרשומה | text:record:שמצוינת | text:record:מציינת | text:record:שנרשמה | text:record:מופיע | text:record:אין פירוט | text:address:St | text:latin:Berl | text:latin:Katznelson | text:latin:St | text:spelling:ווטסאפ
baf0e413-9901-4e4f-95ea-75d6c3a8b374,"לייזר מקס בע""מ",טירת כרמל,live,no,no,yes,normal,text_rules,2026-09-26.1,rewrite,text:missing_info:במקורות | text:missing_info:לא פורסמו | text:missing_info:לא זמין | text:missing_info:בפרופיל העסק | text:record:הרשומה | text:record:מצוינים | text:record:מופיעות | text:record:מתואר | text:spelling:המצויין | text:spelling:מצויין
9d52f7bd-e06a-4ae2-8fce-c2eb9cbd9cde,לייזר פיטס Laser Fits נשר,נשר,live,no,no,yes,normal,text_rules,2026-09-26.1,rewrite,text:missing_info:במקורות | text:missing_info:שסופק | text:missing_info:לא צוין | text:missing_info:לא פורסמו | text:missing_info:לא פורסם | text:missing_info:לא ידוע | text:missing_info:המידע הזמין | text:missing_info:בעמוד העסק | text:record:הרשומה | text:record:המצוינים | text:record:נרשמו | text:record:שמופיע | text:record:שמתואר | text:record:לא מפורטים | text:address:Road | text:latin:Bar | text:latin:Yehuda | text:latin:Road | text:latin:Nesher
eb66533c-7ed2-4c1f-ab00-25a582468a57,לייזר פלייס LASER PLACE,חיפה,live,no,no,yes,normal,text_rules,2026-09-26.1,rewrite,text:missing_info:במקורות | text:missing_info:לא פורסמו | text:missing_info:לא פורסם | text:missing_info:לפי הנתונים | text:missing_info:הנתונים הזמינים | text:missing_info:המידע הזמין | text:record:ברשומות | text:record:מצוין | text:record:מציין | text:record:שנרשמו | text:record:מופיעים
52bda819-5706-4dcb-b46a-0f844c079068,לירון רום - קליניקה לעיצוב גבות,חיפה,live,no,no,yes,normal,text_rules,2026-09-26.1,rewrite,text:missing_info:במקורות | text:missing_info:לא צוינו | text:missing_info:לא פורסמו | text:missing_info:לא פורסם | text:missing_info:לא נמסר | text:missing_info:אין פירוט | text:missing_info:המידע הזמין | text:missing_info:בעמוד העסק | text:missing_info:בפרופיל העסק | text:record:שנרשמו | text:record:מופיעים | text:record:אין פירוט | text:dash:—
175068a0-ffc2-4129-9b8e-5d511dca75bb,מכון יופי של ראניה (Rania beauty boutique),חיפה,live,no,no,yes,normal,text_rules,2026-09-26.1,rewrite,text:missing_info:במקורות | text:missing_info:לא צוינו | text:missing_info:לא פורסמו | text:missing_info:לא פורסם | text:missing_info:לא נמצאו | text:missing_info:אין מידע | text:missing_info:לפי הנתונים | text:missing_info:המידע הזמין | text:record:המצוינת | text:record:מציין | text:record:נרשמו | text:record:מופיעים | text:address:St | text:latin:Meir | text:latin:Rotenberg | text:latin:St
b873866f-d3c9-4d93-a5fa-5f888e5d7501,מכון רותם אפילציה קוסמטיקה ואיפור קבוע,חיפה,live,no,no,yes,sparse,text_rules,2026-09-26.1,rewrite,text:missing_info:במקורות | text:missing_info:שסופק | text:missing_info:לא פורסמו | text:missing_info:לא פורסם | text:missing_info:לא נמצאו | text:missing_info:לא נמסר | text:missing_info:אין פירוט | text:missing_info:המידע הזמין | text:record:המצוינות | text:record:מציינת | text:record:נרשם | text:record:ומופיע | text:record:אין פירוט | text:address:St | text:latin:Yitskhak | text:latin:Elkhanan | text:latin:St
c9f4ae2a-778e-4a53-88c5-2fffaca11e04,"מלכת השפתיים ד""ר מריה זלטקובסקי MEDICAL AESTHETICS",חיפה,live,no,no,yes,normal,text_rules,2026-09-26.1,rewrite,text:missing_info:במקורות | text:missing_info:לא פורסמו | text:missing_info:לא פורסם | text:missing_info:המידע הזמין | text:record:רשומה | text:record:המצוינת | text:record:מציינים | text:record:מופיע | text:record:מתוארים | text:address:Ave | text:latin:Moriah | text:latin:Ave | text:latin:Haifa
a9019875-9dcd-4a06-8c84-1a2367d44d5c,מנתח פלסטי בכיר - דר יצחק רמון,חיפה,live,no,no,yes,normal,text_rules,2026-09-26.1,rewrite,text:missing_info:במקורות | text:missing_info:לא פורסמו | text:missing_info:לא פורסם | text:missing_info:לא ידוע | text:missing_info:בפרופיל העסק | text:record:והרשומות | text:record:המצוינים | text:record:מציינים | text:record:נרשמו | text:record:מופיעים | text:record:מתוארת
b9c45697-c674-402e-8bbf-9f0b0fc0f863,מספרת גברים קלאסית של רינגו Ringo's classic barbershop,חיפה,live,no,no,yes,sparse,text_rules,2026-09-26.1,rewrite,text:missing_info:במקורות | text:missing_info:שסופק | text:missing_info:לא פורסמו | text:missing_info:הפרופיל כולל | text:record:המצוינות | text:record:ומציין | text:record:שנרשם | text:record:שמופיעים | text:record:אינו מפרט
83fe8f59-f76d-48a6-a82f-56737d484074,מספרת על,חיפה,live,no,no,yes,normal,text_rules,2026-09-26.1,rewrite,text:missing_info:במקורות | text:missing_info:לא פורסמו | text:missing_info:לא פורסם | text:missing_info:אין מידע | text:missing_info:לא נמסר | text:missing_info:אין פירוט | text:missing_info:לא זמין | text:missing_info:לפי הנתונים | text:missing_info:הנתונים הזמינים | text:missing_info:בפרופיל העסק | text:record:הרשומה | text:record:מצוין | text:record:מציינים | text:record:מופיעים | text:record:אין פירוט
4b673068-c3a7-4e6e-aeb2-b6e7f2fdb870,מעוז היופי - קוסמטיקה ורפואה משלימה,חיפה,live,no,no,yes,normal,text_rules,2026-09-26.1,rewrite,text:missing_info:במקורות | text:missing_info:שסופק | text:missing_info:לא צוינו | text:missing_info:לא פורסמו | text:missing_info:לא פורסם | text:missing_info:'' | text:missing_info:אין פירוט | text:missing_info:המידע הזמין | text:record:ברשומה | text:record:שמצוינים | text:record:ומציינת | text:record:שנרשם | text:record:מופיעים | text:record:שמתואר | text:record:אין פירוט
a3676fa7-5923-429c-9481-a6ab3b0a1503,מרכז מרוות גנטוס ליופי וספא,חיפה,live,no,no,yes,sparse,text_rules,2026-09-26.1,rewrite,text:missing_info:במקורות | text:missing_info:שסופק | text:missing_info:לא צוינו | text:missing_info:לא פורסמו | text:missing_info:לא פורסם | text:missing_info:לא ידוע | text:missing_info:אין פירוט | text:missing_info:בעמוד העסק | text:record:רשומה | text:record:מצוין | text:record:מופיע | text:record:אין פירוט
87f2aa96-ced5-4769-aab8-3d7ae13856e6,מרפאה,חיפה,live,no,no,yes,sparse,text_rules,2026-09-26.1,rewrite,text:missing_info:במקורות | text:missing_info:שסופק | text:missing_info:לא פורסמו | text:missing_info:לא פורסם | text:record:ברשומות | text:record:המצוינות | text:record:מציין | text:record:שנרשמו | text:record:מופיע | text:record:לא מפורטות | text:address:St | text:latin:Herzl | text:latin:St | text:latin:Haifa
d0f7a9df-de20-44ff-ab1a-2ea4eafceb61,מרפאת ד״ר עמי ברק - מומחה בכירורגיה פלסטית ואסתטית,חיפה,live,no,no,yes,normal,text_rules,2026-09-26.1,rewrite,text:missing_info:במקורות | text:missing_info:לא פורסמו | text:missing_info:לא פורסם | text:record:מציינת | text:record:נרשמה | text:record:מופיעים
9437d332-c5e4-48ae-81b9-8581f516cbb2,מרפאת שיניים חיפה פבזנר 23 NewAge Dental Clinic Стоматологическая клиника Новая Эра Хайфа Певзнер 23,חיפה,live,no,no,yes,normal,text_rules,2026-09-26.1,rewrite,text:missing_info:במקורות | text:missing_info:לא פורסמו | text:missing_info:לא פורסם | text:missing_info:אין פירוט | text:missing_info:המידע הזמין | text:record:הרשומות | text:record:מצוינים | text:record:מציינים | text:record:נרשמו | text:record:מופיעים | text:record:אין פירוט
aab223b1-d1c3-4a0d-ba25-8fec61522274,מרפאת שיניים נווה שאנן,חיפה,live,no,no,yes,rich,text_rules,2026-09-26.1,rewrite,text:missing_info:במקורות | text:missing_info:לא פורסמו | text:missing_info:אין פירוט | text:missing_info:המידע הזמין | text:record:מצוין | text:record:מופיעים | text:record:מתוארת | text:record:אין פירוט
00424f73-7eb4-48f7-9a2a-04065f4843cd,נורה קוסמטיק ליין,חיפה,live,no,no,yes,normal,text_rules,2026-09-26.1,rewrite,text:missing_info:במקורות | text:missing_info:שסופק | text:missing_info:לא צוינו | text:missing_info:לא פורסמו | text:missing_info:לא פורסם | text:record:המצוינת | text:record:מציין | text:record:נרשם | text:record:מופיעים | text:address:Derekh | text:latin:Derekh | text:latin:Khankin
64629ed3-8873-4d44-ba49-a034d742c9ad,נחמי המבורגר קוסמטיקאית טיפולי אפילציה ושעוה,חיפה,live,no,no,yes,sparse,text_rules,2026-09-26.1,rewrite,text:missing_info:במקורות | text:missing_info:לא פורסמו | text:missing_info:לא פורסם | text:missing_info:לא נמצאו | text:missing_info:לא נמסר | text:missing_info:המידע הזמין | text:missing_info:בעמוד העסק | text:record:הרשומה | text:record:מציין | text:record:שנרשמו | text:record:מופיעים | text:address:St | text:latin:Michael | text:latin:St | text:latin:Haifa
be45a69e-2984-49e5-9fd3-56d5795dc77c,נטוראלייזר,חיפה,live,no,no,yes,rich,text_rules,2026-09-26.1,rewrite,text:missing_info:במקורות | text:missing_info:שסופק | text:missing_info:לא פורסמו | text:missing_info:לפי הנתונים | text:missing_info:המידע הזמין | text:record:שמצוין | text:record:מציין | text:record:מופיעים | text:address:St | text:latin:Sapir | text:latin:St
eada6a14-ec4d-43e1-beed-3e82db621c64,נטלי,חיפה,live,no,no,yes,sparse,text_rules,2026-09-26.1,rewrite,text:missing_info:במקורות | text:missing_info:לא צוינו | text:missing_info:אין פירוט | text:missing_info:המידע הזמין | text:missing_info:בעמוד העסק | text:record:המצוינים | text:record:שמופיעה | text:record:אין פירוט | text:spelling:המצויין | text:spelling:מצויין | text:spelling:ווטסאפ
c5b1f5c6-a832-44d0-95bb-6b71b6efdef8,"נטלי לצ'ינסקי - סטודיו ניצוץ . איפור , תסרוקות , ציור פנים וגוף",חיפה,live,no,no,yes,normal,text_rules,2026-09-26.1,rewrite,text:missing_info:במקורות | text:missing_info:שסופק | text:missing_info:לא פורסמו | text:missing_info:עמוד העסק כולל | text:missing_info:בעמוד העסק | text:record:ברשומות | text:record:מצוין | text:record:מציין | text:record:נרשמו | text:record:מופיעים | text:address:Ave | text:latin:likewise | text:latin:Moriah | text:latin:Ave
f076378f-fc41-4a00-baa4-176a40df2a60,נטליה מילנר,חיפה,live,no,no,yes,sparse,text_rules,2026-09-26.1,rewrite,text:missing_info:במקורות | text:missing_info:במידע שנבדק | text:missing_info:לא פורסמו | text:missing_info:אין מידע | text:missing_info:תיאור זה | text:missing_info:לפי הנתונים | text:missing_info:הנתונים הזמינים | text:missing_info:המידע הזמין | text:missing_info:בתיאור זה | text:record:הרשומה | text:record:שמצוין | text:record:מציין | text:record:שנרשם | text:address:Ave | text:latin:Moriah | text:latin:Ave | text:latin:Haifa
07fdddec-60fb-4ef4-8900-f28c20a801b7,סטודיו מלי,נשר,live,no,no,yes,normal,text_rules,2026-09-26.1,rewrite,text:missing_info:במקורות | text:missing_info:במידע שנבדק | text:missing_info:לא צוין | text:missing_info:לא פורסמו | text:missing_info:אין מידע | text:missing_info:אין פירוט | text:missing_info:המידע הזמין | text:record:ברשומות | text:record:מצוין | text:record:נרשמה | text:record:מופיעים | text:record:אין פירוט | text:latin:RF | text:spelling:המצויין | text:spelling:מצויין
b53c6ed4-c2d9-4b13-a9d6-7678ac700e2b,סי אמסלם,טירת כרמל,live,no,no,yes,normal,text_rules,2026-09-26.1,rewrite,text:missing_info:במקורות | text:missing_info:שסופק | text:missing_info:לא צוינו | text:missing_info:לא פורסמו | text:missing_info:לא פורסם | text:record:הרשומות | text:record:מצוין | text:record:שמופיעות | text:record:המתואר | text:dash:—
49dc6681-ab09-43bc-8968-a5b6a09647b0,סיון ביוטי - sivan beauty,טירת כרמל,live,no,no,yes,normal,text_rules,2026-09-26.1,rewrite,text:missing_info:במקורות | text:missing_info:שסופק | text:missing_info:לא צוינו | text:missing_info:לא פורסמו | text:missing_info:לא פורסם | text:missing_info:לא נמצאו | text:missing_info:אין פירוט | text:missing_info:בעמוד העסק | text:missing_info:בפרופיל העסק | text:record:מצוין | text:record:מציין | text:record:שנרשמו | text:record:מופיע | text:record:אין פירוט
7c1cde7b-d76c-4fe8-b8c4-2ae653d18c5c,סלון לעיצוב שיער- מחוץ לסטודיו,חיפה,live,no,no,yes,normal,text_rules,2026-09-26.1,rewrite,text:missing_info:לא פורסמו | text:record:ברשומה | text:record:מצוין | text:record:מציינים | text:record:ונרשמה | text:record:ומופיע | text:record:איננה מפרטת
c33e709c-763e-4801-ac3e-d545302ae8ef,סלון עבוד - Salon Abboud,חיפה,live,no,no,yes,sparse,text_rules,2026-09-26.1,rewrite,text:missing_info:במקורות | text:missing_info:לא צוינו | text:missing_info:לא פורסמו | text:missing_info:המידע הזמין | text:record:ברשומות | text:record:שמצוין | text:record:מציין | text:record:מופיע | text:latin:Bio | text:latin:Sculpture
56c4afb1-7236-476f-bf38-506edc4e0425,סמא - הסרת שיער בלייזר לגבר,חיפה,live,no,no,yes,normal,text_rules,2026-09-26.1,rewrite,text:missing_info:במקורות | text:missing_info:לא צוינו | text:missing_info:לא צוין | text:missing_info:לא פורסמו | text:missing_info:לא פורסם | text:record:ברשומות | text:record:ומצוינת | text:record:מציין | text:record:נרשמה | text:record:מופיע | text:record:מתוארים | text:latin:premises | text:spelling:מצויין | text:spelling:ווטסאפ
0be91073-5b5b-4a84-868b-472c142d59e2,פיור סקין – טיפולי קוסמטיקה מתקדמים,חיפה,live,no,no,yes,rich,text_rules,2026-09-26.1,rewrite,text:missing_info:במקורות | text:missing_info:לא פורסמו | text:missing_info:לא פורסם | text:missing_info:המידע הזמין | text:record:מציינת | text:record:מופיע | text:spelling:ווטסאפ
5a0248fb-8abb-4cd6-9c86-c0658445b9e3,פלמינגו ספא בחיפה ️ | חבילות ספא בחיפה ובצפון | עיסוי בחיפה | ספא ראש |אמבטיית קרח | Flamingo Spa Haifa‏,חיפה,live,no,no,yes,rich,text_rules,2026-09-26.1,rewrite,text:missing_info:במקורות | text:missing_info:שסופק | text:missing_info:לא צוין | text:missing_info:לא פורסמו | text:record:מצוין
294d5c1c-1610-421e-8cc0-5f9ce65b6e88,"פרופורציה חיפה - הסרת שיער בלייזר, טיפולי אסתטיקה וניתוחים פלסטיים",חיפה,live,no,no,yes,normal,text_rules,2026-09-26.1,rewrite,text:missing_info:במקורות | text:missing_info:לא פורסמו | text:missing_info:לא זמין | text:record:הרשומה | text:record:שמצוין | text:record:מציינים | text:record:נרשמו | text:record:מופיע | text:address:Blvd | text:latin:HaNassi | text:latin:Blvd | text:latin:bookingOnline | text:spelling:מצויין
42f38c9a-14fa-4e34-84aa-6afb931a8061,פרסטיז',חיפה,live,no,no,yes,normal,text_rules,2026-09-26.1,rewrite,text:missing_info:במקורות | text:missing_info:שסופק | text:missing_info:לא צוינו | text:missing_info:לא פורסם | text:missing_info:אין פירוט | text:missing_info:לפי הנתונים | text:missing_info:המידע הזמין | text:missing_info:בעמוד העסק | text:record:שמצוינים | text:record:מציינים | text:record:נרשמו | text:record:מופיע | text:record:אין פירוט | text:spelling:המצויין | text:spelling:מצויין
47ee6e34-d69b-4782-a2f4-e5216a740734,ציפורניים ויופי Rinka Nails & Beauty,חיפה,live,no,no,yes,normal,text_rules,2026-09-26.1,rewrite,text:missing_info:במקורות | text:missing_info:לא פורסמו | text:missing_info:לא פורסם | text:missing_info:לפי הנתונים | text:missing_info:בפרופיל העסק | text:record:רשומה | text:record:מצוין | text:record:שמציינת | text:record:נרשמים | text:record:מופיעה | text:spelling:מצויין
22c54aee-6234-47ca-a75d-9dbc3f43ff9b,קארן לוי אוסקר טיפולי גוף ויופי,טירת כרמל,live,no,no,yes,rich,text_rules,2026-09-26.1,rewrite,text:missing_info:במקורות | text:missing_info:לא ידוע | text:missing_info:אין פירוט | text:missing_info:ללא פירוט | text:missing_info:לא זמין | text:missing_info:לפי הנתונים | text:missing_info:בעמוד העסק | text:missing_info:בפרופיל העסק | text:record:המצוינות | text:record:מציינים | text:record:נרשמה | text:record:מופיעים | text:record:אין פירוט | text:latin:Tirat | text:latin:Carmel | text:latin:bookingOnline
d7744b88-2c1a-4b54-bfaa-29c598488716,"קוסמטיקאית, אלקטרולוג, עיסוי פנים Косметология, массаж лица, World_tali",חיפה,live,no,no,yes,normal,text_rules,2026-09-26.1,rewrite,text:missing_info:במקורות | text:missing_info:לא צוינו | text:missing_info:לא פורסמו | text:missing_info:לא נמצאו | text:missing_info:אין מידע | text:record:הרשומה | text:record:מצוין | text:record:שנרשמו | text:record:מופיע
81658d34-643a-4776-aa29-ab03b0ba80f6,קליניקה כוחו של הטבע,חיפה,live,no,no,yes,sparse,text_rules,2026-09-26.1,rewrite,text:missing_info:במקורות | text:missing_info:לא צוינו | text:missing_info:לא פורסמו | text:missing_info:תיאור זה | text:missing_info:לא נמסר | text:missing_info:אין פירוט | text:missing_info:המידע הזמין | text:record:ברשומה | text:record:שמצוין | text:record:מציין | text:record:מופיעים | text:record:אין פירוט | text:address:St | text:latin:HaGalil | text:latin:St | text:latin:bookingOnline | text:spelling:מצויין
ff1f29bf-f25e-4009-a562-b75025238f74,קרולינה מכון יופי וקוסמטיקה -חיפה,חיפה,live,no,no,yes,sparse,text_rules,2026-09-26.1,rewrite,text:missing_info:במקורות | text:missing_info:שסופק | text:missing_info:לא צוינו | text:missing_info:לא צוין | text:missing_info:לא פורסמו | text:missing_info:לא פורסם | text:missing_info:אין פירוט | text:missing_info:לא זמין | text:record:הרשומה | text:record:מצוין | text:record:מציינים | text:record:נרשמו | text:record:מופיע | text:record:אין פירוט | text:spelling:המצויין | text:spelling:מצויין
15c1f271-98f8-4171-9ffd-965e28a802c4,קרן ומורן גלריה ליופי,חיפה,live,no,no,yes,sparse,text_rules,2026-09-26.1,rewrite,text:missing_info:במקורות | text:missing_info:לא פורסם | text:missing_info:אין פירוט | text:missing_info:לפי הנתונים | text:missing_info:הנתונים הזמינים | text:record:ברשומה | text:record:שמצוינים | text:record:מציינת | text:record:שנרשמו | text:record:מופיעה | text:record:אין פירוט | text:spelling:המצויין | text:spelling:מצויין
1d90c2d1-124e-4e2c-bf8b-80d957af2d9d,קרן יצחק מאסטרית גבות | מומחית למיקרובליידינג ושיקום גבות,טירת כרמל,live,no,no,yes,normal,text_rules,2026-09-26.1,rewrite,text:missing_info:במקורות | text:missing_info:שסופק | text:missing_info:לא פורסמו | text:record:המצוינת | text:record:מופיע | text:record:לא מפורטים
ee59f874-b737-4756-8ef9-8b630572d62e,רונית רפאל מדע היופי - חיפה,חיפה,live,no,no,yes,sparse,text_rules,2026-09-26.1,rewrite,text:missing_info:במקורות | text:missing_info:שסופק | text:missing_info:לא פורסמו | text:record:הרשומה | text:record:מצוין | text:record:מציינות | text:record:נרשם | text:record:ומופיעה | text:address:Blvd | text:latin:HaNassi | text:latin:Blvd | text:latin:Haifa
6d3973d3-acbc-4d2f-812f-7f03c5ea1fb1,רופא שיניים בחיפה - ד״ר יואש פרמוט,חיפה,live,no,no,yes,normal,text_rules,2026-09-26.1,rewrite,text:missing_info:במקורות | text:missing_info:לא פורסמו | text:missing_info:המידע הזמין | text:record:רשומות | text:record:שמצוינים | text:record:מציין | text:record:נרשמים | text:record:מופיעות | text:address:St | text:latin:Arthur | text:latin:Hantke | text:latin:St | text:latin:English
6e532511-a030-4789-9f2c-7f5752e5c679,רינת עוגור- מאפרת מקצועית בחיפה והסביבה : איפור כלות | איפור ערב | איפור לעור בוגר,טירת כרמל,live,no,no,yes,normal,text_rules,2026-09-26.1,rewrite,text:missing_info:במקורות | text:missing_info:במידע שנבדק | text:missing_info:שסופק | text:missing_info:לא צוינו | text:missing_info:לא פורסם | text:missing_info:אין פירוט | text:missing_info:המידע הזמין | text:record:ברשומות | text:record:מצוין | text:record:מציין | text:record:נרשמה | text:record:מופיע | text:record:אין פירוט | text:address:St | text:latin:Levi | text:latin:Eshkol | text:latin:St | text:latin:Tirat | text:latin:Carmel
1d308c62-8e02-48da-8c84-131b48f18900,שני ניילס-בניית ציפורניים לק ג'ל ושיקום הציפורן הטבעית,טירת כרמל,live,no,no,yes,sparse,text_rules,2026-09-26.1,rewrite,text:record:הרשומה | text:record:ומציינת | text:record:שמופיעות | text:record:לא מפורטים
a14d6fba-a076-4348-881b-6cdf06b7966e,שרה מוקי שיזוף בהתזה,חיפה,live,no,no,yes,sparse,text_rules,2026-09-26.1,rewrite,text:missing_info:במקורות | text:missing_info:שסופק | text:missing_info:הפרופיל כולל | text:missing_info:אין פירוט | text:missing_info:המידע הזמין | text:record:הרשומה | text:record:ומופיעה | text:record:אין פירוט | text:address:St | text:latin:Dr | text:latin:Yona | text:latin:Engel | text:latin:St | text:latin:Haifa
89c7fa70-af17-4802-aa84-776b8131e70a,שרית אטיאס -מומחית לקוסמטיקה קלינית ואסתטיקה מתקדמת,נשר,live,no,no,yes,rich,text_rules,2026-09-26.1,rewrite,text:missing_info:במקורות | text:missing_info:לא פורסם | text:record:מצוין | text:record:מציין | text:record:נרשם | text:record:מופיעים | text:latin:inmod
aafc5de3-9a85-44b4-b5a3-9056b4989394,תמי גרז,חיפה,live,no,no,yes,sparse,text_rules,2026-09-26.1,rewrite,text:missing_info:במקורות | text:missing_info:שסופק | text:missing_info:לא צוינו | text:missing_info:לא צוין | text:missing_info:לא פורסמו | text:missing_info:לא נמסר | text:missing_info:אין פירוט | text:record:ברשומה | text:record:המצוינים | text:record:שמציין | text:record:נרשם | text:record:מופיעים | text:record:אין פירוט | text:spelling:מצויין
2d3e4463-d4a6-4f88-8cf9-a6bb6616a10d,"""יפה בלבן - סטודיו לשמלות כלה"" // Yafa Belavan",נתניה,live,no,no,yes,sparse,text_rules,2026-09-26.1,rewrite,text:missing_info:במקורות | text:missing_info:לא צוינו | text:missing_info:לא פורסם | text:missing_info:אין פירוט | text:missing_info:בפרופיל העסק | text:record:הרשומה | text:record:מצוין | text:record:מציינות | text:record:נרשם | text:record:מופיע | text:record:אין פירוט | text:latin:Custom | text:latin:Made
4314dabf-e928-4fd4-9074-82f5b74d407c,ALINA ZIABINA,נתניה,live,no,no,yes,normal,text_rules,2026-09-26.1,rewrite,text:missing_info:במקורות | text:missing_info:לא פורסמו | text:missing_info:לא פורסם | text:missing_info:אין פירוט | text:missing_info:לפי הנתונים | text:missing_info:המידע הזמין | text:record:שמצוינים | text:record:נרשמים | text:record:ומופיעה | text:record:אין פירוט | text:address:St | text:latin:Sokolov | text:latin:St | text:latin:Netanya
6baaa354-09dd-4a30-9cdd-254aa7dbe477,AN.GEL BEAUTY BOUTIQUE,נתניה,live,no,no,yes,normal,text_rules,2026-09-26.1,rewrite,text:missing_info:במקורות | text:missing_info:לא פורסם | text:missing_info:המידע הזמין | text:missing_info:בעמוד העסק | text:record:ברשומה | text:record:מצוין | text:record:שנרשם | text:record:מופיע | text:address:St | text:latin:Lilienblum | text:latin:St | text:latin:karboksiterapiya
b66d2eff-7f50-4675-a49e-656287ed53d5,Adva Shoham Pro Makeup & Hair Styling אדוה שוהם איפור ושיער לכלות,נתניה,live,no,no,yes,sparse,text_rules,2026-09-26.1,rewrite,text:missing_info:במקורות | text:missing_info:שסופק | text:missing_info:לא צוינו | text:missing_info:לא פורסם | text:missing_info:לא נמצאו | text:record:ברשומות | text:record:המצוינת | text:record:מציין | text:record:שמופיעות | text:address:St | text:latin:Khartsit | text:latin:St | text:latin:Netanya
6e1e4e46-2a43-47ba-8a83-2c94e6ef36dc,Alisha brows&lashes - Алишка брови и ресницы,נתניה,live,no,no,yes,normal,text_rules,2026-09-26.1,rewrite,text:missing_info:במקורות | text:missing_info:לפי הנתונים | text:missing_info:בפרופיל העסק | text:record:מצוין | text:record:שמציינת | text:record:שמופיעים | text:address:St | text:latin:Ussishkin | text:latin:St
1cf814be-5ad7-40f4-aa2d-d0f93760b503,Beauty Salon Esthetics/Салон Красоты Эстетик,נתניה,live,no,no,yes,normal,text_rules,2026-09-26.1,rewrite,text:missing_info:במקורות | text:missing_info:לא פורסמו | text:record:מצוין | text:record:מציינת | text:record:שנרשם | text:latin:Shmuel | text:latin:HaNatziv | text:latin:RF
1c70768a-7366-4ff9-9b4e-1d3666179db3,Belau Beauty,נתניה,live,no,no,yes,normal,text_rules,2026-09-26.1,rewrite,text:missing_info:במקורות | text:missing_info:לא צוינו | text:missing_info:לא צוין | text:missing_info:לא פורסם | text:missing_info:אין פירוט | text:record:מצוין | text:record:שנרשם | text:record:מתואר | text:record:אין פירוט | text:address:St | text:latin:Propes | text:latin:St | text:latin:Netanya | text:spelling:ווטסאפ
71d1919b-712c-447d-80ac-860f63139d12,Black Up Israel,נתניה,live,no,no,yes,sparse,text_rules,2026-09-26.1,rewrite,text:missing_info:חבילת המידע | text:missing_info:בחבילת | text:missing_info:בדחיפה | text:missing_info:השדות והנתונים | text:missing_info:במקורות | text:missing_info:נכון לעת בדיקה | text:missing_info:לא פורסמו | text:missing_info:לא פורסם | text:missing_info:לא נמצאו | text:missing_info:אין תיעוד | text:missing_info:אין מידע | text:missing_info:עמוד העסק כולל | text:missing_info:תיאור זה | text:missing_info:הנתונים הזמינים | text:missing_info:בעמוד העסק | text:missing_info:בתיאור זה | text:record:המצוינות | text:record:נרשם | text:record:ומופיעה | text:address:Derech | text:latin:Derech | text:latin:Raziel | text:latin:under | text:spelling:המצויין | text:spelling:מצויין | text:spelling:ווטסאפ
414b7465-3a64-44f3-9453-b2e5e9e71b9b,Bright Smile,נתניה,live,no,no,yes,normal,text_rules,2026-09-26.1,rewrite,text:missing_info:במקורות | text:missing_info:לא פורסמו | text:missing_info:אין פירוט | text:missing_info:לא זמין | text:record:ברשומה | text:record:שמציינת | text:record:שנרשם | text:record:שמופיעות | text:record:שמתוארת | text:record:אין פירוט | text:latin:ZOOM
8a9c4cf4-e594-4f77-9b92-aff2eb1ae229,Clalit Estetika,נתניה,live,no,no,yes,normal,text_rules,2026-09-26.1,rewrite,text:missing_info:במקורות | text:missing_info:לא צוינו | text:missing_info:לא פורסמו | text:missing_info:לא פורסם | text:missing_info:לא נמסר | text:missing_info:המידע הזמין | text:record:המצוינות | text:record:מציינת | text:record:שנרשמו | text:record:מופיעות | text:record:אינו מפרט
48b8b155-73e3-4503-b2b9-48ca60b44a07,D-Shiny - אסתטיקה מתקדמת - סניף נתניה,נתניה,live,no,no,yes,rich,text_rules,2026-09-26.1,rewrite,text:missing_info:במקורות | text:missing_info:לא פורסם | text:missing_info:לא נמסר | text:missing_info:לפי הנתונים | text:missing_info:המידע הזמין | text:record:ברשומות | text:record:שמצוינים | text:record:מציין | text:record:נרשם | text:record:שמופיע | text:record:מתוארות | text:latin:Dental | text:latin:Shiny
86955caf-a40f-4e97-8391-c53ee18343c7,Dr Meir Pomeranz,נתניה,live,no,no,yes,normal,text_rules,2026-09-26.1,rewrite,text:missing_info:במקורות | text:missing_info:לא פורסם | text:missing_info:אין פירוט | text:record:הרשומה | text:record:שמצוין | text:record:מציינים | text:record:מופיעה | text:record:אין פירוט | text:address:St | text:latin:David | text:latin:Remez | text:latin:St | text:latin:Netanya
63a4aa2f-f181-4453-8851-098fe3fc2707,Dr. Sharon Porat Dental Clinic מרפאת שיניים דר' שרון פורת,נתניה,live,no,no,yes,sparse,text_rules,2026-09-26.1,rewrite,text:missing_info:במקורות | text:missing_info:לא פורסמו | text:missing_info:לא פורסם | text:missing_info:לא נמצאו | text:record:המצוינים | text:record:מציין | text:record:נרשמה | text:record:מופיעה | text:record:מתוארת | text:spelling:מצויין
f7b321ea-05f4-484f-b3c8-a546484e8ebe,"Dr. Tatiana Ishai / ד""ר טטיאנה ישי / רפואה אסתטית / קוסמטיקאית נתניה",נתניה,live,no,no,yes,normal,text_rules,2026-09-26.1,rewrite,text:missing_info:במקורות | text:missing_info:שסופק | text:missing_info:לא פורסמו | text:missing_info:לא פורסם | text:missing_info:לא נמצאו | text:record:ברשומת | text:record:מצוינים | text:record:מופיעים | text:dash:–
281a5c15-fb90-4d75-b3a2-df0133abcf65,Dr.Sergey Goykhman Dentist רופא שיניים Стоматолог,נתניה,live,no,no,yes,normal,text_rules,2026-09-26.1,rewrite,text:missing_info:במקורות | text:missing_info:לא פורסם | text:missing_info:בעמוד העסק | text:record:המצוינים | text:record:מציינת | text:record:שמופיעה | text:record:אינם מפרטים | text:latin:E-Max | text:latin:PrimeScan-Sirona | text:latin:ZOOM
d5ec765e-7cf3-4162-b9b7-9aeb68bbc38b,ELITE,נתניה,live,no,no,yes,rich,text_rules,2026-09-26.1,rewrite,text:missing_info:במקורות | text:missing_info:שסופק | text:missing_info:לא צוינו | text:missing_info:לא פורסמו | text:missing_info:לא פורסם | text:missing_info:אין מידע | text:missing_info:לא נמסר | text:record:ברשומות | text:record:המצוינת | text:record:מציין | text:record:נרשם | text:record:מופיעים | text:address:St | text:latin:Smilanski | text:latin:St | text:latin:Netanya
09a35f87-4db7-49cc-a21d-f11872fb2e2c,Ekaterina Goldin- Beauty Salon,נתניה,live,no,no,yes,sparse,text_rules,2026-09-26.1,rewrite,text:missing_info:במקורות | text:missing_info:לא פורסמו | text:missing_info:לא נמצאו | text:missing_info:לא נמסר | text:missing_info:אין פירוט | text:record:ברשומות | text:record:המצוינת | text:record:מציינות | text:record:נרשמו | text:record:מופיעה | text:record:אין פירוט | text:record:לא מפורטת | text:address:St | text:latin:Shmuel | text:latin:HaNatziv | text:latin:St | text:latin:Netanya
24440a02-21c4-40e3-89e3-8e1cf5fa2983,Eleanor Clinic of your beautician,נתניה,live,no,no,yes,normal,text_rules,2026-09-26.1,rewrite,text:missing_info:במקורות | text:missing_info:שסופק | text:missing_info:לא צוינו | text:missing_info:לא פורסמו | text:missing_info:לא פורסם | text:missing_info:הפרופיל כולל | text:missing_info:המידע הזמין | text:missing_info:בפרופיל העסק | text:record:ומצוינת | text:record:מציינים | text:record:שנרשם | text:record:מופיעה | text:latin:Ben | text:latin:Avi | text:spelling:ווטסאפ
c71c7544-c226-489a-bb1b-0e9c7e591985,Ellie clinic קליניקה לפתרון מגוון בעיות עור,נתניה,live,no,no,yes,sparse,text_rules,2026-09-26.1,rewrite,text:missing_info:במקורות | text:missing_info:שסופק | text:missing_info:לא צוינו | text:missing_info:לא פורסמו | text:missing_info:לא פורסם | text:missing_info:לא נמצאו | text:missing_info:אין מידע | text:missing_info:המידע הזמין | text:missing_info:בעמוד העסק | text:record:שמצוין | text:record:שמופיע | text:spelling:מצויין
b4d20139-068b-430d-a18c-e425af019fbd,Esthetic lab,נתניה,live,no,no,yes,normal,text_rules,2026-09-26.1,rewrite,text:missing_info:במקורות | text:missing_info:לא צוינו | text:missing_info:לא פורסמו | text:missing_info:המידע הזמין | text:record:המצוינת | text:record:מציינים | text:record:מופיעים | text:record:שמתואר
97fef43e-e7d2-4a1d-b181-5c5d9a456c3c,EstheticBar,נתניה,live,no,no,yes,normal,text_rules,2026-09-26.1,rewrite,text:missing_info:בחבילת | text:missing_info:במקורות | text:record:הרשומה | text:record:המצוינים | text:record:שמופיעה | text:spelling:מצויין
f70728fb-8afe-4821-b68e-75621aa741be,HS COSMETICS- הילה שמעון קוסמטיקאית,נתניה,live,no,no,yes,normal,text_rules,2026-09-26.1,rewrite,text:missing_info:במקורות | text:missing_info:לא פורסמו | text:missing_info:לא פורסם | text:missing_info:לא נמצאו | text:record:ומציינת | text:record:שנרשמו | text:record:שמופיע | text:record:מתוארת | text:record:אינו מפרט | text:spelling:מצויין
e30d1d91-4b3c-4e68-9fae-d6cc4ab0c3ff,HSecret Beauty,נתניה,live,no,no,yes,normal,text_rules,2026-09-26.1,rewrite,text:missing_info:במקורות | text:missing_info:שסופק | text:missing_info:לא פורסם | text:missing_info:המידע הזמין | text:record:מצוין | text:record:מציינות | text:record:נרשמה | text:record:מופיע | text:record:מתואר | text:record:אינם מפרטים | text:spelling:המצויין | text:spelling:מצויין
077566ec-8a29-4d64-a8f2-44697bf86151,Helen Make up artist‏,נתניה,live,no,no,yes,normal,text_rules,2026-09-26.1,rewrite,text:missing_info:במקורות | text:missing_info:שסופק | text:missing_info:לא צוינו | text:missing_info:לא פורסמו | text:missing_info:לא נמצאו | text:record:מצוין | text:latin:Netanya
29e5782f-f7b0-43a5-ba2c-fc76f8c32f15,Hi Laser הסרת שיער בלייזר וטיפולי אנטי אייג׳ינג,נתניה,live,no,no,yes,normal,text_rules,2026-09-26.1,rewrite,text:missing_info:במקורות | text:missing_info:שסופק | text:missing_info:לא פורסמו | text:missing_info:לא פורסם | text:missing_info:לא נמסר | text:record:מציין | text:record:מופיעה | text:address:Sderot | text:latin:Sderot | text:latin:Jabotinsky | text:latin:Netanya | text:spelling:מצויין
7e482149-f6c3-4957-a0f0-3f6193cc0dbd,I.k.Aesthetics,נתניה,live,no,no,yes,sparse,text_rules,2026-09-26.1,rewrite,text:missing_info:במקורות | text:missing_info:לא צוינו | text:missing_info:לא פורסם | text:missing_info:לא נמסר | text:missing_info:המידע הזמין | text:missing_info:בעמוד העסק | text:missing_info:בפרופיל העסק | text:record:המצוינת | text:record:ומציינת | text:record:שנרשמו | text:record:מופיע | text:latin:SHR | text:spelling:המצויין | text:spelling:מצויין
c5417d93-b81b-4036-a212-d620668739c4,IDEAL beauty clinic,נתניה,live,no,no,yes,normal,text_rules,2026-09-26.1,rewrite,text:missing_info:במקורות | text:missing_info:שסופק | text:missing_info:לא פורסמו | text:missing_info:בעמוד העסק | text:record:הרשומה | text:record:המצוינים | text:record:ומציינת | text:record:מופיעים | text:record:אינו מפרט | text:spelling:המצויין | text:spelling:מצויין
d2a7ede3-6c74-4058-bf46-0c97454381dc,Jessica Beauty Experiences,נתניה,live,no,no,yes,normal,text_rules,2026-09-26.1,rewrite,text:missing_info:במקורות | text:missing_info:לא פורסמו | text:missing_info:לא פורסם | text:missing_info:תיאור זה | text:missing_info:לא נמסר | text:missing_info:המידע הזמין | text:record:ברשומות | text:record:מצוין | text:record:מציינים | text:record:מופיעים
437e8748-4e4a-43ef-b7a3-d9df57f13276,Larimar Clinic - נתניה,נתניה,live,no,no,yes,sparse,text_rules,2026-09-26.1,rewrite,text:missing_info:במקורות | text:missing_info:לא פורסמו | text:missing_info:לא פורסם | text:missing_info:לא נמצאו | text:missing_info:אין פירוט | text:record:רשומה | text:record:המצוינת | text:record:מציין | text:record:מופיעה | text:record:אין פירוט | text:address:St | text:latin:Beni | text:latin:Berman | text:latin:St | text:latin:Netanya
ab08e541-6728-4a61-913f-28591b36c478,Lilia Stern - Beauty & Youth - ליליה שטרן,נתניה,live,no,no,yes,sparse,text_rules,2026-09-26.1,rewrite,text:missing_info:במקורות | text:missing_info:לא פורסמו | text:missing_info:לא פורסם | text:record:ברשומות | text:record:המצוינות | text:record:מציינת | text:record:מופיעים | text:address:Street | text:latin:Nitza | text:latin:Street | text:latin:Netanya
ec8ef87a-aa69-4978-958b-0f1ccdae96e4,Lisa Beauty Boutique,נתניה,live,no,no,yes,rich,text_rules,2026-09-26.1,rewrite,text:missing_info:במקורות | text:missing_info:לא צוינו | text:missing_info:לא פורסמו | text:missing_info:לא פורסם | text:record:המצוינים | text:record:מציינת | text:record:שנרשמים | text:record:שמופיע
2205e359-d2e7-410a-b77e-d01ac6aeb05b,M.Beauty,נתניה,live,no,no,yes,normal,text_rules,2026-09-26.1,rewrite,text:missing_info:במקורות | text:missing_info:לא צוינו | text:missing_info:לא פורסמו | text:missing_info:אין מידע | text:missing_info:בעמוד העסק | text:record:ברשומות | text:record:המצוינת | text:record:מציין | text:record:נרשמו | text:record:מופיעים | text:address:St | text:latin:Ha-Note'a | text:latin:St | text:latin:Netanya | text:spelling:מצויין
a62f3349-82fc-4766-ad60-d87a3d863b50,M.L Beautique,נתניה,live,no,no,yes,rich,text_rules,2026-09-26.1,rewrite,text:missing_info:במקורות | text:missing_info:לא צוינו | text:missing_info:לא פורסמו | text:missing_info:לא פורסם | text:missing_info:המידע הזמין | text:record:ברשומה | text:record:מצוין | text:record:שמציינת | text:record:נרשמים | text:record:שמופיעות | text:spelling:המצויין | text:spelling:מצויין | text:spelling:ווטסאפ
1a6f9f24-0b60-4ea7-8b9a-49a42c76023c,MAC Cosmetics Ir Yamim,נתניה,live,no,no,yes,normal,text_rules,2026-09-26.1,rewrite,text:missing_info:במקורות | text:missing_info:שסופק | text:missing_info:לא פורסמו | text:missing_info:לא פורסם | text:missing_info:אין מידע | text:missing_info:לפי הנתונים | text:record:הרשומה | text:record:מצוינות | text:record:מציינות | text:record:מופיע | text:latin:bookingOnline | text:spelling:ווטסאפ
50ffcda7-9f9b-4d06-94b1-1ff207b4a7c3,Medical Beauty Clinic - מדיקל ביוטי קליניק,נתניה,live,no,no,yes,normal,text_rules,2026-09-26.1,rewrite,text:missing_info:במקורות | text:missing_info:שסופק | text:missing_info:לא פורסמו | text:missing_info:לא פורסם | text:missing_info:לא זמין | text:record:המצוינת | text:record:מציינת | text:record:שנרשמו | text:record:מופיעה
4ce7564b-7c3c-4c2c-b98a-4286a0bbce5a,Natalia Shatilo skin expert,נתניה,live,no,no,yes,normal,text_rules,2026-09-26.1,rewrite,text:missing_info:במקורות | text:missing_info:לא נמסר | text:missing_info:אין פירוט | text:record:מצוין | text:record:שמופיעים | text:record:מתואר | text:record:אין פירוט | text:latin:Lumecca | text:latin:Fractora | text:latin:Forma | text:latin:Geneo | text:latin:Tom | text:latin:Lantos
b17bcb62-1be7-4739-816d-f5516cc66a8b,Nava Esthetic | Institut de beauté |,נתניה,live,no,no,yes,rich,text_rules,2026-09-26.1,rewrite,text:missing_info:במקורות | text:missing_info:שסופק | text:missing_info:לא פורסמו | text:missing_info:לא פורסם | text:missing_info:בפרופיל העסק | text:record:ברשומות | text:record:מציינת | text:record:מופיעים
d92408a6-38d6-484e-9716-e8bb41613e76,Netanya - institut beauté esthétic ELODERMO,נתניה,live,no,no,yes,sparse,text_rules,2026-09-26.1,rewrite,text:missing_info:במקורות | text:missing_info:לא פורסמו | text:missing_info:לא פורסם | text:missing_info:בעמוד העסק | text:record:מצוין | text:record:נרשמו | text:record:מופיע | text:spelling:ווטסאפ
8d3ea3e7-0759-4768-800c-18d410c5a10f,Nicole advanced skin care | קוסמטיקאית בנתניה,נתניה,live,no,no,yes,sparse,text_rules,2026-09-26.1,rewrite,text:missing_info:במקורות | text:missing_info:במידע שנבדק | text:missing_info:לא פורסמו | text:missing_info:לא פורסם | text:missing_info:על פי הנתונים | text:missing_info:המידע הזמין | text:missing_info:בעמוד העסק | text:record:שמצוינים | text:record:מציין | text:record:שמופיע | text:record:מתוארת | text:address:Blvd | text:latin:Nitsa | text:latin:Blvd | text:latin:Netanya
967b8586-24d7-4a46-b2da-1056eb29d79a,ODYNOKA dental clinic,נתניה,live,no,no,yes,normal,text_rules,2026-09-26.1,rewrite,text:missing_info:במקורות | text:missing_info:שסופק | text:missing_info:לא נמסר | text:record:שמצוין | text:record:מציינים | text:spelling:המצויין | text:spelling:מצויין | text:spelling:ווטסאפ
19542817-715f-4c6a-a5e4-54fb8550750d,Olga Finkell,נתניה,live,no,no,yes,sparse,text_rules,2026-09-26.1,rewrite,text:missing_info:במקורות | text:missing_info:שסופק | text:missing_info:לא פורסמו | text:missing_info:לא פורסם | text:missing_info:לא זמין | text:record:ברשומות | text:record:מציינים | text:record:נרשם | text:record:מופיע | text:record:אינם מפרטים | text:address:St | text:latin:Ha-Note'a | text:latin:St | text:latin:косметолог | text:latin:Holy | text:latin:Land | text:latin:bookingOnline | text:spelling:מצויין
836eb136-9d0c-47c2-af20-450f77ce79fa,Oron Avidan medical esthetician,נתניה,live,no,no,yes,rich,text_rules,2026-09-26.1,rewrite,text:missing_info:במקורות | text:missing_info:לא צוינו | text:missing_info:לא פורסם | text:missing_info:המידע הזמין | text:missing_info:בפרופיל העסק | text:record:מצוין | text:record:מציינות | text:record:מופיעים | text:address:St | text:latin:Arik | text:latin:Lavi | text:latin:St | text:latin:Netanya | text:dash:— | text:spelling:המצויין | text:spelling:מצויין
3780a669-3317-42da-bb11-d799ddcc1989,Ortal pahima - skin clinic,נתניה,live,no,no,yes,normal,text_rules,2026-09-26.1,rewrite,text:missing_info:במקורות | text:missing_info:לא פורסמו | text:missing_info:אין מידע | text:missing_info:אין פירוט | text:missing_info:בעמוד העסק | text:record:ברשומות | text:record:מצוין | text:record:נרשמו | text:record:מופיע | text:record:אין פירוט | text:dash:— | text:spelling:המצויין | text:spelling:מצויין | text:spelling:ווטסאפ
5f2f81a4-0f17-4aad-b614-af060b99b052,PrettyRiss Academy קורס הלחמת ריסים | קורס הרמת ריסים,רמת השרון,live,no,no,yes,normal,text_rules,2026-09-26.1,rewrite,text:missing_info:במקורות | text:missing_info:לא פורסמו | text:missing_info:לא נמצאו | text:missing_info:בעמוד העסק | text:record:ברשומות | text:record:מצוין | text:record:מציינת | text:record:נרשמה | text:record:מופיע | text:record:אינם מפרטים | text:address:St | text:latin:Dr | text:latin:Elie | text:latin:Tavin | text:latin:St
2c7d157c-1a5f-4d87-ba96-4ee8685246f1,Royal Dent,נתניה,live,no,no,yes,rich,text_rules,2026-09-26.1,rewrite,text:missing_info:במקורות | text:missing_info:לא פורסם | text:missing_info:המידע הזמין | text:record:מצוינת | text:record:מציין | text:record:מופיעה | text:spelling:ווטסאפ
3ffbc266-46ed-404a-bd65-d35c90b31892,Sagochka beauty,נתניה,live,no,no,yes,normal,text_rules,2026-09-26.1,rewrite,text:missing_info:במקורות | text:missing_info:במידע שנבדק | text:missing_info:לא צוינו | text:missing_info:המידע הזמין | text:record:רשומה | text:record:המצוינת | text:record:מציין | text:record:נרשם | text:record:מופיעים | text:record:אינו מפרט
a833a17a-1858-4350-8af8-14f7b3c1fc41,Salomé Beauty Institut,נתניה,live,no,no,yes,sparse,text_rules,2026-09-26.1,rewrite,text:missing_info:במקורות | text:missing_info:לא פורסמו | text:missing_info:לא פורסם | text:missing_info:אין פירוט | text:missing_info:לא זמין | text:missing_info:המידע הזמין | text:record:ברשומה | text:record:מצוין | text:record:מציינת | text:record:שמופיעות | text:record:אין פירוט | text:latin:Nitza | text:latin:Netanya
6baca901-98d2-45fe-820b-3fc19f564d0b,Sapir einy,נתניה,live,no,no,yes,sparse,text_rules,2026-09-26.1,rewrite,text:missing_info:במקורות | text:missing_info:לא פורסמו | text:missing_info:לא פורסם | text:missing_info:לא נמצאו | text:missing_info:הפרופיל כולל | text:missing_info:אין פירוט | text:missing_info:המידע הזמין | text:missing_info:בעמוד זה | text:record:מציין | text:record:ומופיע | text:record:אין פירוט | text:address:St | text:latin:Moshe | text:latin:Glikson | text:latin:St | text:latin:Netanya
1371043b-9796-4bfc-b344-c855d20a8fb2,Sarit Cosmetics - עיצוב גבות ואיפור קבוע,נתניה,live,no,no,yes,normal,text_rules,2026-09-26.1,rewrite,text:missing_info:במקורות | text:missing_info:לא פורסמו | text:missing_info:לא נמסר | text:missing_info:המידע הזמין | text:record:מצוין | text:record:מופיעים
e9b7bc3e-4bcf-4b38-9290-8def7a841cff,Shiran Aziz Clinic,נתניה,live,no,no,yes,normal,text_rules,2026-09-26.1,rewrite,text:missing_info:במקורות | text:missing_info:לא צוינו | text:missing_info:לא פורסמו | text:missing_info:לא פורסם | text:missing_info:לא נמצאו | text:missing_info:לא נמסר | text:record:המצוינת | text:record:נרשם | text:record:מופיעה | text:address:St | text:latin:Shmuel | text:latin:HaNatziv | text:latin:St | text:latin:Netanya | text:spelling:מצויין
160998f3-bb7e-401d-b624-6b809d124b38,The Beauty Queen,נתניה,live,no,no,yes,sparse,text_rules,2026-09-26.1,rewrite,text:missing_info:במקורות | text:missing_info:שסופק | text:missing_info:לא צוינו | text:missing_info:לא פורסמו | text:missing_info:לא פורסם | text:missing_info:הפרופיל כולל | text:record:המצוינת | text:record:מציין | text:record:שנרשם | text:record:מופיע | text:latin:Shmuel | text:latin:HaNatziv
76398c26-72db-4546-9456-43c7b4be45c9,The body Institute,נתניה,live,no,no,yes,sparse,text_rules,2026-09-26.1,rewrite,text:missing_info:במקורות | text:missing_info:שסופק | text:missing_info:לא צוינו | text:missing_info:לא פורסמו | text:missing_info:על פי הנתונים | text:missing_info:לפי הנתונים | text:missing_info:המידע הזמין | text:record:הרשומה | text:record:המצוינים | text:record:מציין | text:record:מופיעים | text:record:מתואר | text:latin:ben | text:latin:gourion | text:latin:Netanya | text:latin:UV
f75a7f80-31e0-4bce-aadd-96948bbce4b3,VIRGINIE institut de beauté וירג'יני קוסמטיקה מתקדמת ליופי ובריאות,נתניה,live,no,no,yes,rich,text_rules,2026-09-26.1,rewrite,text:missing_info:לא צוינו | text:missing_info:לא פורסם | text:record:הרשומה | text:record:מצוין | text:record:מציינות | text:record:נרשמו | text:record:מופיעה | text:address:St | text:latin:Krauze | text:latin:St | text:latin:Netanya
0c072adb-f280-402f-8367-bfc844b9cc16,Vita Derm מכון קוסמטיקה בנתניה,נתניה,live,no,no,yes,sparse,text_rules,2026-09-26.1,rewrite,text:missing_info:במקורות | text:missing_info:לא צוינו | text:missing_info:לא צוין | text:missing_info:לא פורסמו | text:missing_info:לא פורסם | text:missing_info:בפרופיל העסק | text:record:הרשומה | text:record:המצוינים | text:record:מציין | text:record:נרשמו | text:record:מופיעים | text:record:מתוארת | text:address:St | text:latin:Archi | text:latin:Sherman | text:latin:St | text:latin:Netanya | text:latin:IPL | text:latin:RF
b185d281-4d2d-44ed-b766-5fd00e7619e9,WinteRoseCo Beauty,נתניה,live,no,no,yes,sparse,text_rules,2026-09-26.1,rewrite,text:missing_info:במקורות | text:missing_info:לא פורסמו | text:missing_info:לא פורסם | text:missing_info:לא נמסר | text:missing_info:לפי הנתונים | text:missing_info:המידע הזמין | text:record:ברשומות | text:record:המצוינת | text:record:מציין | text:record:נרשמה | text:record:מופיע
e5503311-6f94-4e8e-9123-9e6b30e84739,Yuval Weiss Cosmetics,נתניה,live,no,no,yes,sparse,text_rules,2026-09-26.1,rewrite,text:missing_info:במקורות | text:missing_info:לא צוינו | text:missing_info:לא פורסמו | text:missing_info:לא פורסם | text:missing_info:אין פירוט | text:missing_info:בעמוד העסק | text:record:ורשומות | text:record:שמצוינות | text:record:מציין | text:record:שמופיע | text:record:אין פירוט | text:address:St | text:latin:Smilanski | text:latin:St | text:latin:Netanya | text:spelling:המצויין | text:spelling:מצויין
e92ddcb2-75b0-4269-9d96-ce33fca8ab47,beauty station,נתניה,live,no,no,yes,sparse,text_rules,2026-09-26.1,rewrite,text:missing_info:במקורות | text:missing_info:שסופק | text:missing_info:לא צוינו | text:missing_info:לא פורסמו | text:missing_info:לא פורסם | text:missing_info:בעמוד העסק | text:record:מציין | text:record:שנרשם | text:record:לא מפורטים | text:address:St | text:latin:Agam | text:latin:Kinneret | text:latin:St | text:latin:Netanya | text:spelling:המצויין | text:spelling:מצויין | text:spelling:ווטסאפ
30870fbf-6792-4565-b30d-f9934b59e013,ds cosmetics,נתניה,live,no,no,yes,normal,text_rules,2026-09-26.1,rewrite,text:missing_info:במקורות | text:missing_info:לא פורסמו | text:missing_info:בפרופיל העסק | text:record:מצוינים | text:record:מציינת | text:record:מופיעות
9548e51a-4e8d-4d27-9631-863d185a4bd7,laser removal,נתניה,live,no,no,yes,sparse,text_rules,2026-09-26.1,rewrite,text:missing_info:במקורות | text:missing_info:שסופק | text:missing_info:לא צוינו | text:missing_info:לא צוין | text:missing_info:לא פורסם | text:missing_info:לא נמסר | text:missing_info:אין פירוט | text:record:המצוינים | text:record:מציין | text:record:שנרשם | text:record:שמופיעה | text:record:אין פירוט | text:latin:Patron | text:spelling:ווטסאפ
9b7e0080-ecfd-4c43-b902-68de109f985c,shop whitesmile,נתניה,live,no,no,yes,sparse,text_rules,2026-09-26.1,rewrite,text:missing_info:במקורות | text:missing_info:שסופק | text:missing_info:לא פורסמו | text:missing_info:לא פורסם | text:missing_info:לא נמצאו | text:missing_info:המידע הזמין | text:record:ברשומות | text:record:המצוינת | text:record:ומופיע | text:spelling:ווטסאפ
27c0722b-6bf5-44f2-82ee-ee2bbd00c6cc,Виорика,נתניה,live,no,no,yes,sparse,text_rules,2026-09-26.1,rewrite,text:missing_info:אין מידע | text:missing_info:אין פירוט | text:missing_info:לפי הנתונים | text:record:ברשומה | text:record:מצוין | text:record:מופיעה | text:record:אין פירוט | text:latin:Шмуэль | text:latin:анацив | text:latin:Netanya
9656e1e1-7e7c-4ef1-8902-69d4b3629196,Салон красоты Luxor,נתניה,live,no,no,yes,sparse,text_rules,2026-09-26.1,rewrite,text:missing_info:במקורות | text:missing_info:לא צוינו | text:missing_info:לא צוין | text:missing_info:לא פורסמו | text:missing_info:לא פורסם | text:missing_info:הפרופיל כולל | text:missing_info:לא נמסר | text:missing_info:אין פירוט | text:missing_info:המידע הזמין | text:record:מצוין | text:record:נרשמו | text:record:ומופיע | text:record:אין פירוט | text:latin:А-Маясдим | text:latin:Netanya | text:spelling:המצויין | text:spelling:מצויין
9feafe57-9c78-486d-abb4-090082598306,אודליה - הסוד ליופי שלך,נתניה,live,no,no,yes,normal,text_rules,2026-09-26.1,rewrite,text:missing_info:במקורות | text:missing_info:לא פורסמו | text:record:שמצוינים | text:record:מציין | text:record:נרשמה | text:record:מופיע | text:spelling:מצויין
17c2bae4-88ac-4721-a86c-5cccf5bebee1,אומנות הלק ג’ל ובניית הציפורניים Nail Art by Mushailov Olga,נתניה,live,no,no,yes,sparse,text_rules,2026-09-26.1,rewrite,text:missing_info:במקורות | text:missing_info:לא פורסם | text:missing_info:אין פירוט | text:record:הרשומה | text:record:מציין | text:record:נרשם | text:record:מופיע | text:record:אין פירוט | text:address:St | text:latin:HaRav | text:latin:Reines | text:latin:St | text:latin:Netanya | text:latin:claimed | text:latin:false | text:spelling:ווטסאפ
e098b7aa-cbf4-45d7-8c41-0deeb8b95fa3,אורטל ציפורניים לק ג'ל מיקרובליידינג שיטת השערה נתניה,נתניה,live,no,no,yes,normal,text_rules,2026-09-26.1,rewrite,text:missing_info:במקורות | text:missing_info:שסופק | text:missing_info:לא פורסמו | text:missing_info:לא פורסם | text:record:הרשומה | text:record:המצוינות | text:record:מציין | text:record:שנרשם | text:record:מופיע | text:record:שמתואר | text:address:St | text:latin:Herzl | text:latin:St | text:latin:Netanya
1944347e-8b37-42a0-84b6-27814bcbc370,אורלי ברטלר - קליניקה לקוסמטיקה ואסתטיקה,נתניה,live,no,no,yes,rich,text_rules,2026-09-26.1,rewrite,text:missing_info:במקורות | text:missing_info:לא צוין | text:missing_info:לא פורסם | text:missing_info:בעמוד העסק | text:record:שמצוינים | text:record:מציינות | text:record:מופיעים | text:address:St | text:latin:Archi | text:latin:Sherman | text:latin:St | text:latin:Netanya | text:spelling:מצויין
55223ba6-c200-434d-a13e-6db7caa4816a,איזבלה קוסמטיקאית P.M.E - אגמים נתניה,נתניה,live,no,no,yes,sparse,text_rules,2026-09-26.1,rewrite,text:missing_info:במקורות | text:missing_info:לא צוינו | text:missing_info:לא פורסמו | text:missing_info:לא פורסם | text:missing_info:אין פירוט | text:missing_info:המידע הזמין | text:record:ברשומות | text:record:מצוין | text:record:שמציין | text:record:מופיעה | text:record:אין פירוט | text:latin:PHD | text:latin:HL | text:spelling:המצויין | text:spelling:מצויין
9120b682-67d7-4437-8871-442338e02ec0,אילנה ביתן קוסמטיקאית מוסמכת,נתניה,live,no,no,yes,sparse,text_rules,2026-09-26.1,rewrite,text:missing_info:במקורות | text:missing_info:שסופק | text:missing_info:לא צוין | text:missing_info:לא פורסמו | text:missing_info:לא נמסר | text:record:ברשומה | text:record:המצוינים | text:record:מציין | text:record:נרשמה | text:record:מופיעים | text:record:מתואר | text:address:St | text:latin:Rotem | text:latin:St | text:latin:Netanya | text:spelling:ווטסאפ
07365447-eb03-4c33-8c8a-6c4b60eb2c96,איפור ביוטי-כלה וערב,נתניה,live,no,no,yes,normal,text_rules,2026-09-26.1,rewrite,text:missing_info:במקורות | text:missing_info:לא פורסם | text:missing_info:לא נמצאו | text:missing_info:אין פירוט | text:record:מצוינים | text:record:שמופיע | text:record:אין פירוט | text:spelling:ווטסאפ
d20d8b8e-a2c3-4cdf-9d64-f33e6bf54c24,איפור קבוע בנתניה פאולה לוי,נתניה,live,no,no,yes,normal,text_rules,2026-09-26.1,rewrite,text:missing_info:במקורות | text:missing_info:לא צוינו | text:missing_info:לא פורסמו | text:missing_info:לא פורסם | text:missing_info:לא נמסר | text:missing_info:אין פירוט | text:missing_info:לא זמין | text:missing_info:בעמוד העסק | text:record:הרשומה | text:record:מצוין | text:record:מציינת | text:record:נרשם | text:record:מופיע | text:record:אין פירוט | text:address:St | text:latin:Irus | text:latin:ha-Argaman | text:latin:St | text:latin:Netanya | text:latin:bookingOnline
a5419a7c-45bc-47fc-b8f2-a20215b2dd5f,אירינה קוסמטיקס-Irina Cosmetics,נתניה,live,no,no,yes,sparse,text_rules,2026-09-26.1,rewrite,text:missing_info:במקורות | text:missing_info:במידע שנבדק | text:missing_info:אין פירוט | text:missing_info:המידע הזמין | text:missing_info:בפרופיל העסק | text:record:מצוין | text:record:מציינות | text:record:מופיעים | text:record:מתואר | text:record:אין פירוט | text:spelling:ווטסאפ
d5f1ad77-8e11-4ec1-8459-6e7bf54beaf9,אירנה- אקדמיה למקצועות היופי גם באינטרנט,נתניה,live,no,no,yes,normal,text_rules,2026-09-26.1,rewrite,text:missing_info:במקורות | text:missing_info:שסופק | text:missing_info:לא פורסם | text:missing_info:תיאור זה | text:missing_info:המידע הזמין | text:record:ברשומות | text:record:מצוינים | text:record:מציין | text:record:ומופיעה | text:address:St | text:latin:HaZayit | text:latin:St
9a8e47a3-17e2-4e05-8743-5f003d934940,אלונה נובה - קוסמטיקאית רפואית | בנתניה,נתניה,live,no,no,yes,sparse,text_rules,2026-09-26.1,rewrite,text:missing_info:במקורות | text:missing_info:לא צוינו | text:missing_info:לא פורסמו | text:missing_info:לא פורסם | text:missing_info:הפרופיל כולל | text:missing_info:בעמוד העסק | text:record:רשומה | text:record:מציינת | text:record:נרשמה | text:record:ומופיע
0bac5bf3-1f9e-4f04-ad84-a2e2446cf22a,אלינה אלבוים - קוסמטיקה מתקדמת,נתניה,live,no,no,yes,normal,text_rules,2026-09-26.1,rewrite,text:missing_info:במקורות | text:missing_info:שסופק | text:missing_info:לא צוינו | text:missing_info:לא פורסמו | text:missing_info:לא פורסם | text:missing_info:אין פירוט | text:record:המצוינת | text:record:מציינות | text:record:מופיעים | text:record:מתוארים | text:record:אין פירוט | text:record:לא מפורט | text:address:Blvd. | text:latin:Lantos | text:latin:Blvd | text:latin:Tom
708b1ada-047b-475a-a7d9-9d1f7e33681e,אלינור בכר | קוסמטיקה ורפואה סינית אסתטית מתקדמת,נתניה,live,no,no,yes,normal,text_rules,2026-09-26.1,rewrite,text:missing_info:במקורות | text:missing_info:שסופק | text:missing_info:לא צוינו | text:record:המצוינים | text:record:מציינת | text:record:מופיע | text:record:לא מפורטים | text:latin:Point
59800221-11af-4cf9-95b5-048f9c838c50,אנג'לה קוסמטיקס - Anjela Cosmetics,נתניה,live,no,no,yes,normal,text_rules,2026-09-26.1,rewrite,text:missing_info:במקורות | text:missing_info:לא פורסמו | text:missing_info:לא פורסם | text:missing_info:לא נמסר | text:missing_info:אין פירוט | text:record:ברשומות | text:record:שמצוין | text:record:מציינת | text:record:נרשמו | text:record:מופיע | text:record:מתוארת | text:record:אין פירוט
d2a0d925-385f-4f30-af03-a66402d8d474,אנה קוסמטיקר - ANAcosmeticare,נתניה,live,no,no,yes,normal,text_rules,2026-09-26.1,rewrite,text:missing_info:במקורות | text:missing_info:לא צוינו | text:missing_info:לא פורסמו | text:missing_info:לא פורסם | text:missing_info:אין פירוט | text:missing_info:לפי הנתונים | text:missing_info:המידע הזמין | text:record:ברשומה | text:record:שמצוינים | text:record:מציין | text:record:שמופיעים | text:record:מתואר | text:record:אין פירוט | text:spelling:מצויין
76f28672-2592-480c-8496-60b0ab6f64c1,אסנקה איפור מקצועי,נתניה,live,no,no,yes,sparse,text_rules,2026-09-26.1,rewrite,text:missing_info:במקורות | text:missing_info:שסופק | text:missing_info:לא צוינו | text:missing_info:לא פורסמו | text:missing_info:אין מידע | text:missing_info:לא נמסר | text:missing_info:אין פירוט | text:missing_info:המידע הזמין | text:record:המצוינים | text:record:נרשמה | text:record:מופיעים | text:record:אין פירוט
231149f6-0672-4876-a110-78b9b6e006e8,בוסטון קליניק,נתניה,live,no,no,yes,rich,text_rules,2026-09-26.1,rewrite,text:missing_info:במקורות | text:missing_info:שסופק | text:missing_info:לא צוינו | text:missing_info:לא פורסמו | text:missing_info:לא פורסם | text:missing_info:המידע הזמין | text:record:הרשומה | text:record:מצוינת | text:record:ומציינת | text:record:נרשמה | text:record:מופיעים | text:address:Blvd. | text:latin:Naimi | text:latin:Mall | text:latin:Tom | text:latin:Lantos | text:latin:Blvd | text:latin:Netanya
e9800d5f-d2d9-4ed6-84a0-7709a73e8123,ביוטי קליניק נתניה,נתניה,live,no,no,yes,rich,text_rules,2026-09-26.1,rewrite,text:missing_info:במקורות | text:missing_info:לא צוינו | text:missing_info:לא פורסמו | text:missing_info:בפרופיל העסק | text:record:מצוין | text:record:מציינת | text:record:נרשמה | text:record:מופיע | text:latin:MD | text:spelling:ווטסאפ
a74cc21d-86bc-4d3d-a64a-0fc5409c2da3,בניית ציפורניים לק ג'ל פדיקור מניקור נתניה,נתניה,live,no,no,yes,normal,text_rules,2026-09-26.1,rewrite,text:missing_info:במקורות | text:missing_info:לא פורסמו | text:missing_info:לא פורסם | text:missing_info:אין מידע | text:missing_info:אין פירוט | text:missing_info:ללא פירוט | text:record:ברשומות | text:record:מצוין | text:record:שנרשמו | text:record:מופיע | text:record:ומתואר | text:record:אין פירוט | text:address:St | text:latin:Topaz | text:latin:Nails | text:latin:Ha-Portsim | text:latin:St | text:latin:Netanya
76aa7c44-b8de-468c-858e-fc6394f367be,"בר ויכמן נתניה - הסרת שיער בלייזר, פיסול פנים וטיפולי אסתטיקה רפואית",נתניה,live,no,no,yes,rich,text_rules,2026-09-26.1,rewrite,text:missing_info:במקורות | text:missing_info:שסופק | text:missing_info:לא פורסמו | text:missing_info:לא פורסם | text:missing_info:בעמוד העסק | text:record:מצוין | text:record:מציינת | text:record:שנרשם | text:record:מופיעים | text:latin:VADER | text:spelling:מצויין
45141270-2e22-4554-b8b6-4a20e2dc0120,ג'ואן אטלי Cosmetics Solutions איפור קבוע וקוסמטיקה מתקדמת,נתניה,live,no,no,yes,normal,text_rules,2026-09-26.1,rewrite,text:missing_info:במקורות | text:missing_info:לא צוינו | text:missing_info:לא פורסם | text:missing_info:תיאור זה | text:missing_info:אין פירוט | text:record:הרשומות | text:record:המצוינת | text:record:מציין | text:record:מופיעות | text:record:אין פירוט | text:address:St | text:latin:Khayim | text:latin:Levanon | text:latin:St
3352bfe1-cc77-40c3-a152-2dde697658be,ג'וליה - לק ג'ל בניית ציפורניים - מניקור ופדיקור בנתניה- טיפול עם נוף לים 😉,נתניה,live,no,no,yes,rich,text_rules,2026-09-26.1,rewrite,text:missing_info:במקורות | text:record:הרשומה | text:record:מצוין | text:record:שנרשמו | text:record:מופיעים | text:address:Sderot | text:latin:Sderot | text:latin:Jabotinsky | text:dash:— | text:spelling:מצויין
4fafb4c6-081c-4afe-8f63-1aadbf36442f,גלית כשריאן,נתניה,live,no,no,yes,normal,text_rules,2026-09-26.1,rewrite,text:missing_info:במקורות | text:missing_info:לא פורסמו | text:missing_info:לא פורסם | text:missing_info:לא נמצאו | text:missing_info:לפי הנתונים | text:missing_info:הנתונים הזמינים | text:missing_info:המידע הזמין | text:record:מצוין | text:record:מופיעות | text:address:St | text:latin:Liber | text:latin:Ze'ev | text:latin:St
567dda71-16e6-4711-9b29-f98144c83fef,גלית פורת,נתניה,live,no,no,yes,sparse,text_rules,2026-09-26.1,rewrite,text:missing_info:במקורות | text:missing_info:לא צוינו | text:missing_info:לא פורסם | text:missing_info:לא נמסר | text:missing_info:בפרופיל העסק | text:record:ברשומה | text:record:שמצוינים | text:record:מציינות | text:record:נרשמו | text:record:מופיע | text:latin:Khativat | text:latin:Har'el | text:spelling:המצויין | text:spelling:מצויין
7050e53c-e4fb-4ce6-b0cf-07fac3a5738d,"ד""ר אלי שולמן - רפואה אסטתית",נתניה,live,no,no,yes,rich,text_rules,2026-09-26.1,rewrite,text:missing_info:במקורות | text:missing_info:שסופק | text:missing_info:לא פורסמו | text:missing_info:לא פורסם | text:record:מצוין | text:record:מציינים | text:record:שנרשם | text:record:מופיעה | text:latin:APTOS
03bdb684-9953-4d1a-bccc-14d01c9dc326,"ד""ר אנה גודוביץ׳ - טיפולי אסתטיקה רפואית",נתניה,live,no,no,yes,rich,text_rules,2026-09-26.1,rewrite,text:missing_info:במקורות | text:missing_info:לא צוינו | text:missing_info:לא פורסמו | text:missing_info:לא פורסם | text:missing_info:בעמוד העסק | text:record:ברשומה | text:record:מצוינת | text:record:מציינים | text:record:נרשם | text:record:מופיעים | text:spelling:ווטסאפ
14eee6cb-70aa-46ec-8049-c56f5d7bbf9a,דאלי אסתטיק סנטר - דליה ליברמן,נתניה,live,no,no,yes,sparse,text_rules,2026-09-26.1,rewrite,text:missing_info:במקורות | text:missing_info:שסופק | text:missing_info:לא פורסמו | text:missing_info:לא פורסם | text:missing_info:לא נמצאו | text:missing_info:אין מידע | text:missing_info:אין פירוט | text:record:ברשומת | text:record:מצוין | text:record:מופיעה | text:record:אין פירוט
7e5decc5-64a4-44b3-8f84-6c0495dff36c,דוקטור זייגר טטיאנה מילוי והעלמת קמטים בפנים,נתניה,live,no,no,yes,normal,text_rules,2026-09-26.1,rewrite,text:missing_info:במקורות | text:missing_info:לא צוינו | text:missing_info:לא פורסם | text:record:ברשומה | text:record:מציינת | text:record:שנרשם | text:record:ומופיעה | text:record:אינו מפרט | text:spelling:מצויין
55456895-7559-4302-a331-78290bc7c3ee,דורין לק ג׳ל,נתניה,live,no,no,yes,sparse,text_rules,2026-09-26.1,rewrite,text:missing_info:שסופק | text:missing_info:לא פורסמו | text:missing_info:לא פורסם | text:missing_info:לא נמצאו | text:record:הרשומה | text:record:מציינות | text:record:נרשם | text:address:St | text:latin:Efrayim | text:latin:Ahronson | text:latin:St
a541c3bd-eea0-4585-907b-05f9e42a0c92,דלית אור היופי,נתניה,live,no,no,yes,normal,text_rules,2026-09-26.1,rewrite,text:missing_info:במקורות | text:missing_info:שסופק | text:missing_info:לא צוין | text:missing_info:לא פורסמו | text:missing_info:לא נמסר | text:missing_info:לפי הנתונים | text:record:המצוינת | text:record:מופיעים | text:address:St | text:latin:Moshe | text:latin:Glikson | text:latin:St | text:latin:IPL | text:spelling:ווטסאפ
a8579c03-d6a8-4836-8b85-4270bf7db8f7,דנה חן- קליניקה לקוסמטיקה מתקדמת,נתניה,live,no,no,yes,sparse,text_rules,2026-09-26.1,rewrite,text:missing_info:במקורות | text:missing_info:שסופק | text:missing_info:המידע הזמין | text:record:המצוינת | text:record:מציין | text:record:שנרשמה | text:record:ומופיעה | text:address:St | text:latin:Yehoshu'a | text:latin:Shtampfer | text:latin:St | text:latin:Netanya
967c88c0-ad33-4379-be46-717ba3a29d2f,דפנה קוסמטיקס קוסמטיקאית בנתניה,נתניה,live,no,no,yes,sparse,text_rules,2026-09-26.1,rewrite,text:missing_info:במקורות | text:missing_info:לא פורסמו | text:missing_info:לא פורסם | text:record:ברשומות | text:record:מצוין | text:record:מציינת | text:record:שנרשמה | text:record:מופיע | text:record:מתוארת
029ceb78-43db-4cbd-8036-84657caa5ed3,ד״ר מיכל גלבוע,נתניה,live,no,no,yes,sparse,text_rules,2026-09-26.1,rewrite,text:missing_info:במקורות | text:missing_info:שסופק | text:missing_info:לא צוינו | text:missing_info:לא פורסם | text:missing_info:בעמוד העסק | text:record:מצוין | text:record:מציין | text:record:נרשם | text:record:מופיע | text:record:מתוארת | text:address:St | text:latin:Ussishkin | text:latin:St | text:latin:Netanya | text:spelling:מצויין
292e812b-f807-4590-ab52-c44b97e6f327,ד״ר שי לי אלמוג - מרפאה אסתטית,נתניה,live,no,no,yes,rich,text_rules,2026-09-26.1,rewrite,text:missing_info:במקורות | text:missing_info:לא פורסמו | text:missing_info:לא פורסם | text:record:מציין | text:record:מופיעים | text:address:Blvd. | text:latin:Tom | text:latin:Lantos | text:latin:Blvd | text:latin:Netanya
f9ef6efa-155d-4d68-907e-8eee85bdff59,הדבקת ריסים,נתניה,live,no,no,yes,normal,text_rules,2026-09-26.1,rewrite,text:missing_info:במקורות | text:missing_info:לא צוינו | text:missing_info:לא פורסמו | text:missing_info:לא נמצאו | text:record:הרשומה | text:record:מצוין | text:record:מציין | text:record:נרשמה | text:record:מופיע | text:record:שמתואר | text:address:Blvd | text:latin:Nitsa | text:latin:Blvd | text:latin:Netanya
c9f380db-8fab-4bb6-90ba-fe437462006e,הודיה מאגרו ציפורניים,נתניה,live,no,no,yes,sparse,text_rules,2026-09-26.1,rewrite,text:missing_info:במקורות | text:missing_info:לא פורסמו | text:missing_info:לא פורסם | text:missing_info:אין מידע | text:missing_info:אין פירוט | text:missing_info:בעמוד העסק | text:record:המצוינת | text:record:מופיעות | text:record:אין פירוט | text:address:St | text:latin:HaZamir | text:latin:St
8eae887a-c463-47c6-b7e1-45664e5995e8,"הילה איילין - איפור קבוע, קורסים לאיפור קבוע",נתניה,live,no,no,yes,sparse,text_rules,2026-09-26.1,rewrite,text:missing_info:במקורות | text:missing_info:שסופק | text:missing_info:לא פורסמו | text:missing_info:לא פורסם | text:record:הרשומה | text:record:מצוין | text:record:מציין | text:record:שנרשם | text:record:מופיע | text:address:St | text:latin:Alonim | text:latin:St | text:latin:Netanya
3fea4a27-41a5-4498-9e8f-a02d5366f936,"הקליניקה לרפואה אסתטית ד״ר אובול - מגוון טיפולים אסתטיים מתקדמים: מילוי שפתיים, הזרקות לכל האזורים ועוד",נתניה,live,no,no,yes,sparse,text_rules,2026-09-26.1,rewrite,text:missing_info:במקורות | text:missing_info:שסופק | text:missing_info:לא פורסמו | text:missing_info:אין מידע | text:missing_info:אין פירוט | text:missing_info:לא זמין | text:record:שמצוינות | text:record:מציין | text:record:נרשמה | text:record:אין פירוט | text:spelling:ווטסאפ
8eb1b361-f1a2-4c26-b2fe-e0711d18ee3b,חדווה בכר HBeauty - קוסמטיקה וטיפולי יופי,נתניה,live,no,no,yes,rich,text_rules,2026-09-26.1,rewrite,text:missing_info:במקורות | text:missing_info:לא פורסמו | text:missing_info:לא פורסם | text:missing_info:אין מידע | text:missing_info:אין פירוט | text:missing_info:לפי הנתונים | text:record:ברשומות | text:record:מצוין | text:record:ומציינים | text:record:נרשמות | text:record:מופיעים | text:record:שמתואר | text:record:אין פירוט
b919ede6-afee-4713-b833-8833f5629014,חלי קרני קוסמטיקאית מוסמכת | Heli Karni Skin Clinic,נתניה,live,no,no,yes,normal,text_rules,2026-09-26.1,rewrite,text:missing_info:במקורות | text:missing_info:לא פורסם | text:missing_info:אין פירוט | text:record:הרשומה | text:record:המצוינים | text:record:מציינת | text:record:שנרשם | text:record:מופיעה | text:record:אין פירוט | text:address:St | text:latin:Spiegelman | text:latin:St
a0819a39-fa1e-4ed6-b538-07e686f61493,חן אליאסי - Chen Eliassi Skincare,נתניה,live,no,no,yes,sparse,text_rules,2026-09-26.1,rewrite,text:missing_info:במקורות | text:missing_info:שסופק | text:missing_info:לא צוינו | text:missing_info:לא פורסמו | text:missing_info:לא פורסם | text:missing_info:בעמוד העסק | text:record:ברשומה | text:record:שמצוינים | text:record:מציינות | text:record:נרשמה | text:record:ומופיעה | text:address:St | text:latin:Uzi | text:latin:Hitman | text:latin:St | text:latin:Netanya | text:spelling:המצויין | text:spelling:מצויין | text:spelling:ווטסאפ
4c390bea-424c-47d8-b496-1fa861bd367b,חן קוסמטיקס,נתניה,live,no,no,yes,sparse,text_rules,2026-09-26.1,rewrite,text:missing_info:במקורות | text:missing_info:לא צוינו | text:missing_info:לא פורסמו | text:missing_info:לא פורסם | text:missing_info:לפי הנתונים | text:missing_info:המידע הזמין | text:record:ברשומת | text:record:מצוין | text:record:שנרשם | text:record:מופיע | text:spelling:ווטסאפ
d7044174-e1ea-44f8-9bab-ba8a980e6800,טל עדי הלחמת ריסים איפור שבוע ושיזוף,נתניה,live,no,no,yes,sparse,text_rules,2026-09-26.1,rewrite,text:missing_info:במקורות | text:missing_info:לא פורסמו | text:missing_info:לא פורסם | text:missing_info:אין מידע | text:missing_info:אין פירוט | text:record:ברשומות | text:record:ומצוינים | text:record:מציינים | text:record:שנרשמו | text:record:מופיע | text:record:אין פירוט | text:spelling:ווטסאפ
3cd147c7-473e-44e3-8b8c-cca5ccca2cfc,טניה בקאי קוסמטיקאית מוסמכת נתניה-אגמים,נתניה,live,no,no,yes,normal,text_rules,2026-09-26.1,rewrite,text:missing_info:במקורות | text:missing_info:שסופק | text:missing_info:לא צוינו | text:missing_info:לא פורסמו | text:missing_info:לא פורסם | text:missing_info:אין פירוט | text:record:המצוינים | text:record:מציינת | text:record:שמתואר | text:record:שאין פירוט | text:address:Blvd | text:latin:HaAgammim | text:latin:Blvd
bca818e1-7d9b-4691-8725-218370aef332,יערית החלקות שיער בנתניה / החלקה אורגנית / מספרה בנתניה,נתניה,live,no,no,yes,normal,text_rules,2026-09-26.1,rewrite,text:missing_info:במקורות | text:missing_info:לא צוינו | text:missing_info:לא צוין | text:missing_info:לא פורסמו | text:missing_info:המידע הזמין | text:record:מצוין | text:record:מציין | text:record:מופיע | text:spelling:המצויין | text:spelling:מצויין
ce5d1522-2bd4-4b38-b83e-6b6e1453474b,ירדן שלומי - קליניקה לטיפולי עור מתקדמים,נתניה,live,no,no,yes,sparse,text_rules,2026-09-26.1,rewrite,text:missing_info:במקורות | text:missing_info:לא פורסמו | text:missing_info:לא פורסם | text:missing_info:לא נמסר | text:missing_info:בפרופיל זה | text:missing_info:בפרופיל העסק | text:record:שמצוין | text:record:מציין | text:record:שמופיעה
febe2422-969f-415b-a570-b808208e89c6,ירין פכטר קוסמטיקס,נתניה,live,no,no,yes,normal,text_rules,2026-09-26.1,rewrite,text:missing_info:במקורות | text:missing_info:שסופק | text:missing_info:לא פורסמו | text:missing_info:אין פירוט | text:missing_info:ללא פירוט | text:record:הרשומה | text:record:שמצוינים | text:record:מציין | text:record:שנרשם | text:record:מופיעים | text:record:מתוארים | text:record:אין פירוט
6bbc94c6-6975-4221-905e-912677e4b6f0,"כירורג פלסטי בנתניה - ד""ר טנצר",נתניה,live,no,no,yes,normal,text_rules,2026-09-26.1,rewrite,text:missing_info:במקורות | text:missing_info:שסופק | text:missing_info:לא פורסמו | text:record:מצוינים | text:record:מופיע | text:record:מתואר | text:spelling:ווטסאפ
dec88199-1530-484f-91aa-9e4dd0b6920a,ליאורה גבורי קוסמטיקאית,נתניה,live,no,no,yes,normal,text_rules,2026-09-26.1,rewrite,text:missing_info:במקורות | text:missing_info:לא פורסמו | text:missing_info:לא פורסם | text:record:ברשומות | text:record:מצוין | text:record:נרשמה | text:record:שמופיע
db80de8e-2033-4a02-a976-015e5de74379,ליאל לוי | מכון קוסמטיקה ויופי,נתניה,live,no,no,yes,normal,text_rules,2026-09-26.1,rewrite,text:missing_info:במקורות | text:missing_info:לא פורסמו | text:missing_info:לא פורסם | text:missing_info:ללא פירוט | text:record:הרשומות | text:record:שמצוינת | text:record:מציין | text:record:נרשמו | text:record:מופיע
24b9a48d-f7a8-45c1-be0b-0abf3336f8e8,ליטל נקב- איפור כלות ואירועים קוסמטיקאית מקצועית,נתניה,live,no,no,yes,sparse,text_rules,2026-09-26.1,rewrite,text:missing_info:במקורות | text:missing_info:לא צוין | text:missing_info:לא פורסמו | text:missing_info:לא נמסר | text:missing_info:בעמוד העסק | text:record:שמצוין | text:record:מציינת | text:record:נרשמו | text:record:מופיע | text:record:מתוארת
a3d15045-f65e-4e60-ab93-fc03135d67d8,לייזר פרו,נתניה,live,no,no,yes,normal,text_rules,2026-09-26.1,rewrite,text:missing_info:במקורות | text:missing_info:שסופק | text:missing_info:לא צוינו | text:missing_info:לא צוין | text:missing_info:לא פורסמו | text:missing_info:לא פורסם | text:record:המצוינים | text:record:מציין | text:record:ומופיע
e435b476-b079-44e1-a3ce-a06c30887bd2,מאפרת מקצועית | איפור כלות | איפור ערב | איפור לעור כהה - אורית פנטה,נתניה,live,no,no,yes,normal,text_rules,2026-09-26.1,rewrite,text:missing_info:במקורות | text:missing_info:לא צוינו | text:missing_info:אין מידע | text:record:ברשומות | text:record:המצוינת | text:record:מציין | text:record:נרשמה | text:record:מופיעים | text:latin:Netanya
d6cf79b9-e0d5-4fb8-be87-6abe7cfa6098,מגע של קסם - מכון לקוסמטיקה מתקדמת,נתניה,live,no,no,yes,sparse,text_rules,2026-09-26.1,rewrite,text:missing_info:במקורות | text:missing_info:לא צוינו | text:missing_info:לא פורסמו | text:missing_info:לא פורסם | text:missing_info:המידע הזמין | text:record:מצוינת | text:record:שמופיעה | text:record:אינו מפרט | text:address:St | text:latin:Petah | text:latin:Tikva | text:latin:St | text:latin:Netanya
5002c48e-440d-4cd4-838e-78b84ce80faa,מיכל נחאיסי קוסמטיקה,נתניה,live,no,no,yes,sparse,text_rules,2026-09-26.1,rewrite,text:missing_info:במקורות | text:missing_info:לא צוינו | text:missing_info:לא פורסם | text:record:מצוין | text:record:מציינות | text:record:ומופיעה | text:record:המתוארים | text:spelling:מצויין | text:spelling:ווטסאפ
98067c79-de1f-49ca-99b4-975c49a6b33f,מירב ישראל,נתניה,live,no,no,yes,normal,text_rules,2026-09-26.1,rewrite,text:missing_info:במקורות | text:missing_info:לא צוינו | text:missing_info:לא פורסמו | text:missing_info:לא פורסם | text:missing_info:אין מידע | text:missing_info:אין פירוט | text:missing_info:המידע הזמין | text:record:ברשומה | text:record:מופיעה | text:record:מתואר | text:record:אין פירוט | text:address:Sderot | text:latin:Sderot | text:latin:Oved | text:latin:Ben | text:latin:Ami
11e3f9e5-5236-473c-981c-dccab368098d,מעיין שחם רביב,נתניה,live,no,no,yes,normal,text_rules,2026-09-26.1,rewrite,text:missing_info:במקורות | text:missing_info:לא פורסם | text:missing_info:לא נמסר | text:record:ברשומות | text:record:מצוין | text:record:מציינת | text:record:שנרשמו | text:record:מופיעים | text:latin:IPL | text:latin:EMS | text:spelling:המצויין | text:spelling:מצויין
2fa68a6a-e859-4918-8160-b752bfd4e86b,מרכז לרפואת שיניים אובול,נתניה,live,no,no,yes,rich,text_rules,2026-09-26.1,rewrite,text:missing_info:במקורות | text:missing_info:לא פורסמו | text:record:מצוין | text:record:מציינת | text:address:St | text:latin:Yehoshu'a | text:latin:Shtampfer | text:latin:St | text:latin:Netanya
c5c75f84-9b81-4d07-9ce9-3add023f37a1,מרפאת שיניים בנתניה Les Experts,נתניה,live,no,no,yes,rich,text_rules,2026-09-26.1,rewrite,text:missing_info:במקורות | text:missing_info:שסופק | text:missing_info:לא צוינו | text:missing_info:לא פורסמו | text:record:הרשומה | text:record:המצוינים | text:record:ומציינת | text:record:מופיעה | text:address:St | text:latin:Agam | text:latin:Kinneret | text:latin:St
fa378bdd-c0bc-4eb9-abe5-8a0226cd7710,נאיה ביוטי קליניק - Naya beauty clinic,נתניה,live,no,no,yes,sparse,text_rules,2026-09-26.1,rewrite,text:missing_info:במקורות | text:missing_info:לא צוין | text:missing_info:לא פורסמו | text:missing_info:לא פורסם | text:record:ברשומות | text:record:שמצוין | text:record:שנרשמו | text:record:מופיע | text:address:Blvd. | text:latin:Tom | text:latin:Lantos | text:latin:Blvd | text:latin:Netanya
471d36d8-75c2-4e1a-9083-429f8930bde5,נועה קוסמטיקה,נתניה,live,no,no,yes,sparse,text_rules,2026-09-26.1,rewrite,text:missing_info:במקורות | text:missing_info:לא צוין | text:missing_info:לא פורסמו | text:missing_info:לא נמסר | text:missing_info:בעמוד זה | text:missing_info:בעמוד העסק | text:record:רשומה | text:record:שמצוינים | text:record:מציינים | text:record:נרשמה | text:record:מופיעה | text:latin:within
e6dd2f6a-4d1e-47b7-aefd-233c449d67e9,נטלי סטודיו - ספא בנתניה,נתניה,live,no,no,yes,sparse,text_rules,2026-09-26.1,rewrite,text:missing_info:במקורות | text:missing_info:שסופק | text:missing_info:לא צוינו | text:missing_info:לא פורסם | text:missing_info:הפרופיל כולל | text:missing_info:לא נמסר | text:record:הרשומה | text:record:מצוין | text:record:מציין | text:record:נרשמה | text:record:שמופיע
9428cd50-595f-430c-a840-f861cb202923,נטלי קוסמטיקה,נתניה,live,no,no,yes,sparse,text_rules,2026-09-26.1,rewrite,text:missing_info:במקורות | text:missing_info:שסופק | text:missing_info:לא צוינו | text:missing_info:לא פורסמו | text:missing_info:לא פורסם | text:missing_info:בעמוד העסק | text:address:St | text:latin:Uzi | text:latin:Hitman | text:latin:St | text:spelling:ווטסאפ
ee07a520-e599-42d2-8c54-98b53bdae031,סוזן אומנית איפור עיצוב שיער וציפורניים,נתניה,live,no,no,yes,sparse,text_rules,2026-09-26.1,rewrite,text:missing_info:במקורות | text:missing_info:במידע שנבדק | text:missing_info:שסופק | text:missing_info:לא פורסם | text:missing_info:אין פירוט | text:missing_info:המידע הזמין | text:record:המצוינים | text:record:נרשם | text:record:מופיע | text:record:ואין פירוט | text:address:St | text:latin:Shmurat | text:latin:Nahal | text:latin:Bsur | text:latin:St | text:latin:Netanya | text:spelling:המצויין | text:spelling:מצויין
d9468ad1-4226-4c95-b480-fdc6f8548f9f,סטודיו גבות הילה שרון,נתניה,live,no,no,yes,rich,text_rules,2026-09-26.1,rewrite,text:missing_info:במקורות | text:missing_info:שסופק | text:missing_info:לא פורסמו | text:missing_info:אין מידע | text:record:ברשומות | text:record:שמצוינות | text:record:מציינות | text:record:נרשמו | text:record:שמופיעה | text:record:תוארה | text:address:St | text:latin:Ha-Gila | text:latin:St | text:latin:Netanya | text:spelling:ווטסאפ
1913d0f4-a159-4324-98a6-7625a0feb019,סיגלית קוסמטיקה מתקדמת,נתניה,live,no,no,yes,normal,text_rules,2026-09-26.1,rewrite,text:missing_info:במקורות | text:missing_info:שסופק | text:missing_info:לא צוינו | text:missing_info:לא פורסמו | text:missing_info:לא פורסם | text:missing_info:לא נמסר | text:missing_info:אין פירוט | text:missing_info:המידע הזמין | text:record:המצוינת | text:record:מציינים | text:record:שנרשמו | text:record:מופיעים | text:record:מתוארים | text:record:אינו מפרט | text:record:אין פירוט | text:latin:RF
d53bed8e-1542-4c4b-b75f-53612b5902f8,סיסטרס ביוטי - קליניקת בוטיק בנתניה,נתניה,live,no,no,yes,normal,text_rules,2026-09-26.1,rewrite,text:missing_info:במקורות | text:missing_info:שסופק | text:missing_info:לא צוינו | text:missing_info:לא נמצאו | text:missing_info:ללא פירוט | text:record:הרשומות | text:record:מצוינים | text:record:נרשמה | text:record:שמופיעים
989d3548-16d9-40aa-9448-2403daa71539,סמדר קוסמטיק,נתניה,live,no,no,yes,sparse,text_rules,2026-09-26.1,rewrite,text:missing_info:במקורות | text:missing_info:שסופק | text:missing_info:לא צוינו | text:missing_info:לא פורסמו | text:missing_info:לא פורסם | text:record:ברשומה | text:record:המצוינות | text:record:מופיע | text:address:St | text:latin:Uzi | text:latin:Hitman | text:latin:St | text:latin:Netanya
0c8a0575-161c-463d-95b1-c30a84b1049f,ספא ניצה,נתניה,live,no,no,yes,normal,text_rules,2026-09-26.1,rewrite,text:missing_info:במקורות | text:missing_info:לא צוינו | text:missing_info:לא פורסמו | text:missing_info:לא פורסם | text:missing_info:לא נמסר | text:missing_info:לפי הנתונים | text:record:שמצוין | text:record:מציין | text:record:מופיעים
84fcf018-961b-4dac-be3c-b1a5887614df,עדי ואת בדרך ליופי,נתניה,live,no,no,yes,normal,text_rules,2026-09-26.1,rewrite,text:missing_info:במקורות | text:missing_info:שסופק | text:missing_info:לא פורסמו | text:missing_info:אין פירוט | text:missing_info:ללא פירוט | text:missing_info:לפי הנתונים | text:missing_info:הנתונים הזמינים | text:record:ברשומות | text:record:המצוינות | text:record:מציין | text:record:נרשמו | text:record:מופיע | text:record:המתואר | text:record:אין פירוט | text:spelling:ווטסאפ
cdb6b14b-405f-4151-a6bf-2a74598a49b7,עיצוב גבות | מיקרובליידינג|קורסים אישיים בנתניה - נוי בדש,נתניה,live,no,no,yes,normal,text_rules,2026-09-26.1,rewrite,text:missing_info:במקורות | text:missing_info:לא צוינו | text:missing_info:אין פירוט | text:record:ברשומה | text:record:מצוין | text:record:מציינת | text:record:שנרשמו | text:record:מופיעים | text:record:אינו מפרט | text:record:אין פירוט
0ae49eb8-fcf3-40ae-8842-91269cafbfc1,עמי פחימה בוטיק להחלקות ותוספות שיער AP,נתניה,live,no,no,yes,normal,text_rules,2026-09-26.1,rewrite,text:missing_info:במקורות | text:missing_info:לא צוינו | text:missing_info:לא פורסמו | text:missing_info:לא נמצאו | text:missing_info:לא זמין | text:missing_info:בעמוד העסק | text:missing_info:בפרופיל העסק | text:record:ברשומות | text:record:המצוינות | text:record:מציינת | text:record:שנרשמה | text:record:ומופיע
9899d99c-7136-4185-b2cb-11a6f561d64c,פיט פלוס - Feet Plus,נתניה,live,no,no,yes,sparse,text_rules,2026-09-26.1,rewrite,text:missing_info:במקורות | text:missing_info:לא צוינו | text:missing_info:לא פורסמו | text:missing_info:לא פורסם | text:missing_info:לא נמסר | text:missing_info:המידע הזמין | text:missing_info:בעמוד העסק | text:record:ברשומות | text:record:המצוינות | text:record:נרשמה | text:record:ומופיע | text:address:St | text:latin:Ahronson | text:latin:St | text:latin:Netanya | text:latin:Efrayim | text:spelling:המצויין | text:spelling:מצויין
82277c2f-90b9-42cc-81df-a0e2422c5b3e,ציפי- הרמת ריסים בנתניה,נתניה,live,no,no,yes,sparse,text_rules,2026-09-26.1,rewrite,text:missing_info:במקורות | text:missing_info:לא צוינו | text:missing_info:לא פורסמו | text:missing_info:לא פורסם | text:missing_info:המידע הזמין | text:record:הרשומה | text:record:המצוינות | text:record:נרשמו | text:address:St | text:latin:Ha-Shiv'a | text:latin:St | text:latin:Netanya | text:spelling:מצויין
2cac38e0-91ac-428e-9eeb-a531c73dfe2f,קוסמטיקאית בנתניה אירית רגב קוסמטיקאית,נתניה,live,no,no,yes,sparse,text_rules,2026-09-26.1,rewrite,text:missing_info:במקורות | text:missing_info:שסופק | text:missing_info:אין פירוט | text:missing_info:על פי הנתונים | text:record:הרשומה | text:record:מצוין | text:record:מציין | text:record:נרשמו | text:record:מופיעה | text:record:אין פירוט | text:address:Derech | text:latin:Derech | text:latin:Dganya | text:latin:Netanya | text:spelling:המצויין | text:spelling:מצויין
c795a6f4-f3dd-4546-944f-98d9652f861e,קוסמטיקאית פרא רפואית בנתניה - אילנה שוורץ,נתניה,live,no,no,yes,normal,text_rules,2026-09-26.1,rewrite,text:missing_info:במקורות | text:missing_info:לא צוינו | text:missing_info:לא פורסמו | text:missing_info:אין תיעוד | text:missing_info:לא נמסר | text:missing_info:אין פירוט | text:missing_info:המידע הזמין | text:record:המצוינת | text:record:מציין | text:record:מופיעים | text:record:אין פירוט | text:address:St | text:latin:Pierre | text:latin:Koenig | text:latin:St | text:latin:Netanya | text:spelling:המצויין | text:spelling:מצויין
575c76f1-9817-46c8-9183-ed6a2bed5368,קוסמטיקאית רפואית דר' יוליה כץ,נתניה,live,no,no,yes,sparse,text_rules,2026-09-26.1,rewrite,text:missing_info:במקורות | text:missing_info:לא פורסמו | text:missing_info:לא פורסם | text:missing_info:לא נמצאו | text:missing_info:בעמוד העסק | text:missing_info:בפרופיל העסק | text:record:ברשומות | text:record:שמצוינת | text:record:מציינים | text:record:נרשמה | text:record:מופיעים | text:record:מתוארים | text:latin:Netanya | text:spelling:מצויין
dc3ca778-df30-4a41-99bc-fbe9f45225a6,קוסמטיקה מתקדמת - NÖNY aesthetics,נתניה,live,no,no,yes,normal,text_rules,2026-09-26.1,rewrite,text:missing_info:במקורות | text:missing_info:לא צוינו | text:missing_info:אין מידע | text:record:רשומה | text:record:שמצוין | text:record:שמציין | text:record:שנרשמו | text:record:מופיעות
607eba4e-0098-46eb-a61a-638863abb41e,קטי מולגן - מעצבת שיער Ketty Molgan- Hair design,נתניה,live,no,no,yes,normal,text_rules,2026-09-26.1,rewrite,text:missing_info:במקורות | text:missing_info:לא פורסם | text:missing_info:ללא פירוט | text:missing_info:לפי הנתונים | text:missing_info:המידע הזמין | text:record:ברשומות | text:record:מצוין | text:record:מציינת | text:record:שמופיע
72546b1d-cb4c-4833-8733-a5534d6452bb,קליניקה בוטיק - POPULAR,נתניה,live,no,no,yes,normal,text_rules,2026-09-26.1,rewrite,text:missing_info:במקורות | text:missing_info:לא פורסמו | text:missing_info:אין מידע | text:missing_info:אין פירוט | text:record:ברשומה | text:record:המצוינות | text:record:מציינת | text:record:שמופיע | text:record:אין פירוט | text:latin:harmoni | text:latin:RF | text:latin:HIFU
35f921c0-fa05-431e-a420-9ff627f16f2c,קליניקה הילסקין,נתניה,live,no,no,yes,rich,text_rules,2026-09-26.1,rewrite,text:missing_info:במקורות | text:missing_info:לא פורסמו | text:record:המצוינת | text:record:מציין | text:record:שמופיעה | text:address:Sderot | text:latin:Sderot | text:latin:Giborei | text:latin:Israel | text:dash:–
0ed0f64c-1a86-4ff1-9a9e-a8d1b429970d,ראל ביוטי,נתניה,live,no,no,yes,normal,text_rules,2026-09-26.1,rewrite,text:missing_info:חבילת המידע | text:missing_info:בחבילת | text:missing_info:במקורות | text:missing_info:שסופק | text:missing_info:לא פורסמו | text:record:מצוין | text:record:שמופיעה | text:record:מתוארת | text:address:St | text:latin:Moshe | text:latin:Glikson | text:latin:St | text:latin:Netanya
f66a90af-7cf5-431e-a203-f1f15c943755,"רונית רפאל - מדע היופי, סניף נתניה",נתניה,live,no,no,yes,sparse,text_rules,2026-09-26.1,rewrite,text:missing_info:במקורות | text:missing_info:לא פורסמו | text:missing_info:לא פורסם | text:missing_info:אין פירוט | text:missing_info:המידע הזמין | text:record:ברשומות | text:record:מצוין | text:record:מציינות | text:record:שמופיעות | text:record:אין פירוט | text:latin:Ir | text:latin:Yamim | text:latin:Mall
3b91356d-a46d-40e8-9715-0956cb7884e9,רות קוסמטיקה - RUTH cosmetics,נתניה,live,no,no,yes,sparse,text_rules,2026-09-26.1,rewrite,text:missing_info:במקורות | text:missing_info:לא פורסמו | text:missing_info:לא נמסר | text:missing_info:אין פירוט | text:record:ברשומות | text:record:המצוינת | text:record:מציינת | text:record:נרשמה | text:record:מופיעה | text:record:אין פירוט
6484b048-98bd-400f-9fda-046026e0ac0b,רחלי גל - אמנית יופי,נתניה,live,no,no,yes,normal,text_rules,2026-09-26.1,rewrite,text:missing_info:במקורות | text:missing_info:לא צוין | text:missing_info:לא פורסמו | text:missing_info:לא פורסם | text:missing_info:אין מידע | text:missing_info:לא נמסר | text:missing_info:אין פירוט | text:missing_info:בעמוד העסק | text:record:רשומות | text:record:מצוינת | text:record:מציינות | text:record:שנרשמו | text:record:שמופיעים | text:record:מתואר | text:record:אין פירוט | text:address:St | text:latin:Iyar | text:latin:St | text:latin:Netanya | text:latin:bookingOnline | text:spelling:המצויין | text:spelling:מצויין | text:spelling:ווטסאפ
69b8b74c-a513-4c4b-9f00-0cb42eddf4e8,רפאל אסטתיקס - השתלות שיער איכותיות וטיפולים קוסמטיים,נתניה,live,no,no,yes,normal,text_rules,2026-09-26.1,rewrite,text:missing_info:במקורות | text:missing_info:לא פורסמו | text:missing_info:אין פירוט | text:record:רשומות | text:record:מצוין | text:record:שמתואר | text:record:אין פירוט | text:spelling:מצויין
f68f9d5e-288b-44bb-bd7f-df197f1e15bb,שחר מלסה | לק ג׳ל בנתניה | בניית ציפורניים בנתניה | מבנה אנטומי בנתניה | מניקוריסטית בנתניה | לק גל נתניה | ריינה נתניה,נתניה,live,no,no,yes,sparse,text_rules,2026-09-26.1,rewrite,text:missing_info:במקורות | text:missing_info:לא פורסמו | text:missing_info:לא פורסם | text:missing_info:הפרופיל כולל | text:missing_info:לא נמסר | text:record:מצוין | text:record:מציינים | text:record:נרשם | text:record:שמופיע | text:address:St | text:latin:HaKalir | text:latin:St | text:latin:Netanya | text:spelling:מצויין
4b1705e7-ff33-4296-956b-54c432b27e26,שיראל סעידיאן קוסמטיקס,נתניה,live,no,no,yes,sparse,text_rules,2026-09-26.1,rewrite,text:missing_info:במקורות | text:missing_info:שסופק | text:missing_info:לא פורסמו | text:missing_info:לא פורסם | text:missing_info:אין תיעוד | text:missing_info:אין מידע | text:missing_info:אין פירוט | text:missing_info:המידע הזמין | text:record:ברשומות | text:record:מציין | text:record:נרשמה | text:record:שאין פירוט | text:address:St | text:latin:Be'eri | text:latin:St | text:latin:Netanya | text:latin:Maps | text:latin:registrada
c8a9f2d2-4371-4f93-9067-5c2e4e2db64f,שירה זאבי,נתניה,live,no,no,yes,normal,text_rules,2026-09-26.1,rewrite,text:missing_info:במקורות | text:missing_info:לא צוינו | text:missing_info:לא צוין | text:missing_info:לא פורסמו | text:missing_info:אין מידע | text:missing_info:תיאור זה | text:missing_info:לא נמסר | text:missing_info:אין פירוט | text:record:ברשומה | text:record:מציינים | text:record:שנרשם | text:record:מופיע | text:record:אינם מפרטים | text:record:אין פירוט | text:address:St | text:latin:Natan | text:latin:Komoi | text:latin:St | text:spelling:מצויין | text:spelling:ווטסאפ
a61198cc-8ca9-4af5-9d37-ab3aade47f69,שירי ריפוי היופי,נתניה,live,no,no,yes,sparse,text_rules,2026-09-26.1,rewrite,text:missing_info:במקורות | text:missing_info:שסופק | text:missing_info:לא פורסמו | text:missing_info:לא פורסם | text:missing_info:אין פירוט | text:missing_info:המידע הזמין | text:record:מצוין | text:record:מציינים | text:record:מופיע | text:record:אינו מפרט | text:record:אין פירוט
8c680f40-2fd5-44ee-bf44-960330c4577e,שירן כברה עיצוב שיער,נתניה,live,no,no,yes,sparse,text_rules,2026-09-26.1,rewrite,text:missing_info:במקורות | text:missing_info:שסופק | text:missing_info:לא צוינו | text:missing_info:לפי הנתונים | text:record:ברשומה | text:record:המצוינת | text:record:מציינת | text:record:שמופיעה | text:address:St | text:latin:Shmuel | text:latin:HaNatziv | text:latin:St | text:latin:Netanya | text:spelling:ווטסאפ
86a6edee-8303-44c1-9680-ca0f11a51237,שלומי עיצוב שיער,נתניה,live,no,no,yes,normal,text_rules,2026-09-26.1,rewrite,text:missing_info:במקורות | text:missing_info:שסופק | text:missing_info:לא צוינו | text:missing_info:לא פורסמו | text:missing_info:לפי הנתונים | text:record:מצוין | text:record:מציינים | text:record:מופיעים | text:address:St | text:latin:Lilienblum | text:latin:St | text:spelling:מצויין
b0c8e60d-ac45-44f5-97f2-714f687fc6ae,שלי קוסמטיקס,נתניה,live,no,no,yes,sparse,text_rules,2026-09-26.1,rewrite,text:missing_info:שסופק | text:missing_info:לא צוינו | text:missing_info:לא פורסם | text:record:הרשומות | text:record:המצוינת | text:record:מציינת | text:record:נרשמה | text:record:שמופיעה | text:record:ותוארה | text:record:מתוארים | text:address:Sderot | text:latin:Sderot | text:latin:Pinhas | text:latin:Lavon | text:latin:Netanya | text:spelling:המצויין | text:spelling:מצויין
3bf354d9-8e47-4f09-80d5-f126438185ff,שני טוב - קוסמטיקאית מומחית,נתניה,live,no,no,yes,normal,text_rules,2026-09-26.1,rewrite,text:missing_info:במקורות | text:missing_info:לא פורסמו | text:missing_info:לא נמסר | text:missing_info:אין פירוט | text:missing_info:על פי הנתונים | text:missing_info:לפי הנתונים | text:missing_info:בעמוד העסק | text:record:המצוינת | text:record:מופיעות | text:record:מתוארים | text:record:אינם מפרטים | text:record:אין פירוט | text:address:St | text:latin:Uzi | text:latin:Hitman | text:latin:St | text:latin:Netanya
41b33d29-6986-4758-b382-2bde08d435be,4Man - מכון יופי וטיפוח לגבר בתל אביב,תל אביב–יפו,live,no,no,yes,normal,text_rules,2026-09-26.1,rewrite,text:missing_info:במקורות | text:missing_info:לא צוינו | text:missing_info:לא צוין | text:missing_info:לא פורסמו | text:missing_info:לא פורסם | text:record:הרשומה | text:record:המצוינות | text:record:מציינים | text:record:נרשמה | text:record:מופיע | text:record:לא מפורטים | text:address:St | text:latin:Harav | text:latin:Reines | text:latin:St | text:latin:Candela | text:latin:GentleMax | text:latin:Pro | text:latin:Plus
125f87c2-198c-4366-8112-ec766e68b10a,808 Haircut & Grooming 808TLV Tel Aviv Барбершоп | Barbershop - מספרה,תל אביב–יפו,live,no,no,yes,normal,text_rules,2026-09-26.1,rewrite,text:missing_info:במקורות | text:missing_info:לא צוינו | text:missing_info:לא פורסמו | text:missing_info:אין מידע | text:record:ברשומות | text:record:המצוינים | text:record:מציין | text:record:שנרשמו | text:record:שמופיעה | text:latin:accessible
6ce6a534-9359-40f3-bfb6-8d631d3724ea,Absolute Esthetics by Andrea,תל אביב–יפו,live,no,no,yes,rich,text_rules,2026-09-26.1,rewrite,text:missing_info:במקורות | text:missing_info:לא צוינו | text:missing_info:לא פורסם | text:record:הרשומות | text:record:שמצוין | text:record:מציינת | text:record:מופיעים | text:record:אינו מפרט
2ed585c3-f1d9-4baf-bedf-32d8d75aec6f,Adis place- עדי בוטיק קוסמטיקאית והסרת שיער בלייזר תל אביב,תל אביב–יפו,live,no,no,yes,normal,text_rules,2026-09-26.1,rewrite,text:missing_info:במקורות | text:missing_info:שסופק | text:missing_info:לא צוינו | text:missing_info:לא צוין | text:missing_info:לא פורסמו | text:record:ברשומות | text:record:שמצוינים | text:record:מציין | text:record:נרשמה | text:record:מופיעים | text:address:St | text:latin:Arlozorov | text:latin:St | text:latin:Tel | text:latin:Aviv-Yafo
d5053444-6048-4dec-aa56-9a87c52467ac,Aesthetic Dentistry - ד''ר אילן הכט,תל אביב–יפו,live,no,no,yes,normal,text_rules,2026-09-26.1,rewrite,text:missing_info:במקורות | text:missing_info:שסופק | text:missing_info:לא פורסמו | text:missing_info:לא פורסם | text:missing_info:'' | text:record:מצוינים | text:record:מציין | text:record:נרשם | text:record:מופיעה | text:record:אינו מפרט
bac3185f-909b-482e-8fd5-1484b426acd0,BUBA beauty space,תל אביב–יפו,live,no,no,yes,normal,text_rules,2026-09-26.1,rewrite,text:missing_info:במקורות | text:missing_info:לא פורסמו | text:missing_info:לא פורסם | text:missing_info:עמוד העסק כולל | text:missing_info:המידע הזמין | text:missing_info:בעמוד העסק | text:record:מצוין | text:record:מציין | text:record:מופיעה
61a6b949-be55-4270-9e99-09995c9c57fc,BeautIX - Beauty Salon,גבעתיים,live,no,no,yes,rich,text_rules,2026-09-26.1,rewrite,text:missing_info:במקורות | text:missing_info:לא פורסמו | text:missing_info:לא פורסם | text:missing_info:אין פירוט | text:missing_info:בפרופיל העסק | text:record:מצוין | text:record:מציין | text:record:נרשמות | text:record:ומופיע | text:record:אין פירוט | text:record:לא מפורט | text:address:St | text:latin:Katzenelson | text:latin:St | text:spelling:ווטסאפ
f70ad100-5e81-4531-8b98-3fde4a60573d,Beautique by Poly,תל אביב–יפו,live,no,no,yes,normal,text_rules,2026-09-26.1,rewrite,text:missing_info:במקורות | text:missing_info:בעמוד העסק | text:record:מצוין | text:record:מציין | text:record:שנרשם | text:record:מופיע | text:record:המתוארים | text:spelling:מצויין
e19d4bf2-66b8-478a-a7db-3aa629f30272,Beauty Style,בני ברק,live,no,no,yes,sparse,text_rules,2026-09-26.1,rewrite,text:missing_info:במקורות | text:missing_info:אין פירוט | text:missing_info:בפרופיל העסק | text:record:ברשומות | text:record:מצוין | text:record:נרשמה | text:record:ומופיעות | text:record:אין פירוט | text:address:St | text:latin:Haroe | text:latin:St | text:latin:Ramat | text:latin:Gan | text:spelling:ווטסאפ
3a64ca0d-70ab-47a7-861b-a36f920413c2,Beauty Time Salon,תל אביב–יפו,live,no,no,yes,normal,text_rules,2026-09-26.1,rewrite,text:missing_info:שסופק | text:missing_info:לא צוינו | text:missing_info:לא פורסמו | text:missing_info:אין מידע | text:missing_info:לא זמין | text:missing_info:על פי הנתונים | text:record:רשומת | text:record:המצוינת | text:record:נרשמים | text:record:מופיעים | text:address:St | text:latin:Yirmeyahu | text:latin:St | text:latin:RF
f6ada3ef-6eb6-49d7-bd74-b8892cb59a33,BorimskyCosmetic Boutique,רמת גן,live,no,no,yes,rich,text_rules,2026-09-26.1,rewrite,text:missing_info:במקורות | text:missing_info:אין פירוט | text:missing_info:ללא פירוט | text:missing_info:בפרופיל העסק | text:record:רשומה | text:record:המצוינים | text:record:מציינת | text:record:מופיעות | text:record:מתוארת | text:record:אין פירוט
9016d4c1-c7f3-4da5-89b5-62689cc58321,CUT THE BULLSHIT BarberShop,תל אביב–יפו,live,no,no,yes,normal,text_rules,2026-09-26.1,rewrite,text:missing_info:במקורות | text:missing_info:במידע שנבדק | text:missing_info:שסופק | text:missing_info:לא צוינו | text:missing_info:לא פורסמו | text:missing_info:לא פורסם | text:missing_info:אין פירוט | text:record:שמצוינים | text:record:מציין | text:record:נרשמה | text:record:אין פירוט | text:dash:–
3e087faf-1fd9-4dd0-8f61-cb4031836849,Cosmetics Institute of Ronit Segev,גבעת שמואל,live,no,no,yes,normal,text_rules,2026-09-26.1,rewrite,text:missing_info:במקורות | text:missing_info:שסופק | text:missing_info:לא צוינו | text:missing_info:לא פורסמו | text:missing_info:אין פירוט | text:record:הרשומה | text:record:מציינת | text:record:נרשמו | text:record:מופיע | text:record:אין פירוט | text:address:St | text:latin:Uzi'el | text:latin:St | text:latin:Giv'at | text:latin:Shmuel | text:latin:bookingOnline | text:spelling:המצויין | text:spelling:מצויין
e7f4f6f5-896d-43dc-8ec8-6f800b29887c,Cosmetology Tel-Aviv קוסמטיקאית תל אביב,תל אביב–יפו,live,no,no,yes,normal,text_rules,2026-09-26.1,rewrite,text:missing_info:במקורות | text:missing_info:שסופק | text:missing_info:לא צוינו | text:missing_info:לא פורסם | text:missing_info:לא נמסר | text:record:הרשומה | text:record:המצוינות | text:record:מציינת | text:record:שנרשמו | text:record:מופיעים | text:record:שמתואר | text:address:St | text:latin:Harav | text:latin:Reines | text:latin:St | text:latin:Tel | text:latin:Aviv-Yafo | text:dash:–
04dec9ce-d39f-4baa-835c-d130a34ace71,DANDA דנדה,רמת גן,live,no,no,yes,normal,text_rules,2026-09-26.1,rewrite,text:missing_info:במקורות | text:missing_info:שסופק | text:missing_info:אין פירוט | text:record:ברשומות | text:record:מצוינים | text:record:מציין | text:record:נרשמה | text:record:שמופיע | text:record:המתואר | text:record:אין פירוט | text:record:לא מפורטים | text:spelling:מצויין
55c8d098-e68e-4f3a-92c2-42e98dd81d91,Deborah Cosmetics,רמת גן,live,no,no,yes,rich,text_rules,2026-09-26.1,rewrite,text:missing_info:במקורות | text:missing_info:לא צוינו | text:missing_info:לא פורסמו | text:missing_info:לא פורסם | text:record:המצוינת | text:record:מופיע
54ee89bb-3240-4ccd-bf88-bdcdb2dd189e,Doctor Ram Silfen - Tel Aviv Plastic,תל אביב–יפו,live,no,no,yes,normal,text_rules,2026-09-26.1,rewrite,text:missing_info:במקורות | text:missing_info:שסופק | text:missing_info:לא פורסמו | text:missing_info:לא פורסם | text:missing_info:המידע הזמין | text:record:ברשומות | text:record:שמצוינים | text:record:מציינות | text:record:מופיעים | text:address:St | text:latin:HaBarzel | text:latin:St | text:spelling:מצויין
a47c066a-3ce3-414b-af68-7b6df17c2218,"Dr Meir Cohen, ד""ר מאיר כהן מנתח פלסטי",רמת גן,live,no,no,yes,sparse,text_rules,2026-09-26.1,rewrite,text:missing_info:במקורות | text:missing_info:לא צוינו | text:missing_info:לא פורסמו | text:missing_info:לא פורסם | text:missing_info:המידע הזמין | text:missing_info:בפרופיל העסק | text:record:הרשומה | text:record:המצוינים | text:record:מציין | text:record:מופיעה | text:address:St | text:latin:Jabotinsky | text:latin:St | text:latin:Ramat | text:latin:Gan | text:spelling:המצויין | text:spelling:מצויין
2b9aa1e9-5f31-49dc-9ad3-28a450c51ebf,Dr. Eini - Ramat Gan Clinic,רמת גן,live,no,no,yes,rich,text_rules,2026-09-26.1,rewrite,text:missing_info:במקורות | text:missing_info:לא פורסמו | text:missing_info:לא פורסם | text:missing_info:אין פירוט | text:missing_info:לא זמין | text:missing_info:המידע הזמין | text:record:הרשומות | text:record:מצוין | text:record:מציינות | text:record:שנרשם | text:record:ומופיעים | text:record:המתואר | text:record:אין פירוט | text:latin:bookingOnline | text:spelling:מצויין | text:spelling:ווטסאפ
73b348b3-79f0-49e4-9a0f-69019ab3b7f2,Dr. Mor-expert Aesthetic Plastic Lcirogih,תל אביב–יפו,live,no,no,yes,normal,text_rules,2026-09-26.1,rewrite,text:missing_info:במקורות | text:missing_info:שסופק | text:missing_info:לא צוינו | text:missing_info:לא צוין | text:missing_info:לא זמין | text:record:מצוין | text:record:מציין | text:record:נרשם | text:record:מופיעים | text:address:St | text:latin:Brodetsky | text:latin:St | text:latin:bookingOnline | text:spelling:ווטסאפ
a0f49337-6233-424f-a268-5c0450c7f411,Dr. Tali Friedman - International Center for Body Shaping,תל אביב–יפו,live,no,no,yes,normal,text_rules,2026-09-26.1,rewrite,text:missing_info:במקורות | text:missing_info:לא צוינו | text:missing_info:לא פורסמו | text:missing_info:לא פורסם | text:missing_info:אין מידע | text:missing_info:אין פירוט | text:record:ברשומות | text:record:ומצוין | text:record:מציין | text:record:נרשמה | text:record:מופיעה | text:record:ואין פירוט
6611c0e4-07de-4fd4-9942-698577a5bcc5,Dr. Yosef Ben Yosef,גבעת שמואל,live,no,no,yes,normal,text_rules,2026-09-26.1,rewrite,text:missing_info:במקורות | text:missing_info:לא פורסמו | text:missing_info:לא פורסם | text:missing_info:אין פירוט | text:missing_info:המידע הזמין | text:record:מצוין | text:record:מציין | text:record:שמופיע | text:record:אין פירוט
409bfe62-4056-4144-804a-aa1821b63992,Dreamboat,תל אביב–יפו,live,no,no,yes,rich,text_rules,2026-09-26.1,rewrite,text:missing_info:במקורות | text:missing_info:ללא פירוט | text:record:ברשומה | text:record:מצוין | text:record:מציין | text:record:מופיעה | text:record:מתואר
7e9708d2-4d30-49f7-9ecc-739a226463be,Eran Yaniv Katsav,תל אביב–יפו,live,no,no,yes,normal,text_rules,2026-09-26.1,rewrite,text:missing_info:במקורות | text:missing_info:לא צוינו | text:missing_info:לא פורסמו | text:missing_info:לא פורסם | text:missing_info:אין מידע | text:missing_info:ללא פירוט | text:record:ברשומה | text:record:מצוין | text:record:נרשם | text:record:מופיע | text:address:St | text:latin:Shlomo | text:latin:Ibn | text:latin:Gabirol | text:latin:St | text:latin:Tel | text:latin:Aviv-Yafo | text:dash:—
325eefa4-9a5e-4b94-ac44-43a7ef3ab21e,Express Spray Tan in Tel Aviv and Lash Extensions שיזוף בהתזה בתל אביב,תל אביב–יפו,live,no,no,yes,normal,text_rules,2026-09-26.1,rewrite,text:missing_info:במקורות | text:missing_info:לא פורסמו | text:missing_info:לא פורסם | text:record:המצוינת | text:record:מציינים | text:record:שמופיע | text:record:מתואר | text:address:St | text:latin:Dizengoff | text:latin:St | text:spelling:מצויין
e41cb1e0-4dba-4c0a-9ae9-62d4b07e7cfd,Gorgeous,תל אביב–יפו,live,no,no,yes,normal,text_rules,2026-09-26.1,rewrite,text:missing_info:במקורות | text:missing_info:לא צוינו | text:missing_info:לא פורסמו | text:missing_info:לא פורסם | text:record:שמצוין | text:record:שנרשם | text:record:שמופיע | text:record:שמתואר | text:latin:inmode | text:latin:IPL | text:spelling:מצויין
b4da1f26-c7b3-444b-a71c-ee0f6f082877,H.Clinic | לייזר ואסתטיקה,תל אביב–יפו,live,no,no,yes,rich,text_rules,2026-09-26.1,rewrite,text:missing_info:במקורות | text:missing_info:לא פורסמו | text:missing_info:לא פורסם | text:missing_info:אין מידע | text:missing_info:המידע הזמין | text:record:מצוין | text:record:מציינת | text:record:מופיעים | text:latin:HaNechoshet
800087b3-e648-4bb1-9f81-439a1022feda,Happy Hour TLV,תל אביב–יפו,live,no,no,yes,normal,text_rules,2026-09-26.1,rewrite,text:missing_info:במקורות | text:missing_info:לא צוינו | text:missing_info:לא פורסמו | text:missing_info:לא פורסם | text:missing_info:בכרטיס העסק | text:record:המצוינות | text:record:מציינות | text:record:שנרשמו | text:record:שמופיעה
e4e613ba-3131-4b3c-b1df-7dcbdd6465c9,Happy hour דיזנגוף,תל אביב–יפו,live,no,no,yes,normal,text_rules,2026-09-26.1,rewrite,text:missing_info:במקורות | text:missing_info:לא צוינו | text:missing_info:לא פורסמו | text:missing_info:לא פורסם | text:missing_info:תיאור זה | text:missing_info:ללא פירוט | text:missing_info:בפרופיל העסק | text:missing_info:בתיאור זה | text:record:ברשומות | text:record:שמצוינים | text:record:מציינים | text:record:שמופיע | text:dash:–
960f825a-daf1-4751-833f-e798cc293459,Horizon Spa,תל אביב–יפו,live,no,no,yes,normal,text_rules,2026-09-26.1,rewrite,text:missing_info:במקורות | text:missing_info:לא פורסמו | text:missing_info:על פי הנתונים | text:record:מצוינים | text:record:מציינות | text:record:מופיעים | text:record:מתואר | text:address:St | text:latin:HaYarkon | text:latin:St
90c397d2-b22b-47e1-81db-bc814a5ec773,Ida eyebrows and Hair Removal,תל אביב–יפו,live,no,no,yes,normal,text_rules,2026-09-26.1,rewrite,text:missing_info:במקורות | text:missing_info:לא צוין | text:missing_info:לא פורסמו | text:missing_info:לא פורסם | text:missing_info:אין פירוט | text:missing_info:המידע הזמין | text:record:רשומה | text:record:מצוין | text:record:מציינים | text:record:נרשמה | text:record:ומופיעים | text:record:שאין פירוט
2a8ef746-7ca8-4823-a72f-f9341fa5a7cd,Jordan beauty,תל אביב–יפו,live,no,no,yes,normal,text_rules,2026-09-26.1,rewrite,text:missing_info:במקורות | text:missing_info:שסופק | text:missing_info:לא פורסמו | text:missing_info:לא פורסם | text:missing_info:ללא פירוט | text:missing_info:בפרופיל העסק | text:record:שמצוינות | text:record:מציין | text:record:מופיעות | text:record:מתוארים | text:latin:AirTouch | text:latin:balayage | text:latin:Matis | text:latin:Paris | text:dash:—
e6d2762c-590a-4790-a561-f10f3a3fce4f,KEDEM SPA HOUSE קדם ספא וחמאם ביפו Spa in Jaffa,תל אביב–יפו,live,no,no,yes,normal,text_rules,2026-09-26.1,rewrite,text:missing_info:במקורות | text:missing_info:לא פורסמו | text:missing_info:לא פורסם | text:record:מציין | text:record:מופיעים | text:address:Kikar | text:latin:Kikar | text:latin:Kedumim | text:latin:st | text:latin:Tel | text:latin:Aviv-Yafo | text:latin:THE | text:latin:YACHT | text:latin:NORDOY | text:latin:PALATIN | text:latin:Wellness | text:dash:–
0ebe5101-7451-4419-a0d6-41cb7b7dae84,L'Occitane ל'אוקסיטן ספא עזריאלי שרונה,תל אביב–יפו,live,no,no,yes,sparse,text_rules,2026-09-26.1,rewrite,text:missing_info:במקורות | text:missing_info:שסופק | text:missing_info:לא פורסמו | text:missing_info:לא פורסם | text:missing_info:לא נמצאו | text:missing_info:אין מידע | text:missing_info:בעמוד העסק | text:record:הרשומה | text:record:מצוין | text:record:מציינת | text:record:נרשמה | text:record:ומופיע | text:spelling:ווטסאפ
f072d910-7afa-4941-bb7b-b1ef51d0fc55,LONGEVI- by Liana Nahmias-skincare,בני ברק,live,no,no,yes,normal,text_rules,2026-09-26.1,rewrite,text:missing_info:במקורות | text:missing_info:שסופק | text:missing_info:לא פורסמו | text:missing_info:לא פורסם | text:missing_info:אין מידע | text:missing_info:המידע הזמין | text:record:שמצוין | text:record:מציינות | text:record:ונרשמו | text:record:מופיעה | text:address:Rd | text:latin:David | text:latin:Ben | text:latin:Gurion | text:latin:Rd | text:latin:Ramat | text:latin:Gan
7cbf57bc-682f-4799-adb8-f07fcd7faf8c,Lavic Beauty & Advanced Cosmetology,תל אביב–יפו,live,no,no,yes,rich,text_rules,2026-09-26.1,rewrite,text:missing_info:במקורות | text:missing_info:לא פורסם | text:missing_info:המידע הזמין | text:record:המצוינים | text:record:מציין | text:record:מופיעה | text:dash:–
a2e99842-8291-4be3-b41c-b65feb91c9e4,Leading aesthetic clinic - Dr. Shapiro,רמת גן,live,no,no,yes,rich,text_rules,2026-09-26.1,rewrite,text:missing_info:במקורות | text:missing_info:לא פורסמו | text:record:רשומה | text:record:מצוין | text:record:מציינת | text:record:שמופיעים | text:record:שמתואר | text:latin:COOLSENSE | text:spelling:המצויין | text:spelling:מצויין
b14d94eb-53eb-43ce-ae27-0e3b7c7ecdb4,Lilly Kai רמת אביב,תל אביב–יפו,live,no,no,yes,normal,text_rules,2026-09-26.1,rewrite,text:missing_info:במקורות | text:missing_info:שסופק | text:missing_info:לא פורסמו | text:missing_info:לא פורסם | text:missing_info:בעמוד העסק | text:record:מצוין | text:record:מציין | text:record:שמופיעה | text:record:מתוארים | text:latin:compound | text:latin:Dr | text:latin:George | text:latin:Wise
38ba7202-3c4f-4444-a4ee-48c19deb0937,Lily & Nina skin care and nail beauty salon,תל אביב–יפו,live,no,no,yes,normal,text_rules,2026-09-26.1,rewrite,text:missing_info:במקורות | text:missing_info:לא פורסמו | text:missing_info:לא פורסם | text:record:ברשומות | text:record:מצוין | text:record:מופיעה | text:record:מתוארת | text:address:St | text:latin:Dizengoff | text:latin:St | text:latin:Tel | text:latin:Aviv-Yafo | text:spelling:מצויין | text:spelling:ווטסאפ
8dff0752-72ef-4f8e-8b12-13fd11e2d96e,Love is in the Hair By Ram Solan,תל אביב–יפו,live,no,no,yes,rich,text_rules,2026-09-26.1,rewrite,text:missing_info:במקורות | text:missing_info:לא פורסמו | text:missing_info:לא פורסם | text:missing_info:לא נמסר | text:missing_info:בעמוד העסק | text:record:מציין | text:record:מופיעים | text:dash:–
33ac1e19-50b8-4836-8854-7c6ea5f0a763,Luck Nail Boutique,תל אביב–יפו,live,no,no,yes,sparse,text_rules,2026-09-26.1,rewrite,text:missing_info:במקורות | text:missing_info:לא פורסמו | text:missing_info:אין מידע | text:missing_info:הנתונים הזמינים | text:missing_info:המידע הזמין | text:record:רשומה | text:record:מצוין | text:record:מציין | text:record:נרשמו | text:record:ומופיע | text:spelling:מצויין
feac125f-51d1-472c-b7d2-89a6d79eefb1,Nails by the Sea TLV,תל אביב–יפו,live,no,no,yes,sparse,text_rules,2026-09-26.1,rewrite,text:missing_info:במקורות | text:missing_info:שסופק | text:missing_info:לא צוין | text:missing_info:לא פורסמו | text:missing_info:לא פורסם | text:missing_info:לא נמסר | text:record:הרשומה | text:record:המצוינות | text:record:מציין | text:record:נרשמה | text:record:מופיע | text:address:St | text:latin:Zrubavel | text:latin:St
05b89bca-a6d1-406e-946b-44228d4e71dd,Nailtov,תל אביב–יפו,live,no,no,yes,rich,text_rules,2026-09-26.1,rewrite,text:missing_info:במקורות | text:missing_info:לא צוינו | text:missing_info:לא פורסמו | text:missing_info:לא פורסם | text:missing_info:לא נמצאו | text:missing_info:בעמוד העסק | text:record:מהרשומות | text:record:המצוינת | text:record:מציינות | text:record:מופיעים | text:address:St | text:latin:Yegi'a | text:latin:Kapayim | text:latin:St | text:dash:–
fa33a3ec-6f06-4db0-928b-f4923a5fd985,Nelly Davidov,בני ברק,live,no,no,yes,rich,text_rules,2026-09-26.1,rewrite,text:missing_info:במקורות | text:missing_info:שסופק | text:missing_info:לא פורסם | text:missing_info:לפי הנתונים | text:record:הרשומה | text:record:מצוין | text:record:מציינים | text:record:שמופיעים | text:record:מתואר | text:spelling:ווטסאפ
1ba63936-05d0-4eb6-922e-17a870f09728,New York Barbershop TlV,תל אביב–יפו,live,no,no,yes,normal,text_rules,2026-09-26.1,rewrite,text:missing_info:במקורות | text:missing_info:שסופק | text:missing_info:לא צוינו | text:missing_info:לא פורסמו | text:missing_info:אין פירוט | text:missing_info:בעמוד העסק | text:record:מצוינת | text:record:מציין | text:record:מופיעים | text:record:אין פירוט | text:spelling:מצויין | text:spelling:ווטסאפ
e717d807-4295-49ae-a8db-b8d67868360e,OZ LEVI החלקות שיער,רמת גן,live,no,no,yes,normal,text_rules,2026-09-26.1,rewrite,text:missing_info:במקורות | text:missing_info:לא פורסם | text:record:רשומות | text:record:המצוינת | text:record:מופיע | text:record:שמתוארים | text:address:St | text:latin:Yehoshafat | text:latin:St | text:latin:Ramat | text:latin:Gan
5d770ba5-8f8f-4690-8c95-766b092f9cd8,One by Pini Cohen,רמת גן,live,no,no,yes,normal,text_rules,2026-09-26.1,rewrite,text:missing_info:במקורות | text:missing_info:שסופק | text:missing_info:לא צוינו | text:missing_info:לא פורסמו | text:missing_info:לא פורסם | text:record:ברשומות | text:record:המצוינות | text:record:מציינת | text:record:נרשמה | text:record:ומופיעה | text:spelling:ווטסאפ
c97ce44a-ce4d-412a-adeb-44258f3ca251,Or medical cosmetic treatments,תל אביב–יפו,live,no,no,yes,rich,text_rules,2026-09-26.1,rewrite,text:missing_info:במקורות | text:missing_info:לא פורסמו | text:missing_info:המידע הזמין | text:record:שמצוינות | text:record:מציינת | text:record:מופיעה
428f7a54-124c-4b2c-917a-1c0772906303,"PRPclinic - טיפולי PRP, IPRF ו-CGF לנשירת שיער ואסתטיקה רפואית",תל אביב–יפו,live,no,no,yes,rich,text_rules,2026-09-26.1,rewrite,text:missing_info:במקורות | text:missing_info:לא פורסם | text:record:מציין | text:record:מופיעים | text:address:St | text:latin:Brodetsky | text:latin:St | text:latin:Tel | text:latin:Aviv-Yafo | text:dash:– | text:emoji:✔
b84a5e6c-be4a-46da-a0a7-a7d6b20fe87b,Por La Vida,רמת גן,live,no,no,yes,normal,text_rules,2026-09-26.1,rewrite,text:missing_info:בחבילת | text:missing_info:במקורות | text:missing_info:לא צוינו | text:missing_info:לא פורסמו | text:missing_info:לא פורסם | text:missing_info:אין מידע | text:missing_info:לא נמסר | text:record:הרשומה | text:record:מצוין | text:record:נרשם | text:record:מופיע
f4498f47-9e11-4acc-8c1e-ec0263c29d39,Queens Clinic,בני ברק,live,no,no,yes,rich,text_rules,2026-09-26.1,rewrite,text:missing_info:במקורות | text:missing_info:לא צוינו | text:missing_info:לא פורסמו | text:missing_info:אין פירוט | text:record:המצוינות | text:record:מציינת | text:record:מופיעים | text:record:אין פירוט
0a3536e4-1b46-4988-82cb-e3eb38374c53,Renée Cosmetics,תל אביב–יפו,live,no,no,yes,normal,text_rules,2026-09-26.1,rewrite,text:missing_info:לא פורסמו | text:missing_info:לא פורסם | text:missing_info:עמוד העסק כולל | text:missing_info:אין פירוט | text:missing_info:בעמוד העסק | text:record:הרשומה | text:record:המצוינים | text:record:מציינת | text:record:שנרשמו | text:record:מופיע | text:record:מתואר | text:record:אין פירוט | text:record:לא מפורט | text:address:St | text:latin:Biopeptix | text:latin:Wissotsky | text:latin:St
22769a43-e52e-43a2-b880-a4953adfa60c,STIKA Beauty TLV,תל אביב–יפו,live,no,no,yes,normal,text_rules,2026-09-26.1,rewrite,text:missing_info:לא צוינו | text:missing_info:לא פורסמו | text:record:הרשומה | text:record:מצוין | text:record:מציינת | text:record:שמופיעים | text:spelling:מצויין
1983207e-fcbc-44a1-88d5-ed9821777dfa,Sharoomba Cosmetics שרומבה קוסמטיקה,תל אביב–יפו,live,no,no,yes,rich,text_rules,2026-09-26.1,rewrite,text:missing_info:במקורות | text:missing_info:לא צוינו | text:record:ברשומות | text:record:המצוינת | text:record:מופיעות | text:spelling:ווטסאפ
4a5ed346-8780-4f33-8320-e256deefa1bd,Shlomi Shem Tov Hairdresser,גבעתיים,live,no,no,yes,normal,text_rules,2026-09-26.1,rewrite,text:missing_info:במקורות | text:missing_info:לא צוינו | text:missing_info:לא פורסמו | text:missing_info:לא פורסם | text:record:רשומה | text:record:שמצוינים | text:record:מציינים | text:record:נרשם | text:record:ומופיע | text:record:מתוארים | text:latin:English
596ba9f5-fd64-4973-a164-a5c73ca72f1c,Shooshka,תל אביב–יפו,live,no,no,yes,normal,text_rules,2026-09-26.1,rewrite,text:missing_info:במקורות | text:missing_info:לא פורסמו | text:missing_info:אין פירוט | text:record:הרשומה | text:record:מציין | text:record:שנרשם | text:record:מופיע | text:record:מתואר | text:record:אין פירוט | text:spelling:ווטסאפ
9c5b8ef0-27c9-4930-a164-4f47352d6053,Shosh Medical Pedicure,תל אביב–יפו,live,no,no,yes,normal,text_rules,2026-09-26.1,rewrite,text:missing_info:במקורות | text:missing_info:לא פורסמו | text:missing_info:לא פורסם | text:record:מצוין | text:address:St | text:latin:Ha-Kalir | text:latin:St
16058a68-8bd4-4746-b087-cfacffe73519,Studio by Michael - Hair Salon רמת גן,רמת גן,live,no,no,yes,sparse,text_rules,2026-09-26.1,rewrite,text:missing_info:במקורות | text:missing_info:שסופק | text:missing_info:לא פורסם | text:missing_info:אין פירוט | text:missing_info:לא זמין | text:missing_info:המידע הזמין | text:record:ברשומה | text:record:מציין | text:record:נרשמו | text:record:מופיע | text:record:אין פירוט | text:latin:Cut | text:latin:Color | text:latin:Care | text:spelling:המצויין | text:spelling:מצויין
23aa6881-bebf-4804-982d-727428129ef1,TALETSKY ROOM TLV,תל אביב–יפו,live,no,no,yes,normal,text_rules,2026-09-26.1,rewrite,text:missing_info:במקורות | text:missing_info:לא צוין | text:missing_info:לא פורסמו | text:missing_info:לא פורסם | text:missing_info:אין פירוט | text:record:ברשומות | text:record:ומציינת | text:record:מופיעים | text:record:ואין פירוט | text:latin:Quanta | text:latin:System | text:latin:Erbium
64b5961c-3884-407b-8737-9b72f855f632,The Beauty Lounge,תל אביב–יפו,live,no,no,yes,rich,text_rules,2026-09-26.1,rewrite,text:missing_info:במקורות | text:missing_info:לא פורסם | text:missing_info:המידע הזמין | text:record:מצוין | text:record:מציין | text:record:שנרשם | text:record:מופיע | text:record:המתוארות | text:address:St | text:latin:Aba | text:latin:Akhime'ir | text:latin:St
315529a9-a10b-410b-8791-83c50658470f,ViVi TELAViVi NAiLS ויוי תלאביבי ניילס,תל אביב–יפו,live,no,no,yes,sparse,text_rules,2026-09-26.1,rewrite,text:missing_info:במקורות | text:missing_info:לא צוינו | text:missing_info:לא פורסמו | text:missing_info:לא פורסם | text:missing_info:על פי הנתונים | text:missing_info:בעמוד העסק | text:record:הרשומה | text:record:מצוין | text:record:שמציינים | text:record:נרשם | text:record:שמופיע | text:record:המתוארת | text:address:St | text:latin:Dizengoff | text:latin:St | text:latin:Tel | text:latin:Aviv-Yafo | text:latin:Russian | text:latin:Manicure | text:spelling:מצויין
b471583e-01ec-4a83-82f2-82912addd521,Winkler Clinic - Prof. Eyal Winkler,תל אביב–יפו,live,no,no,yes,rich,text_rules,2026-09-26.1,rewrite,text:missing_info:במקורות | text:missing_info:לא צוינו | text:missing_info:לא פורסם | text:record:ברשומות | text:record:המצוינים | text:record:נרשמה | text:record:מופיעים | text:record:מתוארת
dacc8de0-1f8e-4477-87a2-0a4963319ac2,Yullia,תל אביב–יפו,live,no,no,yes,rich,text_rules,2026-09-26.1,rewrite,text:missing_info:במקורות | text:missing_info:לא פורסמו | text:missing_info:לא פורסם | text:missing_info:אין מידע | text:missing_info:תיאור זה | text:missing_info:לא נמסר | text:missing_info:המידע הזמין | text:missing_info:בתיאור זה | text:record:מצוינת | text:record:ומציינת | text:record:שמופיעות | text:spelling:ווטסאפ
2bfb8414-092f-460d-86f5-6e60f0a007ba,ZOI Med Aesthetics - מרפאת זוי,תל אביב–יפו,live,no,no,yes,rich,text_rules,2026-09-26.1,rewrite,text:missing_info:במקורות | text:missing_info:לא פורסמו | text:missing_info:לא פורסם | text:record:המצוינים | text:record:מציינת | text:record:מופיעים | text:dash:– | text:spelling:המצויין | text:spelling:מצויין
e82c7cf7-1eca-4b89-ac42-4846b53f53c8,be studio תל-אביב - בי סטודיו,תל אביב–יפו,live,no,no,yes,sparse,text_rules,2026-09-26.1,rewrite,text:missing_info:במקורות | text:missing_info:שסופק | text:missing_info:לא צוינו | text:missing_info:לא צוין | text:missing_info:לא פורסמו | text:missing_info:אין פירוט | text:missing_info:המידע הזמין | text:record:מצוין | text:record:מציין | text:record:נרשמו | text:record:שמופיע | text:record:מתוארים | text:record:אין פירוט | text:address:Rd | text:latin:Menakhem | text:latin:Begin | text:latin:Rd
fbb4d1ed-8c4f-4d5e-a866-a86104204fa4,couture hair barbershop NYC New York,תל אביב–יפו,live,no,no,yes,normal,text_rules,2026-09-26.1,rewrite,text:missing_info:במקורות | text:missing_info:לא פורסמו | text:missing_info:לא פורסם | text:record:שמציין | text:record:מופיעים | text:spelling:מצויין
9d70917d-d54a-45f9-b71f-1531509ecf2b,emi lee beauty salon – Nail & Beauty Tel Aviv,תל אביב–יפו,live,no,no,yes,normal,text_rules,2026-09-26.1,rewrite,text:missing_info:במקורות | text:missing_info:לא צוינו | text:missing_info:לא צוין | text:missing_info:לא פורסם | text:missing_info:לא נמצאו | text:record:ברשומות | text:record:מציין | text:record:שנרשמה | text:record:ומופיע | text:dash:–
b31e7964-7cb9-420e-86ad-9b8a746d6975,myclinic Lillienblum,תל אביב–יפו,live,no,no,yes,rich,text_rules,2026-09-26.1,rewrite,text:missing_info:במקורות | text:missing_info:לא פורסמו | text:missing_info:לא פורסם | text:record:ברשומות | text:record:מצוין | text:record:מציינת | text:record:מופיע | text:latin:boosters | text:latin:Lumecca | text:latin:PRF | text:latin:Samuel | text:latin:Levy | text:dash:–
976d943f-892f-4dc3-a180-0a45663580f5,yullia King George,תל אביב–יפו,live,no,no,yes,rich,text_rules,2026-09-26.1,rewrite,text:missing_info:במקורות | text:missing_info:לא פורסמו | text:missing_info:לא פורסם | text:record:ברשומות | text:record:מצוין | text:record:מציין | text:record:נרשמות | text:record:שמופיעה | text:spelling:ווטסאפ
ab1d8481-8948-4cac-8955-7bd1c4e630f1,yullia Tzahala - מומחים בהסרת שיער בלייזר | הזרקות | טיפול פנים | מניקור | פדיקור רפואי,תל אביב–יפו,live,no,no,yes,rich,text_rules,2026-09-26.1,rewrite,text:missing_info:במקורות | text:missing_info:לא פורסמו | text:missing_info:לא פורסם | text:missing_info:בכרטיס העסק | text:record:המצוינת | text:record:מציינים | text:record:נרשם | text:record:מופיע | text:spelling:מצויין
38f43de7-2cc4-47ed-8683-9f8031c3eb42,yullia Yirmeyahu,תל אביב–יפו,live,no,no,yes,rich,text_rules,2026-09-26.1,rewrite,text:missing_info:במקורות | text:missing_info:שסופק | text:missing_info:לא פורסמו | text:missing_info:לא פורסם | text:missing_info:לא זמין | text:missing_info:המידע הזמין | text:record:ברשומות | text:record:מצוין | text:record:מופיעים | text:latin:bookingOnline
142e0ef4-d3fe-47ab-803c-a44e2e6e6825,Éclat beauty space,תל אביב–יפו,live,no,no,yes,normal,text_rules,2026-09-26.1,rewrite,text:missing_info:במקורות | text:missing_info:לא פורסמו | text:missing_info:לא פורסם | text:missing_info:לא נמסר | text:record:מצוינים | text:record:שמופיע | text:address:St | text:latin:Frishman | text:latin:St
c3968672-6116-457f-b3da-24f7aacf2dbb,ĀTO,תל אביב–יפו,live,no,no,yes,normal,text_rules,2026-09-26.1,rewrite,text:missing_info:במקורות | text:missing_info:לא פורסמו | text:missing_info:אין פירוט | text:missing_info:המידע הזמין | text:missing_info:בעמוד העסק | text:missing_info:בפרופיל העסק | text:record:מציין | text:record:שנרשם | text:record:שמופיע | text:record:אין פירוט | text:record:לא מפורט | text:address:St | text:latin:Ashtori | text:latin:HaFarhi | text:latin:St | text:latin:Tel | text:latin:Aviv-Yafo
ecaaa21f-6402-480b-94a6-f54aeb71b095,אי-קו סלון - Ei-Co Salon,תל אביב–יפו,live,no,no,yes,sparse,text_rules,2026-09-26.1,rewrite,text:missing_info:במקורות | text:missing_info:לא צוינו | text:missing_info:לא פורסמו | text:missing_info:לא פורסם | text:missing_info:אין מידע | text:missing_info:אין פירוט | text:record:ברשומה | text:record:שמצוין | text:record:מופיעים | text:record:אין פירוט | text:address:St | text:latin:Yirmeyahu | text:latin:St | text:latin:Tel | text:latin:Aviv-Yafo
39725c0f-27d3-43e2-b215-b440c24530bc,איילת גייר השתלות שיער בישראל וטיפולים מתקדמים,תל אביב–יפו,live,no,no,yes,rich,text_rules,2026-09-26.1,rewrite,text:missing_info:במקורות | text:missing_info:שסופק | text:missing_info:לא צוינו | text:missing_info:לא פורסמו | text:record:שמצוינים | text:record:מציינת | text:record:מופיעים | text:address:St | text:latin:HaBarzel | text:latin:St | text:latin:Tel | text:latin:Aviv-Yafo
7a042352-928d-45bb-83d9-6d4421779406,אירית גולן קוסמטיקאית -טיפולי פנים והסרת שיער בלייזר,תל אביב–יפו,live,no,no,yes,normal,text_rules,2026-09-26.1,rewrite,text:missing_info:במקורות | text:missing_info:שסופק | text:missing_info:לא פורסמו | text:missing_info:לא פורסם | text:missing_info:על פי הנתונים | text:missing_info:בעמוד העסק | text:record:מצוין | text:record:מציין | text:record:מופיע | text:record:לא מפורטים | text:address:St | text:latin:Aharon | text:latin:Becker | text:latin:St
b8d35e6b-4975-4351-8cdc-efb35b189595,אמריקן לייזר- תל אביב,תל אביב–יפו,live,no,no,yes,normal,text_rules,2026-09-26.1,rewrite,text:missing_info:במקורות | text:missing_info:שסופק | text:missing_info:אין מידע | text:missing_info:לא נמסר | text:missing_info:לפי הנתונים | text:missing_info:המידע הזמין | text:record:ברשומות | text:record:מצוין | text:record:מציין | text:record:נרשמה | text:record:ומופיע | text:address:St | text:latin:Dizengoff | text:latin:St | text:spelling:ווטסאפ
10e7985d-1462-400f-bff7-4503254b418e,אנדר פלאנט Another planet,תל אביב–יפו,live,no,no,yes,normal,text_rules,2026-09-26.1,rewrite,text:missing_info:במקורות | text:missing_info:לא צוינו | text:missing_info:לא פורסם | text:record:ברשומות | text:record:המצוינת | text:record:מציינות | text:record:שנרשם | text:record:מופיעים | text:record:ומתואר
4c6fbe8b-f945-4e62-8586-8c94d711366f,אנזו מד Anzo Med,תל אביב–יפו,live,no,no,yes,rich,text_rules,2026-09-26.1,rewrite,text:missing_info:במקורות | text:missing_info:לא פורסם | text:record:מציין | text:record:מופיעים | text:address:St | text:latin:HaSharon | text:latin:St | text:latin:Tel | text:latin:Aviv-Yafo | text:latin:RF | text:dash:–
2d77cda8-c9e8-4e41-b039-51c7d0edc141,אריאל מספרה נווה אביבים רמת אביב,תל אביב–יפו,live,no,no,yes,normal,text_rules,2026-09-26.1,rewrite,text:missing_info:במקורות | text:missing_info:אין מידע | text:missing_info:בפרופיל העסק | text:record:ומצוין | text:record:מציין | text:record:שנרשם | text:record:שמופיעים | text:latin:L'OREAL | text:latin:KEUNE | text:latin:Schwarzkopf | text:latin:WELLA | text:dash:– | text:spelling:מצויין
9bc84eac-f163-4082-93f7-e8e35dd67a5c,אריאלה ביוטי,בני ברק,live,no,no,yes,rich,text_rules,2026-09-26.1,rewrite,text:missing_info:במקורות | text:missing_info:לא צוינו | text:missing_info:לא פורסמו | text:missing_info:המידע הזמין | text:record:מצוין | text:record:מציין | text:record:מופיע | text:latin:ACTIVE | text:latin:COSMETICS | text:spelling:מצויין | text:spelling:ווטסאפ
e0e7c443-ee21-4be5-8bb3-2568adf37232,אתר דוקטור חן,תל אביב–יפו,live,no,no,yes,rich,text_rules,2026-09-26.1,rewrite,text:missing_info:במקורות | text:missing_info:לא פורסם | text:missing_info:לא נמסר | text:missing_info:בפרופיל העסק | text:record:הרשומות | text:record:המצוינות | text:record:מציינות | text:record:מופיע | text:address:St | text:latin:HaBarzel | text:latin:St
4d1dad4a-6df4-4298-848f-1f166188681f,בוטיק הקוסמטיקה של מרינה,גבעתיים,live,no,no,yes,rich,text_rules,2026-09-26.1,rewrite,text:missing_info:במקורות | text:missing_info:שסופק | text:missing_info:לא פורסמו | text:missing_info:לא פורסם | text:missing_info:אין פירוט | text:record:מצוין | text:record:מציין | text:record:נרשמה | text:record:אין פירוט
86dcf669-765a-4931-8ad5-ae4a67f86c38,ביוטי פייס מכון הסרת שיער,תל אביב–יפו,live,no,no,yes,sparse,text_rules,2026-09-26.1,rewrite,text:missing_info:במקורות | text:missing_info:שסופק | text:missing_info:לא פורסמו | text:missing_info:לא פורסם | text:record:מצוין | text:record:נרשמה | text:record:ומופיע | text:address:St | text:latin:Yehuda | text:latin:Margoza | text:latin:St | text:spelling:המצויין | text:spelling:מצויין
a57a1329-5ad6-4d1f-9e1e-9b61c67e490b,ביוטי שופ,בני ברק,live,no,no,yes,normal,text_rules,2026-09-26.1,rewrite,text:missing_info:במקורות | text:missing_info:לא פורסם | text:missing_info:אין פירוט | text:missing_info:בעמוד העסק | text:record:ברשומות | text:record:מצוינת | text:record:מציינות | text:record:מופיע | text:record:אין פירוט | text:address:Street | text:latin:Rashi | text:latin:Street | text:latin:Menakhem | text:latin:Yitskhak | text:latin:St | text:latin:Soprano | text:spelling:ווטסאפ
aaed9ee8-abef-4d3e-a74e-ce9c8611e658,בית ספר לעיצוב שיער - מוטיה רובין - MOTIE RUBIN,גבעתיים,live,no,no,yes,rich,text_rules,2026-09-26.1,rewrite,text:missing_info:במקורות | text:missing_info:לא צוינו | text:missing_info:לא פורסמו | text:missing_info:המידע הזמין | text:record:שמצוינים | text:record:מציין | text:record:שנרשמים | text:record:מופיעים
86ec4f42-11cd-4b56-832c-00f97f05ebf0,בני ואתי אמינוב,קריית אונו,live,no,no,yes,normal,text_rules,2026-09-26.1,rewrite,text:missing_info:במקורות | text:missing_info:לא צוינו | text:record:ברשומה | text:record:המצוינים | text:record:מציין | text:record:שמופיע | text:record:אינה מפרטת | text:latin:Beny&Eti
48804575-e784-45c7-a79d-6c087329fe49,גיל דורמן - המרכז לטיפולי פיגמנטציה,תל אביב–יפו,live,no,no,yes,rich,text_rules,2026-09-26.1,rewrite,text:missing_info:במקורות | text:missing_info:לא פורסמו | text:missing_info:לא פורסם | text:missing_info:אין פירוט | text:missing_info:ללא פירוט | text:record:ברשומות | text:record:שמצוין | text:record:מציינות | text:record:מופיע | text:record:אין פירוט | text:dash:—
4428b1e8-f24f-4c2c-8c14-29955de3046c,גלית איטליה מותג פאות ובית ספר,בני ברק,live,no,no,yes,normal,text_rules,2026-09-26.1,rewrite,text:missing_info:במקורות | text:missing_info:במידע שנבדק | text:missing_info:לא פורסמו | text:missing_info:לא פורסם | text:missing_info:לא נמסר | text:record:ברשומות | text:record:מצוינות | text:record:מציינת | text:record:נרשמה | text:record:שמופיע | text:record:שמתואר
6c599493-1abb-4bb8-bb35-4738572296ca,"ד""ר אבנר בן שושן",תל אביב–יפו,live,no,no,yes,sparse,text_rules,2026-09-26.1,rewrite,text:missing_info:במקורות | text:missing_info:לא פורסמו | text:missing_info:לא פורסם | text:missing_info:לא נמסר | text:missing_info:לפי הנתונים | text:missing_info:בפרופיל העסק | text:record:ברשומה | text:record:מצוין | text:record:מציינת | text:record:נרשמה | text:record:מופיע
45e6545d-12da-4e23-a764-0ea9214e6744,"ד""ר אהרן עמיר -מומחה בינלאומי לכירורגיה פלסטית, אסתטית ומשחזרת",תל אביב–יפו,live,no,no,yes,sparse,text_rules,2026-09-26.1,rewrite,text:missing_info:במקורות | text:missing_info:שסופק | text:missing_info:לא צוינו | text:missing_info:לא פורסמו | text:missing_info:לא פורסם | text:record:ברשומה | text:record:המצוינת | text:record:מציינת | text:record:נרשמו | text:record:מופיע | text:latin:We
53c9fbe6-c038-45f0-a742-9c4aa40f82f6,"ד""ר אור פרידמן מומחה לכירורגיה פלסטית משחזרת ואסתטית",תל אביב–יפו,live,no,no,yes,rich,text_rules,2026-09-26.1,rewrite,text:missing_info:במקורות | text:missing_info:לא צוינו | text:missing_info:לא פורסם | text:missing_info:המידע הזמין | text:record:המצוינים | text:record:מציינת | text:record:נרשם | text:record:מופיעות | text:latin:Crisalix | text:spelling:המצויין | text:spelling:מצויין
7cdcfeb1-e294-4fd3-8c35-6af5e10b5669,"ד""ר אורי שבשין- מנתח פלסטי",תל אביב–יפו,live,no,no,yes,normal,text_rules,2026-09-26.1,rewrite,text:missing_info:במקורות | text:missing_info:לא פורסמו | text:missing_info:אין פירוט | text:missing_info:המידע הזמין | text:missing_info:בפרופיל העסק | text:record:המצוינים | text:record:מציין | text:record:נרשמו | text:record:שמופיעה | text:record:אין פירוט
89213fc9-41cb-45ef-8025-37c7f5d2506a,"ד""ר אידלמן יצחק רופא שיניים",תל אביב–יפו,live,no,no,yes,rich,text_rules,2026-09-26.1,rewrite,text:missing_info:במקורות | text:missing_info:שסופק | text:missing_info:לא פורסמו | text:record:ברשומות | text:record:מצוינת | text:record:מציין | text:record:מופיע
23ca4a86-1c20-4b51-a8b6-30a5c76f4a95,"ד""ר אכי פרידמן",תל אביב–יפו,live,no,no,yes,rich,text_rules,2026-09-26.1,rewrite,text:missing_info:במקורות | text:missing_info:לא פורסמו | text:missing_info:לא פורסם | text:missing_info:המידע הזמין | text:record:רשומה | text:record:מציין | text:record:מופיעים | text:dash:—
a6205955-18a0-4099-8f66-79ef26092e33,"ד""ר אלון לירן - מנתח פלסטי בכיר | מומחה בכירורגיה פלסטית, אסתטית ומשחזרת",תל אביב–יפו,live,no,no,yes,normal,text_rules,2026-09-26.1,rewrite,text:missing_info:במקורות | text:missing_info:שסופק | text:missing_info:לא פורסמו | text:missing_info:לא נמסר | text:missing_info:לפי הנתונים | text:missing_info:בעמוד העסק | text:record:ברשומות | text:record:המצוינות | text:record:נרשמה | text:record:מופיע
5583a955-dc96-4c3b-9d44-3a7500bf06ba,"ד""ר אלי כלב - רפואה אסתטית ללא ניתוח",תל אביב–יפו,live,no,no,yes,rich,text_rules,2026-09-26.1,rewrite,text:missing_info:במקורות | text:missing_info:שסופק | text:missing_info:לא פורסם | text:missing_info:המידע הזמין | text:record:המצוינים | text:record:ומופיעים
1a02e569-909f-430f-82f6-3a144f206baa,"ד""ר דורון אבניאלי, השתלות שיניים, טיפולי שיניים בהרדמה מלאה",תל אביב–יפו,live,no,no,yes,rich,text_rules,2026-09-26.1,rewrite,text:missing_info:במקורות | text:missing_info:לא פורסם | text:record:מצוין | text:record:מציין | text:record:נרשמו | text:record:מופיעות
733686c9-c4e1-4e6c-84a5-0ad0c95652f7,"ד""ר דנה בוכבוט - רפואת שיער ורפואה אסתטית",תל אביב–יפו,live,no,no,yes,normal,text_rules,2026-09-26.1,rewrite,text:missing_info:במקורות | text:missing_info:לא צוינו | text:missing_info:לא פורסמו | text:missing_info:בעמוד העסק | text:record:מצוין | text:record:מציין | text:record:נרשמה | text:record:מופיע | text:address:St | text:latin:HaBarzel | text:latin:St | text:latin:PRP | text:latin:iPRF | text:latin:CGF
73dcc4d5-53ab-492c-847c-0c9ebe462c3d,"ד""ר דרור בן-שלמה רופא שיניים וטיפולים אסתטיים בתל אביב",תל אביב–יפו,live,no,no,yes,rich,text_rules,2026-09-26.1,rewrite,text:missing_info:במקורות | text:missing_info:לא צוינו | text:missing_info:לא פורסמו | text:record:רשומה | text:record:שמצוינים | text:record:מציינת | text:record:מופיע | text:address:St | text:latin:Malkhi | text:latin:Yisrael | text:latin:St
92c6dd2a-714d-4328-8de6-46744895b9b9,"ד""ר זיידמן אלון יישור שיניים נסתר",תל אביב–יפו,live,no,no,yes,rich,text_rules,2026-09-26.1,rewrite,text:missing_info:במקורות | text:missing_info:לא צוינו | text:missing_info:לא פורסמו | text:missing_info:לא פורסם | text:missing_info:המידע הזמין | text:record:ברשומות | text:record:המצוינות | text:record:נרשמו | text:record:מופיעים | text:dash:– | text:spelling:מצויין
459b4ea6-3f45-44f9-940a-ba6cef88b204,"ד""ר יאיר יוסף",תל אביב–יפו,live,no,no,yes,rich,text_rules,2026-09-26.1,rewrite,text:missing_info:במקורות | text:missing_info:שסופק | text:missing_info:לא פורסמו | text:missing_info:לא פורסם | text:record:ברשומות | text:record:המצוינת | text:record:מציינים | text:record:מופיעים | text:address:Rd | text:latin:Menakhem | text:latin:Begin | text:latin:Rd
26523da2-0961-4a0e-99f4-fc9a05babf96,"ד""ר יונתן ווגמן",תל אביב–יפו,live,no,no,yes,normal,text_rules,2026-09-26.1,rewrite,text:missing_info:לא פורסמו | text:record:ברשומות | text:record:המצוינות | text:record:מציינת | text:record:נרשמו | text:record:ומופיעה | text:address:St | text:latin:Kehilat | text:latin:Saloniki | text:latin:St
b88742b2-8f26-47aa-8d62-b36a6d1967e5,"ד""ר כריס השתלת שיער CHOIEXPERT",תל אביב–יפו,live,no,no,yes,rich,text_rules,2026-09-26.1,rewrite,text:missing_info:במקורות | text:missing_info:שסופק | text:missing_info:לא צוינו | text:missing_info:לא פורסמו | text:missing_info:לא פורסם | text:missing_info:לא ידוע | text:missing_info:המידע הזמין | text:record:ברשומות | text:record:מצוין | text:record:מציינת | text:record:מופיעות
396b0f47-4c94-4e45-be30-8b32c5299ccb,"ד""ר ללוש - מדע מוכח ליופי שלך",רמת גן,live,no,no,yes,rich,text_rules,2026-09-26.1,rewrite,text:missing_info:במקורות | text:missing_info:לא פורסם | text:record:מציין | text:record:מופיעים | text:address:St | text:latin:Tfutsot | text:latin:Yisra'el | text:latin:St | text:latin:Giv'atayim | text:emoji:✨
1e8c108d-20ea-4043-bd39-5461c64f0c86,"ד""ר נועם חי | מנתח פלסטי בכיר בתל אביב",תל אביב–יפו,live,no,no,yes,rich,text_rules,2026-09-26.1,rewrite,text:missing_info:במקורות | text:missing_info:שסופק | text:missing_info:לא צוינו | text:missing_info:לא פורסמו | text:missing_info:לא פורסם | text:record:שמצוין | text:record:מציינת | text:record:מופיעות | text:latin:ISAPS | text:dash:— | text:spelling:המצויין | text:spelling:מצויין
fbd81ef3-7e3f-4513-ab19-a496a68e22fe,"ד""ר נמרוד פרידמן- ניתוחים פלסטיים וטיפולים אסתטיים",תל אביב–יפו,live,no,no,yes,sparse,text_rules,2026-09-26.1,rewrite,text:missing_info:במקורות | text:missing_info:במידע שנבדק | text:missing_info:לא פורסמו | text:missing_info:לא פורסם | text:missing_info:לא נמצאו | text:missing_info:המידע הזמין | text:missing_info:בפרופיל העסק | text:record:ברשומות | text:record:שמצוינים | text:record:מופיעה
8848c4aa-e0c4-43eb-b18a-ae99c2a356c4,"ד""ר עומר וולף - המרפאה הפרטית בע״מ",תל אביב–יפו,live,no,no,yes,normal,text_rules,2026-09-26.1,rewrite,text:missing_info:במקורות | text:missing_info:שסופק | text:missing_info:לא צוינו | text:missing_info:לא פורסמו | text:missing_info:לא פורסם | text:missing_info:אין פירוט | text:missing_info:המידע הזמין | text:record:מצוין | text:record:מציין | text:record:נרשמו | text:record:מופיע | text:record:אינם מפרטים | text:record:אין פירוט | text:address:St | text:latin:Anderson | text:latin:HaBarzel | text:latin:St | text:spelling:ווטסאפ
9de5fe8a-48df-47f1-9013-3c5653e3b84a,"ד""ר ערן חדד - מנתח פלסטי, מומחה לכירורגיה פלסטית - כירורג פלסטי",תל אביב–יפו,live,no,no,yes,rich,text_rules,2026-09-26.1,rewrite,text:missing_info:במקורות | text:missing_info:לא פורסם | text:missing_info:אין מידע | text:missing_info:המידע הזמין | text:record:המצוינת | text:record:מציין | text:record:מופיע
1078a5f6-3eea-4596-9f92-529340285f7f,"ד""ר צחי שלקוביץ' רופא עור",בני ברק,live,no,no,yes,rich,text_rules,2026-09-26.1,rewrite,text:missing_info:במקורות | text:missing_info:לא פורסמו | text:missing_info:המידע הזמין | text:missing_info:בעמוד זה | text:record:המצוינת | text:record:מופיעים | text:record:מתואר | text:latin:TOWER | text:dash:—
84b983eb-e26b-4cee-ac49-3db5cf30cf13,"ד""ר רון יהב - מרפאת אמייזינג סמייל, מרפאת שיניים בתל אביב",תל אביב–יפו,live,no,no,yes,rich,text_rules,2026-09-26.1,rewrite,text:missing_info:במקורות | text:missing_info:לא פורסמו | text:missing_info:לא פורסם | text:record:מופיעים | text:address:St | text:latin:Moshe | text:latin:Sharet | text:latin:St | text:latin:Tel | text:latin:Aviv-Yafo | text:dash:–
ce18701c-19d9-4b43-a72c-ec1d5a9b3002,"ד""ר תומר פרלוק",תל אביב–יפו,live,no,no,yes,sparse,text_rules,2026-09-26.1,rewrite,text:missing_info:במקורות | text:missing_info:לא צוינו | text:missing_info:לא פורסם | text:missing_info:לא נמסר | text:missing_info:אין פירוט | text:record:הרשומות | text:record:המצוינות | text:record:מציינות | text:record:שנרשם | text:record:שמופיע | text:record:אין פירוט | text:address:St | text:latin:Arazi | text:latin:St | text:spelling:המצויין | text:spelling:מצויין
cb305c0b-e3b0-4d57-84c6-557f5f3efce0,דוקטור אברי רווה - מנתח פלסטי בכיר I כירורג פלסטי,תל אביב–יפו,live,no,no,yes,normal,text_rules,2026-09-26.1,rewrite,text:missing_info:במקורות | text:missing_info:לא צוינו | text:missing_info:לא פורסמו | text:missing_info:בפרופיל העסק | text:record:ברשומת | text:record:מציינת | text:record:שנרשמה | text:record:מופיעה
b542c385-aad1-4b5d-94af-e485109d570f,דוקטור אילקר - מומחה עולמי להשתלות שיער,תל אביב–יפו,live,no,no,yes,normal,text_rules,2026-09-26.1,rewrite,text:missing_info:במקורות | text:missing_info:לא פורסמו | text:missing_info:לא פורסם | text:missing_info:לא נמצאו | text:missing_info:אין פירוט | text:missing_info:המידע הזמין | text:missing_info:בעמוד העסק | text:record:המצוינת | text:record:מציינות | text:record:מופיע | text:record:אינו מפרט | text:record:אין פירוט | text:spelling:מצויין
cfedd499-1a35-4c61-a48a-61925886df64,דיאנה - בית הספר לעיצוב שיער ומקצועות היופי,תל אביב–יפו,live,no,no,yes,rich,text_rules,2026-09-26.1,rewrite,text:missing_info:במקורות | text:missing_info:לא צוינו | text:missing_info:לא פורסמו | text:record:ברשומה | text:record:מצוין | text:record:ומופיע | text:address:St | text:latin:Dizengoff | text:latin:St | text:latin:Tel | text:latin:Aviv-Yafo
e7d42b0b-f6c3-4a29-a665-1be7b87c0432,דיוויס ואודי סלון ובית ספר לספרות,תל אביב–יפו,live,no,no,yes,normal,text_rules,2026-09-26.1,rewrite,text:missing_info:במקורות | text:missing_info:שסופק | text:missing_info:לא צוינו | text:missing_info:לא פורסם | text:missing_info:לפי הנתונים | text:missing_info:המידע הזמין | text:missing_info:בעמוד העסק | text:missing_info:בפרופיל העסק | text:record:ברשומות | text:record:המצוינות | text:record:מציין | text:record:נרשם | text:record:מופיעים
b0c1e25d-797e-4146-b2c2-175f5d144556,דיתי מסר | מאפרת,תל אביב–יפו,live,no,no,yes,normal,text_rules,2026-09-26.1,rewrite,text:missing_info:במקורות | text:missing_info:שסופק | text:missing_info:לא צוינו | text:missing_info:לא פורסמו | text:missing_info:בעמוד העסק | text:missing_info:בפרופיל העסק | text:record:שמצוינים | text:record:מופיעות
5c9a3fb2-101d-46fd-8f24-a1271f32a8b8,דר אלה אגוזי ריינמן- רופאה מומחית ברפואת עור ובטיפולי אסתטיקה רפואית,גבעתיים,live,no,no,yes,rich,text_rules,2026-09-26.1,rewrite,text:missing_info:במקורות | text:missing_info:שסופק | text:missing_info:לא פורסם | text:record:מצוין | text:record:מציין | text:record:נרשמים | text:record:מופיעים | text:address:St | text:latin:Jabotinsky | text:latin:St | text:latin:Ramat | text:latin:Gan
1752138a-ea22-40b5-a591-5e170fe17b37,דר' שי יצחק דובדבני - אף אוזן גרון ניתוחים רפואיים ופלסטיים אסתטיים,רמת גן,live,no,no,yes,rich,text_rules,2026-09-26.1,rewrite,text:missing_info:במקורות | text:missing_info:לא צוין | text:missing_info:אין פירוט | text:record:המצוינת | text:record:מציינים | text:record:נרשמה | text:record:מופיעים | text:record:אינו מפרט | text:record:אין פירוט | text:address:St | text:latin:Emek | text:latin:HaEla | text:latin:St | text:latin:Ramat | text:latin:Gan
2df2cf51-e69b-482e-9c6c-c609803964af,דר' שיין - מומחה בכירורגיה פלסטית,תל אביב–יפו,live,no,no,yes,rich,text_rules,2026-09-26.1,rewrite,text:missing_info:במקורות | text:missing_info:לא צוינו | text:missing_info:לא פורסם | text:missing_info:לפי הנתונים | text:missing_info:הנתונים הזמינים | text:missing_info:המידע הזמין | text:record:רשומות | text:record:שמצוינים | text:record:נרשמו | text:record:מופיעים | text:address:St | text:latin:HaNechoshet | text:latin:St
758de1cc-ed61-4ff7-97b1-0720b36184a0,"ד״ר אודי ארד, מומחה בניתוחים פלסטיים וטיפולים אסתטיים",תל אביב–יפו,live,no,no,yes,rich,text_rules,2026-09-26.1,rewrite,text:missing_info:במקורות | text:missing_info:לא צוין | text:missing_info:לא פורסמו | text:missing_info:אין פירוט | text:record:שמצוינת | text:record:מציינות | text:record:שמופיעים | text:record:אין פירוט | text:address:St | text:latin:HaBarzel | text:latin:St | text:latin:Tel | text:latin:Aviv-Yafo | text:spelling:המצויין | text:spelling:מצויין
af501a92-5f78-47d4-ac11-d5d30dc6a60c,ד״ר אורן גולדשטיין,תל אביב–יפו,live,no,no,yes,normal,text_rules,2026-09-26.1,rewrite,text:missing_info:במקורות | text:missing_info:לא פורסמו | text:missing_info:לא פורסם | text:missing_info:אין פירוט | text:record:ברשומות | text:record:מצוין | text:record:מציין | text:record:שנרשמו | text:record:מופיע | text:record:אין פירוט
cfd78421-587a-4765-9296-85be71ff69d3,ד״ר איתם וייס - מומחה לכירורגיה פלסטית ואסתטית,תל אביב–יפו,live,no,no,yes,normal,text_rules,2026-09-26.1,rewrite,text:missing_info:במקורות | text:missing_info:לא פורסם | text:missing_info:לא זמין | text:record:רשומות | text:record:מצוין
aa34b022-a476-4b3c-a121-43d9a8a0ab3c,ד״ר דיאא זייד - Dr Diaa zaid,תל אביב–יפו,live,no,no,yes,normal,text_rules,2026-09-26.1,rewrite,text:missing_info:במקורות | text:missing_info:שסופק | text:missing_info:לא צוינו | text:missing_info:לא פורסמו | text:missing_info:המידע הזמין | text:record:מצוין | text:record:שמופיע | text:record:אינם מפרטים | text:address:St | text:latin:HaArba'a | text:latin:St | text:latin:Inaamed | text:dash:–
84289740-1be4-4358-96e3-df00978b0e80,ד״ר יוני דללי - רפואה אסתטית,תל אביב–יפו,live,no,no,yes,normal,text_rules,2026-09-26.1,rewrite,text:missing_info:במקורות | text:missing_info:לא פורסמו | text:missing_info:לא נמסר | text:missing_info:אין פירוט | text:missing_info:המידע הזמין | text:record:רשומות | text:record:המצוינים | text:record:מציינות | text:record:מופיעים | text:record:מתוארת | text:record:אינן מפרטות | text:record:אין פירוט
98bf9648-5e49-4df3-81b3-f68142edcdfd,ד״ר ערן צנציפר- מומחה לשיקום הפה,תל אביב–יפו,live,no,no,yes,normal,text_rules,2026-09-26.1,rewrite,text:missing_info:במקורות | text:missing_info:לא פורסמו | text:missing_info:לא פורסם | text:record:ורשומות | text:record:המצוינות | text:record:מציינות | text:record:נרשמו | text:record:מופיע | text:record:המתואר
1858d488-6e11-4238-acce-2bb62e302490,הזרקות וחומצה בתל אביב | קליניקה לרפואה אסתטית Théa | ד״ר יובל זינגר,תל אביב–יפו,live,no,no,yes,normal,text_rules,2026-09-26.1,rewrite,text:missing_info:במקורות | text:missing_info:לא צוינו | text:missing_info:אין פירוט | text:missing_info:לפי הנתונים | text:missing_info:הנתונים הזמינים | text:missing_info:המידע הזמין | text:record:ברשומות | text:record:מציינות | text:record:שמופיע | text:record:אין פירוט | text:latin:bookingOnline
d5826893-7736-4096-84fc-89db7b52ff74,המספרה של אורלי חן עיצוב שיער,רמת גן,live,no,no,yes,sparse,text_rules,2026-09-26.1,rewrite,text:missing_info:במקורות | text:missing_info:לא פורסמו | text:missing_info:אין פירוט | text:missing_info:לפי הנתונים | text:missing_info:בעמוד העסק | text:record:הרשומות | text:record:מצוין | text:record:מציינות | text:record:שנרשמו | text:record:שמופיעה | text:record:אינן מפרטות | text:record:אין פירוט | text:record:לא מפורט
4125d5eb-f414-4c25-b3dd-0e8069a75afa,הסרת נגעי עור | הסרת נקודות חן | הסרת קונדילומה | הסרת שומות | אנגיוקרטומה | קסנטלזמה | נקודות אדומות (המנגיומות) - Medical-C,תל אביב–יפו,live,no,no,yes,rich,text_rules,2026-09-26.1,rewrite,text:missing_info:במקורות | text:missing_info:לא פורסמו | text:missing_info:לא פורסם | text:record:מציין | text:record:מופיעים | text:address:Rd | text:latin:Menakhem | text:latin:Begin | text:latin:Rd | text:latin:Tel | text:latin:Aviv-Yafo | text:dash:–
aded8126-8d8c-49e7-a035-0dc0f889ccba,"הסרת שיער בלייזר , לק ג'ל מניקור פדיקור , טיפולי פנים רמת החייל",תל אביב–יפו,live,no,no,yes,sparse,text_rules,2026-09-26.1,rewrite,text:missing_info:במקורות | text:missing_info:שסופק | text:missing_info:לא פורסם | text:missing_info:אין פירוט | text:record:מצוין | text:record:מציינות | text:record:שנרשם | text:record:שמופיע | text:record:אין פירוט | text:address:St | text:latin:Kam | text:latin:St
2b8e6318-5a0d-4b4d-aaf3-b52b5d94ccab,הקומה של אהובה,תל אביב–יפו,live,no,no,yes,normal,text_rules,2026-09-26.1,rewrite,text:missing_info:במקורות | text:missing_info:לא פורסם | text:missing_info:לא נמצאו | text:missing_info:אין מידע | text:missing_info:המידע הזמין | text:missing_info:בפרופיל העסק | text:record:שמצוין | text:record:נרשמו | text:record:מופיע | text:address:St | text:latin:Arthur | text:latin:Rubinstein | text:latin:St | text:latin:Tel | text:latin:Aviv-Yafo | text:spelling:ווטסאפ
92d8659d-5d9f-459d-8221-c67756d5e310,ורה קליניק,תל אביב–יפו,live,no,no,yes,sparse,text_rules,2026-09-26.1,rewrite,text:missing_info:במקורות | text:missing_info:לא צוינו | text:missing_info:לא פורסמו | text:missing_info:לא פורסם | text:missing_info:אין מידע | text:missing_info:אין פירוט | text:missing_info:לא זמין | text:missing_info:בעמוד העסק | text:record:ברשומות | text:record:מצוינים | text:record:מציינת | text:record:נרשמה | text:record:שמופיע | text:record:ואין פירוט | text:address:Blvd | text:latin:Blvd | text:latin:Jerusalem | text:latin:bookingOnline | text:dash:— | text:spelling:ווטסאפ
d28ebe09-451a-4ae9-ad6c-da08984ceae1,חד וחלק Pini Eliya,תל אביב–יפו,live,no,no,yes,normal,text_rules,2026-09-26.1,rewrite,text:missing_info:במקורות | text:missing_info:לא צוינו | text:missing_info:לא פורסם | text:record:מופיעה | text:record:שמתואר | text:address:St | text:latin:Shlomo | text:latin:Ibn | text:latin:Gabirol | text:latin:St | text:spelling:מצויין
e31afad1-b3c7-48b0-9817-b761d6e811ce,חיים קפלן,תל אביב–יפו,live,no,no,yes,sparse,text_rules,2026-09-26.1,rewrite,text:missing_info:במקורות | text:missing_info:לא צוינו | text:missing_info:לא פורסמו | text:missing_info:לא פורסם | text:missing_info:המידע הזמין | text:record:המצוינים | text:record:מציין | text:spelling:ווטסאפ
7ef56877-6de8-4ee3-85d3-84f2c43fac74,חנה מושייב,תל אביב–יפו,live,no,no,yes,normal,text_rules,2026-09-26.1,rewrite,text:missing_info:במקורות | text:missing_info:לא פורסמו | text:missing_info:אין פירוט | text:record:מצוין | text:record:שנרשם | text:record:מופיעים | text:record:המתואר | text:record:אין פירוט | text:latin:IPL | text:dash:—
1bb5315d-d896-4421-a096-0271d97f0ba0,יגאל ויצמן - החלקה אורגנית | תוספות שיער | צמיד שיער,תל אביב–יפו,live,no,no,yes,normal,text_rules,2026-09-26.1,rewrite,text:missing_info:במקורות | text:missing_info:שסופק | text:missing_info:לא פורסמו | text:missing_info:אין מידע | text:missing_info:לפי הנתונים | text:record:המצוינים | text:record:שמופיע | text:record:המתוארת | text:address:St | text:latin:Harugei | text:latin:Malkhut | text:latin:St
4a91d675-61e9-48c8-94c9-f663c0ad9ff8,יוסי ממן,תל אביב–יפו,live,no,no,yes,sparse,text_rules,2026-09-26.1,rewrite,text:missing_info:במקורות | text:missing_info:שסופק | text:missing_info:לא פורסמו | text:missing_info:לא נמסר | text:missing_info:אין פירוט | text:record:ברשומה | text:record:המצוינת | text:record:מציינת | text:record:מופיע | text:record:אין פירוט | text:address:St | text:latin:Ben | text:latin:Yehuda | text:latin:St | text:latin:Tel | text:latin:Aviv-Yafo
782d97ce-4746-42bd-bb43-19dab6e989aa,יופי קורן,חולון,live,no,no,yes,rich,text_rules,2026-09-26.1,rewrite,text:missing_info:במקורות | text:missing_info:לא צוינו | text:missing_info:לא צוין | text:missing_info:אין פירוט | text:missing_info:בפרופיל העסק | text:record:ברשומות | text:record:מצוין | text:record:מציין | text:record:שנרשם | text:record:מופיעה | text:record:המתוארת | text:record:אינו מפרט | text:record:אין פירוט | text:address:St | text:latin:Sprinzak | text:latin:St | text:spelling:מצויין
3e581e2f-55ba-47f6-bbf3-9ab2cc8a9014,יורי סטייל,בת ים,live,no,no,yes,sparse,text_rules,2026-09-26.1,rewrite,text:missing_info:לא פורסמו | text:record:ברשומות | text:record:ומצוין | text:record:שמופיע | text:address:St | text:latin:Nitsana | text:latin:St
2f140fed-2a29-4fef-9405-a485baee45cf,יעל שלמה - קוסמטיקאית הוליסטית,גבעתיים,live,no,no,yes,sparse,text_rules,2026-09-26.1,rewrite,text:missing_info:במקורות | text:missing_info:לא צוינו | text:missing_info:לא פורסמו | text:missing_info:לא פורסם | text:missing_info:בעמוד העסק | text:record:שמצוינים | text:record:שנרשמה | text:record:מופיע | text:record:מתוארת
d752b52e-4786-4ee7-9399-4ca9cf95dbce,יפה מקסימוב מרכזי אסתטיקה,בני ברק,live,no,no,yes,normal,text_rules,2026-09-26.1,rewrite,text:missing_info:במקורות | text:missing_info:לא צוינו | text:missing_info:לא פורסמו | text:record:המצוינות | text:record:שמופיעים | text:spelling:מצויין
77692c6f-a6bd-4c13-b92b-c41dea986f6d,ירון אזולאי - עיצוב שיער,תל אביב–יפו,live,no,no,yes,sparse,text_rules,2026-09-26.1,rewrite,text:missing_info:במקורות | text:missing_info:שסופק | text:missing_info:לא פורסמו | text:missing_info:לא פורסם | text:missing_info:אין פירוט | text:record:הרשומה | text:record:המצוינות | text:record:מציין | text:record:נרשמו | text:record:מופיע | text:record:אין פירוט | text:address:St | text:latin:Brodetsky | text:latin:St
b34e54bc-33f3-4d27-8ae0-3ab122dc7895,"כירורגיה פלסטית ואסתטית | ד""ר אייל שפירא",תל אביב–יפו,live,no,no,yes,rich,text_rules,2026-09-26.1,rewrite,text:missing_info:במקורות | text:missing_info:במידע שנבדק | text:missing_info:שסופק | text:missing_info:לא צוינו | text:missing_info:לא פורסמו | text:missing_info:לא פורסם | text:record:המצוינת | text:record:מציינת | text:record:מופיעים | text:address:St | text:latin:HaBarzel | text:latin:St | text:spelling:מצויין
c2b50e3b-4b6e-4596-891f-0a0128237b55,כללית אסתטיקה - רמת אביב - תל אביב,תל אביב–יפו,live,no,no,yes,normal,text_rules,2026-09-26.1,rewrite,text:missing_info:במקורות | text:missing_info:לא פורסמו | text:missing_info:לא פורסם | text:missing_info:המידע הזמין | text:record:שמצוינת | text:record:מציין | text:record:שנרשמו | text:record:שמופיעה | text:record:לא מפורטים | text:latin:Brazil | text:spelling:ווטסאפ
32848e81-f29f-44fa-be10-d330b2cdbda1,ליהיא וקנין - מומחית בעיצוב גבות ושיטת ספריי פודרה,חולון,live,no,no,yes,normal,text_rules,2026-09-26.1,rewrite,text:missing_info:במקורות | text:missing_info:לא צוינו | text:missing_info:לא פורסמו | text:missing_info:לא פורסם | text:missing_info:אין מידע | text:missing_info:אין פירוט | text:missing_info:ללא פירוט | text:missing_info:המידע הזמין | text:record:ברשומות | text:record:המצוינות | text:record:מציין | text:record:נרשמה | text:record:ומופיע | text:record:שמתואר | text:record:אין פירוט
c7097206-e55b-4364-b5ae-94687e3a321f,ליטל פוניס - המרכז הישראלי לטיפולי אנטי אייג'ינג,בני ברק,live,no,no,yes,normal,text_rules,2026-09-26.1,rewrite,text:missing_info:במקורות | text:missing_info:לא פורסמו | text:missing_info:לא נמסר | text:record:ברשומות | text:record:מצוין | text:record:מציין | text:record:מופיעה | text:record:אינם מפרטים | text:latin:B-young
75fb76c5-de75-45f0-af66-85d6fb7a8834,"לימור שמואל קוסמטיקאית,פדיקור,מניקור ג׳ל, ליזר ,שעוות ,אפילציה",תל אביב–יפו,live,no,no,yes,normal,text_rules,2026-09-26.1,rewrite,text:missing_info:במקורות | text:missing_info:לא צוין | text:missing_info:לא פורסמו | text:missing_info:לא נמסר | text:missing_info:אין פירוט | text:missing_info:המידע הזמין | text:record:ברשומות | text:record:שמצוינים | text:record:מציין | text:record:נרשם | text:record:מופיע | text:record:אין פירוט | text:address:St | text:latin:Tagore | text:latin:St | text:latin:IPL | text:spelling:מצויין
e5a3fd06-b7f5-4cd8-ad98-c396ff280755,לינה סנטר - מרכז טיפולים לפנים ולגוף,בני ברק,live,no,no,yes,normal,text_rules,2026-09-26.1,rewrite,text:missing_info:לא צוינו | text:missing_info:לא פורסמו | text:missing_info:לא פורסם | text:missing_info:לא נמסר | text:record:לרשומות | text:record:מצוין | text:record:מציין | text:record:ומופיע
0937894d-8c96-4c8a-9578-98a967e39211,לירז קוסמטיקה | הסרת שיער בלייזר וטיפולי פנים,גבעתיים,live,no,no,yes,rich,text_rules,2026-09-26.1,rewrite,text:missing_info:במקורות | text:missing_info:לא פורסמו | text:missing_info:לא פורסם | text:missing_info:לא נמסר | text:missing_info:לא זמין | text:record:ברשומות | text:record:מצוין | text:record:נרשמו | text:record:ומופיעה | text:spelling:ווטסאפ
2ea2ab17-1678-4a57-b255-4c4fb620740c,"מאי לי ביוטי - הדגשת תווי פנים: מיקרובליידינג, היפראליזם, מיקרושיידינג, הדגשת שפתיים, אייליינר, הסרת איפור קבוע בלייזר",תל אביב–יפו,live,no,no,yes,rich,text_rules,2026-09-26.1,rewrite,text:missing_info:במקורות | text:missing_info:לא פורסם | text:missing_info:המידע הזמין | text:record:המצוינת | text:record:מציין | text:record:מופיע | text:record:אינו מפרט
c32691a2-ca0a-4d69-ac16-370d93db0799,מוסקונה - מרפאות לניתוחים פלסטיים הזרקות וטיפולים משלימים,תל אביב–יפו,live,no,no,yes,rich,text_rules,2026-09-26.1,rewrite,text:missing_info:במקורות | text:missing_info:במידע שנבדק | text:missing_info:לא צוינו | text:missing_info:לא פורסמו | text:missing_info:לא פורסם | text:missing_info:אין מידע | text:record:ברשומות | text:record:שמצוין | text:record:מופיע | text:record:לא מפורט | text:address:St | text:latin:Brodetsky | text:latin:St | text:spelling:ווטסאפ
6276b316-e855-4071-bc62-76b30546fcbc,מושלמת האוס אוף ביוטי,תל אביב–יפו,live,no,no,yes,rich,text_rules,2026-09-26.1,rewrite,text:missing_info:במקורות | text:missing_info:שסופק | text:missing_info:לא פורסמו | text:missing_info:המידע הזמין | text:record:מצוין | text:record:מציין | text:record:מופיעים | text:address:St | text:latin:HaHashmonaim | text:latin:St | text:latin:gel | text:spelling:מצויין
30c39ad7-486e-4c94-9df4-c7c02f154bc9,מכבי אסתטיקה - סניף תל אביב,תל אביב–יפו,live,no,no,yes,normal,text_rules,2026-09-26.1,rewrite,text:missing_info:במקורות | text:missing_info:לא צוינו | text:missing_info:לא פורסמו | text:record:הרשומה | text:record:מצוין | text:record:שמציין | text:record:נרשמים | text:record:ומופיע | text:record:אינו מפרט | text:latin:PLAY
f0c9803e-0050-45be-8060-19eb1ed9f379,מכון שיזוף בהתזה ׳ספריי׳ - spray tanning salon,תל אביב–יפו,live,no,no,yes,normal,text_rules,2026-09-26.1,rewrite,text:missing_info:במקורות | text:missing_info:לא פורסמו | text:missing_info:לא פורסם | text:missing_info:על פי הנתונים | text:missing_info:לפי הנתונים | text:missing_info:הנתונים הזמינים | text:missing_info:בפרופיל העסק | text:record:כרשומת | text:record:מצוינות | text:record:מציין | text:record:ומופיע | text:address:St | text:latin:Zirelson | text:latin:St
8af31e3c-a298-4d41-933f-50031782d817,מסודרות,תל אביב–יפו,live,no,no,yes,rich,text_rules,2026-09-26.1,rewrite,text:missing_info:במקורות | text:missing_info:לא צוינו | text:missing_info:לא פורסמו | text:missing_info:לא פורסם | text:missing_info:המידע הזמין | text:record:נרשמים | text:record:שמופיע | text:latin:on | text:latin:request | text:spelling:מצויין
e29365c5-d113-429a-9a6f-a7469293eb5d,"מספרה Barak Shoshan Hair Design-Keratin,Japanese Treatment",תל אביב–יפו,live,no,no,yes,normal,text_rules,2026-09-26.1,rewrite,text:missing_info:במקורות | text:missing_info:במידע שנבדק | text:missing_info:לא צוינו | text:missing_info:לא פורסמו | text:record:מצוין | text:record:מופיע | text:dash:–
5fbda2de-a49c-4278-bf0f-6164e39d950a,מספרת אבן ספיר - מספרה בחולון | ספר גברים ילדים | עיצוב זקן | הסרת שיער בלייזר | טיפול פנים לגבר,חולון,live,no,no,yes,rich,text_rules,2026-09-26.1,rewrite,text:missing_info:במקורות | text:missing_info:לא צוין | text:missing_info:לא פורסם | text:record:ברשומות | text:record:ומצוינת | text:record:מציין | text:record:מופיע | text:record:מתוארים
70143afd-d45c-4eea-90f4-a53804b07168,מספרת שי גדון עיצוב שיער נשים,תל אביב–יפו,live,no,no,yes,sparse,text_rules,2026-09-26.1,rewrite,text:missing_info:במקורות | text:missing_info:שסופק | text:missing_info:לא פורסמו | text:missing_info:לא פורסם | text:missing_info:אין פירוט | text:missing_info:במידע שהתקבל | text:missing_info:בעמוד העסק | text:record:מצוינת | text:record:מציינים | text:record:נרשמה | text:record:מופיעות | text:record:המתוארת | text:record:אין פירוט | text:address:St | text:latin:Sheinkin | text:latin:St | text:latin:Tel | text:latin:Aviv-Yafo | text:dash:– | text:spelling:מצויין | text:spelling:ווטסאפ
e2015e53-cb22-4eba-b819-7efea95d1963,מרכז כירורגי שוורץ - ארד,תל אביב–יפו,live,no,no,yes,rich,text_rules,2026-09-26.1,rewrite,text:missing_info:במקורות | text:missing_info:לא פורסמו | text:missing_info:לא פורסם | text:record:הרשומות | text:record:המצוינות | text:record:מציין | text:record:שנרשם | text:record:שמופיע
08e9db34-039c-4a8b-b288-e390cbb38da2,"מרפאת ד""ר ליבי כרמי, תל אביב",תל אביב–יפו,live,no,no,yes,sparse,text_rules,2026-09-26.1,rewrite,text:missing_info:במקורות | text:missing_info:שסופק | text:missing_info:לא פורסם | text:missing_info:אין פירוט | text:missing_info:בעמוד העסק | text:record:ברשומות | text:record:מצוין | text:record:מציין | text:record:נרשמו | text:record:שמופיע | text:record:מתוארת | text:record:אין פירוט
e54fa942-5742-4408-8cad-cc2019be3403,"מרפאת השיניים והאסטתיקה של ד""ר צבי אבירם",תל אביב–יפו,live,no,no,yes,rich,text_rules,2026-09-26.1,rewrite,text:missing_info:במידע שנבדק | text:missing_info:לא צוינו | text:record:המצוינים | text:record:מציינת | text:record:מופיעים | text:record:המתוארות
83773757-43ad-4a1a-8a32-4838b8ffe3be,מרפאת שיניים אורן באר שבע,רמת גן,live,no,no,yes,rich,text_rules,2026-09-26.1,rewrite,text:missing_info:במקורות | text:missing_info:לא פורסמו | text:missing_info:לא נמצאו | text:missing_info:המידע הזמין | text:record:המצוינת | text:record:מציינות | text:record:מופיע | text:latin:Bialik | text:latin:Mall | text:latin:Ramat | text:latin:Gan | text:spelling:מצויין
e4bb2fd2-4791-4d00-b881-b972d91ae9a8,"מרפאת שיניים ד""ר אבייב - יישור שיניים שקוף Invisalign בחולון",חולון,live,no,no,yes,normal,text_rules,2026-09-26.1,rewrite,text:missing_info:במקורות | text:missing_info:לא פורסמו | text:missing_info:לא פורסם | text:record:שמצוין | text:record:מציינת | text:record:מופיעים
8a0ee01f-dcd5-4570-9f80-6b4389ea28db,"מרפאת שיניים ד""ר נעים דנט | מרפאת שיניים בגבעת שמואל",גבעת שמואל,live,no,no,yes,rich,text_rules,2026-09-26.1,rewrite,text:missing_info:לא פורסם | text:record:ברשומות | text:record:שמצוין | text:record:ומציינת | text:record:מופיעה | text:record:שתוארו | text:spelling:מצויין
b9090e87-3422-4ae0-8847-4dec673e85a0,נטלי קוסמטיקס,תל אביב–יפו,live,no,no,yes,rich,text_rules,2026-09-26.1,rewrite,text:missing_info:במקורות | text:missing_info:לא פורסמו | text:missing_info:לא פורסם | text:record:מציין | text:record:מופיעים | text:address:St | text:latin:Shlomo | text:latin:Ibn | text:latin:Gabirol | text:latin:St | text:latin:Tel | text:latin:Aviv-Yafo | text:dash:–
4fa1f819-6541-45c9-b1d4-0ae3aa4104bd,סלון יפו jaffa salon,תל אביב–יפו,live,no,no,yes,sparse,text_rules,2026-09-26.1,rewrite,text:missing_info:במקורות | text:missing_info:לא צוין | text:missing_info:לא פורסמו | text:missing_info:לא פורסם | text:missing_info:אין מידע | text:missing_info:אין פירוט | text:record:ברשומה | text:record:המצוינת | text:record:מציינות | text:record:מופיע | text:record:אין פירוט
15759f8a-3002-4f1d-9b88-e918ff89eb3f,סנס Sense,תל אביב–יפו,live,no,no,yes,normal,text_rules,2026-09-26.1,rewrite,text:missing_info:במקורות | text:missing_info:לא צוינו | text:missing_info:לא פורסמו | text:missing_info:לא פורסם | text:record:ברשומות | text:record:מצוין | text:record:מציין | text:record:מתואר | text:latin:Kerastase | text:latin:EMS | text:latin:IPL | text:spelling:ווטסאפ
00a5110e-7d98-4f1a-84d8-3f964983ec71,עידית עמר - קוסמטיקאית פרא רפואית מומחית,חולון,live,no,no,yes,sparse,text_rules,2026-09-26.1,rewrite,text:missing_info:במקורות | text:missing_info:שסופק | text:missing_info:לא צוינו | text:missing_info:אין פירוט | text:missing_info:המידע הזמין | text:record:הרשומה | text:record:מצוין | text:record:ומציינת | text:record:שנרשם | text:record:מופיעה | text:record:מתוארת | text:record:אינו מפרט | text:record:אין פירוט | text:record:לא מפורטות | text:address:St | text:latin:Moshe | text:latin:Sharet | text:latin:St | text:latin:Azor | text:spelling:ווטסאפ
8dd3429c-8ecf-491f-8e95-bef7acc8992d,עיצוב שיער,גבעתיים,live,no,no,yes,sparse,text_rules,2026-09-26.1,rewrite,text:missing_info:במקורות | text:missing_info:שסופק | text:missing_info:לא צוינו | text:missing_info:לא פורסמו | text:missing_info:לא פורסם | text:missing_info:אין פירוט | text:missing_info:המידע הזמין | text:record:רשומה | text:record:שמצוין | text:record:מציינים | text:record:נרשמה | text:record:מופיעים | text:record:אין פירוט | text:spelling:מצויין
3523186e-4a4a-4061-b4a4-9037c32a929e,פאות קאסטם - אתי שוקרון פאות יוקרה,בני ברק,live,no,no,yes,sparse,text_rules,2026-09-26.1,rewrite,text:missing_info:במקורות | text:missing_info:שסופק | text:missing_info:לא פורסמו | text:missing_info:לא פורסם | text:missing_info:אין מידע | text:missing_info:לא נמסר | text:missing_info:אין פירוט | text:missing_info:המידע הזמין | text:record:שמצוינות | text:record:מציינות | text:record:שמופיעה | text:record:אין פירוט | text:address:St | text:latin:Ya'akov | text:latin:Rosenheim | text:latin:St | text:latin:Bnei | text:latin:Brak
53993e63-6887-4035-bc14-644c2b674fb9,פן על הדרך,גבעת שמואל,live,no,no,yes,normal,text_rules,2026-09-26.1,rewrite,text:missing_info:במקורות | text:missing_info:שסופק | text:missing_info:לא פורסמו | text:missing_info:המידע הזמין | text:missing_info:בעמוד העסק | text:record:מצוין | text:record:מציינים | text:record:נרשמות | text:record:מופיעים | text:record:לא מפורטים | text:dash:– | text:spelling:מצויין
462b5fe2-7d50-4c6a-82a9-530f1d0257ae,פרופורציה,תל אביב–יפו,live,no,no,yes,normal,text_rules,2026-09-26.1,rewrite,text:missing_info:במקורות | text:missing_info:לא צוינו | text:missing_info:לא פורסמו | text:missing_info:לא פורסם | text:record:המצוינים | text:record:מציינת | text:record:נרשם | text:record:מופיעה | text:dash:– | text:spelling:ווטסאפ
151893ab-a3c3-4c07-a749-7f79b3988516,צביה וקוסמטיקה - קוסמטיקאית ברמת גן,בני ברק,live,no,no,yes,rich,text_rules,2026-09-26.1,rewrite,text:missing_info:במקורות | text:missing_info:אין פירוט | text:record:ברשומה | text:record:המצוין | text:record:מציינים | text:record:נרשמים | text:record:מופיע | text:record:מתוארת | text:record:אין פירוט | text:spelling:ווטסאפ
b960fbdc-47ad-42d2-9a1e-e681eaecc782,צמידי שיער Salon Alexander החלקה | תוספות שיער | פדחות לשיער דליל | פאות | פאות רפויות | מכונת שיזוף | שיער רוסי,בת ים,live,no,no,yes,normal,text_rules,2026-09-26.1,rewrite,text:missing_info:במקורות | text:missing_info:לא צוינו | text:missing_info:תיאור זה | text:missing_info:לא נמסר | text:missing_info:לפי הנתונים | text:missing_info:בפרופיל העסק | text:record:המצוינת | text:record:מציין | text:record:נרשמה | text:record:מופיעים | text:spelling:ווטסאפ
22574d12-60c6-4a7d-8a02-e1f7da2b9c36,קליניקה כרמל - טיפול בפטרת ציפורניים בתל אביב,תל אביב–יפו,live,no,no,yes,rich,text_rules,2026-09-26.1,rewrite,text:missing_info:במקורות | text:missing_info:לא צוינו | text:missing_info:לא פורסם | text:record:הרשומה | text:record:המצוינים | text:record:ומציינת | text:record:שנרשם | text:record:מופיעים | text:address:St | text:latin:HaMasger | text:latin:St
a359b297-0204-413e-b25a-ead4cef6829f,קליניקת ויקה קוסמטיקה מתקדמת | קוסמטיקאית רפואית,תל אביב–יפו,live,no,no,yes,normal,text_rules,2026-09-26.1,rewrite,text:missing_info:במקורות | text:missing_info:שסופק | text:missing_info:לא פורסמו | text:missing_info:לא פורסם | text:record:המצוינים | text:record:מציין | text:record:מופיעה
7ebda09d-9c17-40d7-8f6e-aa8337cc0d6a,קראוס קליניק - Krauss Clinic - ד״ר עומרי קראוס,תל אביב–יפו,live,no,no,yes,normal,text_rules,2026-09-26.1,rewrite,text:missing_info:במקורות | text:missing_info:לא נמצאו | text:missing_info:המידע הזמין | text:record:מצוין | text:record:ומציינת | text:record:שנרשם | text:record:מופיעים | text:record:אינו מפרט | text:address:Sderot | text:latin:Sderot | text:latin:Sha'ul | text:latin:HaMelech | text:latin:St | text:spelling:ווטסאפ
f891816e-6a01-419a-8508-f6bfad688354,קרולין אופק,תל אביב–יפו,live,no,no,yes,sparse,text_rules,2026-09-26.1,rewrite,text:missing_info:במקורות | text:missing_info:לא צוינו | text:missing_info:לא צוין | text:missing_info:לא פורסמו | text:missing_info:לא פורסם | text:missing_info:ללא פירוט | text:record:ברשומות | text:record:מצוין | text:record:שמציין | text:record:נרשמו | text:record:מופיע | text:record:המתוארת | text:address:St | text:latin:Hartglas | text:latin:St | text:latin:EMFACE
46e3c405-f43f-4c54-8e69-3405d446ad25,קרנית מלמד - המרכז לטיפולי קוסמטיקה רפואית,תל אביב–יפו,live,no,no,yes,rich,text_rules,2026-09-26.1,rewrite,text:missing_info:במקורות | text:missing_info:לא פורסמו | text:missing_info:לא פורסם | text:record:מציין | text:record:מופיעים | text:address:St | text:latin:Mapu | text:latin:St | text:latin:Tel | text:latin:Aviv-Yafo | text:dash:–
2061ad51-e86d-40ca-b4ee-a0e8557cf719,רבקה זיידה - המרכז לטיפול באקנה ופוסט אקנה,בני ברק,live,no,no,yes,rich,text_rules,2026-09-26.1,rewrite,text:missing_info:במקורות | text:missing_info:לא פורסמו | text:missing_info:לא פורסם | text:missing_info:אין מידע | text:missing_info:בפרופיל העסק | text:record:ברשומה | text:record:המצוינת | text:record:מציינות | text:record:מופיעים | text:spelling:ווטסאפ
2e9b1d49-a617-44d9-a0a1-cb4c51dd3a4f,רונית רפאל מדע היופי - תל אביב,תל אביב–יפו,live,no,no,yes,normal,text_rules,2026-09-26.1,rewrite,text:missing_info:במקורות | text:missing_info:לא צוינו | text:missing_info:לא פורסמו | text:missing_info:לא פורסם | text:missing_info:לפי הנתונים | text:missing_info:המידע הזמין | text:record:שמצוינת | text:record:מציין | text:record:שנרשמו | text:record:מופיע | text:address:St | text:latin:Basel | text:latin:St
2b6edc19-53a1-4177-af5f-f621c4fd05a3,"רופא שיניים בתל אביב - מרפאת לובנדנט בע""מ",תל אביב–יפו,live,no,no,yes,normal,text_rules,2026-09-26.1,rewrite,text:missing_info:במקורות | text:missing_info:לא צוינו | text:missing_info:לא פורסמו | text:missing_info:המידע הזמין | text:record:שמצוין | text:record:ומציינת | text:record:ונרשמה
31cd10f7-8728-4caf-b8d5-a52fafdfb6bf,רעות ששון – עיצוב גבות ואיפור קבוע בצפון תל אביב,תל אביב–יפו,live,no,no,yes,rich,text_rules,2026-09-26.1,rewrite,text:missing_info:במקורות | text:missing_info:לא צוינו | text:missing_info:לא צוין | text:missing_info:אין פירוט | text:missing_info:בכרטיס העסק | text:record:רשומה | text:record:שמצוין | text:record:מציין | text:record:מופיע | text:record:מתוארות | text:record:אין פירוט | text:address:St | text:latin:PMU | text:latin:Refidim | text:latin:St | text:latin:Tel | text:latin:Aviv | text:latin:Yafo
52e347fa-011f-4997-af07-3930f950d548,שירלי פור החלקה יפנית,רמת גן,live,no,no,yes,sparse,text_rules,2026-09-26.1,rewrite,text:missing_info:במקורות | text:missing_info:לא צוינו | text:missing_info:לא פורסמו | text:missing_info:לא פורסם | text:missing_info:אין פירוט | text:missing_info:לפי הנתונים | text:missing_info:בעמוד העסק | text:record:ברשומת | text:record:נרשמה | text:record:ומופיעה | text:record:אין פירוט | text:spelling:המצויין | text:spelling:מצויין
c1c0daee-b723-45ba-bacd-0b8e8c27c687,שלומי עיצוב שיער גבעתיים,גבעתיים,live,no,no,yes,normal,text_rules,2026-09-26.1,rewrite,text:missing_info:במקורות | text:missing_info:לא צוינו | text:missing_info:לא פורסמו | text:missing_info:לא פורסם | text:missing_info:אין פירוט | text:missing_info:המידע הזמין | text:missing_info:בפרופיל העסק | text:record:שמצוינים | text:record:מציין | text:record:מופיעים | text:record:מתואר | text:record:אין פירוט | text:address:St | text:latin:Katzenelson | text:latin:St | text:spelling:ווטסאפ
a8b1cf9c-72c8-42a2-bdbf-3a8d979b5cc8,שרי ארז - מרכז לאסתטיקה טכנולוגית וקוסמטיקה רפואית,גבעתיים,live,no,no,yes,normal,text_rules,2026-09-26.1,rewrite,text:missing_info:במקורות | text:missing_info:שסופק | text:missing_info:לא פורסמו | text:missing_info:לא פורסם | text:missing_info:המידע הזמין | text:record:המצוינים | text:record:מציין | text:record:מופיעים | text:record:מתוארת | text:address:St | text:latin:Rambam | text:latin:St | text:dash:–
4d762de1-9a81-4671-bffb-f9b1967c5ca4,ALMA Wellness & Beauty || עלמה טיפוח ויופי,ירושלים,live,no,no,yes,normal,text_rules,2026-09-26.1,rewrite,text:missing_info:במקורות | text:missing_info:לא צוינו | text:missing_info:לא פורסמו | text:missing_info:בעמוד העסק | text:record:המצוינת | text:record:ומציינות | text:record:מופיע | text:record:מתוארת | text:address:St | text:latin:Ben | text:latin:Yehuda | text:latin:St
affa852f-897f-4aff-91e0-54db4aa95930,Aesthetic-beauty complex,ירושלים,live,no,no,yes,sparse,text_rules,2026-09-26.1,rewrite,text:missing_info:במקורות | text:missing_info:שסופק | text:missing_info:לא פורסמו | text:missing_info:אין מידע | text:record:ברשומות | text:record:המצוינים | text:record:מציין | text:record:שנרשמו | text:record:מופיעים
a1e2d744-aa4c-4d17-ab6a-0de5ac867049,BeautyMark Boutique Salon,ירושלים,live,no,no,yes,rich,text_rules,2026-09-26.1,rewrite,text:missing_info:במקורות | text:missing_info:שסופק | text:missing_info:לא צוינו | text:missing_info:לא פורסמו | text:missing_info:המידע הזמין | text:record:ברשומות | text:record:מצוין | text:record:נרשמו | text:record:מופיע | text:spelling:המצויין | text:spelling:מצויין
02d62cb7-94dd-4d51-96fa-b10683da910d,Dalia Institute of Cosmetic,מבשרת ציון,live,no,no,yes,normal,text_rules,2026-09-26.1,rewrite,text:missing_info:במקורות | text:missing_info:שסופק | text:missing_info:לא צוינו | text:missing_info:לא פורסמו | text:missing_info:לא נמסר | text:record:ברשומות | text:record:המצוינים | text:record:מציינות | text:record:שנרשם | text:record:מופיעים | text:spelling:המצויין | text:spelling:מצויין
374b234e-15a2-4367-89a2-9f65b54d796b,"Dr Debora Cohen ד""ר דבורה כהן",מבשרת ציון,live,no,no,yes,sparse,text_rules,2026-09-26.1,rewrite,text:missing_info:במקורות | text:missing_info:לא פורסמו | text:missing_info:לא פורסם | text:missing_info:אין פירוט | text:record:הרשומה | text:record:מציין | text:record:נרשמו | text:record:אין פירוט
596e300c-d01d-4ec8-891d-0e6ee56e46eb,Dr Haim Aseriel Dentist,ירושלים,live,no,no,yes,normal,text_rules,2026-09-26.1,rewrite,text:missing_info:במקורות | text:missing_info:שסופק | text:missing_info:לא צוינו | text:missing_info:לא פורסמו | text:missing_info:לא פורסם | text:record:ברשומות | text:record:המצוינת | text:record:מציין | text:record:מופיע | text:record:מתוארים | text:record:אינו מפרט | text:address:Rd | text:latin:Hebron | text:latin:Rd | text:latin:Jerusalem | text:latin:claimed
0081ebe3-6c63-42d6-9bb1-44546565dbd7,Dr. Allan Schuman - ד״ר אלן שומן,ירושלים,live,no,no,yes,sparse,text_rules,2026-09-26.1,rewrite,text:missing_info:במקורות | text:missing_info:שסופק | text:missing_info:לא פורסמו | text:missing_info:לא פורסם | text:missing_info:לא נמסר | text:missing_info:אין פירוט | text:missing_info:המידע הזמין | text:missing_info:בפרופיל העסק | text:record:הרשומות | text:record:מצוינים | text:record:מציינים | text:record:נרשם | text:record:מופיע | text:record:אין פירוט | text:address:St | text:latin:Beitar | text:latin:St
20a24fa8-bedc-40af-a6f3-a3e0e700c69d,Dr. Ari Greenspan- דר ארי גרינספן,ירושלים,live,no,no,yes,normal,text_rules,2026-09-26.1,rewrite,text:missing_info:במקורות | text:missing_info:שסופק | text:missing_info:לא צוינו | text:missing_info:לא פורסמו | text:record:ברשומות | text:record:המצוינות | text:record:שמציין | text:record:נרשמו | text:record:מופיעים | text:address:Rd | text:latin:Hebron | text:latin:Rd
bf12f724-845c-4018-a0ac-ca5567cdf258,EL Studio,ירושלים,live,no,no,yes,normal,text_rules,2026-09-26.1,rewrite,text:missing_info:במקורות | text:missing_info:לא צוינו | text:missing_info:לא פורסמו | text:missing_info:לא נמסר | text:record:ברשומות | text:record:המצוינת | text:record:מציינים | text:record:שנרשמה | text:record:מופיעים | text:address:St | text:latin:Shvo | text:latin:St
33be95d4-1a3e-4570-9ac1-4ae1268e8977,Frida Brow Bar,ירושלים,live,no,no,yes,normal,text_rules,2026-09-26.1,rewrite,text:missing_info:במקורות | text:missing_info:לא פורסמו | text:missing_info:לא פורסם | text:missing_info:המידע הזמין | text:record:המצוינת | text:record:שנרשם | text:record:מופיעים | text:record:מתואר | text:address:Derech | text:latin:Derech | text:latin:Agudat | text:latin:Sport | text:latin:Beitar
fcbfeb13-07c9-4caa-9632-ea516328bb2a,Glamour Nails,ירושלים,live,no,no,yes,normal,text_rules,2026-09-26.1,rewrite,text:missing_info:במקורות | text:missing_info:לא צוינו | text:missing_info:לא פורסם | text:missing_info:אין פירוט | text:record:שמצוינים | text:record:מציינים | text:record:מופיע | text:record:מתואר | text:record:אין פירוט | text:address:St | text:latin:Jaffa | text:latin:St
479cd88f-6d43-4a3c-9bd2-bfd7f1f4e80b,"Ilana - Nail, Cosmetic & Lounge",ירושלים,live,no,no,yes,normal,text_rules,2026-09-26.1,rewrite,text:missing_info:במקורות | text:missing_info:לא צוינו | text:missing_info:לא פורסמו | text:missing_info:לא פורסם | text:record:רשומות | text:record:המצוינת | text:record:מציין | text:record:מופיעה | text:address:St | text:latin:Avizohar | text:latin:St
d455e899-bef9-4c84-ac48-e8036ecbecd0,Jamil Samara,ירושלים,live,no,no,yes,sparse,text_rules,2026-09-26.1,rewrite,text:missing_info:במקורות | text:missing_info:לא צוינו | text:missing_info:לא פורסמו | text:missing_info:לא פורסם | text:missing_info:אין פירוט | text:missing_info:המידע הזמין | text:missing_info:בפרופיל העסק | text:record:ברשומות | text:record:מציינת | text:record:נרשמה | text:record:המתוארים | text:record:אין פירוט
15de9f04-c4c7-4a48-ad01-541a7f5dd105,Jerusalem Dental - Dr. Simone Landau,ירושלים,live,no,no,yes,rich,text_rules,2026-09-26.1,rewrite,text:missing_info:במקורות | text:missing_info:שסופק | text:missing_info:לא פורסמו | text:missing_info:אין פירוט | text:record:הרשומה | text:record:מצוין | text:record:שמציינת | text:record:שמופיע | text:record:אין פירוט | text:record:לא מפורטים | text:address:St | text:latin:Hatnufa | text:latin:Complex | text:latin:HaTnufa | text:latin:St | text:latin:Building | text:latin:Floor | text:latin:OMFS | text:spelling:ווטסאפ
5a91e694-2b67-4bf9-87f1-e28e5d1f2e22,Jerusalem Dentist Dr. Ari Abramson / American Dentist in Jerusalem,ירושלים,live,no,no,yes,normal,text_rules,2026-09-26.1,rewrite,text:missing_info:במקורות | text:missing_info:לא צוינו | text:missing_info:לא פורסמו | text:missing_info:לא פורסם | text:record:ברשומות | text:record:מצוין | text:record:מציין | text:record:שנרשם | text:record:מופיע
99be92e1-f902-41cd-b4d3-95c3d2ce7898,Ka,ירושלים,live,no,no,yes,sparse,text_rules,2026-09-26.1,rewrite,text:missing_info:במקורות | text:missing_info:שסופק | text:missing_info:לא צוינו | text:missing_info:לא פורסמו | text:missing_info:לא פורסם | text:missing_info:אין מידע | text:missing_info:תיאור זה | text:missing_info:בתיאור זה | text:record:המצוינת | text:record:מופיע | text:address:St | text:latin:Jaffa | text:latin:St | text:latin:Jerusalem | text:spelling:המצויין | text:spelling:מצויין
072f388b-5963-475d-81a8-84a16af93b09,Koby atar,ירושלים,live,no,no,yes,rich,text_rules,2026-09-26.1,rewrite,text:missing_info:במקורות | text:missing_info:שסופק | text:missing_info:לא צוינו | text:missing_info:לא פורסמו | text:missing_info:אין פירוט | text:missing_info:המידע הזמין | text:record:שמצוין | text:record:מציין | text:record:נרשמו | text:record:מופיעים | text:record:אין פירוט | text:address:St | text:latin:Jaffa | text:latin:St | text:latin:Jerusalem
f33c1153-74cc-4454-aea5-8555e3d80b24,"Kurer Jackson Dental Office, Jerusalem",ירושלים,live,no,no,yes,rich,text_rules,2026-09-26.1,rewrite,text:missing_info:במקורות | text:missing_info:המידע הזמין | text:record:המצוינים | text:record:מופיע | text:record:המתוארת | text:address:St | text:latin:Keren | text:latin:HaYesod | text:latin:St
61b553fb-ce13-4cda-a0b0-1dc33da08d55,LaVita Cosmetics,ירושלים,live,no,no,yes,sparse,text_rules,2026-09-26.1,rewrite,text:missing_info:במקורות | text:missing_info:לא צוינו | text:missing_info:לא פורסמו | text:missing_info:לא פורסם | text:missing_info:לא נמסר | text:missing_info:אין פירוט | text:record:ברשומות | text:record:מצוין | text:record:מופיעה | text:record:מתוארת | text:record:אין פירוט | text:address:St | text:latin:Klinika | text:latin:Эстетической | text:latin:Аппаратной | text:latin:Косметологии | text:latin:Mordehai | text:latin:A'liash | text:latin:St | text:latin:Jerusalem
0007b251-d4dd-4679-b335-9e1527bbaead,Laka,ירושלים,live,no,no,yes,normal,text_rules,2026-09-26.1,rewrite,text:missing_info:במקורות | text:missing_info:שסופק | text:missing_info:לא צוינו | text:missing_info:לא צוין | text:missing_info:לא פורסמו | text:missing_info:לא פורסם | text:missing_info:לא זמין | text:record:הרשומה | text:record:שמצוין | text:record:מציינת | text:record:נרשמו | text:record:מופיע | text:latin:bookingOnline
cd94a57a-e52c-421a-aa8d-d87b799f597b,Lumiere לומייר,ירושלים,live,no,no,yes,normal,text_rules,2026-09-26.1,rewrite,text:missing_info:במקורות | text:missing_info:לא פורסמו | text:missing_info:לא נמצאו | text:record:הרשומה | text:record:מצוין | text:record:מציינות | text:record:נרשם | text:record:מופיעים | text:address:St | text:latin:HaAyal | text:latin:St | text:latin:Jerusalem | text:latin:bookingOnline | text:spelling:ווטסאפ
fcb84cf4-de63-4581-9fe5-0e85b1587100,MAC Cosmetics Mamila,ירושלים,live,no,no,yes,normal,text_rules,2026-09-26.1,rewrite,text:missing_info:במקורות | text:missing_info:לא צוינו | text:missing_info:לא פורסמו | text:missing_info:לא פורסם | text:missing_info:לא נמסר | text:record:ברשומות | text:record:מצוין | text:record:שנרשמו | text:record:מופיע | text:record:לא מפורט | text:address:Rd | text:latin:Mamilla | text:latin:Rd
18fa65ac-50af-45a2-92e3-60d29b5c630c,Merizian's Nailux,ירושלים,live,no,no,yes,normal,text_rules,2026-09-26.1,rewrite,text:missing_info:במקורות | text:missing_info:לא צוינו | text:missing_info:לא פורסמו | text:missing_info:לא פורסם | text:missing_info:אין פירוט | text:missing_info:בעמוד העסק | text:record:ברשומות | text:record:מצוינת | text:record:נרשם | text:record:מופיעים | text:record:המתוארת | text:record:אין פירוט | text:record:לא מפורטות | text:address:St | text:latin:Shlomo | text:latin:ha-Melekh | text:latin:St | text:latin:Jerusalem
9e8f000a-4c66-48ef-983c-a9075d2704ce,Mona Medical Jerusalem - מונה מדיקל ירושלים,ירושלים,live,no,no,yes,normal,text_rules,2026-09-26.1,rewrite,text:missing_info:במקורות | text:missing_info:שסופק | text:missing_info:לא פורסמו | text:missing_info:לא פורסם | text:missing_info:לפי הנתונים | text:missing_info:המידע הזמין | text:record:המצוינות | text:record:מציין | text:record:מופיע | text:address:St | text:latin:Kanfei | text:latin:Nesharim | text:latin:St
5aaafe51-913b-4963-a061-42df41c49af0,Nail Queen Express Salon נייל קווין אקספרס,ירושלים,live,no,no,yes,normal,text_rules,2026-09-26.1,rewrite,text:missing_info:במקורות | text:missing_info:שסופק | text:missing_info:לא צוינו | text:missing_info:לא פורסם | text:missing_info:לא נמסר | text:missing_info:אין פירוט | text:record:ברשומות | text:record:מצוין | text:record:מציינות | text:record:שנרשמו | text:record:מופיעים | text:record:ואין פירוט | text:record:לא מפורט
48ea8ca7-33c4-4e4a-b2de-4724df1c273d,Natalie landes מרכז הדרכה לקוסמטיקאיות | רופאי עור | קליניקה לשיקום והצערת העור,ירושלים,live,no,no,yes,sparse,text_rules,2026-09-26.1,rewrite,text:missing_info:במקורות | text:missing_info:לא צוינו | text:missing_info:לא פורסם | text:record:מצוין | text:record:מציין | text:record:שנרשמו | text:record:מופיעה | text:spelling:המצויין | text:spelling:מצויין
e5734a5b-55e5-4654-9374-9c533731d265,Orit Levy Cosmetics,מבשרת ציון,live,no,no,yes,normal,text_rules,2026-09-26.1,rewrite,text:missing_info:במקורות | text:missing_info:שסופק | text:missing_info:לא צוינו | text:missing_info:לא פורסמו | text:missing_info:לא פורסם | text:missing_info:לפי הנתונים | text:missing_info:בעמוד העסק | text:record:ברשומות | text:record:מצוין | text:record:מציינת | text:record:מופיע | text:address:St | text:latin:Mishlat | text:latin:St | text:latin:Mevaseret | text:latin:Zion
c577dbf3-a093-442b-9acd-f76012d1353f,Rami Hair,ירושלים,live,no,no,yes,normal,text_rules,2026-09-26.1,rewrite,text:missing_info:במקורות | text:missing_info:לא פורסמו | text:record:ברשומות | text:record:המצוינת | text:record:מציינת | text:record:נרשמו | text:record:מופיעה | text:address:St | text:latin:Jaffa | text:latin:St | text:latin:Jerusalem | text:spelling:המצויין | text:spelling:מצויין
f730b96e-178c-4549-86e7-206a0998dc12,Revistyle,ירושלים,live,no,no,yes,normal,text_rules,2026-09-26.1,rewrite,text:missing_info:במקורות | text:missing_info:במידע שנבדק | text:missing_info:שסופק | text:missing_info:לא פורסמו | text:missing_info:לא פורסם | text:missing_info:לא נמצאו | text:missing_info:אין מידע | text:missing_info:הפרופיל כולל | text:missing_info:לא נמסר | text:missing_info:בפרופיל העסק | text:record:מצוין | text:record:ומופיע | text:address:St | text:latin:Yosef | text:latin:Khakhami | text:latin:St | text:latin:Jerusalem
b0263255-6264-4159-bd26-0756ec6aeffe,Sagit's Place,ירושלים,live,no,no,yes,sparse,text_rules,2026-09-26.1,rewrite,text:missing_info:במקורות | text:missing_info:שסופק | text:missing_info:לא צוין | text:missing_info:לא פורסמו | text:missing_info:לא פורסם | text:missing_info:בעמוד העסק | text:record:הרשומה | text:record:מצוין | text:record:מופיעה
00e475b3-1256-4719-9452-609212b20416,Sharon Cosmetics,ירושלים,live,no,no,yes,normal,text_rules,2026-09-26.1,rewrite,text:missing_info:במקורות | text:missing_info:לא פורסמו | text:missing_info:לא פורסם | text:record:ברשומות | text:record:המצוינת | text:record:מופיעים | text:address:Rd | text:latin:Hebron | text:latin:Rd | text:latin:Jerusalem | text:dash:—
de64b0a4-2b73-44bf-88f8-335e5b51a6e3,Shlomi Sun,ירושלים,live,no,no,yes,normal,text_rules,2026-09-26.1,rewrite,text:missing_info:במקורות | text:missing_info:לא פורסמו | text:missing_info:לא פורסם | text:missing_info:אין פירוט | text:missing_info:בפרופיל העסק | text:record:ברשומות | text:record:מציין | text:record:שנרשם | text:record:שמופיע | text:record:אין פירוט | text:latin:BB | text:latin:glow
e8e9fa1b-b279-4e8d-b990-f14eb6e652fd,Spa Barak,ירושלים,live,no,no,yes,normal,text_rules,2026-09-26.1,rewrite,text:missing_info:במקורות | text:missing_info:שסופק | text:missing_info:לא צוינו | text:missing_info:לא פורסמו | text:missing_info:לא פורסם | text:missing_info:אין מידע | text:missing_info:אין פירוט | text:missing_info:ללא פירוט | text:record:ברשומות | text:record:המצוינים | text:record:מציין | text:record:שנרשם | text:record:מופיעות | text:record:מתוארים | text:record:ואין פירוט | text:dash:—
25f4f69f-6b66-4a0e-afdf-0e1d32c29658,Sreter Clinic | מרפאת שיניים בירושלים | מומחה לשיקום הפה והשתלות שיניים,ירושלים,live,no,no,yes,normal,text_rules,2026-09-26.1,rewrite,text:missing_info:במקורות | text:missing_info:לא פורסם | text:missing_info:לא נמצאו | text:missing_info:לפי הנתונים | text:record:ברשומות | text:record:מצוין | text:record:מציין | text:record:שנרשמו | text:record:מופיעה
92d830a4-48d1-46da-bce9-d5f4fe286362,Topnail,ירושלים,live,no,no,yes,sparse,text_rules,2026-09-26.1,rewrite,text:missing_info:במקורות | text:missing_info:לא צוינו | text:missing_info:לא פורסמו | text:missing_info:לא פורסם | text:missing_info:אין מידע | text:record:מציין | text:record:נרשמו | text:record:מופיע | text:address:St | text:latin:Bnei | text:latin:Betera | text:latin:St | text:latin:Jerusalem
c3761f3a-db93-4819-8806-4a1429ea64d1,אבישג מכון יופי,ירושלים,live,no,no,yes,normal,text_rules,2026-09-26.1,rewrite,text:missing_info:במקורות | text:missing_info:לא צוינו | text:missing_info:לא זמין | text:missing_info:המידע הזמין | text:missing_info:בכרטיס העסק | text:record:ברשומות | text:record:מצוין | text:record:שנרשמה | text:spelling:המצויין | text:spelling:מצויין
f85fee0c-5b45-4ce2-9fcb-af6900c28068,אור-אלי מאפרת Aurelie make up artist,ירושלים,live,no,no,yes,normal,text_rules,2026-09-26.1,rewrite,text:missing_info:במקורות | text:missing_info:לא פורסמו | text:missing_info:לא פורסם | text:missing_info:אין פירוט | text:record:המצוינת | text:record:מציין | text:record:מופיע | text:record:המתוארים | text:record:אינם מפרטים | text:record:אין פירוט | text:address:St | text:latin:Ha-Rav | text:latin:Yitskhak | text:latin:Abuhav | text:latin:St
2628b9a6-1493-4982-a96b-f4d70d449fcd,אורן הספר,ירושלים,live,no,no,yes,normal,text_rules,2026-09-26.1,rewrite,text:missing_info:במקורות | text:missing_info:לא פורסמו | text:missing_info:המידע הזמין | text:record:ברשומות | text:record:המצוינת | text:record:שנרשמו | text:record:מופיע
cb43953b-db3d-4622-a7cf-e64347a953ed,אלישבע חי לוי - מאפרת ומסרקת בירושלים,ירושלים,live,no,no,yes,sparse,text_rules,2026-09-26.1,rewrite,text:missing_info:במקורות | text:missing_info:אין מידע | text:record:הרשומות | text:record:מצוין | text:record:שנרשמו | text:record:לא מפורטים | text:address:Rd | text:latin:Beit | text:latin:Lehem | text:latin:Rd | text:latin:Jerusalem | text:latin:premises
1d2361c5-6847-4599-a033-d6691d323199,אמירה צדקיהו - קוסמטיקה פרא רפואית מתקדמת,ירושלים,live,no,no,yes,normal,text_rules,2026-09-26.1,rewrite,text:missing_info:במקורות | text:missing_info:לא פורסמו | text:missing_info:אין מידע | text:record:הרשומה | text:record:שמצוין | text:record:מופיע | text:record:המתוארת | text:record:לא מפורטים | text:address:St | text:latin:Shmu'el | text:latin:Tamir | text:latin:Katzenelson | text:latin:St | text:latin:Jerusalem | text:spelling:המצויין | text:spelling:מצויין
6013bc78-dee6-489a-ba18-3cb97249d91d,אניגמה- מרכז לאסתטיקה מתקדמת,ירושלים,live,no,no,yes,normal,text_rules,2026-09-26.1,rewrite,text:missing_info:במקורות | text:missing_info:שסופק | text:missing_info:לא פורסמו | text:missing_info:אין מידע | text:record:ומצוין | text:record:מציין | text:record:שנרשם | text:record:מופיעה | text:address:Boulevard | text:latin:Golda | text:latin:Me'ir | text:latin:Boulevard
e2750265-3eab-4213-9caa-c75c2c1d8354,"אפילוג'יק בע""מ - המרכז לרפואת עור אסתטית",ירושלים,live,no,no,yes,normal,text_rules,2026-09-26.1,rewrite,text:missing_info:במקורות | text:missing_info:לא פורסמו | text:missing_info:אין מידע | text:missing_info:המידע הזמין | text:record:מצוין | text:record:מציינת | text:record:נרשם
fe77c04e-6394-4827-888f-b6aeeb0e84bf,אתי פרץ הסרת שיער בלייזר/ טיפול בפטרת ציפורניים / מחלות עור,ירושלים,live,no,no,yes,normal,text_rules,2026-09-26.1,rewrite,text:missing_info:במקורות | text:missing_info:לא פורסמו | text:missing_info:לא פורסם | text:record:שמצוין | text:record:מציין | text:record:מופיעים | text:address:St | text:latin:Sol | text:latin:Lipchin | text:latin:St | text:spelling:ווטסאפ
0b1b6859-eacd-4f5b-9266-48c86d9eb1ba,אתי קוסמטיקה,ירושלים,live,no,no,yes,normal,text_rules,2026-09-26.1,rewrite,text:missing_info:במקורות | text:missing_info:לא צוינו | text:missing_info:לא פורסם | text:missing_info:אין פירוט | text:record:ברשומה | text:record:המצוינת | text:record:מציינת | text:record:נרשם | text:record:מופיעות | text:record:אין פירוט
49a3dbf3-cbb3-4725-9237-dd2a17675200,בוטיק לטיפולי פנים איפור קבוע,מעלה אדומים,live,no,no,yes,normal,text_rules,2026-09-26.1,rewrite,text:missing_info:במקורות | text:missing_info:לא פורסמו | text:missing_info:לא פורסם | text:missing_info:לפי הנתונים | text:missing_info:המידע הזמין | text:missing_info:בעמוד העסק | text:record:הרשומה | text:record:מצוין | text:record:שמציין | text:record:מופיעה | text:spelling:המצויין | text:spelling:מצויין
fa3023d8-4356-4fbe-af48-e30868fd1ce9,בר מדיקל קליניקה לייזר,ירושלים,live,no,no,yes,rich,text_rules,2026-09-26.1,rewrite,text:missing_info:במקורות | text:missing_info:לא פורסמו | text:missing_info:אין מידע | text:missing_info:הפרופיל כולל | text:missing_info:המידע הזמין | text:record:ברשומה | text:record:מצוינים | text:record:מציינת | text:record:מופיעות | text:address:St | text:latin:Yad | text:latin:Harutsim | text:latin:St | text:latin:Jerusalem
a28725fe-48c2-4c14-8b98-8d6960437d96,"ד""ר אסף סדובסקי מרפאת שיניים בירושלים Dr.Sadovsky Jerusalem Dentist",ירושלים,live,no,no,yes,normal,text_rules,2026-09-26.1,rewrite,text:missing_info:במקורות | text:missing_info:לא צוינו | text:missing_info:לא פורסמו | text:missing_info:לא פורסם | text:missing_info:לפי הנתונים | text:missing_info:המידע הזמין | text:record:ברשומות | text:record:מצוין | text:record:מציין | text:record:שמופיע | text:latin:I-SMILE
842b18c3-aa66-49ab-b837-06be169ee6a2,"ד""ר הלל ברוך - רופא שיניים בירושלים | מומחה בשיקום הפה | השתלות שיניים | ציפוי שיניים",ירושלים,live,no,no,yes,normal,text_rules,2026-09-26.1,rewrite,text:missing_info:במקורות | text:missing_info:לא פורסמו | text:missing_info:אין מידע | text:record:המצוינות | text:record:מציינת | text:record:נרשמה | text:record:לא מפורט | text:spelling:המצויין | text:spelling:מצויין
16989dc3-e8e7-4d1c-a47a-915334f9d54f,"ד""ר צחי שטרק - מרפאת שיניים בירושלים",ירושלים,live,no,no,yes,normal,text_rules,2026-09-26.1,rewrite,text:missing_info:במקורות | text:missing_info:שסופק | text:missing_info:לא פורסמו | text:missing_info:לא פורסם | text:record:מצוין | text:record:מציין | text:record:שמופיע | text:record:מתואר
35b028c4-9a5e-4c4e-a7f6-b257273c9526,דנט פרימיום - מרפאת שיניים ירושלים,ירושלים,live,no,no,yes,sparse,text_rules,2026-09-26.1,rewrite,text:missing_info:במקורות | text:missing_info:שסופק | text:missing_info:לא פורסמו | text:missing_info:המידע הזמין | text:record:מצוינת | text:record:מציינת | text:record:ומופיעה | text:address:St | text:latin:Dorot | text:latin:Rishonim | text:latin:St | text:latin:Jerusalem
1dea3ca4-8bac-433e-9dca-160c879cb2c1,ד”ר דבורה ושלום חסן – מרפאה לאסתטיקה דנטלית והשתלות שיניים בירושלים,ירושלים,live,no,no,yes,normal,text_rules,2026-09-26.1,rewrite,text:missing_info:במקורות | text:missing_info:לא צוינו | text:missing_info:לא פורסמו | text:missing_info:לא פורסם | text:missing_info:על פי הנתונים | text:missing_info:לפי הנתונים | text:missing_info:המידע הזמין | text:record:המצוינים | text:record:מציינים | text:record:מופיעה | text:record:מתוארת
78bbf114-2d47-46a7-9bba-4252fbb2fb86,הילה חדאד - מאפרת כלות וערב | Hila Hadad - Bridal makeup and events,ירושלים,live,no,no,yes,sparse,text_rules,2026-09-26.1,rewrite,text:missing_info:במקורות | text:missing_info:לא צוינו | text:missing_info:לא פורסמו | text:missing_info:לא פורסם | text:missing_info:לא נמצאו | text:missing_info:לפי הנתונים | text:missing_info:הנתונים הזמינים | text:record:הרשומה | text:record:המצוינים | text:record:מופיעות
214c470e-9174-4e51-86d8-a9ecc5b3061c,ולריה יחזקאלי קוסמטיקאית,ירושלים,live,no,no,yes,normal,text_rules,2026-09-26.1,rewrite,text:missing_info:במקורות | text:missing_info:לא פורסמו | text:missing_info:לא נמסר | text:missing_info:המידע הזמין | text:record:המצוינים | text:record:מציין | text:record:נרשמה | text:record:מופיע | text:latin:Hadar | text:latin:Mall | text:spelling:מצויין
d6a7e954-e2af-4296-b003-2b2bb848795d,חן פחימה קוסמטיקאית מומחית בטיפולי אקנה-פיגמנטציה-והסרת שיער בלייזר,מבשרת ציון,live,no,no,yes,normal,text_rules,2026-09-26.1,rewrite,text:missing_info:במקורות | text:missing_info:שסופק | text:missing_info:לא צוינו | text:missing_info:לא פורסמו | text:missing_info:אין פירוט | text:record:ברשומה | text:record:מצוין | text:record:מציין | text:record:שנרשם | text:record:ומופיעה | text:record:תוארה | text:record:שמתוארת | text:record:אין פירוט
29eb68dd-175a-4bd6-b5e8-1d415c5d32d1,טיפולי פנים ועיסויים בירושלים - ספא תמר,ירושלים,live,no,no,yes,sparse,text_rules,2026-09-26.1,rewrite,text:missing_info:במקורות | text:missing_info:לא צוינו | text:missing_info:לא פורסמו | text:missing_info:לא פורסם | text:missing_info:ללא פירוט | text:missing_info:המידע הזמין | text:record:הרשומה | text:record:שמצוינים | text:record:שנרשמו | text:record:מופיע | text:address:St | text:latin:Keren | text:latin:HaYesod | text:latin:St | text:latin:Jerusalem
7230e850-bb77-4681-8db3-ffd47d85a398,יואל צרפתי סניף מבשרת ציון,מבשרת ציון,live,no,no,yes,normal,text_rules,2026-09-26.1,rewrite,text:missing_info:במקורות | text:missing_info:לא פורסמו | text:missing_info:לא פורסם | text:record:מציין | text:record:מופיעים | text:address:St | text:latin:Ha-Zamir | text:latin:St | text:latin:Mevaseret | text:latin:Zion | text:latin:philip | text:latin:martins
50c90361-319d-4fed-8478-c71d541d62a7,יעלת חן מכון יופי וקוסמטיקה רפואית - מבית יפה לארי,ירושלים,live,no,no,yes,normal,text_rules,2026-09-26.1,rewrite,text:missing_info:במקורות | text:missing_info:שסופק | text:missing_info:לא צוינו | text:missing_info:לא פורסמו | text:missing_info:ללא פירוט | text:record:רשומה | text:record:שמצוינים | text:record:מציין | text:record:נרשמה | text:record:מופיעים
dbc5b2ce-0d31-4cdb-914a-2bc2b4b7c862,ליאת ועקנין | Liat Vaknin | Advanced Skin Solutions,מבשרת ציון,live,no,no,yes,normal,text_rules,2026-09-26.1,rewrite,text:missing_info:במקורות | text:missing_info:לא פורסמו | text:missing_info:טרם עודכן | text:record:מופיעים | text:address:St | text:latin:Sheshet | text:latin:ha-Yamim | text:latin:St | text:latin:Mevaseret | text:latin:Zion
b4d58d2b-ce08-4bf2-8047-a4fcfa856522,ליאת לב אסתטיקה,מעלה אדומים,live,no,no,yes,sparse,text_rules,2026-09-26.1,rewrite,text:missing_info:במקורות | text:missing_info:שסופק | text:missing_info:לא פורסמו | text:missing_info:לא פורסם | text:record:ברשומות | text:record:מצוינים | text:record:שנרשם | text:record:מופיעים | text:record:אינו מפרט | text:address:St | text:latin:Avnei | text:latin:ha-Khoshen | text:latin:St
93990464-2803-4326-a2bb-0d46526ccfda,מאק מלחה ירושלים,ירושלים,live,no,no,yes,normal,text_rules,2026-09-26.1,rewrite,text:missing_info:במקורות | text:missing_info:שסופק | text:missing_info:לא צוינו | text:missing_info:לא פורסמו | text:missing_info:לא פורסם | text:record:מצוין | text:record:מציינים | text:record:נרשמה | text:address:St | text:latin:MAC | text:latin:Malcha | text:latin:Shopping | text:latin:Mall | text:latin:Agudat | text:latin:St | text:latin:Jerusalem
7a8f02e4-85f2-4b41-88a9-f460590fa13e,מוטי מספרה,ירושלים,live,no,no,yes,rich,text_rules,2026-09-26.1,rewrite,text:missing_info:במקורות | text:missing_info:לא צוין | text:record:ברשומות | text:record:ומצוינת | text:record:שנרשמו | text:record:מופיעים | text:spelling:מצויין
c1e13fb3-6bfc-4674-8a89-c872fa44d0f5,מינה קוסמטיקה,ירושלים,live,no,no,yes,sparse,text_rules,2026-09-26.1,rewrite,text:missing_info:במקורות | text:missing_info:לא פורסמו | text:missing_info:לא פורסם | text:missing_info:לא נמצאו | text:missing_info:אין מידע | text:record:ברשומות | text:record:מציין | text:record:נרשם | text:record:מופיע | text:address:St | text:latin:Shamgar | text:latin:St | text:latin:Jerusalem | text:spelling:המצויין | text:spelling:מצויין
0dc1fd40-ab55-4528-866c-3e876e5e9427,מכון יופי | Hei5 Beauty Salon,ירושלים,live,no,no,yes,normal,text_rules,2026-09-26.1,rewrite,text:missing_info:במקורות | text:missing_info:לא צוינו | text:missing_info:לא צוין | text:missing_info:לא פורסם | text:missing_info:בעמוד העסק | text:missing_info:בפרופיל העסק | text:record:ברשומת | text:record:מצוין | text:record:מציין | text:record:נרשמו | text:record:מופיע
e06daae3-5c72-427a-9d21-b9917f05b480,מספרה - אנה עיצוב שיער | парикмахерский салон - Анна дизайнер волос,ירושלים,live,no,no,yes,normal,text_rules,2026-09-26.1,rewrite,text:missing_info:במקורות | text:missing_info:לא פורסמו | text:missing_info:לא פורסם | text:missing_info:לא ידוע | text:missing_info:אין פירוט | text:record:הרשומה | text:record:מצוין | text:record:ומציין | text:record:נרשם | text:record:מופיעות | text:record:מתואר | text:record:אין פירוט | text:address:St | text:latin:Yitskhak | text:latin:Tunik | text:latin:St | text:spelling:מצויין
bc94376e-35f3-4623-b660-b8e79b57d33a,"מספרה, עיצוב שיער ומכון יופי ""גזום"" ""Hair style & beauty salon ""Gazoom",ירושלים,live,no,no,yes,normal,text_rules,2026-09-26.1,rewrite,text:missing_info:במקורות | text:missing_info:שסופק | text:missing_info:לא פורסמו | text:missing_info:לא פורסם | text:missing_info:בעמוד העסק | text:record:ברשומה | text:record:ומציינת | text:record:מופיע
19096f4f-5b3a-44b3-8e83-ab0bc6d15122,מספרת לידיה,ירושלים,live,no,no,yes,normal,text_rules,2026-09-26.1,rewrite,text:missing_info:לא צוינו | text:missing_info:לא פורסם | text:record:הרשומה | text:record:המצוינים | text:record:מציין | text:record:נרשם | text:record:מופיעה | text:address:St | text:latin:Mordehai | text:latin:A'liash | text:latin:St
28587492-543a-45a9-bca3-440c068d896e,מרים ללוש ירושלים,ירושלים,live,no,no,yes,normal,text_rules,2026-09-26.1,rewrite,text:missing_info:במקורות | text:missing_info:לא פורסם | text:record:ברשומה | text:record:המצוינים | text:record:שנרשם | text:record:מופיע
2bd73be2-df4d-4e03-95bf-02a585ae7ca4,"מרפאות שיניים ד""ר אברהם ד""ר יצחק מושיחוב",ירושלים,live,no,no,yes,normal,text_rules,2026-09-26.1,rewrite,text:missing_info:במקורות | text:missing_info:לא צוינו | text:missing_info:לא צוין | text:missing_info:לא פורסמו | text:missing_info:לא פורסם | text:missing_info:אין מידע | text:missing_info:לא זמין | text:missing_info:בפרופיל זה | text:missing_info:בפרופיל העסק | text:record:ברשומה | text:record:מציינת | text:record:ומופיעות | text:record:המתוארים | text:latin:bookingOnline
e81102a8-cd8f-42b8-a845-2ead01fa18c4,"מרפאת שיניים בירושלים - ד""ר איתן אוראל - מומחה לשיקום הפה אסתטיקה והשתלות",ירושלים,live,no,no,yes,normal,text_rules,2026-09-26.1,rewrite,text:missing_info:במקורות | text:missing_info:לא צוינו | text:missing_info:אין פירוט | text:record:שמצוינים | text:record:מציין | text:record:שנרשם | text:record:מופיעים | text:record:אין פירוט
8e6eff31-276a-4d9a-942b-f3b7479562d2,מרפאת שיניים בירושלים ד''ר סטלה הייזלר - שיקום הפה | ציפוי שיניים | השתלות שיניים ושתלים דנטליים,ירושלים,live,no,no,yes,rich,text_rules,2026-09-26.1,rewrite,text:missing_info:במקורות | text:missing_info:לא פורסמו | text:missing_info:לא פורסם | text:record:המצוינים | text:record:נרשמים | text:record:מופיעים | text:address:St | text:latin:HaTnufa | text:latin:St
6228dece-b922-4389-beea-2d8dcab90fe0,נחום צבי מספרה,מבשרת ציון,live,no,no,yes,normal,text_rules,2026-09-26.1,rewrite,text:missing_info:במקורות | text:missing_info:לא פורסמו | text:missing_info:לא פורסם | text:missing_info:אין פירוט | text:missing_info:המידע הזמין | text:missing_info:בפרופיל העסק | text:record:מצוין | text:record:שמציין | text:record:אין פירוט | text:dash:—
da72002e-ef40-436b-a5de-d5a803176f1d,נטלי טיפולי אסתטיקה מתקדמים,ירושלים,live,no,no,yes,normal,text_rules,2026-09-26.1,rewrite,text:missing_info:במקורות | text:missing_info:במידע שנבדק | text:missing_info:שסופק | text:missing_info:לא פורסמו | text:missing_info:לא פורסם | text:missing_info:אין פירוט | text:missing_info:ללא פירוט | text:record:ברשומות | text:record:מצוין | text:record:מציין | text:record:נרשמו | text:record:מופיעים | text:record:אינו מפרט | text:record:אין פירוט | text:address:St | text:latin:Beit | text:latin:HaKerem | text:latin:St | text:latin:Jerusalem | text:spelling:המצויין | text:spelling:מצויין
c68541b2-741c-41d7-b6df-8930807aeded,נייל בר מכון יופי • קניון הראל מבשרת ציון,מבשרת ציון,live,no,no,yes,normal,text_rules,2026-09-26.1,rewrite,text:missing_info:במקורות | text:missing_info:לא פורסמו | text:missing_info:לא פורסם | text:missing_info:אין מידע | text:record:מצוין | text:record:מציין | text:record:שנרשם | text:record:מופיעות | text:record:המתוארת | text:latin:предлагает
1cfc12aa-e4b5-461a-a497-41038c87ffed,נינה מאר - קוסמטיקה טבעית מתקדמת,ירושלים,live,no,no,yes,sparse,text_rules,2026-09-26.1,rewrite,text:missing_info:במקורות | text:missing_info:שסופק | text:missing_info:לא פורסמו | text:missing_info:לא פורסם | text:missing_info:אין פירוט | text:record:שמצוינים | text:record:מציין | text:record:המתוארת | text:record:אין פירוט | text:address:St | text:latin:Yosef | text:latin:Rivlin | text:latin:St | text:latin:Jerusalem | text:spelling:מצויין
91a1118d-d90b-40a9-94fc-7b0c3c36fe11,"סגול - מרפאת שיניים לילדים ומבוגרים, טיפולים פרטיים",מעלה אדומים,live,no,no,yes,normal,text_rules,2026-09-26.1,rewrite,text:missing_info:במקורות | text:missing_info:לא צוינו | text:missing_info:לא פורסמו | text:missing_info:לא פורסם | text:missing_info:המידע הזמין | text:record:ברשומות | text:record:המצוינות | text:record:שמציינת | text:record:שנרשמו | text:record:מופיעים
93d21a92-49c4-43b6-bb70-afca304f5a68,ספארקל,ירושלים,live,no,no,yes,sparse,text_rules,2026-09-26.1,rewrite,text:missing_info:במקורות | text:missing_info:לא פורסמו | text:missing_info:אין מידע | text:missing_info:בפרופיל העסק | text:record:מופיע
8a11633e-439d-4131-8978-9909f8f2969f,ערן לוי ספר,ירושלים,live,no,no,yes,normal,text_rules,2026-09-26.1,rewrite,text:missing_info:במקורות | text:missing_info:לא פורסמו | text:missing_info:בעמוד העסק | text:missing_info:בפרופיל העסק | text:record:רשומות | text:record:מצוין | text:record:מציינות | text:record:שנרשמו | text:record:מופיעה
085b6a39-9a43-414f-ba1c-aaa22eb6e63c,פרסי קוסמטיקה - ירושלים,ירושלים,live,no,no,yes,rich,text_rules,2026-09-26.1,rewrite,text:missing_info:במקורות | text:missing_info:לא צוינו | text:missing_info:לא פורסמו | text:missing_info:לא פורסם | text:record:רשומות | text:record:מצוין | text:record:מציינת | text:record:נרשמו | text:record:מתוארת | text:dash:—
7898a0cc-0647-42f0-a31f-337f1c2d57cc,קוסמטיקאית קלינית בירושלים | אליס המרכז לטיפולים קוסמטיים,ירושלים,live,no,no,yes,rich,text_rules,2026-09-26.1,rewrite,text:missing_info:במקורות | text:missing_info:לא פורסמו | text:missing_info:לא פורסם | text:missing_info:אין פירוט | text:record:הרשומה | text:record:המצוינת | text:record:מציינת | text:record:שנרשמה | text:record:מופיע | text:record:אין פירוט | text:address:St | text:latin:Yehoshua | text:latin:Bitsur | text:latin:St
30b9e9c0-c0c5-4a53-b2a6-a31bf6309dcf,רבקי בלאו קוסמטיקה Rivky Blau,ירושלים,live,no,no,yes,rich,text_rules,2026-09-26.1,rewrite,text:missing_info:במקורות | text:missing_info:שסופק | text:missing_info:לא צוינו | text:missing_info:לא פורסמו | text:missing_info:לא פורסם | text:missing_info:אין פירוט | text:record:ברשומות | text:record:מצוין | text:record:מציין | text:record:נרשמו | text:record:מופיע | text:record:אין פירוט | text:spelling:מצויין
62003c87-a1df-4e38-b917-7b5ca6c8c797,רחלי זלץ טיפולי פנים מתקדמים,ירושלים,live,no,no,yes,sparse,text_rules,2026-09-26.1,rewrite,text:missing_info:במקורות | text:missing_info:שסופק | text:missing_info:לא צוינו | text:missing_info:לא פורסמו | text:missing_info:לא נמצאו | text:missing_info:המידע הזמין | text:record:רשומות | text:record:מצוין | text:record:מציינים | text:record:נרשמה | text:record:ומופיע | text:record:שמתוארים | text:record:אינו מפרט | text:latin:Mevo | text:latin:HaTsori | text:latin:Jerusalem | text:spelling:מצויין
3c186741-2dd0-4bd5-bb4a-7299a94b27d3,שרה בנטולילה הרבה מעבר ליופי,מבשרת ציון,live,no,no,yes,normal,text_rules,2026-09-26.1,rewrite,text:missing_info:במקורות | text:missing_info:לא פורסמו | text:missing_info:לא נמסר | text:missing_info:לא זמין | text:missing_info:המידע הזמין | text:record:ברשומות | text:record:המצוינת | text:record:מציינת | text:record:נרשמה | text:record:מופיעה | text:latin:SP | text:latin:SYSTEM | text:spelling:מצויין | text:spelling:ווטסאפ
f7c9300a-6cfe-4ef3-9f92-c345ce456556,תמר חן - קוסמטיקאית רפואית,ירושלים,live,no,no,yes,normal,text_rules,2026-09-26.1,rewrite,text:missing_info:במקורות | text:missing_info:לא צוינו | text:missing_info:לא פורסם | text:missing_info:אין פירוט | text:missing_info:המידע הזמין | text:record:הרשומות | text:record:מצוין | text:record:שמציין | text:record:שמופיעה | text:record:אינם מפרטים | text:record:אין פירוט | text:address:St | text:latin:Avnei | text:latin:ha-Khoshen | text:latin:St | text:latin:Jerusalem
05e5d539-54eb-41e2-a3a5-0357b91cfa8c,"""Valery Secret"" ולרי סיקרט - קליניקה ואקדמיה לטיפולים קוסמטיים ורפואיים‬‎",רחובות,live,no,no,yes,rich,text_rules,2026-09-26.1,rewrite,text:missing_info:במקורות | text:missing_info:לא פורסמו | text:missing_info:המידע הזמין | text:record:שמצוינים | text:record:מציין | text:record:מופיעים
f3c5dd83-360f-458e-b302-3f43c8ac252e,Duet Family,רחובות,live,no,no,yes,normal,text_rules,2026-09-26.1,rewrite,text:missing_info:במקורות | text:missing_info:שסופק | text:missing_info:לא צוינו | text:missing_info:לא פורסמו | text:missing_info:לא פורסם | text:missing_info:לא נמצאו | text:missing_info:לא נמסר | text:record:הרשומה | text:record:המצוינים | text:record:מציינים | text:record:נרשמה | text:record:מופיעה | text:address:St | text:latin:Israel | text:latin:Teller | text:latin:St | text:spelling:ווטסאפ
62d946fd-3bbc-4bfc-a895-3dced0660ce2,Efrat Cosmetics,רחובות,live,no,no,yes,sparse,text_rules,2026-09-26.1,rewrite,text:missing_info:במקורות | text:missing_info:לא צוינו | text:missing_info:לא פורסם | text:missing_info:לא נמסר | text:missing_info:אין פירוט | text:missing_info:המידע הזמין | text:record:רשומה | text:record:המצוינים | text:record:מציינים | text:record:נרשם | text:record:מופיעים | text:record:מתואר | text:record:אין פירוט
c491e952-e97a-4f4e-9cf6-d02a340749ca,Hadar nails | | הסרת שיער | לק ג'ל | פדיקור | ציפורן חודרנית | פדיקור טיפולי | פדיקור לגברים | שעווה | שעווה לפנים,רחובות,live,no,no,yes,normal,text_rules,2026-09-26.1,rewrite,text:missing_info:במקורות | text:missing_info:לא צוינו | text:missing_info:לא פורסמו | text:missing_info:לא פורסם | text:missing_info:אין מידע | text:missing_info:לא נמסר | text:record:המצוינים | text:record:מציינים | text:record:נרשמו | text:record:מופיעים | text:address:St | text:latin:Ha-Nevi'im | text:latin:St
8afa9d11-2f8d-47a5-884d-839edb6be5bc,Hamam Spa Raphael,רחובות,live,no,no,yes,normal,text_rules,2026-09-26.1,rewrite,text:missing_info:במקורות | text:missing_info:לא צוינו | text:missing_info:לא פורסמו
44571512-39d9-432f-b704-052de5f583ad,Ilana Nails - ציפורניים לק ג׳ל,רחובות,live,no,no,yes,normal,text_rules,2026-09-26.1,rewrite,text:missing_info:במקורות | text:missing_info:שסופק | text:missing_info:לא צוינו | text:missing_info:לא פורסמו | text:missing_info:המידע הזמין | text:record:ברשומות | text:record:שנרשם | text:record:מופיעים | text:address:St | text:latin:Ben | text:latin:Tsiyon | text:latin:Fogel | text:latin:St | text:spelling:מצויין | text:spelling:ווטסאפ
79a3e972-7790-409b-b609-74c024ac2458,L.A Aesthetics - קליניקה מתקדמת לרפואה אסתטית ד״ר עמית ליבוביץ׳,נס ציונה,live,no,no,yes,rich,text_rules,2026-09-26.1,rewrite,text:missing_info:במקורות | text:missing_info:לא פורסמו | text:record:המצוינים | text:record:מופיע | text:record:מתואר
e1a9d50c-dcc5-4fbe-9a1d-daa8a1b6dff1,Liel Itzhaki • Face & Skin Care,רחובות,live,no,no,yes,sparse,text_rules,2026-09-26.1,rewrite,text:missing_info:במקורות | text:missing_info:לא פורסמו | text:missing_info:לא פורסם | text:missing_info:אין מידע | text:missing_info:אין פירוט | text:record:ברשומה | text:record:מצוינת | text:record:שנרשם | text:record:ומופיע | text:record:אינם מפרטים | text:record:אין פירוט | text:address:St | text:latin:Moti | text:latin:Kind | text:latin:St | text:latin:Rehovot | text:spelling:המצויין | text:spelling:מצויין
0cf10daa-6231-4464-af2f-0c9dad0bdec7,Limor Cosmetics,רחובות,live,no,no,yes,rich,text_rules,2026-09-26.1,rewrite,text:record:מצוינים | text:record:מציינת | text:record:מופיעות
3e75a41a-03f3-4d98-8a56-21a89a4c7225,Liv Beauty Academy,רחובות,live,no,no,yes,normal,text_rules,2026-09-26.1,rewrite,text:missing_info:במקורות | text:missing_info:לא פורסמו | text:missing_info:אין מידע | text:missing_info:אין פירוט | text:missing_info:לפי הנתונים | text:missing_info:המידע הזמין | text:record:מצוין | text:record:מציינים | text:record:נרשמה | text:record:שמופיע | text:record:אין פירוט | text:address:St | text:latin:Herzl | text:latin:St | text:spelling:מצויין
9814d9be-8073-4222-a5c2-2482f08a1d3a,NK Beauty Lounge,רחובות,live,no,no,yes,normal,text_rules,2026-09-26.1,rewrite,text:missing_info:במקורות | text:missing_info:לא פורסמו | text:record:ברשומות | text:record:המצוינות | text:record:מציינים | text:record:שמופיעים | text:record:מתואר | text:address:St | text:latin:HydraFacial | text:latin:HaAluf | text:latin:Yaakov | text:latin:Peri | text:latin:St
736ea499-991d-470b-af2e-bd051277db68,Perfection - Tanning and Beauty Boutique,רחובות,live,no,no,yes,sparse,text_rules,2026-09-26.1,rewrite,text:missing_info:במקורות | text:missing_info:לא פורסמו | text:missing_info:לא פורסם | text:missing_info:לא נמצאו | text:missing_info:אין מידע | text:record:שמצוין | text:record:מציינות | text:record:נרשמה | text:record:שמופיע | text:address:St | text:latin:Beit | text:latin:ha-Po'alim | text:latin:St | text:latin:Rehovot
967798ad-a15f-4fa3-903a-791e623c5993,Smile Center Dental Clinic Dr. David Attia,רחובות,live,no,no,yes,rich,text_rules,2026-09-26.1,rewrite,text:missing_info:במקורות | text:missing_info:לא צוין | text:missing_info:לא פורסם | text:record:שמצוינים | text:record:מציין | text:record:שנרשם | text:record:מופיעים | text:record:שמתואר | text:record:לא מפורטים
1fb9c05f-5135-47f9-99d7-f7be941bdb74,Stella Beauty,רחובות,live,no,no,yes,rich,text_rules,2026-09-26.1,rewrite,text:missing_info:במקורות | text:missing_info:לא פורסמו | text:missing_info:לא פורסם | text:missing_info:לא נמסר | text:record:ברשומות | text:record:מציינת | text:record:מופיעה
d95544c9-60e5-45b2-bdac-06abd65ffea8,"Svetlana Iskhakov - סלון יופי, קוסמטיקה וטיפולים משלימים",רחובות,live,no,no,yes,rich,text_rules,2026-09-26.1,rewrite,text:missing_info:במקורות | text:missing_info:לא צוינו | text:missing_info:לא פורסמו | text:missing_info:לא פורסם | text:record:מצוין | text:record:מציינים | text:record:ונרשם | text:record:שמופיעים | text:record:מתוארת | text:latin:vacuum | text:latin:RF | text:latin:IPL | text:dash:— | text:spelling:מצויין
94e895c7-7082-4699-ab4a-bbe8c646ab31,Tom Goldin MEN Salon@Beauty -טום גולדין,נס ציונה,live,no,no,yes,normal,text_rules,2026-09-26.1,rewrite,text:missing_info:לא צוינו | text:missing_info:לא פורסמו | text:missing_info:המידע הזמין | text:record:ברשומות | text:record:מצוינים | text:record:מציינת | text:record:מופיעים | text:record:לא מפורטים | text:spelling:המצויין | text:spelling:מצויין | text:spelling:ווטסאפ
e3743894-d945-47aa-8be5-e1b6794064b7,abiglam,רחובות,live,no,no,yes,rich,text_rules,2026-09-26.1,rewrite,text:missing_info:במקורות | text:missing_info:שסופק | text:missing_info:לא צוינו | text:missing_info:הפרופיל כולל | text:missing_info:לא נמסר | text:missing_info:אין פירוט | text:missing_info:לא זמין | text:record:רשומות | text:record:מצוין | text:record:מציינים | text:record:מופיעים | text:record:אין פירוט | text:address:St | text:latin:Moti | text:latin:Kind | text:latin:St | text:latin:bookingOnline | text:spelling:ווטסאפ
2800d02f-40a7-47ab-8cfa-486fbe2e5775,sk קוסמטיקה מתקדמת ופדיקור רפואי,רחובות,live,no,no,yes,rich,text_rules,2026-09-26.1,rewrite,text:missing_info:במקורות | text:missing_info:שסופק | text:missing_info:לא צוינו | text:missing_info:לא פורסמו | text:record:הרשומה | text:record:המצוינות | text:record:שנרשמו | text:record:מופיעים | text:record:מתוארים | text:address:St | text:latin:Aharon | text:latin:Eisenberg | text:latin:St | text:latin:Rehovot | text:latin:premises
a2d77ce0-e0e7-4ee9-9bc7-4f1c6cc51dc6,איילת שבתאי מאפרת ומסרקת כלות וערב,רחובות,live,no,no,yes,normal,text_rules,2026-09-26.1,rewrite,text:missing_info:במקורות | text:missing_info:שסופק | text:missing_info:לא פורסמו | text:missing_info:לא פורסם | text:record:המצוינים | text:record:נרשמה | text:record:מופיע | text:address:Derekh | text:latin:Derekh | text:latin:Yavne | text:spelling:מצויין
de2484af-3b05-444a-8ab2-0bb0c9890d1b,איפור קבוע לימור לוין,רחובות,live,no,no,yes,normal,text_rules,2026-09-26.1,rewrite,text:missing_info:במקורות | text:missing_info:לא פורסמו | text:missing_info:בעמוד העסק | text:missing_info:בפרופיל העסק | text:record:המצוינות | text:record:מציינים | text:record:מופיעים
a744997d-ef19-4d22-94ae-59f854aa8e2c,איריס פרחן - איריס ניילס - לק ג'ל ונליסה ריו קויו Iris Nails | VENALISA KOYO RIO,רחובות,live,no,no,yes,rich,text_rules,2026-09-26.1,rewrite,text:missing_info:במקורות | text:missing_info:לא צוינו | text:missing_info:לא פורסם | text:record:שמצוין
9a6aa3be-ed73-4203-b622-a45fa327d4d5,אתי ניילס - אקדמיה לאיפור קבוע ועיצוב גבות,רחובות,live,no,no,yes,normal,text_rules,2026-09-26.1,rewrite,text:missing_info:במקורות | text:missing_info:שסופק | text:missing_info:לא צוינו | text:missing_info:לא פורסם | text:missing_info:לא נמסר | text:missing_info:אין פירוט | text:missing_info:בעמוד העסק | text:record:המצוינות | text:record:מציין | text:record:מופיעה | text:record:אין פירוט
62d6bd5e-9343-446f-a948-83553b547228,ולריה חייפץ - קוסמטיקאית מוסמכת ומכשור מתקדם ברחובות,רחובות,live,no,no,yes,sparse,text_rules,2026-09-26.1,rewrite,text:missing_info:במקורות | text:missing_info:שסופק | text:missing_info:לא צוינו | text:missing_info:לא פורסם | text:missing_info:אין פירוט | text:missing_info:המידע הזמין | text:missing_info:בפרופיל העסק | text:record:ברשומות | text:record:מצוין | text:record:מופיע | text:record:שמתוארים | text:record:אין פירוט
b407da08-c1a5-4c4b-a6a2-23c92815a3e3,חן קוסמטיקס,נס ציונה,live,no,no,yes,normal,text_rules,2026-09-26.1,rewrite,text:missing_info:במקורות | text:missing_info:לא פורסמו | text:record:רשומה | text:record:שמצוינים | text:record:מופיע | text:record:המתוארים | text:latin:KB | text:latin:Pure | text:latin:Biofor | text:latin:Dermalosophy
6dab8714-8bfd-4ef0-b4dd-cb2f16104c4c,"טיפול פנים, קוסמטיקה, קוסמטיקאית - מיכל לוי",רחובות,live,no,no,yes,normal,text_rules,2026-09-26.1,rewrite,text:missing_info:במקורות | text:missing_info:לא פורסמו | text:missing_info:לא פורסם | text:missing_info:בעמוד העסק | text:record:המצוינים | text:record:מציין | text:record:מופיעים
d89a4304-f973-40b2-af6f-50205bc1e795,טליה דגן קוסמטיקה roof top (רחובות),רחובות,live,no,no,yes,normal,text_rules,2026-09-26.1,rewrite,text:missing_info:לא צוינו | text:missing_info:לא פורסמו | text:missing_info:אין מידע | text:missing_info:בפרופיל העסק | text:record:ברשומה | text:record:מצוין | text:record:מציין | text:record:שנרשמה | text:record:ומופיעה | text:latin:EMS | text:latin:RF | text:spelling:ווטסאפ
2b6149cd-c0ca-435a-b5c7-2c86088d40bb,יואל - אומנות השיער,רחובות,live,no,no,yes,normal,text_rules,2026-09-26.1,rewrite,text:missing_info:במקורות | text:missing_info:לא צוינו | text:missing_info:לא פורסמו | text:missing_info:אין פירוט | text:record:ברשומות | text:record:המצוינת | text:record:ומופיע | text:record:שאין פירוט | text:record:לא מפורטים | text:spelling:מצויין
aba6a12f-eb4a-4582-a934-19bb2ae2ba55,"יערה וקיים מאפרת | עיצוב שיער - תסרוקות | תספורות | צבע גוונים ברחובות. ""להדגיש את היופי שבך""",רחובות,live,no,no,yes,normal,text_rules,2026-09-26.1,rewrite,text:missing_info:במקורות | text:missing_info:לא צוינו | text:missing_info:לא פורסמו | text:record:המצוינת | text:record:מציינים | text:record:ונרשמה | text:record:מופיעות | text:record:מתואר
35849ef4-d0a0-4381-8641-e5ced99ed3a1,כרמי קוסמטיקה רפואית,רחובות,live,no,no,yes,normal,text_rules,2026-09-26.1,rewrite,text:missing_info:במקורות | text:missing_info:שסופק | text:missing_info:לא צוינו | text:missing_info:לא פורסמו | text:missing_info:לא פורסם | text:missing_info:המידע הזמין | text:missing_info:בפרופיל העסק | text:record:מופיעה | text:address:St | text:latin:Bilu | text:latin:St | text:latin:Rehovot | text:spelling:ווטסאפ
4d562b29-df0b-4422-a0cc-dc59fa59275b,ליאת דנינו- מרכז לאסתטיקה|Liat Danino Aesthetics center,רחובות,live,no,no,yes,normal,text_rules,2026-09-26.1,rewrite,text:missing_info:במקורות | text:missing_info:לא פורסם | text:missing_info:לא נמסר | text:missing_info:המידע הזמין | text:missing_info:בעמוד העסק | text:record:ברשומות | text:record:מצוין | text:record:נרשמה | text:record:שמופיעים
0a762856-0b16-4a4d-b391-95cbd08c37f8,מירב וחן הכרמלי טיפולים קוסמטיים,רחובות,live,no,no,yes,sparse,text_rules,2026-09-26.1,rewrite,text:missing_info:במקורות | text:missing_info:לא צוינו | text:missing_info:לא פורסמו | text:missing_info:לא פורסם | text:missing_info:אין מידע | text:missing_info:בעמוד העסק | text:missing_info:בפרופיל העסק | text:record:הרשומה | text:record:שמצוין | text:record:שנרשמו | text:record:ומופיעה | text:record:אינו מפרט | text:record:לא מפורטים | text:address:St | text:latin:Moti | text:latin:Kind | text:latin:St | text:latin:Rehovot | text:spelling:המצויין | text:spelling:מצויין
ec9b02d2-61e6-4391-940c-331456759e95,מכון יופי - NINA style salon - נינה סטייל סלון,רחובות,live,no,no,yes,sparse,text_rules,2026-09-26.1,rewrite,text:missing_info:במקורות | text:missing_info:לא צוינו | text:missing_info:לא פורסמו | text:missing_info:לא פורסם | text:record:שמופיעה | text:address:St | text:latin:Herzl | text:latin:St | text:latin:Rehovot
f1182006-bc8b-4245-b3b9-2b870a44cb97,מרכז רפואי מדילי,רחובות,live,no,no,yes,normal,text_rules,2026-09-26.1,rewrite,text:missing_info:במקורות | text:missing_info:שסופק | text:missing_info:לא צוינו | text:missing_info:לא פורסמו | text:missing_info:לא פורסם | text:missing_info:תיאור זה | text:missing_info:בתיאור זה | text:record:הרשומה | text:record:מצוין | text:record:ומציין | text:record:שנרשם | text:record:מופיעים | text:record:מתואר | text:address:St | text:latin:Yehuda | text:latin:Halevi | text:latin:St
74724c13-7499-445a-a81a-59be444dd89f,מרפאת ד״ר נייזוב | מרפאת שיניים ברחובות,רחובות,live,no,no,yes,rich,text_rules,2026-09-26.1,rewrite,text:missing_info:במקורות | text:missing_info:במידע שנבדק | text:missing_info:לא צוינו | text:missing_info:לא פורסם | text:record:המצוינים | text:record:מציינת | text:record:נרשמו | text:record:מופיעים | text:dash:– | text:spelling:מצויין
0d7324b6-c9f0-449f-bb7a-2cfe6954ef42,נורית בן נתן - בניית ציפורניים ברחובות,רחובות,live,no,no,yes,normal,text_rules,2026-09-26.1,rewrite,text:missing_info:במקורות | text:missing_info:לא צוינו | text:missing_info:לא צוין | text:missing_info:לא פורסם | text:missing_info:אין מידע | text:missing_info:המידע הזמין | text:record:הרשומה | text:record:ומצוין | text:record:מציינת | text:record:שנרשמו | text:record:שמופיעים | text:spelling:המצויין | text:spelling:מצויין
749c9b92-04c4-4187-9846-724ac681c48f,סיל לייזר,נס ציונה,live,no,no,yes,sparse,text_rules,2026-09-26.1,rewrite,text:missing_info:במקורות | text:missing_info:שסופק | text:missing_info:לא צוינו | text:missing_info:לא פורסמו | text:missing_info:לא פורסם | text:missing_info:לא נמצאו | text:record:המצוינים | text:record:מציין | text:record:שנרשם | text:record:מופיע | text:address:St | text:latin:HaBanim | text:latin:St | text:latin:Ness | text:latin:Ziona
c504d2c7-8339-469c-8ba3-4f5b03bc4009,סמדר קוסמטיקה רפואית,רחובות,live,no,no,yes,normal,text_rules,2026-09-26.1,rewrite,text:missing_info:במקורות | text:missing_info:שסופק | text:missing_info:לא פורסמו | text:missing_info:לא פורסם | text:missing_info:אין מידע | text:missing_info:אין פירוט | text:missing_info:לפי הנתונים | text:record:ברשומה | text:record:מציין | text:record:נרשמו | text:record:מופיעים | text:record:מתוארים | text:record:אינה מפרטת | text:record:אין פירוט | text:latin:IPL
e792e14a-0e6e-4ecd-a224-2a5b310d697a,עיצוב שיער יניב קלימי,רחובות,live,no,no,yes,normal,text_rules,2026-09-26.1,rewrite,text:missing_info:במקורות | text:missing_info:לא צוינו | text:missing_info:לא פורסמו | text:missing_info:לא פורסם | text:missing_info:אין פירוט | text:record:הרשומה | text:record:מציינת | text:record:שמופיעה | text:record:אין פירוט | text:record:לא מפורטים | text:address:St | text:latin:Herzl | text:latin:St | text:latin:Rehovot | text:spelling:ווטסאפ
c24e37c8-c89c-4577-b88b-08895591589c,ציפורניים - אבי שגיא - קליניקה בריאותית לציפורניים,רחובות,live,no,no,yes,normal,text_rules,2026-09-26.1,rewrite,text:missing_info:שסופק | text:record:ברשומות | text:record:המצוינים | text:record:מציין | text:record:נרשמו | text:record:מופיעים | text:record:המתואר | text:address:St | text:latin:Moshe | text:latin:Forer | text:latin:St | text:spelling:ווטסאפ
a768b956-706d-47b1-84bc-4b990670a642,קוסמטיקאית ברחובות סיגל שבו מומחית לפתרון בעיות עור,רחובות,live,no,no,yes,rich,text_rules,2026-09-26.1,rewrite,text:missing_info:במקורות | text:missing_info:לא צוינו | text:missing_info:לא פורסמו | text:record:מצוין | text:record:מציין | text:record:שנרשם | text:record:מופיע
bb3d7841-67cc-47c7-a9ff-86224e1ac302,קוסמטיקאית רחובות טליה בן עטר,רחובות,live,no,no,yes,rich,text_rules,2026-09-26.1,rewrite,text:missing_info:במקורות | text:missing_info:לא צוינו | text:missing_info:לא פורסמו | text:missing_info:לא פורסם | text:missing_info:בפרופיל העסק | text:record:מופיע | text:spelling:מצויין
93538dfa-3813-4695-b1b5-141b40af6d54,קוסמטיקה.טיפוח.טבעי & מיקרובליידינג. איפור קבוע אורגני,רחובות,live,no,no,yes,normal,text_rules,2026-09-26.1,rewrite,text:missing_info:במקורות | text:missing_info:לא צוינו | text:missing_info:לא צוין | text:missing_info:לא פורסמו | text:missing_info:לא פורסם | text:missing_info:על פי הנתונים | text:missing_info:בפרופיל העסק | text:record:ברשומת | text:record:מצוין | text:record:ומציין | text:record:שנרשמו | text:record:ומופיעה | text:spelling:ווטסאפ
16c68d36-c44c-4275-b549-963f59b2dcf1,שני וגל קוסמטיקס,רחובות,live,no,no,yes,sparse,text_rules,2026-09-26.1,rewrite,text:missing_info:במקורות | text:missing_info:לא פורסם | text:missing_info:לא נמסר | text:missing_info:אין פירוט | text:missing_info:המידע הזמין | text:missing_info:בעמוד העסק | text:record:הרשומה | text:record:המצוינות | text:record:מציינות | text:record:ומופיעה | text:record:אין פירוט | text:spelling:מצויין
9d84a1a2-36ea-4c92-b0f3-c75eac76641f,AG עיצוב ושיקום שיער,אשדוד,live,no,no,yes,normal,text_rules,2026-09-26.1,rewrite,text:missing_info:במקורות | text:missing_info:לא פורסמו | text:missing_info:לא פורסם | text:missing_info:לא נמסר | text:missing_info:אין פירוט | text:record:ברשומות | text:record:מצוין | text:record:שמציינת | text:record:שנרשם | text:record:מתוארת | text:record:אין פירוט
95164d33-a97a-484f-bee5-9498a71d80b7,ARTUR Hair Design,אשדוד,live,no,no,yes,sparse,text_rules,2026-09-26.1,rewrite,text:missing_info:במקורות | text:missing_info:לא צוינו | text:missing_info:לא צוין | text:missing_info:לא פורסמו | text:missing_info:אין פירוט | text:missing_info:לא זמין | text:missing_info:בפרופיל העסק | text:record:הרשומה | text:record:מצוין | text:record:מציין | text:record:שנרשם | text:record:מופיעה | text:record:אין פירוט | text:spelling:המצויין | text:spelling:מצויין
124bb26c-6f71-4f35-8019-91d23cce3a83,Art of look studio,אשדוד,live,no,no,yes,sparse,text_rules,2026-09-26.1,rewrite,text:missing_info:במקורות | text:missing_info:לא פורסמו | text:missing_info:המידע הזמין | text:record:מצוין | text:record:מציינת | text:record:שמופיע | text:record:שמתוארת
5c7f50ff-1d30-4b74-a620-c065124101b5,B PURE CLINIC,אשדוד,live,no,no,yes,normal,text_rules,2026-09-26.1,rewrite,text:missing_info:במקורות | text:missing_info:לא פורסמו | text:missing_info:לא פורסם | text:missing_info:לפי הנתונים | text:missing_info:המידע הזמין | text:record:הרשומה | text:record:המצוינים | text:record:ומציין | text:record:מופיע | text:record:אינם מפרטים | text:address:St | text:latin:Ha-Gdud | text:latin:ha-Ivri | text:latin:St | text:latin:Soprano | text:latin:Titanium | text:latin:ADEL | text:latin:RF | text:latin:Microneedling
af3f4457-f5bb-4bbf-a807-70c9a7c3a14d,Beauty Room Colibri,אשדוד,live,no,no,yes,normal,text_rules,2026-09-26.1,rewrite,text:missing_info:לא פורסמו | text:missing_info:לא נמסר | text:missing_info:המידע הזמין | text:record:ברשומות | text:record:מצוינת | text:record:מציין | text:record:מופיע | text:record:מתוארים | text:address:St | text:latin:Kineret | text:latin:St | text:latin:Ashdod
1127f177-b22a-49b9-91fc-12e60fd21a7c,Ester the queen,אשדוד,live,no,no,yes,sparse,text_rules,2026-09-26.1,rewrite,text:missing_info:במקורות | text:missing_info:שסופק | text:missing_info:לא פורסמו | text:record:מצוין | text:record:ומציינת | text:record:נרשמו | text:record:ומופיעה
2a6fe4cb-d410-4847-8e1e-7682d37879e3,Glam42 גלאם42 אשדוד,אשדוד,live,no,no,yes,rich,text_rules,2026-09-26.1,rewrite,text:missing_info:במקורות | text:record:ברשומות | text:record:מצוין | text:record:מציין | text:record:מופיעים | text:record:מתוארים
812c51ee-3044-4fe9-98ce-3b15b403b080,Hair Care Salon by Inna Faler,אשדוד,live,no,no,yes,normal,text_rules,2026-09-26.1,rewrite,text:missing_info:במקורות | text:missing_info:לא פורסמו | text:missing_info:לא פורסם | text:missing_info:לפי הנתונים | text:missing_info:הנתונים הזמינים | text:record:הרשומה | text:record:מצוין | text:record:מציינים | text:record:מופיע | text:record:מתואר | text:address:St | text:latin:Makeup | text:latin:artist | text:latin:design | text:latin:Rogozin | text:latin:St | text:latin:Ashdod
1017cfc5-88bd-4c8d-a363-b20bc967a003,IBrener - קוסמטיקאית פרא רפואית,אשדוד,live,no,no,yes,normal,text_rules,2026-09-26.1,rewrite,text:missing_info:במקורות | text:missing_info:לא פורסמו | text:missing_info:לא פורסם | text:missing_info:לא נמצאו | text:missing_info:המידע הזמין | text:record:ברשומות | text:record:מצוין | text:record:מציינות | text:record:שנרשמה | text:record:מופיעה | text:record:תוארו | text:address:St | text:latin:Moshe | text:latin:Ibn | text:latin:Ezra | text:latin:St
a1b13758-e5fd-4f26-8a9e-9d33708644d8,Kati sara makeup artist,אשדוד,live,no,no,yes,sparse,text_rules,2026-09-26.1,rewrite,text:missing_info:במקורות | text:missing_info:לא צוינו | text:missing_info:לא פורסמו | text:missing_info:לא פורסם | text:missing_info:אין מידע | text:missing_info:בפרופיל העסק | text:record:רשומה | text:record:המצוינת | text:record:מופיעה | text:address:St | text:latin:Ahi | text:latin:Eilat | text:latin:St | text:latin:Ashdod
7d5bed73-1cde-41d8-9803-c4195fc9a11a,Laser_me,אשדוד,live,no,no,yes,normal,text_rules,2026-09-26.1,rewrite,text:missing_info:במקורות | text:missing_info:לא צוינו | text:missing_info:לא פורסמו | text:missing_info:אין מידע | text:missing_info:אין פירוט | text:missing_info:המידע הזמין | text:missing_info:בעמוד העסק | text:record:ברשומות | text:record:מצוינים | text:record:ומציין | text:record:נרשמו | text:record:שמופיע | text:record:מתוארת | text:record:אין פירוט | text:address:St | text:latin:Har | text:latin:Metsada | text:latin:St
13c2f0ea-45bf-490c-b4ab-fe602c81b248,Mor Amour,אשדוד,live,no,no,yes,normal,text_rules,2026-09-26.1,rewrite,text:missing_info:במקורות | text:missing_info:במידע שנבדק | text:missing_info:לא צוינו | text:missing_info:לא פורסמו | text:missing_info:לא פורסם | text:missing_info:הפרופיל כולל | text:missing_info:בעמוד העסק | text:missing_info:בפרופיל העסק | text:record:הרשומה | text:record:מצוין | text:record:שנרשמו | text:record:שמופיע | text:spelling:מצויין
5f188255-888f-4258-b380-4ca2bdd98cbb,NOA LEV נועה לב,אשדוד,live,no,no,yes,sparse,text_rules,2026-09-26.1,rewrite,text:missing_info:במקורות | text:missing_info:שסופק | text:missing_info:לא פורסם | text:missing_info:אין פירוט | text:missing_info:לא זמין | text:record:ברשומות | text:record:מצוין | text:record:שנרשם | text:record:מופיע | text:record:ומתואר | text:record:אין פירוט | text:address:St | text:latin:HaMishar | text:latin:St | text:latin:Ashdod | text:latin:PME | text:spelling:המצויין | text:spelling:מצויין
f2e4e0e2-aa75-4c45-981a-ff0070e2b35d,Nails Yuli יוליה בניית ציפורניים מקצועית אשדוד,אשדוד,live,no,no,yes,normal,text_rules,2026-09-26.1,rewrite,text:missing_info:במקורות | text:missing_info:לא פורסמו | text:missing_info:לפי הנתונים | text:record:מצוין | text:record:מציין | text:record:שנרשם | text:record:מופיעה | text:address:St | text:latin:Ha-Atsma'ut | text:latin:St | text:latin:Ashdod | text:latin:ACRYLIC | text:spelling:מצויין
a040df08-a0be-4afe-acb4-5a0d0a3fde7d,Or.Fix — Аппаратная косметология & Лифтинг,אשדוד,live,no,no,yes,normal,text_rules,2026-09-26.1,rewrite,text:missing_info:במקורות | text:missing_info:שסופק | text:missing_info:לא פורסמו | text:missing_info:לא פורסם | text:missing_info:לא זמין | text:record:המצוינת | text:record:מציינים | text:record:נרשמה | text:record:מופיע | text:latin:HIFU | text:latin:RF | text:latin:SMP | text:latin:MCA | text:latin:bookingOnline | text:dash:— | text:spelling:ווטסאפ
6c80af72-2af0-44bb-b7c0-52161ac61782,Orit's Beauty Place,אשדוד,live,no,no,yes,normal,text_rules,2026-09-26.1,rewrite,text:missing_info:במקורות | text:missing_info:לא פורסמו | text:missing_info:לא פורסם | text:record:מצוינת | text:record:מציין | text:record:שמופיע | text:address:St | text:latin:Rogozin | text:latin:St
1eed952a-7af9-4875-9dc6-572d9167a83a,RN laser cosmetic,אשדוד,live,no,no,yes,rich,text_rules,2026-09-26.1,rewrite,text:missing_info:במקורות | text:missing_info:לא צוינו | text:record:שמצוין | text:record:מופיעים
fc6c6564-42c3-43db-90eb-5f423b098060,Rachel,אשדוד,live,no,no,yes,normal,text_rules,2026-09-26.1,rewrite,text:missing_info:במקורות | text:missing_info:לא פורסמו | text:missing_info:לא פורסם | text:missing_info:לא נמסר | text:missing_info:המידע הזמין | text:record:המצוינות | text:record:מציין
315b6591-b747-480f-8ca8-e8cb08b10e62,Salon Kosmetik Janna,אשדוד,live,no,no,yes,sparse,text_rules,2026-09-26.1,rewrite,text:missing_info:במקורות | text:missing_info:לא פורסמו | text:missing_info:לא פורסם | text:missing_info:בכרטיס העסק | text:record:מצוין | text:record:מציין | text:record:שנרשמו | text:record:מופיע
23e37315-8ac1-4786-91d4-34b6c6f84a08,Salon fashion,אשדוד,live,no,no,yes,sparse,text_rules,2026-09-26.1,rewrite,text:missing_info:במקורות | text:missing_info:לא פורסמו | text:missing_info:לא פורסם | text:missing_info:הנתונים הזמינים | text:record:הרשומה | text:record:המצוינים | text:record:נרשמה | text:record:שמופיע | text:record:לא מפורטים | text:address:Sderot | text:latin:Sderot | text:latin:HaMeyasdim | text:latin:claimed | text:latin:false | text:spelling:ווטסאפ
88edd5ff-6483-4257-90d1-84b4bffb7362,Sarah beauty,אשדוד,live,no,no,yes,normal,text_rules,2026-09-26.1,rewrite,text:missing_info:במקורות | text:missing_info:לא פורסמו | text:missing_info:אין מידע | text:missing_info:לא נמסר | text:missing_info:אין פירוט | text:missing_info:המידע הזמין | text:record:הרשומות | text:record:מציין | text:record:נרשם | text:record:מופיע | text:record:אין פירוט
5b57d49d-51e2-45ac-a992-c7dff7c1ca02,Sk cosmetics,אשדוד,live,no,no,yes,normal,text_rules,2026-09-26.1,rewrite,text:missing_info:שסופק | text:missing_info:לא צוין | text:missing_info:לא פורסמו | text:missing_info:לא פורסם | text:missing_info:המידע הזמין | text:record:ברשומות | text:record:מצוין | text:record:מציין | text:record:נרשמה | text:record:מופיעים | text:record:לא מפורט | text:address:St | text:latin:Ha-Saifan | text:latin:St | text:latin:FDA | text:latin:CE | text:spelling:המצויין | text:spelling:מצויין
de9ab7fb-2f51-4bbd-b538-242cabe9d69e,Two Rbib- aesthetics and Care Clinic,אשדוד,live,no,no,yes,sparse,text_rules,2026-09-26.1,rewrite,text:missing_info:במקורות | text:missing_info:לא פורסמו | text:missing_info:לא פורסם | text:missing_info:אין מידע | text:missing_info:אין פירוט | text:missing_info:המידע הזמין | text:record:הרשומה | text:record:מציין | text:record:מופיע | text:record:אין פירוט | text:spelling:ווטסאפ
7bf793da-b7d9-4de6-911c-7d4d56247c6b,V-Clinic,אשדוד,live,no,no,yes,normal,text_rules,2026-09-26.1,rewrite,text:missing_info:במקורות | text:missing_info:לא צוינו | text:missing_info:לא פורסמו | text:missing_info:לא פורסם | text:record:ברשומות | text:record:מציינים | text:record:שנרשמו | text:record:מופיעה
e06ab5dc-b5a3-4e3c-b01b-937f55452238,Yelena Cosmetics Ashdod,אשדוד,live,no,no,yes,sparse,text_rules,2026-09-26.1,rewrite,text:missing_info:במקורות | text:missing_info:במידע שנבדק | text:missing_info:לא פורסמו | text:missing_info:לא פורסם | text:missing_info:המידע הזמין | text:record:מצוין | text:record:מציינים | text:record:מופיע | text:spelling:ווטסאפ
00922006-11c0-4414-a5ea-92d7c0d9e13b,bar.by cosmetology,אשדוד,live,no,no,yes,normal,text_rules,2026-09-26.1,rewrite,text:missing_info:במקורות | text:missing_info:לא צוינו | text:missing_info:לא פורסם | text:missing_info:מידע חסר | text:missing_info:המידע הזמין | text:missing_info:בעמוד העסק | text:record:מצוין | text:record:מציינים | text:record:מתואר | text:address:Sderot | text:latin:Sderot | text:latin:Yerushalayim | text:dash:—
5a348272-cf6d-4ca8-b206-4b94ba39b16d,iStudio-Ashdod,אשדוד,live,no,no,yes,normal,text_rules,2026-09-26.1,rewrite,text:missing_info:במקורות | text:missing_info:לא פורסמו | text:missing_info:לא פורסם | text:missing_info:אין מידע | text:missing_info:המידע הזמין | text:record:ברשומות | text:record:מצוין | text:record:מציין | text:record:שנרשמה | text:record:מופיעים | text:latin:Geneo | text:latin:BioLift
7da88bd3-16d9-4e7a-aa76-cd9fa41f35b7,shiran sultan nail,אשדוד,live,no,no,yes,sparse,text_rules,2026-09-26.1,rewrite,text:missing_info:במקורות | text:missing_info:לא פורסמו | text:missing_info:לא פורסם | text:missing_info:לא נמצאו | text:missing_info:ללא פירוט | text:missing_info:על פי הנתונים | text:missing_info:לפי הנתונים | text:missing_info:בפרופיל העסק | text:record:הרשומה | text:record:שמצוין | text:record:מציין | text:record:שנרשם | text:record:שמופיע | text:record:שמתואר | text:latin:Tapuz | text:latin:Ashdod | text:latin:gel
81624ed6-db4f-45d6-a44c-70d5d769d130,Студия Красоты Veranda,אשדוד,live,no,no,yes,sparse,text_rules,2026-09-26.1,rewrite,text:missing_info:במקורות | text:missing_info:לא צוינו | text:missing_info:לא פורסמו | text:missing_info:לפי הנתונים | text:record:ברשומה | text:record:מציין | text:record:שנרשמו | text:record:ומופיעה | text:latin:Ashdod
5ea120ef-6c66-4d0b-b19f-564f791b79cb,אומנית היופי החלק - IRIT WAK (בהנהלת אירית וייסמן ),אשדוד,live,no,no,yes,normal,text_rules,2026-09-26.1,rewrite,text:missing_info:במקורות | text:missing_info:שסופק | text:missing_info:לא פורסם | text:missing_info:אין מידע | text:missing_info:לא נמסר | text:record:המצוינות | text:record:מציינת | text:record:שנרשמו | text:record:מופיעים | text:address:St | text:latin:Tsahal | text:latin:St | text:latin:Gan | text:latin:Yavne
fcebd368-e439-46c7-a0e8-909e9a61807e,אוראל בטיטו - עיצוב גבות באשדוד,אשדוד,live,no,no,yes,normal,text_rules,2026-09-26.1,rewrite,text:missing_info:במקורות | text:missing_info:לא צוינו | text:missing_info:המידע הזמין | text:record:רשומה | text:record:מצוין | text:record:מציין | text:record:נרשמה | text:record:מופיע | text:address:St | text:latin:St | text:latin:Ashdod | text:latin:Brenner
e2d519f3-24c3-4b02-bb52-447305d046cf,אוראל שאלתיאל מאפרת ומסרקת כלות וערב,אשדוד,live,no,no,yes,sparse,text_rules,2026-09-26.1,rewrite,text:missing_info:במקורות | text:missing_info:שסופק | text:missing_info:לא פורסמו | text:missing_info:לא פורסם | text:missing_info:אין מידע | text:missing_info:ללא פירוט | text:missing_info:המידע הזמין | text:record:הרשומה | text:record:מצוינות | text:record:מציין | text:record:מופיע | text:address:St | text:latin:Rabi | text:latin:Me'ir | text:latin:Ba'al | text:latin:ha-Nes | text:latin:St | text:latin:Ashdod
df8f55ef-7b98-4965-9480-3cad55198155,אושר בן חמו קליניקה לטיפוח,אשדוד,live,no,no,yes,normal,text_rules,2026-09-26.1,rewrite,text:missing_info:במקורות | text:missing_info:לא צוינו | text:missing_info:לא פורסמו | text:missing_info:לא פורסם | text:missing_info:אין פירוט | text:missing_info:בעמוד העסק | text:record:רשומות | text:record:המצוינת | text:record:מציינת | text:record:מופיע | text:record:אין פירוט | text:spelling:מצויין
011e4ee8-e3a8-4768-ac58-976a12dbfa47,אלי אלמוזנינו בוטיק שיער - EA Eli Almoznino,אשדוד,live,no,no,yes,normal,text_rules,2026-09-26.1,rewrite,text:missing_info:במקורות | text:missing_info:לא צוינו | text:missing_info:לא פורסמו | text:missing_info:לא פורסם | text:missing_info:אין מידע | text:missing_info:אין פירוט | text:missing_info:ללא פירוט | text:record:ברשומה | text:record:מצוין | text:record:מציינת | text:record:נרשמו | text:record:שמופיעה | text:record:אין פירוט | text:latin:trails | text:spelling:מצויין
dd4f9334-b142-4403-b9fa-7ea94ab5ee18,אקסיומה,אשדוד,live,no,no,yes,normal,text_rules,2026-09-26.1,rewrite,text:missing_info:במקורות | text:missing_info:לא פורסמו | text:missing_info:אין מידע | text:missing_info:אין פירוט | text:missing_info:המידע הזמין | text:record:ברשומה | text:record:מצוין | text:record:מציינת | text:record:שמופיע | text:record:אין פירוט | text:address:St | text:latin:Tashah | text:latin:St | text:latin:Ashdod | text:latin:Axioma | text:latin:by | text:latin:Impuls | text:latin:Medical | text:latin:Center
7523c6da-f219-41b3-afcc-019ca87b6ed6,ביוטי קלאב,אשדוד,live,no,no,yes,sparse,text_rules,2026-09-26.1,rewrite,text:missing_info:במקורות | text:missing_info:שסופק | text:missing_info:לא צוין | text:missing_info:לא פורסם | text:missing_info:לא נמסר | text:missing_info:ללא פירוט | text:missing_info:המידע הזמין | text:record:ברשומה | text:record:מצוין | text:record:נרשמו | text:record:מופיעים | text:latin:Mevo | text:latin:HaEtrog
7d1f3b35-940c-4225-915f-1164815cce35,"ד""ר אלכסיי רחמנוב - השתלות שיניים באשדוד, רופא שיניים באשדוד",אשדוד,live,no,no,yes,normal,text_rules,2026-09-26.1,rewrite,text:missing_info:במקורות | text:missing_info:שסופק | text:missing_info:לא פורסמו | text:missing_info:המידע הזמין | text:record:שמצוינים | text:record:מציין | text:record:נרשמה | text:record:מופיע | text:record:מתוארים | text:record:אינו מפרט
f9330707-df6e-4201-a959-5f264cbbb4ef,"ד""ר טל שניידר חירום אשדוד",אשדוד,live,no,no,yes,rich,text_rules,2026-09-26.1,rewrite,text:missing_info:במקורות | text:missing_info:שסופק | text:missing_info:לא צוינו | text:record:מצוין | text:record:נרשם | text:record:מופיעה
69a712f3-e982-4099-b753-daf808108e0c,"ד""ר לאוניד קאן",אשדוד,live,no,no,yes,sparse,text_rules,2026-09-26.1,rewrite,text:missing_info:במקורות | text:missing_info:שסופק | text:missing_info:לא צוינו | text:missing_info:לא פורסמו | text:missing_info:לא פורסם | text:missing_info:לא נמצאו | text:missing_info:לא נמסר | text:missing_info:המידע הזמין | text:missing_info:בעמוד העסק | text:record:הרשומה | text:record:מציין | text:record:שנרשמו | text:record:מתואר | text:address:St | text:latin:Rogozin | text:latin:St | text:latin:Ashdod | text:spelling:ווטסאפ
3d5445ed-d862-44d5-802a-fe55950316b7,"ד""ר ליאפיס מיכל",אשדוד,live,no,no,yes,sparse,text_rules,2026-09-26.1,rewrite,text:missing_info:במקורות | text:missing_info:שסופק | text:missing_info:לא פורסמו | text:missing_info:לא נמסר | text:missing_info:אין פירוט | text:record:הרשומה | text:record:מציינות | text:record:נרשמה | text:record:אין פירוט | text:address:St | text:latin:Kineret | text:latin:St | text:latin:Ashdod
838b9137-549b-444e-a567-8064fd306297,"דאלי סודות היופי של דליה מיכאלי, קוסמטיקאית באשדוד",אשדוד,live,no,no,yes,sparse,text_rules,2026-09-26.1,rewrite,text:missing_info:במקורות | text:missing_info:שסופק | text:missing_info:לא צוינו | text:missing_info:לא פורסמו | text:missing_info:לא פורסם | text:missing_info:לא נמצאו | text:record:ברשומות | text:record:מצוין | text:record:מציין | text:record:מופיעים | text:record:שמתואר | text:record:אינה מפרטת | text:address:St | text:latin:Leonardo | text:latin:da | text:latin:Vinci | text:latin:St
6db79906-f1ba-431b-93de-2d494d0b877f,דנה טיפולי אסתטיקה מתקדמים,אשדוד,live,no,no,yes,sparse,text_rules,2026-09-26.1,rewrite,text:missing_info:במקורות | text:missing_info:לא צוינו | text:missing_info:לא צוין | text:missing_info:לא פורסמו | text:missing_info:בעמוד העסק | text:record:ברשומת | text:record:מצוינת | text:record:ומציין | text:record:נרשמה | text:record:מופיע | text:record:שתוארה | text:record:מתוארת | text:spelling:מצויין
da0cd29f-bc44-42cd-9d44-cb36bdc71fe7,דריה - אקדמיה מקצועית לציפורניים,אשדוד,live,no,no,yes,normal,text_rules,2026-09-26.1,rewrite,text:missing_info:במקורות | text:missing_info:שסופק | text:missing_info:לא פורסמו | text:missing_info:לפי הנתונים | text:record:הרשומה | text:record:מצוינות | text:record:מציין | text:record:נרשמה | text:record:אינו מפרט | text:address:St | text:latin:Ha-Atsma'ut | text:latin:St | text:spelling:מצויין | text:spelling:ווטסאפ
d7d1292a-9dbf-42ca-8910-64a8934831f3,"ד״ר אלינה גרמן, רופאת שיניים",אשדוד,live,no,no,yes,rich,text_rules,2026-09-26.1,rewrite,text:missing_info:במקורות | text:missing_info:לא פורסם | text:record:הרשומות | text:record:מצוינים | text:record:שמציין | text:record:נרשמים | text:record:מופיעים | text:dash:— | text:spelling:מצויין
0a8d75fb-8562-449c-945b-c22599fb2b6e,ד״ר סוזנה דורפמן - מרפאת שיניים לכירורגיה ואסתטיקה Dr. Susana Dorfman - Dental Surgery clinic,אשדוד,live,no,no,yes,rich,text_rules,2026-09-26.1,rewrite,text:missing_info:במקורות | text:missing_info:שסופק | text:missing_info:לא צוינו | text:missing_info:לא פורסמו | text:missing_info:לא פורסם | text:missing_info:בפרופיל העסק | text:record:הרשומה | text:record:המצוינים | text:record:מופיעים
17a1468f-edf1-4436-a8cb-f2322d88b2f3,החלקת שיער אורגנית ושיקום hair style אשדוד,אשדוד,live,no,no,yes,normal,text_rules,2026-09-26.1,rewrite,text:missing_info:במקורות | text:missing_info:לא פורסמו | text:missing_info:לא פורסם | text:missing_info:אין פירוט | text:missing_info:לפי הנתונים | text:missing_info:המידע הזמין | text:missing_info:בפרופיל העסק | text:record:המצוינים | text:record:מופיעים | text:record:תוארו | text:record:אין פירוט | text:latin:Shlomo | text:latin:Ben | text:latin:Yosef
f45dc8f4-e348-447f-83d5-087dcaf0a66a,הילה קנפו טיפוח ויופי,אשדוד,live,no,no,yes,sparse,text_rules,2026-09-26.1,rewrite,text:missing_info:חבילת המידע | text:missing_info:בחבילת | text:missing_info:במקורות | text:missing_info:שסופק | text:missing_info:לא פורסמו | text:missing_info:לא פורסם | text:missing_info:אין מידע | text:missing_info:לא נמסר | text:missing_info:ללא פירוט | text:record:הרשומה | text:record:מצוין | text:record:מציינים | text:record:ומופיעה | text:address:St | text:latin:Shevet | text:latin:Levi | text:latin:St | text:latin:Ashdod
de719ab0-31b3-486d-b603-48490e3890f0,הלחמת ריסים אשדוד наращивание ресниц Ашдод לימודים קורס,אשדוד,live,no,no,yes,rich,text_rules,2026-09-26.1,rewrite,text:missing_info:במקורות | text:missing_info:לא פורסמו | text:missing_info:לא פורסם | text:missing_info:בפרופיל העסק | text:record:המצוינת | text:record:מציין | text:record:נרשם | text:address:Sderot | text:latin:Sderot | text:latin:Yerushalayim | text:latin:Ashdod | text:latin:alongside | text:spelling:המצויין | text:spelling:מצויין
472b592c-ca69-4284-be03-c0bf42a850e8,הרמת ריסים וגבות | עיצוב גבות | מיקרובליידינג | מלי מויאל,אשדוד,live,no,no,yes,rich,text_rules,2026-09-26.1,rewrite,text:missing_info:במקורות | text:missing_info:לא פורסמו | text:missing_info:לא זמין | text:record:ברשומות | text:record:מצוינת | text:record:מציין | text:record:שמופיע | text:record:מתואר | text:latin:THUYA
9d4b8ee3-85ea-42db-aa13-a719cf106148,ויקטוריה שייני קוסמטיקה,אשדוד,live,no,no,yes,normal,text_rules,2026-09-26.1,rewrite,text:missing_info:במקורות | text:missing_info:שסופק | text:missing_info:לא צוינו | text:missing_info:לא פורסם | text:missing_info:לא נמצאו | text:missing_info:אין פירוט | text:missing_info:המידע הזמין | text:missing_info:בעמוד העסק | text:missing_info:בפרופיל העסק | text:record:ברשומה | text:record:מצוין | text:record:מציין | text:record:שנרשמו | text:record:מופיעים | text:record:שמתואר | text:record:אינו מפרט | text:record:אין פירוט
40aa708d-7653-499e-90e1-450873b446cf,זרי חמיאס,אשדוד,live,no,no,yes,normal,text_rules,2026-09-26.1,rewrite,text:missing_info:במקורות | text:missing_info:לא צוינו | text:missing_info:לא פורסמו | text:missing_info:המידע הזמין | text:record:המצוינת | text:record:שמציין | text:record:מופיע | text:address:St | text:latin:Likewise | text:latin:Ha-Tavor | text:latin:St | text:latin:Gan | text:latin:Yavne
8c4b8e6d-8cec-4c74-b7dc-4f51cf3e20ff,חני קוסמטיקה פרא רפואית,אשדוד,live,no,no,yes,sparse,text_rules,2026-09-26.1,rewrite,text:missing_info:במקורות | text:missing_info:לא צוינו | text:missing_info:לא צוין | text:missing_info:לא פורסמו | text:missing_info:לא נמסר | text:missing_info:בעמוד העסק | text:missing_info:בפרופיל העסק | text:record:מצוין | text:record:מציינת | text:record:שמופיעה | text:record:שמתואר
1d0f041a-c407-4b4c-a04b-02701289e3e6,יעל תמם - איפור כלות ואיפור ערב,אשדוד,live,no,no,yes,normal,text_rules,2026-09-26.1,rewrite,text:missing_info:במקורות | text:missing_info:לא פורסמו | text:missing_info:לא פורסם | text:missing_info:אין פירוט | text:record:הרשומה | text:record:מצוין | text:record:מציינות | text:record:אין פירוט | text:address:St | text:latin:Afarsemon | text:latin:St | text:latin:Ashdod | text:spelling:ווטסאפ
d20c5538-4f62-46d3-9c32-fcf269b95740,כללית אסתטיקה אשדוד,אשדוד,live,no,no,yes,normal,text_rules,2026-09-26.1,rewrite,text:missing_info:במקורות | text:missing_info:לא פורסמו | text:missing_info:לא פורסם | text:missing_info:לא נמסר | text:missing_info:המידע הזמין | text:record:מצוין | text:record:מציין | text:record:שנרשמו | text:record:מתוארים | text:address:St | text:latin:Tsahal | text:latin:St | text:spelling:מצויין
ec58a053-2a80-47c7-898d-d11d6e44ed3d,כנרת ממן,אשדוד,live,no,no,yes,normal,text_rules,2026-09-26.1,rewrite,text:missing_info:לא פורסמו | text:missing_info:לא פורסם | text:missing_info:אין פירוט | text:missing_info:המידע הזמין | text:record:ברשומות | text:record:המצוינים | text:record:מציינים | text:record:נרשמו | text:record:מופיעה | text:record:אין פירוט | text:address:St | text:latin:Gei | text:latin:Oni | text:latin:St | text:latin:Ashdod
95be327f-901b-4d03-bfe3-01d72ac12308,ליאנה זיו - אמנית גבות ומיקרובליידינג,אשדוד,live,no,no,yes,sparse,text_rules,2026-09-26.1,rewrite,text:missing_info:במקורות | text:missing_info:לא פורסמו | text:missing_info:לא פורסם | text:missing_info:לא נמצאו | text:missing_info:תיאור זה | text:missing_info:לא נמסר | text:record:ברשומות | text:record:המצוינים | text:record:נרשמו | text:record:מופיע | text:address:Derech | text:latin:Derech | text:latin:Canada | text:latin:Gan | text:latin:Yavne | text:spelling:המצויין | text:spelling:מצויין
b2db1fc9-6730-44c8-8c10-bb10167e3bb2,מאי בטש - עיצוב גבות וריסים,אשדוד,live,no,no,yes,rich,text_rules,2026-09-26.1,rewrite,text:missing_info:במקורות | text:missing_info:לא צוינו | text:missing_info:לא פורסמו | text:missing_info:לא פורסם | text:missing_info:בעמוד העסק | text:record:ברשומות | text:record:המצוינות | text:record:מופיעים | text:dash:—
1e8f4f64-a255-45d2-b0d0-235743fc1ffd,מאפרת ומעצבת שיער נטלי בורנשטיין,אשדוד,live,no,no,yes,normal,text_rules,2026-09-26.1,rewrite,text:missing_info:במקורות | text:missing_info:לא צוינו | text:missing_info:לא נמצאו | text:missing_info:אין פירוט | text:record:ברשומות | text:record:המצוינת | text:record:מופיעים | text:record:אין פירוט | text:address:St | text:latin:Ha-Atsma'ut | text:latin:St | text:spelling:המצויין | text:spelling:מצויין
c110573b-a2ce-413f-b9e5-c07aec2c863a,מגיק טאץ - המרכז להשתלות שיניים באשדוד,אשדוד,live,no,no,yes,normal,text_rules,2026-09-26.1,rewrite,text:missing_info:במקורות | text:missing_info:שסופק | text:missing_info:לא צוינו | text:record:שמצוינים | text:record:מציין | text:record:נרשמו | text:record:שמופיע | text:latin:Straumann
7bc36af9-950c-49b9-8483-82644ef65045,"מד אסתטיק - ד""ר פרייב מיכאל",אשדוד,live,no,no,yes,normal,text_rules,2026-09-26.1,rewrite,text:missing_info:במקורות | text:missing_info:לא צוינו | text:missing_info:לא פורסמו | text:missing_info:לא פורסם | text:record:ברשומות | text:record:המצוינת | text:record:מציינים | text:record:שמופיעים
99a5127d-c82f-4f54-9ae1-39812dc0c3ae,מומחית בעיצוב ציפורניים וגבות,אשדוד,live,no,no,yes,normal,text_rules,2026-09-26.1,rewrite,text:missing_info:במקורות | text:missing_info:לא פורסמו | text:missing_info:לא פורסם | text:missing_info:המידע הזמין | text:missing_info:בפרופיל העסק | text:record:שמצוין | text:record:מופיע | text:record:מתוארים | text:latin:Ha-Hagana | text:spelling:מצויין
405d1a60-224a-47bd-bf1e-9edd8d0f544a,מוריה מזרחי | קליניקה לאסתטיקה וטכנולוגיה מתקדמת,אשדוד,live,no,no,yes,sparse,text_rules,2026-09-26.1,rewrite,text:missing_info:במקורות | text:missing_info:לא פורסם | text:missing_info:אין תיעוד | text:missing_info:אין פירוט | text:missing_info:בעמוד העסק | text:record:הרשומות | text:record:מצוין | text:record:מציינת | text:record:מופיע | text:record:אין פירוט | text:address:St | text:latin:Alma | text:latin:Harmony | text:latin:XL | text:latin:Yoseftal | text:latin:St | text:latin:Ashdod | text:spelling:מצויין | text:spelling:ווטסאפ
9b118c0e-468e-46df-a3fe-70ac2da00c20,מכון היופי - מרים שטרן,אשדוד,live,no,no,yes,normal,text_rules,2026-09-26.1,rewrite,text:missing_info:במקורות | text:missing_info:לא צוינו | text:missing_info:לא פורסמו | text:missing_info:לא פורסם | text:missing_info:אין פירוט | text:record:ברשומה | text:record:המצוינות | text:record:מציינת | text:record:מופיע | text:record:אין פירוט | text:address:St | text:latin:Shamai | text:latin:St | text:latin:Ashdod
c1875478-0e78-44b7-9e89-5dae2de8a08b,מרטין קליניק,אשדוד,live,no,no,yes,normal,text_rules,2026-09-26.1,rewrite,text:missing_info:במקורות | text:missing_info:שסופק | text:missing_info:לא צוינו | text:missing_info:לא פורסמו | text:missing_info:לא פורסם | text:missing_info:אין מידע | text:missing_info:המידע הזמין | text:record:הרשומה | text:record:מציין | text:record:שנרשם | text:record:מופיעה | text:latin:K-Tower
d058bd6d-ae57-4b8f-bf56-768e7e1e4e3a,מרפאת נרקיסיה,אשדוד,live,no,no,yes,normal,text_rules,2026-09-26.1,rewrite,text:missing_info:במקורות | text:missing_info:לא פורסמו | text:missing_info:לא פורסם | text:record:מציין | text:record:מופיעים | text:address:St | text:latin:Ha-Gdud | text:latin:ha-Ivri | text:latin:St | text:latin:Ashdod | text:dash:–
cec36a00-b5c2-463f-8155-927387d789cb,"מרפאת שיניים באשדוד ד""ר אולגה ניקולאיבסקי",אשדוד,live,no,no,yes,normal,text_rules,2026-09-26.1,rewrite,text:missing_info:במקורות | text:missing_info:לא צוינו | text:missing_info:לא פורסמו | text:missing_info:לא פורסם | text:missing_info:אין פירוט | text:record:ברשומות | text:record:מצוין | text:record:שמציין | text:record:נרשמה | text:record:מופיעים | text:record:אין פירוט | text:address:Sderot | text:latin:K-Tower | text:latin:Sderot | text:latin:Yerushalayim
ba06eadd-da6a-48f7-a153-0539410dc72c,נופר קפורי - איפור שיער לכלות וערב,אשדוד,live,no,no,yes,normal,text_rules,2026-09-26.1,rewrite,text:missing_info:במקורות | text:missing_info:לא צוינו | text:missing_info:לא פורסמו | text:missing_info:אין מידע | text:record:המצוינות | text:record:מציין | text:record:מופיע | text:spelling:ווטסאפ
4c012c96-a8c4-4bf3-a6ad-f3b117fa1857,ניצן בוארון- הסרת שיער בלייזר קר ומניקור ג׳ל,אשדוד,live,no,no,yes,normal,text_rules,2026-09-26.1,rewrite,text:missing_info:במקורות | text:missing_info:לא צוינו | text:missing_info:לא פורסמו | text:missing_info:לא פורסם | text:missing_info:מידע חסר | text:record:המצוינות | text:record:ומציינת | text:record:מופיע | text:record:המתואר | text:record:אינם מפרטים | text:spelling:המצויין | text:spelling:מצויין | text:spelling:ווטסאפ
6e6eea1e-5989-4f3c-856d-7417fdda98da,סלון יופי קסם,אשדוד,live,no,no,yes,sparse,text_rules,2026-09-26.1,rewrite,text:missing_info:במקורות | text:missing_info:לא פורסמו | text:missing_info:לא פורסם | text:missing_info:תיאור זה | text:missing_info:המידע הזמין | text:record:ברשומה | text:record:מצוינת | text:record:מציינת | text:record:מופיע | text:address:St | text:latin:Ibn | text:latin:Ezra | text:latin:St | text:latin:Ashdod | text:latin:Moshe
39f2c543-8190-40e3-bd8f-6baadc8494b8,סלון נאטל - מספרה | קוסמטיקה | טיפולי פנים,אשדוד,live,no,no,yes,normal,text_rules,2026-09-26.1,rewrite,text:missing_info:במקורות | text:missing_info:לא צוינו | text:missing_info:לא פורסמו | text:missing_info:לא פורסם | text:missing_info:בעמוד העסק | text:record:ברשומה | text:record:מצוינות | text:record:שנרשמו | text:record:מופיע
ec6a50ae-40d6-49c0-a3b3-a0f89462dfdf,"סמדג׳ה משה - המרכז להחלקות שיער אשדוד | החלקה אורגנית, החלקת קרטין | הסרת שיער בלייזר | טיפולי פנים",אשדוד,live,no,no,yes,rich,text_rules,2026-09-26.1,rewrite,text:missing_info:במקורות | text:missing_info:לא צוינו | text:missing_info:לא פורסמו | text:record:מצוין | text:record:מציין | text:record:נרשמו | text:record:שמופיעה | text:address:St | text:latin:Rogozin | text:latin:St | text:latin:Ashdod
702aad30-2aa7-4f5d-bb8d-b576aa5ee655,עינת ברק,אשדוד,live,no,no,yes,normal,text_rules,2026-09-26.1,rewrite,text:missing_info:במקורות | text:missing_info:לא צוינו | text:missing_info:לא פורסמו | text:missing_info:לא פורסם | text:record:ברשומת | text:record:מצוין | text:record:מציינת | text:record:נרשמה | text:record:מופיע | text:address:St | text:latin:Ha-Gdud | text:latin:ha-Ivri | text:latin:St | text:latin:Ashdod
d1b25779-5d2c-4904-b029-4652ad6d0801,קוסמטיקאית -אולגה קוסמטיקה מתקדמת,אשדוד,live,no,no,yes,sparse,text_rules,2026-09-26.1,rewrite,text:missing_info:במקורות | text:missing_info:לא צוינו | text:missing_info:לא פורסמו | text:missing_info:בעמוד העסק | text:record:שמצוין | text:record:מציין | text:record:נרשמו | text:record:ומופיעה | text:record:מתוארים | text:address:St | text:latin:Nahal | text:latin:Yarmuh | text:latin:St | text:latin:Ashdod
afa2c630-fdef-4ffc-b333-d901c2e28da2,"קורל אסולין- קליניקה לציפורניים,פדיקור,ריסים וגבות באשדוד",אשדוד,live,no,no,yes,normal,text_rules,2026-09-26.1,rewrite,text:missing_info:במקורות | text:missing_info:לא פורסם | text:missing_info:אין פירוט | text:missing_info:המידע הזמין | text:record:ברשומות | text:record:המצוינות | text:record:מציינת | text:record:שמופיעה | text:record:אין פירוט | text:spelling:המצויין | text:spelling:מצויין
72c6c43d-735d-48ec-898d-e1b3e5725612,קסם קוסמטיקס,אשדוד,live,no,no,yes,normal,text_rules,2026-09-26.1,rewrite,text:missing_info:במקורות | text:missing_info:לא פורסמו | text:missing_info:המידע הזמין | text:record:ברשומות | text:record:מצוין | text:record:מציין | text:record:נרשמה | text:record:מופיע | text:address:St | text:latin:Yehoshafat | text:latin:ha-Melekh | text:latin:St | text:latin:Ashdod | text:latin:Hava | text:latin:Zingboim
63f47ba2-b476-46ee-b5d2-305bc5832b96,רוסלנה ביוטי סטייל,אשדוד,live,no,no,yes,normal,text_rules,2026-09-26.1,rewrite,text:missing_info:במקורות | text:missing_info:לא פורסמו | text:missing_info:לא פורסם | text:missing_info:ללא פירוט | text:record:ברשומת | text:record:מצוינים | text:record:מציינות | text:record:נרשמו | text:record:מופיע | text:spelling:המצויין | text:spelling:מצויין
6b20d446-7029-46dd-b9c4-8d848157596e,רינת ברטוב קוסמטיקאית פרא רפואית,אשדוד,live,no,no,yes,sparse,text_rules,2026-09-26.1,rewrite,text:missing_info:במקורות | text:missing_info:לא צוינו | text:missing_info:לא פורסמו | text:missing_info:לא פורסם | text:missing_info:המידע הזמין | text:missing_info:בעמוד העסק | text:record:ברשומה | text:record:שמצוינים | text:record:מציין | text:record:שנרשמו | text:record:מופיע | text:spelling:המצויין | text:spelling:מצויין | text:spelling:ווטסאפ
5560ee57-7861-48b5-9e78-cdf9f102e1a3,רנטה מילבסקי || קורס איפור קבוע והדגשת שפתיים למתחילות ולמתקדמות - Renata Permanent Makeup,אשדוד,live,no,no,yes,normal,text_rules,2026-09-26.1,rewrite,text:missing_info:במקורות | text:missing_info:לא פורסמו | text:missing_info:בעמוד העסק | text:missing_info:בפרופיל העסק | text:record:מצוין | text:record:מציין | text:record:מופיעות | text:record:המתוארים | text:latin:Demo | text:latin:Speaker | text:spelling:מצויין
c4208ee5-2c86-4172-8839-1955869ca462,שלומית - מכון קוסמטיקה ויופי,אשדוד,live,no,no,yes,sparse,text_rules,2026-09-26.1,rewrite,text:missing_info:לא צוין | text:missing_info:לא פורסמו | text:missing_info:לא פורסם | text:missing_info:בפרופיל העסק | text:record:הרשומה | text:record:המצוינות | text:record:שנרשמה | text:record:מופיעה | text:record:אינו מפרט
832509ee-bf15-4f61-a953-1d72c7d1c05c,שני אשכנזי תוספות שיער אשדוד,אשדוד,live,no,no,yes,sparse,text_rules,2026-09-26.1,rewrite,text:missing_info:במקורות | text:missing_info:לא פורסמו | text:missing_info:לא פורסם | text:missing_info:בפרופיל העסק | text:record:המצוינת | text:record:מציין | text:record:שנרשמו | text:record:מופיעה
4bd98bdd-9ade-4715-8bea-a90a43d6b32f,שרה שמחה - קוסמטיקה רפואית טיפולי פנים מתקדמים,אשדוד,live,no,no,yes,sparse,text_rules,2026-09-26.1,rewrite,text:missing_info:במקורות | text:missing_info:לא צוין | text:missing_info:לא נמסר | text:missing_info:בעמוד העסק | text:record:ברשומות | text:record:שמצוינים | text:record:מציין | text:record:נרשמו | text:record:מופיעה | text:record:אינו מפרט | text:latin:RF
ab8ef699-aa34-4d1a-861c-68f83ca37ab4,שרונה נבון קוסמטיקאית קלינית ואחות מוסמכת | טיפולי פנים ואיפור קבוע,אשדוד,live,no,no,yes,normal,text_rules,2026-09-26.1,rewrite,text:missing_info:במקורות | text:missing_info:לא צוינו | text:missing_info:לא פורסם | text:missing_info:לא זמין | text:record:שמצוינת | text:record:מציינת | text:record:מופיעים | text:record:שמתואר
03b912e7-c823-4c1a-84ea-5a52b9906f82,שרי קוסמטיקס,אשדוד,live,no,no,yes,sparse,text_rules,2026-09-26.1,rewrite,text:missing_info:במקורות | text:missing_info:לא צוינו | text:missing_info:לא פורסמו | text:missing_info:לא פורסם | text:missing_info:אין מידע | text:record:ברשומת | text:record:שמציינת | text:record:מופיע | text:address:Blvd | text:latin:Tel-Chay | text:latin:Blvd | text:latin:Ashdod
