business_id,branch_id,name,city,claimed,current_primary,proposed_primary,change,reason
6d9c54f9-6cee-4884-bb5d-e360d9768257,ff559e86-3f3e-4252-ae5d-8810b0eb1050,ADM-אחים ואחיות עד הבית,נהריה,no,nails,nails,no,"אין סוג ראשי בגוגל; סוגים נוספים בגוגל: Beautician -> קוסמטיקה וטיפולי פנים; טיפולים: ציפורניים, מניקור ופדיקור 5"
84fac31b-47a5-4e11-9c30-a068aecc7e3b,428b9c2b-b87d-4cb3-82d5-83d155ae79c1,ARcosmetolog,נהריה,no,facials,facials,no,"סוג ראשי בגוגל: skin_care_clinic -> קוסמטיקה וטיפולי פנים/אסתטיקה רפואית; טיפולים: קוסמטיקה וטיפולי פנים 3 (1 עם מחיר), אסתטיקה רפואית 1"
2dba5b9c-6768-467c-a07a-0064cf938e4c,b5afada9-287f-47af-9a19-2bbd854a7400,BEAUTY OSK,נהריה,no,facials,facials,no,סוג ראשי בגוגל: skin_care_clinic -> קוסמטיקה וטיפולי פנים/אסתטיקה רפואית
b09be1a8-0375-4603-96c7-bd612a67888d,14e6f29b-d0e6-4733-bca8-8f0541f268fe,Barak clinic - קליניקה לאסתטיקה מתקדמת בנהריה,נהריה,no,hair-removal,hair-removal,no,סוג ראשי בגוגל: beautician (כללי) -> קוסמטיקה וטיפולי פנים; סוגים נוספים בגוגל: Laser hair removal service -> הסרת שיער
03b18bc8-8483-435d-9ef0-d02c55369507,80be9c7f-a966-4f2c-9309-97bbbb8fa10b,Batya Care & Beauty Institute,נהריה,no,hair-removal,hair-removal,no,"סוג ראשי בגוגל: beauty_salon (כללי) -> קוסמטיקה וטיפולי פנים; סוגים נוספים בגוגל: Hair removal service -> הסרת שיער, Laser hair removal service -> הסרת שיער, Nail salon -> ציפורניים, מניקור ופדיקור, Waxing hair removal service -> הסרת שיער; טיפולים: קוסמטיקה וטיפולי פנים 1"
1b9b90e7-deae-40fa-8bb7-9abd97a95d16,388a5b73-0aed-4fea-9b38-a28b0b4b0aaa,Glamur G_B,נהריה,no,facials,facials,no,סוג ראשי בגוגל: beauty_salon (כללי) -> קוסמטיקה וטיפולי פנים
1b8cf494-7259-44ad-ab3f-23540db9022c,2ccbad7e-ae74-4814-afcb-89d1d6d34d30,Grace Cosmetology Nahariya,נהריה,no,facials,facials,no,סוג ראשי בגוגל: beauty_salon (כללי) -> קוסמטיקה וטיפולי פנים; טיפולים: קוסמטיקה וטיפולי פנים 2
979978ea-02b8-43f5-bc31-3bdbb271ab9a,ad544cb8-7e77-4524-9640-0befa25de827,L&Y beauty lab,נהריה,no,facials,facials,no,סוג ראשי בגוגל: beauty_salon (כללי) -> קוסמטיקה וטיפולי פנים
a10146cd-05cf-4f73-9e67-4ee9112631b3,f519049e-b3ab-4dd0-91c4-b4f944cef39c,LA CLÍNICA,נהריה,no,medical-aesthetics,medical-aesthetics,no,"סוג ראשי בגוגל: medical_spa -> אסתטיקה רפואית; טיפולים: אסתטיקה רפואית 13, קוסמטיקה וטיפולי פנים 3"
569b6c93-6dc0-4280-88d2-e4483fc2d561,dddabe69-f356-4d08-bcd8-1d39cef0d770,Laurence skin care,נהריה,no,facials,facials,no,השם מעיד על קוסמטיקה וטיפולי פנים; סוג ראשי בגוגל: beautician (כללי) -> קוסמטיקה וטיפולי פנים
9c78f661-76f3-4495-81bb-f5fbf839c1b3,caa416ae-8f10-4aee-ac00-d5f35227bbd0,Lilac Saturn cosmetics and eyebrow shaping,נהריה,no,facials,facials,no,סוג ראשי בגוגל: beauty_salon (כללי) -> קוסמטיקה וטיפולי פנים
6e59c2a9-e0f1-48f4-8c09-1337be64f3c7,8d6eddba-0a9d-466f-84d5-94586d40f31b,Meital Ram professional makeup artist and cosmetologist,נהריה,no,makeup,makeup,no,"השם מעיד על איפור מקצועי; סוג ראשי בגוגל: beauty_salon (כללי) -> קוסמטיקה וטיפולי פנים; טיפולים: ציפורניים, מניקור ופדיקור 2, איפור מקצועי 1"
db12d6aa-abfb-4604-82fd-156b7645b62c,4833e9c5-cb30-4281-906a-ec2a727fecd2,Opal cosmetic - אופל קוסמטיקה מקצועית,נהריה,no,facials,facials,no,השם מעיד על קוסמטיקה וטיפולי פנים; סוג ראשי בגוגל: beautician (כללי) -> קוסמטיקה וטיפולי פנים
013d0ab2-c030-40d1-b046-9b4ed694d4f5,9df5dfd6-0cbd-410b-8ec1-ffdcb83ec9b4,Osmo Professional רפאל אוסמו,נהריה,no,hair-salons,hair-salons,no,"סוג ראשי בגוגל: hair_salon -> מספרות ועיצוב שיער; סוגים נוספים בגוגל: Beauty salon -> קוסמטיקה וטיפולי פנים, Hair replacement service -> השתלות שיער וטיפול בנשירה"
d92232e7-f00d-41e5-b41e-ac4a1f38a2c2,7ec6706c-f25f-4e12-803e-7f24c0ddd609,Perfection studio,נהריה,no,spa-massage,spa-massage,no,"סוג ראשי בגוגל: massage_therapist -> ספא ועיסויים; סוגים נוספים בגוגל: Beautician -> קוסמטיקה וטיפולי פנים, Hair removal service -> הסרת שיער; טיפולים: הסרת שיער 1"
54635c1d-bf7b-40a4-8434-bab491e14050,046a4123-029b-4df9-aba7-951606c2b568,Permanent makeup & eyelashes Nahariya,נהריה,no,permanent-makeup,permanent-makeup,no,"השם מעיד על איפור קבוע, איפור מקצועי; סוג ראשי בגוגל: beauty_salon (כללי) -> קוסמטיקה וטיפולי פנים"
4639ab07-321c-423d-afd3-1851cd259a48,9fb03bc6-cffa-4ac9-aa3b-8cca3c9d9c34,R&R Rina Oren & Roni Shalev,נהריה,no,hair-salons,hair-salons,no,סוג ראשי בגוגל: hair_salon -> מספרות ועיצוב שיער; סוגים נוספים בגוגל: Beauty salon -> קוסמטיקה וטיפולי פנים; טיפולים: מספרות ועיצוב שיער 2
8899613a-6080-4d5d-8caa-83475e8ab74a,7e8c91ea-4b2e-4e75-b211-194e1188fbce,Sharona Spa,נהריה,no,facials,facials,no,השם מעיד על ספא ועיסויים; סוג ראשי בגוגל: skin_care_clinic -> קוסמטיקה וטיפולי פנים/אסתטיקה רפואית; סוגים נוספים בגוגל: Beautician -> קוסמטיקה וטיפולי פנים
358ce6ff-b5ea-433b-b7a1-464a59991ad7,fd8ad20d-1caa-4a2e-aa1a-f2a43a6d80db,Shiran Ben Yehuda איפור קבוע,נהריה,no,permanent-makeup,permanent-makeup,no,השם מעיד על איפור קבוע; סוג ראשי בגוגל: beauty_salon (כללי) -> קוסמטיקה וטיפולי פנים; טיפולים: איפור קבוע 4
010762b7-329c-44fb-9b6e-37acfa40ba60,e58b2a2e-29a8-4d41-988b-51bab7c40d3b,Tamar Cosmetics - קוסמטיקאית פרא רפואית,נהריה,no,facials,facials,no,השם מעיד על קוסמטיקה וטיפולי פנים; סוג ראשי בגוגל: beautician (כללי) -> קוסמטיקה וטיפולי פנים
62f98a82-5ad4-40b3-80b7-da09b7ad0d35,5e7d4d4f-5aa6-41f1-b660-3e4cf7c5525f,Victoria Levin Cosmetics,נהריה,no,facials,facials,no,סוג ראשי בגוגל: beautician (כללי) -> קוסמטיקה וטיפולי פנים; טיפולים: קוסמטיקה וטיפולי פנים 3
622ef421-46ee-470d-be1b-403b6a472925,0dc89d04-4269-4f7c-96ca-df421920dbf1,magical care yaniv azran,נהריה,no,facials,facials,no,"סוג ראשי בגוגל: skin_care_clinic -> קוסמטיקה וטיפולי פנים/אסתטיקה רפואית; טיפולים: קוסמטיקה וטיפולי פנים 24, ספא ועיסויים 2"
5f5d771d-8b96-42b4-9b91-bdb88d2a877b,06390e24-6f82-4bb1-8bc5-caecf3f12a37,mimi cosmetics,נהריה,no,facials,facials,no,סוג ראשי בגוגל: beautician (כללי) -> קוסמטיקה וטיפולי פנים
056e2093-6770-41fb-9354-65577208be61,c1d074c8-2287-4d62-b421-1ba5f1c08c70,"салон красоты "" DREAM """,נהריה,no,facials,facials,no,סוג ראשי בגוגל: beauty_salon (כללי) -> קוסמטיקה וטיפולי פנים
5e2613de-51a1-4586-bd21-dd3f121fd134,75525b40-06e9-498a-a04f-5b0c0a6317ac,אורטל הר זהב קוסמטיקאית בנהריה,נהריה,no,facials,facials,no,"השם מעיד על קוסמטיקה וטיפולי פנים; סוג ראשי בגוגל: beautician (כללי) -> קוסמטיקה וטיפולי פנים; סוגים נוספים בגוגל: Skin care clinic -> קוסמטיקה וטיפולי פנים/אסתטיקה רפואית, Waxing hair removal service -> הסרת שיער"
c8fd422a-5ca4-46fb-b269-60e0c24ddbad,31167bd4-b539-47fb-8a00-f9ed653212c2,אורית דיין מעצבת גבות והסרת שיער בלייזר,נהריה,no,hair-removal,hair-removal,no,"השם מעיד על הסרת שיער, גבות וריסים; סוג ראשי בגוגל: beauty_salon (כללי) -> קוסמטיקה וטיפולי פנים; סוגים נוספים בגוגל: Eyebrow bar -> גבות וריסים, Hair removal service -> הסרת שיער, Laser hair removal service -> הסרת שיער, Permanent make-up clinic -> איפור קבוע, Waxing hair removal service -> הסרת שיער"
2cec4975-c792-47ae-ad26-757d36889f03,76c423b1-7a82-4e86-8b99-cab9c99707af,אורלי דהאן ORLY DAHAN,נהריה,no,facials,facials,no,סוג ראשי בגוגל: beauty_salon (כללי) -> קוסמטיקה וטיפולי פנים; טיפולים: קוסמטיקה וטיפולי פנים 1
3f961696-c503-4b06-9c30-62b41661c917,0e5b7bdb-b90b-4576-a535-ab77269958df,אלה שמואל - טיפוח ויופי,נהריה,no,facials,facials,no,סוג ראשי בגוגל: beauty_salon (כללי) -> קוסמטיקה וטיפולי פנים
9618ab1f-f580-40fb-a811-1674ea2d950a,d44aee6a-cef9-4a1c-8dc0-6d9a18a77742,בי ביוטי בתאל שפר,נהריה,no,facials,facials,no,סוג ראשי בגוגל: beauty_salon (כללי) -> קוסמטיקה וטיפולי פנים
aa37d45c-59fd-4c32-81e0-f28ac6ec4c30,64642c0f-f2ea-43cb-b0a3-cbd9b66517e9,בתאל הראל קוסמטיקה מתקדמת,נהריה,no,facials,facials,no,השם מעיד על קוסמטיקה וטיפולי פנים; סוג ראשי בגוגל: skin_care_clinic -> קוסמטיקה וטיפולי פנים/אסתטיקה רפואית
2efa1a18-1d19-4c75-8217-da8e03ae678d,c1ea549c-d06c-4606-8a0b-c00d8b09725f,"ד""ר יעל הירש אסתטיקה",נהריה,no,facials,facials,no,סוג ראשי בגוגל: beauty_salon (כללי) -> קוסמטיקה וטיפולי פנים
cccd74ad-e76f-467e-baae-2b22439d04a2,2a7539f0-8de3-43fc-b286-3eec171e7cb3,"ד""ר מינה סקנדריון",נהריה,no,facials,facials,no,סוג ראשי בגוגל: beauty_salon (כללי) -> קוסמטיקה וטיפולי פנים
a5c6d2af-774b-458a-af64-f481837c42db,142d077d-f5ce-4904-aeba-eaa2eb286855,דיאנה שרייפר,נהריה,no,facials,facials,no,סוג ראשי בגוגל: beauty_salon (כללי) -> קוסמטיקה וטיפולי פנים
f870f0ec-e8f6-47d5-9bd7-4dc283c75ace,30491085-9e7e-462d-887e-70b5ac899ef4,ד״ר אביטל אנדלר- אסתטיקה רפואית ודנטלית,נהריה,no,dental-aesthetics,dental-aesthetics,no,"השם מעיד על אסתטיקה רפואית, אסתטיקה דנטלית; סוג ראשי בגוגל: cosmetic_dentist -> אסתטיקה דנטלית; טיפולים: אסתטיקה רפואית 2"
93f8b30f-a93d-4d13-8b42-ca98f7a90a36,53e4393c-8b32-4615-b714-bd46cb2541ca,"ד״ר אמיר מטר,מרפאת שיניים ואסתטיקה",נהריה,no,dental-aesthetics,dental-aesthetics,no,השם מעיד על אסתטיקה דנטלית; אין סוג ראשי בגוגל; סוגים נוספים בגוגל: Cosmetic dentist -> אסתטיקה דנטלית
8d3d05e5-88b3-45ca-836b-5e6c0449ba49,8aa9c929-98b3-4ae7-8ef2-c633df3ff7f4,הילה גנון מאפרת ומסרקת מקצועית מנהריה,נהריה,no,makeup,makeup,no,"השם מעיד על איפור מקצועי; סוג ראשי בגוגל: beauty_salon (כללי) -> קוסמטיקה וטיפולי פנים; טיפולים: מספרות ועיצוב שיער 2, איפור מקצועי 1"
4f08984e-9e33-4dc4-b13c-14c5bd92d109,ff590aaf-bf24-47fe-94af-30f52187b8c5,הלנה שינדרמן טיפולי פנים בנהריה,נהריה,no,facials,facials,no,השם מעיד על קוסמטיקה וטיפולי פנים; סוג ראשי בגוגל: beautician (כללי) -> קוסמטיקה וטיפולי פנים
accccbc4-8614-4db3-81e0-55ff42f70407,af4ecf73-badc-4b6c-a7f7-4ec3f15393dc,הסטודיו של מורן איפור וציפורניים,נהריה,no,nails,nails,no,"השם מעיד על ציפורניים, מניקור ופדיקור, איפור מקצועי; סוג ראשי בגוגל: beautician (כללי) -> קוסמטיקה וטיפולי פנים"
ca5bf856-1d96-49c0-9319-8b7de06f3a93,ee4d7d41-ed59-4253-a44f-a35d78f933c7,הפינה של טלי בנהריה-דירות אירוח וספא בריאות,נהריה,no,medical-aesthetics,spa-massage,yes,"אין סוג ראשי בגוגל; סוגים נוספים בגוגל: Day spa -> ספא ועיסויים, Medical spa -> אסתטיקה רפואית; טיפולים: ספא ועיסויים 1 (1 עם מחיר)"
7eb0a2b8-7bf0-45ce-8f01-0d34d085e77c,49c69891-3bae-4cf8-ab22-e473f85244b5,יוניק קליניק - unique clinic,נהריה,no,hair-removal,hair-removal,no,"סוג ראשי בגוגל: laser_hair_removal_service -> הסרת שיער; סוגים נוספים בגוגל: Beauty salon -> קוסמטיקה וטיפולי פנים, Hair removal service -> הסרת שיער"
c97900f9-00d5-44ac-a5ff-b08b1b8953c3,3b5f58db-d47c-40e8-9816-0c87f5a6b947,יעל ביוטי,נהריה,no,facials,facials,no,סוג ראשי בגוגל: beauty_salon (כללי) -> קוסמטיקה וטיפולי פנים
2b40d757-e640-41f8-bd55-6f8e0b427af8,b5c6b28d-d5ae-4ca1-b53e-25f795617481,לב מדיקל - סניף נהריה,נהריה,no,medical-aesthetics,medical-aesthetics,no,סוג ראשי בגוגל: medical_spa -> אסתטיקה רפואית
b2f60486-6a88-4088-bfbd-cc05ab67fe6c,79f45964-d5b5-4ff7-a487-79a424062603,לורנסה בוטיק ספא ראש והילינג,נהריה,no,facials,facials,no,"סוג ראשי בגוגל: facial_spa -> קוסמטיקה וטיפולי פנים; טיפולים: ספא ועיסויים 6, קוסמטיקה וטיפולי פנים 1"
4d39610f-08fc-4c1a-a7fa-702a1a27d5a8,91b91049-672e-40a2-b689-2161570e2b4f,"ליאל מילר - קוסמטיקאית קלינית פרא רפואית מומחית בפיגמנטציה, אקנה ופוסט אקנה בעור הפנים והגוף",נהריה,no,facials,facials,no,"השם מעיד על קוסמטיקה וטיפולי פנים; סוג ראשי בגוגל: beautician (כללי) -> קוסמטיקה וטיפולי פנים; סוגים נוספים בגוגל: Beauty salon -> קוסמטיקה וטיפולי פנים, Cosmetic surgeon -> אסתטיקה רפואית/כירורגיה פלסטית, Day spa -> ספא ועיסויים, Facial spa -> קוסמטיקה וטיפולי פנים, Skin care clinic -> קוסמטיקה וטיפולי פנים/אסתטיקה רפואית"
465c7b24-1d14-48a3-bd65-acd50acb3f7a,ac0b76e1-fa40-4d39-a307-7d29bff52c2f,ליאת גז,נהריה,no,facials,facials,no,סוג ראשי בגוגל: beauty_salon (כללי) -> קוסמטיקה וטיפולי פנים
14584257-1039-456e-b4f5-2c09f1f075d3,f276095e-d7ef-4f16-b6ad-bf523bc2e6cc,לינוי מיכאלוב קוסמטיקאית מוסמכת,נהריה,no,facials,facials,no,השם מעיד על קוסמטיקה וטיפולי פנים; סוג ראשי בגוגל: skin_care_clinic -> קוסמטיקה וטיפולי פנים/אסתטיקה רפואית
c0ee2948-284f-48c7-b5f3-2472ae585b92,cc65a219-ea6b-4325-8cea-7807dd28a4fa,לירן איפור קבוע ובניית ציפורניים.,נהריה,no,nails,nails,no,"השם מעיד על ציפורניים, מניקור ופדיקור, איפור קבוע; סוג ראשי בגוגל: beauty_salon (כללי) -> קוסמטיקה וטיפולי פנים; טיפולים: איפור קבוע 4, גבות וריסים 3"
8b2f9c12-f344-466b-981c-0492e2c05e38,4d026a4e-c492-40cc-a8ca-d4a2d5056ced,לירן קוסמטיקס,נהריה,no,facials,nails,yes,"השם מעיד על קוסמטיקה וטיפולי פנים; סוג ראשי בגוגל: nail_salon -> ציפורניים, מניקור ופדיקור; סוגים נוספים בגוגל: Beauty salon -> קוסמטיקה וטיפולי פנים, Facial spa -> קוסמטיקה וטיפולי פנים, Hair removal service -> הסרת שיער, Skin care clinic -> קוסמטיקה וטיפולי פנים/אסתטיקה רפואית; טיפולים: ציפורניים, מניקור ופדיקור 2"
844e7627-9333-40f7-9149-c1eb6abad1cc,0dea655d-47cd-46e8-b4b7-47aca4a9b031,לק ג׳ל בנהריה - סנדי טטרו,נהריה,no,facials,facials,no,סוג ראשי בגוגל: beauty_salon (כללי) -> קוסמטיקה וטיפולי פנים
5b70ce32-cde9-4b6f-9bdf-8c0bee299c99,8addcfc7-48ba-4183-b32e-fe487838525b,"לקראת כלה- בוטיק-איפור-עיצוב שיער , מבית הילה פרץ",נהריה,no,hair-salons,hair-salons,no,"השם מעיד על מספרות ועיצוב שיער, איפור מקצועי; סוג ראשי בגוגל: beauty_salon (כללי) -> קוסמטיקה וטיפולי פנים; טיפולים: מספרות ועיצוב שיער 2"
cb68f145-a492-4765-91a0-12fbe7058f13,7ae5151f-120e-47e1-9984-92378daa9cef,מגי צרונה קוסמטיקה מתקדמת,נהריה,no,facials,facials,no,השם מעיד על קוסמטיקה וטיפולי פנים; סוג ראשי בגוגל: beautician (כללי) -> קוסמטיקה וטיפולי פנים
47a741c9-8c34-44b9-9fb5-ff477a6938b3,23b14542-a951-4680-94fe-77ed146bce0f,מימו - מכון היופי הלבנוני,נהריה,no,nails,nails,no,"סוג ראשי בגוגל: beauty_salon (כללי) -> קוסמטיקה וטיפולי פנים; סוגים נוספים בגוגל: Nail salon -> ציפורניים, מניקור ופדיקור, Waxing hair removal service -> הסרת שיער; טיפולים: איפור קבוע 3, ציפורניים, מניקור ופדיקור 3"
da38738c-d456-40ed-8a3a-e037c9e65dd1,4fa323fe-817a-48f1-b827-79ce7229049b,מכון C היופי בנהריה,נהריה,no,facials,facials,no,סוג ראשי בגוגל: beauty_salon (כללי) -> קוסמטיקה וטיפולי פנים
8fa7391c-5a6e-4195-b567-8b232de4492e,0ac85d39-f36c-4b8a-89cc-ddab374ab304,מכון יופי לנה,נהריה,no,facials,facials,no,סוג ראשי בגוגל: beauty_salon (כללי) -> קוסמטיקה וטיפולי פנים
7bad9454-12bf-4150-a612-56c6bd6d291b,42d5a6d0-f36b-4a1a-ae7e-a1011c3b6dfa,מלי לב פדיקור רפואי,נהריה,no,nails,nails,no,"השם מעיד על ציפורניים, מניקור ופדיקור; סוג ראשי בגוגל: nail_salon -> ציפורניים, מניקור ופדיקור; סוגים נוספים בגוגל: Beautician -> קוסמטיקה וטיפולי פנים"
1db940eb-062b-4c3d-93c3-8839105105d1,02e46019-4948-46bb-ab2a-0ad8100d7d4b,מספרה לתוספות שיער בנהריה,נהריה,no,hair-salons,hair-salons,no,השם מעיד על מספרות ועיצוב שיער; סוג ראשי בגוגל: beauty_salon (כללי) -> קוסמטיקה וטיפולי פנים; טיפולים: מספרות ועיצוב שיער 3
b67f04a3-f495-42d5-94f3-1e8c4e4d65e3,829e09a9-4def-4022-847f-19abd9f53e21,מספרת מרואן,נהריה,no,hair-salons,hair-salons,no,השם מעיד על מספרות ועיצוב שיער; סוג ראשי בגוגל: barber_shop -> מספרות ועיצוב שיער; סוגים נוספים בגוגל: Beauty salon -> קוסמטיקה וטיפולי פנים
fd277170-024a-40c8-bd7e-4ffcc918e857,8349e161-0863-45f1-93ba-d204342de001,מרינה איפור גבות ושפתיים,נהריה,no,brows-lashes,brows-lashes,no,"השם מעיד על גבות וריסים, איפור מקצועי; סוג ראשי בגוגל: beauty_salon (כללי) -> קוסמטיקה וטיפולי פנים"
2b58c10a-3a9d-4e01-94ba-505b43a4978c,c879aafa-4713-409f-bba6-b630b511b6f4,מרינה קוסמטיקס,נהריה,no,facials,facials,no,השם מעיד על קוסמטיקה וטיפולי פנים; סוג ראשי בגוגל: skin_care_clinic -> קוסמטיקה וטיפולי פנים/אסתטיקה רפואית; טיפולים: קוסמטיקה וטיפולי פנים 3
6a512a43-45f2-4c70-bce4-eb48371a2352,81e5ecb1-8d1d-4a7d-a2b0-6dbc9c796fe9,מרסל לחמיש פתרונות אסתטיקה,נהריה,no,facials,facials,no,סוג ראשי בגוגל: beauty_salon (כללי) -> קוסמטיקה וטיפולי פנים
bc278956-87dd-4f47-8eac-85a908feea71,6f680011-0c01-48a3-b887-91466fef37df,מרפאת שיניים ד''ר חנקין ילנה,נהריה,no,dental-aesthetics,dental-aesthetics,no,"השם מעיד על אסתטיקה דנטלית; אין סוג ראשי בגוגל; סוגים נוספים בגוגל: Cosmetic dentist -> אסתטיקה דנטלית, Skin care clinic -> קוסמטיקה וטיפולי פנים/אסתטיקה רפואית; טיפולים: אסתטיקה רפואית 3, אסתטיקה דנטלית 3"
202436b0-0f0c-477a-aa0e-2305e8375b53,54447982-0aae-431b-b030-50aef823883f,מרפאת שיניים וולפסון - Wolfson Dental Clinic,נהריה,no,dental-aesthetics,dental-aesthetics,no,השם מעיד על אסתטיקה דנטלית; אין סוג ראשי בגוגל; סוגים נוספים בגוגל: Cosmetic dentist -> אסתטיקה דנטלית
994f250a-324d-42fe-9f13-75460622333c,1dcb7347-5f79-442f-9f58-e5335cc022be,ניצן קמחי | מומחית לבניית ציפורניים בנהריה,נהריה,no,nails,nails,no,"השם מעיד על ציפורניים, מניקור ופדיקור; סוג ראשי בגוגל: beauty_salon (כללי) -> קוסמטיקה וטיפולי פנים; טיפולים: ציפורניים, מניקור ופדיקור 3"
c1a8cdd8-2bdd-46fe-b996-33cc8fd75a59,b120e474-5446-4845-877f-60eae03cef50,סופי קוסמטיק,נהריה,no,facials,facials,no,השם מעיד על קוסמטיקה וטיפולי פנים; סוג ראשי בגוגל: beauty_salon (כללי) -> קוסמטיקה וטיפולי פנים
302932f1-5d94-4f2d-8734-9b5b73df0add,087d37ad-856f-47d9-95f9-f85340853aee,סימונה גולדמן - מרכז אסתטיקה ויופי,נהריה,no,facials,facials,no,"סוג ראשי בגוגל: beauty_salon (כללי) -> קוסמטיקה וטיפולי פנים; סוגים נוספים בגוגל: Beautician -> קוסמטיקה וטיפולי פנים, Laser hair removal service -> הסרת שיער; טיפולים: קוסמטיקה וטיפולי פנים 4, עיצוב וחיטוב הגוף 2"
5f013f58-bb06-4379-82c5-2ba8d65eac1d,e3b8f590-db0a-4263-ae6b-206613f31dff,סלון יופי נהריה,נהריה,no,facials,facials,no,סוג ראשי בגוגל: beauty_salon (כללי) -> קוסמטיקה וטיפולי פנים
a96fde87-3db4-461e-aa56-2a758b380be8,f94de83c-bdb9-41e6-ac81-4ec43b50d66a,ספיר חתואל מעצבת גבות,נהריה,no,brows-lashes,brows-lashes,no,"השם מעיד על גבות וריסים; סוג ראשי בגוגל: beauty_salon (כללי) -> קוסמטיקה וטיפולי פנים; סוגים נוספים בגוגל: Beautician -> קוסמטיקה וטיפולי פנים, Permanent make-up clinic -> איפור קבוע, Waxing hair removal service -> הסרת שיער; טיפולים: גבות וריסים 3, הסרת שיער 2"
c5468cb4-4015-4720-afda-7ddca695634e,8cb30000-0612-4ed8-985b-94ea34a56ab1,עיצוב גבות וריסים - Hana Permbeauty,נהריה,no,brows-lashes,brows-lashes,no,"השם מעיד על גבות וריסים; סוג ראשי בגוגל: beauty_salon (כללי) -> קוסמטיקה וטיפולי פנים; סוגים נוספים בגוגל: Eyebrow bar -> גבות וריסים, Eyelash salon -> גבות וריסים; טיפולים: גבות וריסים 8"
1af3d573-bb10-4f31-85f5-4c4f87592222,8f3a53d6-b747-44e5-941f-6cce923aa6a5,פאינה אמילוב - קליניקה לאיפור קבוע שמדגיש את יופיך.,נהריה,no,permanent-makeup,permanent-makeup,no,השם מעיד על איפור קבוע; סוג ראשי בגוגל: beauty_salon (כללי) -> קוסמטיקה וטיפולי פנים; טיפולים: איפור קבוע 6
c32f8fd8-e2eb-4089-a07d-4e7d5b3afeb2,120739f2-2f1e-4268-9afb-861a91ab878b,"פן אקספרס ,פן מעכשיו לעכשיו - אודליה",נהריה,no,facials,facials,no,סוג ראשי בגוגל: beauty_salon (כללי) -> קוסמטיקה וטיפולי פנים
56d2a282-b311-4605-899a-44a1d9af9e9d,ca83b4e8-cddf-439a-8dd5-20dd9ed83780,ציפורניים בנהריה,נהריה,no,nails,nails,no,"השם מעיד על ציפורניים, מניקור ופדיקור; סוג ראשי בגוגל: beautician (כללי) -> קוסמטיקה וטיפולי פנים"
e6f16540-d9ab-4cd9-ba14-8cae47d90478,abe563aa-f7e1-47e5-9b1c-e898c17ec053,קוסמטיקאי מומחה - Sahar Cosmetics,נהריה,no,facials,facials,no,"השם מעיד על קוסמטיקה וטיפולי פנים; סוג ראשי בגוגל: skin_care_clinic -> קוסמטיקה וטיפולי פנים/אסתטיקה רפואית; סוגים נוספים בגוגל: Beautician -> קוסמטיקה וטיפולי פנים, Facial spa -> קוסמטיקה וטיפולי פנים, Laser hair removal service -> הסרת שיער"
a0956c18-78ad-4314-b3ae-9b697c3c9879,7fe75393-c4ab-4f02-90ce-af04fb37f700,קוסמטיקאית Genin cosmotology,נהריה,no,facials,facials,no,"השם מעיד על קוסמטיקה וטיפולי פנים; סוג ראשי בגוגל: facial_spa -> קוסמטיקה וטיפולי פנים; טיפולים: קוסמטיקה וטיפולי פנים 10, ספא ועיסויים 2"
991bd579-5917-4398-bc45-6f31b92534be,64ad1de8-7c3d-419c-a982-3b625c10df3d,קוסמטיקאית בכירה נהריה | ענת | Anat & Co ',נהריה,no,facials,facials,no,השם מעיד על קוסמטיקה וטיפולי פנים; סוג ראשי בגוגל: skin_care_clinic -> קוסמטיקה וטיפולי פנים/אסתטיקה רפואית
9f9bb3bd-316a-4ca1-84ac-d7260366392c,c01a4806-3312-4deb-898d-bfd9b421da94,קוסמטיקאית בתיה גדז,נהריה,no,facials,facials,no,השם מעיד על קוסמטיקה וטיפולי פנים; סוג ראשי בגוגל: beauty_salon (כללי) -> קוסמטיקה וטיפולי פנים
39d0e320-88c1-4433-baed-4c5a1ff1bd49,69c1d782-193f-4881-b66a-e2ea4b50052a,קוסמטיקאית שני גת לייזר Shani cosmetics,נהריה,no,facials,facials,no,השם מעיד על קוסמטיקה וטיפולי פנים; סוג ראשי בגוגל: beautician (כללי) -> קוסמטיקה וטיפולי פנים
91ee746b-b330-4a66-bf64-28efbf39ee15,b68720d8-e83d-4ffb-95a0-e1c66caf21d4,קרין אטיאס - קליניקה לטיפולי אסתטיקה מתקדמים,נהריה,no,facials,facials,no,סוג ראשי בגוגל: beautician (כללי) -> קוסמטיקה וטיפולי פנים
52441105-697b-42cf-ba01-b05705d97bd1,eae39576-cd1d-4f39-b4e5-151e80a1cb2f,רויטל שטאשוילי קוסמטיקאית קלינית בנהריה,נהריה,no,facials,facials,no,השם מעיד על קוסמטיקה וטיפולי פנים; סוג ראשי בגוגל: beauty_salon (כללי) -> קוסמטיקה וטיפולי פנים
36586aa8-32ab-4bba-8328-82e2bdc96825,673a7dd4-66ca-46e0-bb54-e327c3587207,רחלי קוסמטיקס נהריה,נהריה,no,facials,facials,no,"השם מעיד על קוסמטיקה וטיפולי פנים; אין סוג ראשי בגוגל; סוגים נוספים בגוגל: Hair removal service -> הסרת שיער, Skin care clinic -> קוסמטיקה וטיפולי פנים/אסתטיקה רפואית; טיפולים: קוסמטיקה וטיפולי פנים 10, איפור מקצועי 2"
ba71b9eb-2c5a-4668-9aa3-1d460ad1780f,38a765c6-dac9-4985-a6e0-4d4ffc6fa6bc,רינת עיצוב גבות,נהריה,no,brows-lashes,brows-lashes,no,השם מעיד על גבות וריסים; סוג ראשי בגוגל: beauty_salon (כללי) -> קוסמטיקה וטיפולי פנים; טיפולים: גבות וריסים 1
87007f9a-fd22-40f4-98b7-4a98e4c059d4,22e6331c-fa28-4e5b-8afd-4561aa1d9f0e,רינת קוסמטיקה ויופי,נהריה,no,facials,facials,no,השם מעיד על קוסמטיקה וטיפולי פנים; סוג ראשי בגוגל: beauty_salon (כללי) -> קוסמטיקה וטיפולי פנים
9134866c-c153-4072-8d96-0e31a2900469,b60cbd40-99eb-4dd3-ba0e-8eb1f4f99288,שרה סטודיו לציפורניים,נהריה,no,nails,nails,no,"השם מעיד על ציפורניים, מניקור ופדיקור; סוג ראשי בגוגל: beauty_salon (כללי) -> קוסמטיקה וטיפולי פנים; טיפולים: ציפורניים, מניקור ופדיקור 3"
6e7f6361-6fc5-453b-b0aa-e44b16aa00fb,13dc3d4c-75ae-438d-be70-083a921f4999,שרית אטיאס-עיצוב גבות,נהריה,no,brows-lashes,brows-lashes,no,השם מעיד על גבות וריסים; סוג ראשי בגוגל: beauty_salon (כללי) -> קוסמטיקה וטיפולי פנים; טיפולים: גבות וריסים 1
ffda974b-db05-48fb-88da-c427ecd789cd,6c8c5be7-3aed-4af7-b030-cb1c36ba0a81,תפארת היופי בניית ציפורניים וקוסמטיקאית,נהריה,no,nails,nails,no,"השם מעיד על ציפורניים, מניקור ופדיקור, קוסמטיקה וטיפולי פנים; סוג ראשי בגוגל: beauty_salon (כללי) -> קוסמטיקה וטיפולי פנים; טיפולים: ציפורניים, מניקור ופדיקור 1"
7a593cc6-3540-44ff-ae9d-e8f7c783989b,bcbde7dc-9a86-447f-940d-a440d716402c,M.B- BARBER SHOP,צפת,no,hair-salons,hair-salons,no,השם מעיד על מספרות ועיצוב שיער; סוג ראשי בגוגל: hair_salon -> מספרות ועיצוב שיער; סוגים נוספים בגוגל: Beauty salon -> קוסמטיקה וטיפולי פנים
0a0a5679-35a5-4868-8eec-b91be034f831,0e665d70-a4cd-4499-bf50-514a2bb29577,איפור ועיצוב שיער - רבקה רחמים,צפת,no,makeup,makeup,no,"השם מעיד על מספרות ועיצוב שיער, איפור מקצועי; סוג ראשי בגוגל: beauty_salon (כללי) -> קוסמטיקה וטיפולי פנים; טיפולים: איפור מקצועי 34, מספרות ועיצוב שיער 2"
ae314937-78a3-477f-8286-0fe044f2d4ae,e7a7ede1-2590-4d64-9f3f-ce0893975d6d,פרו אסתטיקס טיפולים אסתטיים מתקדמים צפת,צפת,no,facials,facials,no,"סוג ראשי בגוגל: beauty_salon (כללי) -> קוסמטיקה וטיפולי פנים; טיפולים: קוסמטיקה וטיפולי פנים 13, אסתטיקה רפואית 6"
75b13933-97e3-46b0-ab3a-a447dd0803a1,f50febde-d165-41a3-8ef3-c18ad6c44533,AdiandLucia Salon,חיפה,no,facials,facials,no,סוג ראשי בגוגל: beauty_salon (כללי) -> קוסמטיקה וטיפולי פנים
1c4f07ee-85c0-41df-9ea1-387ac022c8e5,c67574e1-fbd6-4972-9757-8490e1cd0064,Adir Levi - Hair Boutique,חיפה,no,hair-salons,hair-salons,no,השם מעיד על מספרות ועיצוב שיער; סוג ראשי בגוגל: unisex_hairdresser -> מספרות ועיצוב שיער; סוגים נוספים בגוגל: Beauty salon -> קוסמטיקה וטיפולי פנים; טיפולים: מספרות ועיצוב שיער 6
bc85b405-8f44-45f1-a62d-2a447ed9fd5d,6521a145-3c74-470d-9b89-6a1151f1b19c,Aviva Diamond,חיפה,no,facials,facials,no,סוג ראשי בגוגל: beauty_salon (כללי) -> קוסמטיקה וטיפולי פנים
ef65f835-411e-466a-ab89-cc9d0d09ecbc,688ebfab-8838-4359-a4ac-4f0fe116e2ee,Ayelet Beauty Art - איילת ביוטי ארט,חיפה,no,facials,facials,no,סוג ראשי בגוגל: beauty_salon (כללי) -> קוסמטיקה וטיפולי פנים
5d91dd14-6855-4ab8-8e9b-cc1d8b29a4e1,11b6e64d-e966-4fc5-a956-061ea0137b48,Be beauty nivin,חיפה,no,facials,facials,no,סוג ראשי בגוגל: beautician (כללי) -> קוסמטיקה וטיפולי פנים
790e9434-a10e-4586-acde-0ebb40b7479d,84125f36-07a8-486b-9786-b21b46ee0adc,Beauty Lab - студия премиум-класса в Хайфе. Все виды эпиляции и аппаратной косметологии.,חיפה,no,hair-removal,hair-removal,no,"סוג ראשי בגוגל: beauty_salon (כללי) -> קוסמטיקה וטיפולי פנים; סוגים נוספים בגוגל: Beautician -> קוסמטיקה וטיפולי פנים, Hair removal service -> הסרת שיער, Laser hair removal service -> הסרת שיער, Massage spa -> ספא ועיסויים, Permanent make-up clinic -> איפור קבוע, Waxing hair removal service -> הסרת שיער; טיפולים: הסרת שיער 1"
b18a9d01-fdac-4f72-93b4-21fcce56f468,0f2bbfad-d971-4805-ae80-9c45c2c33219,Beauty Shik - סלון יופי בחיפה,חיפה,no,facials,facials,no,סוג ראשי בגוגל: beauty_salon (כללי) -> קוסמטיקה וטיפולי פנים
9af8d8cd-7e38-4fc7-ab7d-276cf665f7b6,75cfe0f5-8a5b-431b-8536-e11cb4935651,Beauty boutique by Ortal,חיפה,no,hair-removal,hair-removal,no,סוג ראשי בגוגל: beauty_salon (כללי) -> קוסמטיקה וטיפולי פנים; סוגים נוספים בגוגל: Laser hair removal service -> הסרת שיער
97327ada-71dd-4663-92d2-ece515d23c4c,09da612a-7fd6-46f5-8b7a-269d8ea15cf0,Beauty salon Grubnik.Beauty.Bar,חיפה,no,facials,facials,no,סוג ראשי בגוגל: beauty_salon (כללי) -> קוסמטיקה וטיפולי פנים
1a209c21-3624-43ad-a2e0-fbe18fe2e688,84c8be45-95df-43e6-89e5-6eecf8f19770,BeautyIdol,חיפה,no,facials,facials,no,סוג ראשי בגוגל: beauty_salon (כללי) -> קוסמטיקה וטיפולי פנים
c8fe043e-d9bc-4b5c-bc42-305df53791e5,9fe17e24-8415-4f30-94bd-3bb6dd1547df,BodyFaceControl,חיפה,no,facials,facials,no,סוג ראשי בגוגל: beauty_salon (כללי) -> קוסמטיקה וטיפולי פנים
d0d173f9-4624-40fa-b913-2b9c42ce740f,5e21a8cc-b7e1-49f4-85d0-6054d015837f,Bridal makeup and hairstyles makeup - brides Marine herein Studio,חיפה,no,permanent-makeup,permanent-makeup,no,"השם מעיד על איפור מקצועי; סוג ראשי בגוגל: permanent_make_up_clinic -> איפור קבוע; סוגים נוספים בגוגל: Beauty salon -> קוסמטיקה וטיפולי פנים; טיפולים: איפור קבוע 2, איפור מקצועי 1"
bd271e07-6046-44af-af12-e970cc065d36,a105ab64-72a6-4355-b264-edc1de33b98b,Brows By Alla עיצוב גבות וריסים,חיפה,no,brows-lashes,brows-lashes,no,השם מעיד על גבות וריסים; סוג ראשי בגוגל: beauty_salon (כללי) -> קוסמטיקה וטיפולי פנים
7d329dde-5f3b-4ba7-b822-76e9add5f282,1d917ad2-fc73-4683-9e56-011fa5add090,CJ DADON COSMETICS,חיפה,no,facials,facials,no,סוג ראשי בגוגל: beautician (כללי) -> קוסמטיקה וטיפולי פנים; טיפולים: קוסמטיקה וטיפולי פנים 1
5bb739a5-dca4-4d6b-9551-cb5048e7c9bc,77c3fddc-e5fc-4bdd-b9d6-153eb4a0b4c0,CULT | סטודיו ליופי והכשרה | מניקור • פדיקור • ריסים • גבות • הסרת שיער | חיפה,חיפה,no,hair-removal,hair-removal,no,"השם מעיד על הסרת שיער, ציפורניים, מניקור ופדיקור, גבות וריסים; סוג ראשי בגוגל: beauty_salon (כללי) -> קוסמטיקה וטיפולי פנים; טיפולים: גבות וריסים 13, ציפורניים, מניקור ופדיקור 13"
ce26e7c7-61ea-483a-9f02-2a0342e88575,bcb35f73-9991-4cc0-9150-141bc3dc5b47,Carmella Spa | כרמלה ספא בחיפה,חיפה,no,spa-massage,spa-massage,no,"השם מעיד על ספא ועיסויים; סוג ראשי בגוגל: spa -> ספא ועיסויים; סוגים נוספים בגוגל: Day spa -> ספא ועיסויים, Facial spa -> קוסמטיקה וטיפולי פנים, Medical spa -> אסתטיקה רפואית; טיפולים: ספא ועיסויים 19 (1 עם מחיר)"
c67b889b-72b3-4d05-97c5-6a9a99ba3d2b,1b021794-8031-4d50-9e8b-9d4d275f483d,Clinic Dr. Eran Bar-Meir,חיפה,no,plastic-surgery,plastic-surgery,no,"סוג ראשי בגוגל: plastic_surgeon -> כירורגיה פלסטית; טיפולים: כירורגיה פלסטית 37, אסתטיקה רפואית 2"
20de8b41-0225-40c0-81bc-9f669d5e926f,647d7b59-2f56-47ac-828a-3f730c64237b,Clinic specialists gums and implants teachers,חיפה,no,dental-aesthetics,dental-aesthetics,no,אין סוג ראשי בגוגל; סוגים נוספים בגוגל: Cosmetic dentist -> אסתטיקה דנטלית
adcbe46b-32c9-4f6a-96d8-21d95607c705,72e5db6d-cb5a-4726-80bc-cad512c4361d,Cosmetology One,חיפה,no,facials,facials,no,"סוג ראשי בגוגל: skin_care_clinic -> קוסמטיקה וטיפולי פנים/אסתטיקה רפואית; סוגים נוספים בגוגל: Beautician -> קוסמטיקה וטיפולי פנים, Beauty salon -> קוסמטיקה וטיפולי פנים, Laser hair removal service -> הסרת שיער; טיפולים: הסרת שיער 1"
ce2d2eeb-e499-473b-9dcb-e661792aa338,4124e0af-651e-4e9e-8638-9535ace3bcd3,DK The Hair Lounge,חיפה,no,hair-salons,hair-salons,no,השם מעיד על מספרות ועיצוב שיער; סוג ראשי בגוגל: beauty_salon (כללי) -> קוסמטיקה וטיפולי פנים; טיפולים: מספרות ועיצוב שיער 1
ed16cec4-2836-4749-b821-7510d5c145ee,247ecf73-334d-4f3b-b705-2ebe6202db68,Dolev Beauty Clinic And Academy,חיפה,no,brows-lashes,brows-lashes,no,"סוג ראשי בגוגל: beauty_salon (כללי) -> קוסמטיקה וטיפולי פנים; סוגים נוספים בגוגל: Eyebrow bar -> גבות וריסים; טיפולים: גבות וריסים 4, איפור קבוע 4"
c2524bbc-f5cb-4488-bbda-f4fbdd158dbc,637f9a97-399f-48ce-9dc7-e6c2faf2672f,"Dr. Altman Dental Clinic Haifa מרפאת שיניים ד""ר אלטמן בחיפה Стоматология Доктора Альтмана Хайфа",חיפה,no,dental-aesthetics,dental-aesthetics,no,השם מעיד על אסתטיקה דנטלית; אין סוג ראשי בגוגל; סוגים נוספים בגוגל: Cosmetic dentist -> אסתטיקה דנטלית
165fd419-381e-425a-90d8-bfe27eb3604c,25537abc-719e-44de-ac04-877397d0e51e,Dr. Ronen Porat,חיפה,no,facials,facials,no,אין סוג ראשי בגוגל; סוגים נוספים בגוגל: Beautician -> קוסמטיקה וטיפולי פנים
c2c90a34-d829-4be3-b8b0-89fd980c206f,c8355290-2cb6-419c-87ac-2a57570a2d58,Dr. Thaer Clinic - Alchemy 22,חיפה,no,medical-aesthetics,medical-aesthetics,no,"אין סוג ראשי בגוגל; סוגים נוספים בגוגל: Medical spa -> אסתטיקה רפואית; טיפולים: אסתטיקה רפואית 6, קוסמטיקה וטיפולי פנים 3"
1e4f089e-82cf-4514-88c7-4843c6f40df1,fd7b2449-decb-48c1-b178-97956c809984,Dr.Matani Aesthetic,חיפה,no,facials,facials,no,"השם מעיד על קוסמטיקה וטיפולי פנים; סוג ראשי בגוגל: skin_care_clinic -> קוסמטיקה וטיפולי פנים/אסתטיקה רפואית; סוגים נוספים בגוגל: Beautician -> קוסמטיקה וטיפולי פנים, Beauty salon -> קוסמטיקה וטיפולי פנים, Laser hair removal service -> הסרת שיער"
77021c20-fb4b-4d30-b0c3-cf96bddea293,89576520-5f79-4723-b1a2-636045227830,Dr.raanan segev. ד״ר רענן שגב,חיפה,no,dental-aesthetics,dental-aesthetics,no,"סוג ראשי בגוגל: cosmetic_dentist -> אסתטיקה דנטלית; טיפולים: אסתטיקה רפואית 13, קוסמטיקה וטיפולי פנים 2"
b012d258-5723-404d-ad93-c9b2f30bc335,4aed5b3e-e72f-47ba-9349-106380956ea5,Dream Laser Haifa - Medical Aesthetic Clinic,חיפה,no,medical-aesthetics,medical-aesthetics,no,"השם מעיד על אסתטיקה רפואית, קוסמטיקה וטיפולי פנים; סוג ראשי בגוגל: skin_care_clinic -> קוסמטיקה וטיפולי פנים/אסתטיקה רפואית"
3c00bb28-ff44-4c78-8c27-c9005d757a71,5a8cbecc-145c-4f42-8f11-891f3d6c107a,Eden Clinic,חיפה,no,facials,facials,no,סוג ראשי בגוגל: beautician (כללי) -> קוסמטיקה וטיפולי פנים
398fe5d8-094f-429e-bbf8-a6b6dd311a9a,1d18490e-4666-4f18-be9f-0c21ca22977c,Ehud Elbaz Beauty Salon מספרה בחיפה אהוד אלבז,חיפה,no,hair-salons,hair-salons,no,השם מעיד על מספרות ועיצוב שיער; סוג ראשי בגוגל: hair_salon -> מספרות ועיצוב שיער; סוגים נוספים בגוגל: Beauty salon -> קוסמטיקה וטיפולי פנים
cab3616b-1e01-4e9c-ad1e-c31bd4630856,f5f9510a-f30f-4fda-ac5d-ed82c839117e,Epilution Haifa | Салон красоты | Beauty Salon,חיפה,no,hair-removal,hair-removal,no,"סוג ראשי בגוגל: hair_removal_service -> הסרת שיער; סוגים נוספים בגוגל: Beautician -> קוסמטיקה וטיפולי פנים, Eyebrow bar -> גבות וריסים, Laser hair removal service -> הסרת שיער, Massage therapist -> ספא ועיסויים, Nail salon -> ציפורניים, מניקור ופדיקור, Waxing hair removal service -> הסרת שיער"
0cd1f727-3cae-445f-826e-a4c5db097124,0dbd3063-57dd-4ab1-9594-151e7a9e00ac,Face Art | רפואה אסתטית בחיפה,חיפה,no,medical-aesthetics,medical-aesthetics,no,"השם מעיד על אסתטיקה רפואית; סוג ראשי בגוגל: beauty_salon (כללי) -> קוסמטיקה וטיפולי פנים; סוגים נוספים בגוגל: Laser hair removal service -> הסרת שיער, Plastic surgeon -> כירורגיה פלסטית, Skin care clinic -> קוסמטיקה וטיפולי פנים/אסתטיקה רפואית"
9d945356-ab5b-4995-9b06-f4e81cf86dcc,1e4a9162-fb70-4285-95e1-1b230b1f94d5,GPoint,חיפה,no,facials,facials,no,סוג ראשי בגוגל: beauty_salon (כללי) -> קוסמטיקה וטיפולי פנים
1a8a8808-bab0-4b17-84ad-7d018650f887,d3afdfe1-693f-47b0-8a7a-a60879dd4ee6,Gili Shani professional make-up,חיפה,no,facials,makeup,yes,סוג ראשי בגוגל: makeup_artist -> איפור מקצועי; סוגים נוספים בגוגל: Beautician -> קוסמטיקה וטיפולי פנים
5f5dbcb3-add7-44de-b1b4-61dbbf397399,4843f1d3-9c41-49fc-99de-20fe8c48b8b3,Glow Med Aesthetic - גלואו מד אסתטיקס,חיפה,no,facials,facials,no,השם מעיד על קוסמטיקה וטיפולי פנים; סוג ראשי בגוגל: beautician (כללי) -> קוסמטיקה וטיפולי פנים
b6ac51e4-7d14-4e99-a9cb-db7ccc2f2a34,3ce9f88a-23ff-4896-8ea1-3f72d951bdb0,Goddess of grace,חיפה,no,facials,facials,no,סוג ראשי בגוגל: beauty_salon (כללי) -> קוסמטיקה וטיפולי פנים; סוגים נוספים בגוגל: Beautician -> קוסמטיקה וטיפולי פנים
296cbabb-7969-4459-b07d-3bf8d9c13bec,486cc530-40df-4493-8f64-76f0ab942df7,Hagar shitrit holistic cosmetics,חיפה,no,facials,facials,no,"סוג ראשי בגוגל: beautician (כללי) -> קוסמטיקה וטיפולי פנים; סוגים נוספים בגוגל: Beauty salon -> קוסמטיקה וטיפולי פנים, Facial spa -> קוסמטיקה וטיפולי פנים, Waxing hair removal service -> הסרת שיער; טיפולים: הסרת שיער 1, קוסמטיקה וטיפולי פנים 1"
cfb3555e-d551-4fdb-96ec-ebcfbbc77833,83a4f1c8-32af-46b2-88e0-8ce64c1f3f6b,Hanna Vi Nails,חיפה,no,nails,nails,no,"השם מעיד על ציפורניים, מניקור ופדיקור; סוג ראשי בגוגל: nail_salon -> ציפורניים, מניקור ופדיקור; סוגים נוספים בגוגל: Beauty salon -> קוסמטיקה וטיפולי פנים; טיפולים: ציפורניים, מניקור ופדיקור 8"
1b2dd303-10a5-4439-aacc-de4c6d4c596d,b50c8fbe-1668-49b7-b3f4-bc1ab7b9c20e,Health & Beauty Clinic - Dr. Eyal Ness,חיפה,no,facials,facials,no,סוג ראשי בגוגל: skin_care_clinic -> קוסמטיקה וטיפולי פנים/אסתטיקה רפואית
cc214bd2-16aa-484e-afab-a444c6ff18eb,72aa9b91-1800-45d4-aee7-90fdd3f55411,"ILANIT - סטיילינג, איפור ואפילציה בחיפה",חיפה,no,makeup,makeup,no,השם מעיד על איפור מקצועי; סוג ראשי בגוגל: beauty_salon (כללי) -> קוסמטיקה וטיפולי פנים; טיפולים: איפור מקצועי 1
5a2dbae1-729d-4a4f-9507-4bd50200d591,39565533-b923-4b79-aab0-09004cef625b,Innesa_beauty_lab,חיפה,no,permanent-makeup,nails,yes,"סוג ראשי בגוגל: beauty_salon (כללי) -> קוסמטיקה וטיפולי פנים; סוגים נוספים בגוגל: Nail salon -> ציפורניים, מניקור ופדיקור, Permanent make-up clinic -> איפור קבוע; טיפולים: ציפורניים, מניקור ופדיקור 4"
cc264db4-8a47-4e33-9f75-8c584dbef4b3,71ec6c62-0e51-4344-b8bd-cfb947b777bc,Irina Nikolenko,חיפה,no,facials,facials,no,סוג ראשי בגוגל: beauty_salon (כללי) -> קוסמטיקה וטיפולי פנים
506e1d9a-d332-48ef-abf3-1a90af316f23,eec6e8c2-c64c-4f62-972a-b62bbdcd2d18,Julia Elkin FaceMassage,חיפה,no,spa-massage,spa-massage,no,"השם מעיד על ספא ועיסויים; סוג ראשי בגוגל: beautician (כללי) -> קוסמטיקה וטיפולי פנים; טיפולים: קוסמטיקה וטיפולי פנים 1, ספא ועיסויים 1"
b8bb1dc8-e83a-4f02-a67c-0a6ab9c1a64e,2d008e64-fb14-44e5-bd2c-ad4939f19c7a,Kareen Skin Care,חיפה,no,facials,facials,no,השם מעיד על קוסמטיקה וטיפולי פנים; סוג ראשי בגוגל: beautician (כללי) -> קוסמטיקה וטיפולי פנים
38e100d1-f33c-4b35-a882-a6f3e16708e6,c8501197-c2bd-48d1-86c3-4d3263977865,LS__LashStudio_,חיפה,no,facials,facials,no,סוג ראשי בגוגל: beauty_salon (כללי) -> קוסמטיקה וטיפולי פנים
708a2a5e-a2d1-4bbb-b5bf-cf8716ea5412,752f7ed8-64d5-4ddc-969b-63849c18b5d6,Liya Hanukaev - ליה חנוכייב קוסמטיקאית בכירה,חיפה,no,facials,facials,no,השם מעיד על קוסמטיקה וטיפולי פנים; סוג ראשי בגוגל: beauty_salon (כללי) -> קוסמטיקה וטיפולי פנים
34156881-d62c-41b1-8e6d-39376d7f4f2c,3c4c15b5-9cbf-465e-a31e-85411f29ee17,Lumi Spa & Beauty,חיפה,no,spa-massage,spa-massage,no,"השם מעיד על ספא ועיסויים; סוג ראשי בגוגל: beauty_salon (כללי) -> קוסמטיקה וטיפולי פנים; סוגים נוספים בגוגל: Beautician -> קוסמטיקה וטיפולי פנים, Massage spa -> ספא ועיסויים, Massage therapist -> ספא ועיסויים, Nail salon -> ציפורניים, מניקור ופדיקור"
50d8978d-c9aa-4874-88ca-0ac4f32369f9,1681b742-e40f-425c-93b5-335fc70d782a,MAC Cosmetics Haifa,חיפה,no,facials,facials,no,"אין סוג ראשי בגוגל; סוגים נוספים בגוגל: Beauty salon -> קוסמטיקה וטיפולי פנים, Eyebrow bar -> גבות וריסים; טיפולים: איפור מקצועי 1"
7c880f61-e740-4321-95e1-f119cdd03a98,e5ce2df7-326a-46af-a152-f5ed9085aedc,Maria Permanent Make-Up,חיפה,no,permanent-makeup,permanent-makeup,no,השם מעיד על איפור קבוע; סוג ראשי בגוגל: permanent_make_up_clinic -> איפור קבוע; סוגים נוספים בגוגל: Beauty salon -> קוסמטיקה וטיפולי פנים
afbfaff2-0f5b-4e1d-be46-cca3df577c3f,d467daa3-d104-4ca1-8362-8f29ca77cb7f,"MeDay המרכז לאסתטיקה , טיפוח ויופי",חיפה,no,brows-lashes,brows-lashes,no,"סוג ראשי בגוגל: beauty_salon (כללי) -> קוסמטיקה וטיפולי פנים; טיפולים: גבות וריסים 5, הסרת שיער 3"
0725e8f8-4b09-4c35-acaa-ce82dfdeb153,147663ca-f2e6-4d2f-b731-34ab4ecdaec1,Mika's nails מיקה ציפורניים,חיפה,no,nails,nails,no,"השם מעיד על ציפורניים, מניקור ופדיקור; סוג ראשי בגוגל: beautician (כללי) -> קוסמטיקה וטיפולי פנים"
fccb275c-24e0-4dcd-b0e2-a881b1125ffb,a7572d75-33ed-415d-b81f-2eedfff8d458,Miss G,חיפה,no,facials,facials,no,סוג ראשי בגוגל: beautician (כללי) -> קוסמטיקה וטיפולי פנים
9fd07624-4dfc-405b-8f0d-0228e19ada82,5aa93c11-a952-4603-be9d-24f17d8ddeec,Moria beauty/ מוריה ביוטי,חיפה,no,facials,facials,no,סוג ראשי בגוגל: beauty_salon (כללי) -> קוסמטיקה וטיפולי פנים
92fa0dd4-630f-4daa-a250-238940d05e3d,3d7e9e5f-1473-435a-915e-83f83dd6c14c,My Beauty clinic,חיפה,no,facials,facials,no,סוג ראשי בגוגל: skin_care_clinic -> קוסמטיקה וטיפולי פנים/אסתטיקה רפואית
7e0ca7ae-e930-44b6-ae9d-7fdb7731d2d9,062e0522-e937-4e53-81b5-b1a5a2558af8,My Beauty מכון יופי בת גלים,חיפה,no,facials,facials,no,סוג ראשי בגוגל: beauty_salon (כללי) -> קוסמטיקה וטיפולי פנים
7948689d-3d6c-4ee7-9a51-cc516d1f110f,e1127edf-795b-48b0-8153-4e4c865346d9,NEWNESS Cosmetology Haifa,חיפה,no,facials,facials,no,סוג ראשי בגוגל: skin_care_clinic -> קוסמטיקה וטיפולי פנים/אסתטיקה רפואית
8963a8ed-bede-4647-8632-c6e6809a5cca,422ac2ff-fd4d-4881-9098-79ca96b4cabb,Nael’s Barbershop,חיפה,no,hair-salons,hair-salons,no,השם מעיד על מספרות ועיצוב שיער; סוג ראשי בגוגל: beauty_salon (כללי) -> קוסמטיקה וטיפולי פנים; טיפולים: מספרות ועיצוב שיער 1
63c0da3b-5bf3-42f7-8846-27592f46f1cf,5bf84054-38dc-4b7e-b73c-14cd92ba85c5,Nails Salon A.N,חיפה,no,nails,nails,no,"השם מעיד על ציפורניים, מניקור ופדיקור; סוג ראשי בגוגל: beauty_salon (כללי) -> קוסמטיקה וטיפולי פנים; טיפולים: ציפורניים, מניקור ופדיקור 1"
f4b0103a-dbb4-4642-8c68-82aed55f7a1a,053bef04-b379-4002-8859-f1dad479aae3,Olfat Clinic,חיפה,no,facials,facials,no,סוג ראשי בגוגל: skin_care_clinic -> קוסמטיקה וטיפולי פנים/אסתטיקה רפואית
174fdb37-07d4-45bc-acaa-9ce5ceabcd52,4f317565-8ae0-41af-833f-9fd5e87a67c0,"Oly Cosmetics - מרכז לטיפולי פנים וגוף, מוצרי קוסמטיקה",חיפה,no,facials,facials,no,"השם מעיד על קוסמטיקה וטיפולי פנים; סוג ראשי בגוגל: beauty_salon (כללי) -> קוסמטיקה וטיפולי פנים; טיפולים: קוסמטיקה וטיפולי פנים 25 (6 עם מחיר), מספרות ועיצוב שיער 14 (5 עם מחיר)"
29834d98-130a-436e-8512-799276b441a6,2f33a115-db5f-4848-9b0c-2c2508110d13,PYON BEAUTY ZONE,חיפה,no,facials,facials,no,סוג ראשי בגוגל: beauty_salon (כללי) -> קוסמטיקה וטיפולי פנים; טיפולים: קוסמטיקה וטיפולי פנים 1
59c3ac17-699b-4289-a36f-48feb8c439a2,ad0f8d77-3da3-4c9d-b9be-8d9960b44b28,Paroa' Hair Salon Haifa פרוע,חיפה,no,hair-salons,hair-salons,no,השם מעיד על מספרות ועיצוב שיער; סוג ראשי בגוגל: beauty_salon (כללי) -> קוסמטיקה וטיפולי פנים; טיפולים: מספרות ועיצוב שיער 1
6314ac35-dcbf-42fd-adca-32f6ad67b863,0e024116-fe75-449e-ba10-63b38958aa95,Pelle Medical Cosmetics,חיפה,no,facials,facials,no,סוג ראשי בגוגל: skin_care_clinic -> קוסמטיקה וטיפולי פנים/אסתטיקה רפואית
991a5e31-85b5-4d2a-b04a-35d1de6a3074,06feb076-1b98-4074-bd46-726ae3f79684,Persona - עיצוב שיער,חיפה,no,hair-salons,hair-salons,no,השם מעיד על מספרות ועיצוב שיער; סוג ראשי בגוגל: beauty_salon (כללי) -> קוסמטיקה וטיפולי פנים
293f10ba-08f5-4837-bf43-fd78de14778c,7f01f930-97a5-4bc9-a4ec-bac6e01cb8f0,Premium Beauty,חיפה,no,brows-lashes,brows-lashes,no,"סוג ראשי בגוגל: beauty_salon (כללי) -> קוסמטיקה וטיפולי פנים; סוגים נוספים בגוגל: Beautician -> קוסמטיקה וטיפולי פנים, Eyelash salon -> גבות וריסים, Nail salon -> ציפורניים, מניקור ופדיקור; טיפולים: מספרות ועיצוב שיער 4, ציפורניים, מניקור ופדיקור 2"
62b5aed5-c26f-419f-9eaa-22f625ddf7f3,b62b3b28-e109-48f6-ae9b-57b9c437d7d1,Premium Beauty Center,חיפה,no,spa-massage,spa-massage,no,"סוג ראשי בגוגל: beauty_salon (כללי) -> קוסמטיקה וטיפולי פנים; טיפולים: ספא ועיסויים 2 (2 עם מחיר), איפור קבוע 1 (1 עם מחיר)"
814fa33e-9b0a-44d4-a60f-3dc16cd4d72f,63e0a281-ccfd-4616-a8db-1157d1a75ccb,Relax - Manual Therapy Clinic,חיפה,no,medical-aesthetics,medical-aesthetics,no,"אין סוג ראשי בגוגל; סוגים נוספים בגוגל: Massage therapist -> ספא ועיסויים, Medical spa -> אסתטיקה רפואית"
8d2fca26-51d8-4e6a-99ee-d9ef8d6ceb02,fbf7b660-ab28-41a7-9061-b21e2685803e,Ruchla Cosmetics,חיפה,no,facials,facials,no,"סוג ראשי בגוגל: skin_care_clinic -> קוסמטיקה וטיפולי פנים/אסתטיקה רפואית; סוגים נוספים בגוגל: Beauty salon -> קוסמטיקה וטיפולי פנים, Hair removal service -> הסרת שיער; טיפולים: קוסמטיקה וטיפולי פנים 31, אסתטיקה רפואית 18"
290128af-00a1-4323-a4fa-e9f19ad8f8e6,cfdca373-6516-4296-a3b4-ee5b1621bac4,SO Clinic,חיפה,no,facials,facials,no,סוג ראשי בגוגל: skin_care_clinic -> קוסמטיקה וטיפולי פנים/אסתטיקה רפואית
949c8fa0-546e-467c-88c3-536c580293a3,eb9c31cc-753f-4299-8d3f-2e0ab9efdf83,Sacara,חיפה,no,facials,facials,no,סוג ראשי בגוגל: beauty_salon (כללי) -> קוסמטיקה וטיפולי פנים
c0c6de48-9b6c-4a63-8027-bbe4008fc3ad,aeaba3d2-9483-4973-a2c6-8e638839cb48,Salon MARGO Haifa,חיפה,no,facials,facials,no,סוג ראשי בגוגל: beauty_salon (כללי) -> קוסמטיקה וטיפולי פנים
d1d1ac22-60d7-4019-8130-08a5325c6084,9f0933ee-94c6-42cd-b69c-d61d71d5bf37,Salon boutique Paradise,חיפה,no,brows-lashes,brows-lashes,no,"סוג ראשי בגוגל: beauty_salon (כללי) -> קוסמטיקה וטיפולי פנים; טיפולים: גבות וריסים 5, ציפורניים, מניקור ופדיקור 3"
6face28b-acee-4efa-8cf6-d242f7cd8560,6b8a7c5a-a3e8-40a8-88c1-b5311fe0e086,Sarit - Hair Design,חיפה,no,hair-salons,hair-salons,no,השם מעיד על מספרות ועיצוב שיער; סוג ראשי בגוגל: beauty_salon (כללי) -> קוסמטיקה וטיפולי פנים
8a8e9e8c-1f17-468c-955a-95d9aa18a246,19983aee-b4dd-4e71-b29f-a26bab9a53df,Sol Clinics,חיפה,no,facials,facials,no,"סוג ראשי בגוגל: skin_care_clinic -> קוסמטיקה וטיפולי פנים/אסתטיקה רפואית; טיפולים: קוסמטיקה וטיפולי פנים 9, ספא ועיסויים 2"
072f5cdf-c6c7-4f90-9f48-07b75595e6f7,88e75f55-627d-4d56-8562-d31e9dab09a3,Studio French (nail and cosmetic) סטודיו פרנץ- סלון ציפורניים בחיפה,חיפה,no,nails,nails,no,"השם מעיד על ציפורניים, מניקור ופדיקור; סוג ראשי בגוגל: beauty_salon (כללי) -> קוסמטיקה וטיפולי פנים; סוגים נוספים בגוגל: Nail salon -> ציפורניים, מניקור ופדיקור; טיפולים: ציפורניים, מניקור ופדיקור 18, קוסמטיקה וטיפולי פנים 1"
f46c1300-0840-43e2-a66e-3eaa0fda9c6b,07d2fb79-74ec-4669-a629-9a7a8e46423f,Tal Sharir,חיפה,no,nails,nails,no,"סוג ראשי בגוגל: nail_salon -> ציפורניים, מניקור ופדיקור; סוגים נוספים בגוגל: Beauty salon -> קוסמטיקה וטיפולי פנים, Hair removal service -> הסרת שיער"
4f61f426-d4ff-4df8-8902-5aa2c2dbbb56,87dd20b1-0840-4624-9bf7-4eca3eb11208,Tanya Gur,חיפה,no,facials,facials,no,"סוג ראשי בגוגל: beautician (כללי) -> קוסמטיקה וטיפולי פנים; סוגים נוספים בגוגל: Beauty salon -> קוסמטיקה וטיפולי פנים, Laser hair removal service -> הסרת שיער"
8aefb233-6a71-4a81-a782-336a7da23679,f01c0d3e-f6ae-46b3-820b-fc1ecc424158,ValentinaCosmetic,חיפה,no,facials,facials,no,"סוג ראשי בגוגל: skin_care_clinic -> קוסמטיקה וטיפולי פנים/אסתטיקה רפואית; סוגים נוספים בגוגל: Beautician -> קוסמטיקה וטיפולי פנים, Permanent make-up clinic -> איפור קבוע; טיפולים: קוסמטיקה וטיפולי פנים 3 (3 עם מחיר), איפור קבוע 2 (2 עם מחיר)"
9dac23dd-42ae-431b-9613-f6a0b18b3748,3116d5c1-3b70-4309-9c55-abd9158a0e21,Yana Naumov Lash & Brow Studio,חיפה,no,brows-lashes,brows-lashes,no,השם מעיד על גבות וריסים; סוג ראשי בגוגל: beauty_salon (כללי) -> קוסמטיקה וטיפולי פנים; טיפולים: גבות וריסים 5
617871a3-f562-4039-9829-317ea49766d8,a89a6dcd-cf86-44ed-a708-509a4c6145aa,escosmetician - קוסמטיקה מקצועית,חיפה,no,facials,facials,no,"השם מעיד על קוסמטיקה וטיפולי פנים; סוג ראשי בגוגל: beauty_salon (כללי) -> קוסמטיקה וטיפולי פנים; סוגים נוספים בגוגל: Beautician -> קוסמטיקה וטיפולי פנים, Laser hair removal service -> הסרת שיער"
5545b116-cfba-4652-aba3-d9e98ed1226a,cd046027-bf61-4a7a-b45d-d0026202b552,rastafari style,חיפה,no,facials,facials,no,סוג ראשי בגוגל: beauty_salon (כללי) -> קוסמטיקה וטיפולי פנים
8d1aad70-7156-42c6-bc7b-1b71385b2724,c72c94d8-42c2-474a-88bc-5bec1b42fa32,Косметолог Марина Зверева,חיפה,no,facials,facials,no,סוג ראשי בגוגל: beautician (כללי) -> קוסמטיקה וטיפולי פנים
83e2a3e8-b853-49dd-b9e7-001471e63cdc,fa9c02ad-1af6-4006-8234-25597523509a,"Стоматологическая клиника ""Style Dent"" Хайфа",חיפה,no,dental-aesthetics,dental-aesthetics,no,אין סוג ראשי בגוגל; סוגים נוספים בגוגל: Cosmetic dentist -> אסתטיקה דנטלית
216eb63c-08a1-4299-a0b3-4daca4bd4c04,e1ca59e4-7cff-4e40-9349-1bb2114cce9b,Студия наращивания ресниц «B.LASHLI»,חיפה,no,brows-lashes,brows-lashes,no,השם מעיד על גבות וריסים; סוג ראשי בגוגל: beauty_salon (כללי) -> קוסמטיקה וטיפולי פנים; טיפולים: גבות וריסים 3
ed8c5c34-a28f-4ca6-9633-c0519768b977,cfbed9e7-b435-4986-bbee-1f7a0b991dba,אברמסקי - המרכז לבריאות השיער בחיפה,חיפה,no,facials,facials,no,"סוג ראשי בגוגל: skin_care_clinic -> קוסמטיקה וטיפולי פנים/אסתטיקה רפואית; טיפולים: השתלות שיער וטיפול בנשירה 13 (1 עם מחיר), קוסמטיקה וטיפולי פנים 5"
41d99aaf-04a1-4300-8871-8e33c09cd90a,3dfea4d9-6047-4504-a026-04bb18543d87,אורלי בנדל מכון קוסמטיקה,חיפה,no,facials,facials,no,השם מעיד על קוסמטיקה וטיפולי פנים; סוג ראשי בגוגל: beauty_salon (כללי) -> קוסמטיקה וטיפולי פנים
6aa22be5-25b6-4230-b346-03e70c545383,030a9fa3-ab1b-40ed-aa5f-2a9d9e8bc9b8,איפור קבוע - אווה נתיב,חיפה,no,permanent-makeup,permanent-makeup,no,השם מעיד על איפור קבוע; סוג ראשי בגוגל: beauty_salon (כללי) -> קוסמטיקה וטיפולי פנים; טיפולים: איפור קבוע 2
269f585b-587c-49e1-af1a-2047f4cfb450,58c99f0c-3e41-4f51-b4f4-9431e869d1c0,אלון פיקלר מטפל הוליסטי מעסה/ספורטתרפיסט,חיפה,no,spa-massage,spa-massage,no,"אין סוג ראשי בגוגל; סוגים נוספים בגוגל: Massage spa -> ספא ועיסויים, Massage therapist -> ספא ועיסויים, Medical spa -> אסתטיקה רפואית"
7c70b2a0-2199-4bb1-bfda-8e790f8c9a98,d7600688-f6b5-450a-9a96-febf72ebb9f4,אליס,חיפה,no,facials,facials,no,סוג ראשי בגוגל: beauty_salon (כללי) -> קוסמטיקה וטיפולי פנים
b0f0262f-60ca-4d8c-ab12-ad50f7945a4b,9cb3af26-74dc-4270-bf98-73acd6081711,אסתי-סלון יופי. קוסמטיקאית מוסמכת בחיפה,חיפה,no,facials,facials,no,"השם מעיד על קוסמטיקה וטיפולי פנים; סוג ראשי בגוגל: beautician (כללי) -> קוסמטיקה וטיפולי פנים; סוגים נוספים בגוגל: Eyelash salon -> גבות וריסים, Facial spa -> קוסמטיקה וטיפולי פנים, Nail salon -> ציפורניים, מניקור ופדיקור; טיפולים: גבות וריסים 4, קוסמטיקה וטיפולי פנים 3"
9f7ea202-b738-4cdd-9408-8a60d9aacb2c,57f16419-fdda-4608-8e6e-24bef1580b21,ביו סקלפצ'ר ישראל BIO SCULPTURE IL,חיפה,no,nails,nails,no,"אין סוג ראשי בגוגל; סוגים נוספים בגוגל: Beautician -> קוסמטיקה וטיפולי פנים, Beauty salon -> קוסמטיקה וטיפולי פנים, Nail salon -> ציפורניים, מניקור ופדיקור; טיפולים: ציפורניים, מניקור ופדיקור 3"
425f4415-cbc7-42e4-8c23-4ce085a48dc0,6d6bed8b-c75f-430e-ac7c-0c5ec58fe4d3,גבות חדשות | שרה,חיפה,no,brows-lashes,brows-lashes,no,השם מעיד על גבות וריסים; סוג ראשי בגוגל: beautician (כללי) -> קוסמטיקה וטיפולי פנים
5d66d2c4-ec81-4f69-b42a-c50de68aea6d,8ef4648e-8cdf-490b-b36d-d41ed0d1a0b3,"ד""ר אוהד בן-נון",חיפה,no,plastic-surgery,plastic-surgery,no,סוג ראשי בגוגל: plastic_surgeon -> כירורגיה פלסטית; סוגים נוספים בגוגל: Plastic surgery clinic -> כירורגיה פלסטית; טיפולים: כירורגיה פלסטית 1
815223cc-89ce-41dc-8750-ae74d8b08d65,b96bf50f-33ad-4b56-9572-f26696b96130,"ד""ר אור שבתאי | מילוי שפתיים טבעי | בוטוקס | טיפול זרע הסלמון | רדיאס | סקולפטרה | אסתטיקה רפואית",חיפה,no,medical-aesthetics,medical-aesthetics,no,השם מעיד על אסתטיקה רפואית; סוג ראשי בגוגל: skin_care_clinic -> קוסמטיקה וטיפולי פנים/אסתטיקה רפואית; טיפולים: אסתטיקה רפואית 14
9c296f43-af63-4c85-a07f-a02488979dea,fcdb8efd-b282-4555-9855-09e348073c1a,"ד""ר אליאס מטאנס - מנתח פלסטי",חיפה,no,plastic-surgery,plastic-surgery,no,השם מעיד על כירורגיה פלסטית; סוג ראשי בגוגל: plastic_surgery_clinic -> כירורגיה פלסטית
d8eca495-e3fd-4a1a-b12f-eb3fa9f1fcb8,d6b51cd7-10a9-4c1c-90eb-8a6c926e61b1,"ד""ר אריאל ניימן מומחה לכירורגיה פלסטית",חיפה,no,plastic-surgery,plastic-surgery,no,השם מעיד על כירורגיה פלסטית; סוג ראשי בגוגל: plastic_surgeon -> כירורגיה פלסטית; סוגים נוספים בגוגל: Plastic surgery clinic -> כירורגיה פלסטית; טיפולים: כירורגיה פלסטית 10
a790ad87-2ff0-4451-be9e-7895e5c65d87,8d1b6326-7b24-482e-84fa-b4964b1e82f2,"ד""ר ברגר - ניתוחים פלסטיים בצפון",חיפה,no,plastic-surgery,plastic-surgery,no,סוג ראשי בגוגל: plastic_surgeon -> כירורגיה פלסטית
8d9d9260-5395-47bb-8fdb-ffa09ab5222f,4f5ef12c-b42c-4fd8-9e0a-90910d247056,"ד""ר צבי גוטמכר - מומחה לשיקום הפה",חיפה,no,dental-aesthetics,dental-aesthetics,no,אין סוג ראשי בגוגל; סוגים נוספים בגוגל: Cosmetic dentist -> אסתטיקה דנטלית; טיפולים: אסתטיקה דנטלית 2
623bce32-36d5-4e7c-a299-b08083614c6f,b00a083f-d8a8-4b23-84c4-f76e955d1576,"ד""ר רוני מוסקונה - מרפאות ניתוחים פלסטיים וטיפולי אסתטיקה",חיפה,no,plastic-surgery,plastic-surgery,no,"סוג ראשי בגוגל: plastic_surgeon -> כירורגיה פלסטית; טיפולים: כירורגיה פלסטית 60, קוסמטיקה וטיפולי פנים 9"
4c7e8184-66fe-43d5-9ec3-6193cacee609,9652a052-c1e2-4ad8-8251-75eee658e7ef,"ד""ר תמיר גיל - מומחה בכירורגיה פלסטית בחיפה ובקריות",חיפה,no,plastic-surgery,plastic-surgery,no,"השם מעיד על כירורגיה פלסטית; סוג ראשי בגוגל: plastic_surgery_clinic -> כירורגיה פלסטית; טיפולים: כירורגיה פלסטית 28, אסתטיקה רפואית 4"
593cf342-1d01-4625-8f73-1366e30094d9,380cff8d-a5ba-4601-9ea9-1952b6a935f4,דבורה פריווה סלון היופי שלך בחיפה,חיפה,no,facials,facials,no,סוג ראשי בגוגל: beauty_salon (כללי) -> קוסמטיקה וטיפולי פנים; טיפולים: קוסמטיקה וטיפולי פנים 1
43fcc0dc-a3e0-4ba5-96ea-c1ec390633cf,4335e5f5-aba2-40b7-ad64-cc79b0f40d79,דביר אפרים,חיפה,no,plastic-surgery,plastic-surgery,no,סוג ראשי בגוגל: plastic_surgeon -> כירורגיה פלסטית
477c511d-fdcd-4078-b39a-402609e8c7af,bb64f25c-75d8-4003-8c60-820007427dcb,דניאל איפור קבוע והלחמת ריסים,חיפה,no,brows-lashes,brows-lashes,no,"השם מעיד על גבות וריסים, איפור קבוע; סוג ראשי בגוגל: beauty_salon (כללי) -> קוסמטיקה וטיפולי פנים; טיפולים: גבות וריסים 1"
c507d2ef-8626-4f2d-b1c7-7691aff071ad,19ac94fc-69f9-46cf-9223-4e6dba69a5c7,דר בייטיש - הסרת שיער בלייזר בחיפה,חיפה,no,hair-removal,hair-removal,no,"השם מעיד על הסרת שיער; סוג ראשי בגוגל: hair_removal_service -> הסרת שיער; סוגים נוספים בגוגל: Beauty salon -> קוסמטיקה וטיפולי פנים, Laser hair removal service -> הסרת שיער, Skin care clinic -> קוסמטיקה וטיפולי פנים/אסתטיקה רפואית; טיפולים: הסרת שיער 7"
7d8d67c0-28f2-4564-b5d1-404d9c8c8c6a,b32e1d35-cd2b-4934-bf95-628243ad36f1,דר מואיד אבו בכר - גשר שקוף בחיפה,חיפה,no,dental-aesthetics,dental-aesthetics,no,אין סוג ראשי בגוגל; סוגים נוספים בגוגל: Cosmetic dentist -> אסתטיקה דנטלית; טיפולים: אסתטיקה דנטלית 7
46d58f55-c375-44c7-8a59-1606d65384de,1ff8a60d-8ab5-4879-9dbf-6d2862b30cc5,דר' מריה שרפוב - קליניקה לרפואה אסתטית,חיפה,no,medical-aesthetics,medical-aesthetics,no,השם מעיד על אסתטיקה רפואית; אין סוג ראשי בגוגל; סוגים נוספים בגוגל: Skin care clinic -> קוסמטיקה וטיפולי פנים/אסתטיקה רפואית; טיפולים: אסתטיקה רפואית 1
a2ad07a5-55a7-4949-8ffb-c9994710255e,106954bc-aa30-425f-8614-81c9106473fa,ד״ר גוברין - מומחה בכירורגיה פלסטית,חיפה,no,plastic-surgery,plastic-surgery,no,השם מעיד על כירורגיה פלסטית; סוג ראשי בגוגל: plastic_surgeon -> כירורגיה פלסטית
da909b74-9195-4df9-809a-b59da34a27ec,218ae7bb-ed17-4a58-b7cf-ecfdcbbf0536,ד״ר חסן חטיב - קליניקה לרפואה אסתטית,חיפה,no,medical-aesthetics,medical-aesthetics,no,השם מעיד על אסתטיקה רפואית; סוג ראשי בגוגל: skin_care_clinic -> קוסמטיקה וטיפולי פנים/אסתטיקה רפואית; סוגים נוספים בגוגל: Hair transplantation clinic -> השתלות שיער וטיפול בנשירה; טיפולים: אסתטיקה רפואית 4
14ae1910-4e9a-46f8-9d6d-582a0ca4af59,9c7c2244-996d-45b2-88a2-9160cd872e80,ד״ר מנאר קעואר - מומחה בכירורגיה פלסטית ואסתטית,חיפה,no,plastic-surgery,plastic-surgery,no,"השם מעיד על כירורגיה פלסטית; סוג ראשי בגוגל: plastic_surgeon -> כירורגיה פלסטית; טיפולים: כירורגיה פלסטית 25, עיצוב וחיטוב הגוף 4"
1dec93a6-60a7-416b-922a-a93a07d5beff,d8e8ddd8-d12c-415b-9b14-5aee6cc05577,הודיה מורג קוסמטיקאית,חיפה,no,facials,facials,no,השם מעיד על קוסמטיקה וטיפולי פנים; סוג ראשי בגוגל: beauty_salon (כללי) -> קוסמטיקה וטיפולי פנים
3260e9cd-9d87-4d0e-9fad-15cec86b1482,01445687-24a4-43b5-a2b1-27cc0c52045c,הלנייז - Helenayz בוטיק יופי,חיפה,no,facials,facials,no,סוג ראשי בגוגל: beauty_salon (כללי) -> קוסמטיקה וטיפולי פנים
1c785a72-8cf8-4a1b-a2c8-66d4705e47a1,f9e168f3-87ba-4a9e-b289-af46df13ffda,המכללה והמרכז לטיפוח יופי ואסתטיקה - U Master,חיפה,no,hair-removal,hair-removal,no,"סוג ראשי בגוגל: beauty_salon (כללי) -> קוסמטיקה וטיפולי פנים; סוגים נוספים בגוגל: Eyebrow bar -> גבות וריסים, Laser hair removal service -> הסרת שיער"
2cdb4d14-2171-479d-87f5-13b0209012b5,477fabbc-5ea5-4a6f-8055-8c6ed7dbc925,המספריים של אנג'י,חיפה,no,facials,facials,no,סוג ראשי בגוגל: beauty_salon (כללי) -> קוסמטיקה וטיפולי פנים
695395b8-da5d-4e8b-a511-24f033eb15b5,bc0861cb-0fed-474b-9ebf-4b1514579a4d,המקום של נתלי,חיפה,no,facials,facials,no,סוג ראשי בגוגל: beauty_salon (כללי) -> קוסמטיקה וטיפולי פנים
c3a2a20a-ac88-4d1d-9d92-f1ca45d7ca6e,4099cefb-a624-4684-8335-a68b3768d99b,המרכז לרפואה אסתטית של אניה בלוך- Ania IBC,חיפה,no,medical-aesthetics,medical-aesthetics,no,השם מעיד על אסתטיקה רפואית; סוג ראשי בגוגל: skin_care_clinic -> קוסמטיקה וטיפולי פנים/אסתטיקה רפואית
eca1734e-d975-46e8-8459-675c2387df8b,03bc6c74-8adc-4df3-b03b-04d0b537d9d3,הפנינה,חיפה,no,facials,facials,no,סוג ראשי בגוגל: beauty_salon (כללי) -> קוסמטיקה וטיפולי פנים
4a0ff595-3d55-420e-a82b-99d459d914bd,964ade56-b9e0-4e7b-8a7a-78440e32516a,"יאנה קוסמטיקאית - טיפולי פנים, טיפולי אנטי אייג'ינג, אקנה, הסרת שיער, סידור ועיצוב גבות",חיפה,no,facials,hair-removal,yes,"השם מעיד על הסרת שיער, גבות וריסים, קוסמטיקה וטיפולי פנים; סוג ראשי בגוגל: beauty_salon (כללי) -> קוסמטיקה וטיפולי פנים; סוגים נוספים בגוגל: Facial spa -> קוסמטיקה וטיפולי פנים, Skin care clinic -> קוסמטיקה וטיפולי פנים/אסתטיקה רפואית, Waxing hair removal service -> הסרת שיער"
699a40fc-d68c-4054-b046-afeeb4d0149f,b1e95095-1205-4ec4-b2d0-b0547fe5d678,יהודית גולד מכון לטיפולי אסטתיקה,חיפה,no,facials,facials,no,"סוג ראשי בגוגל: beauty_salon (כללי) -> קוסמטיקה וטיפולי פנים; סוגים נוספים בגוגל: Beautician -> קוסמטיקה וטיפולי פנים, Facial spa -> קוסמטיקה וטיפולי פנים; טיפולים: קוסמטיקה וטיפולי פנים 1"
2b94c3b5-5b01-4e9c-8028-197b1b540055,fbb6bdc2-9d7c-4611-b92e-e6aa15e0915e,יובל בן אהרון - קוסמטיקאית,חיפה,no,facials,facials,no,השם מעיד על קוסמטיקה וטיפולי פנים; סוג ראשי בגוגל: beautician (כללי) -> קוסמטיקה וטיפולי פנים
c102d568-7a0b-4278-80c8-c6f2b91a6882,257b1b1b-43a7-4835-b55c-636b2a47c5fb,כללית אסתטיקה חיפה,חיפה,no,plastic-surgery,plastic-surgery,no,סוג ראשי בגוגל: plastic_surgery_clinic -> כירורגיה פלסטית
6522098f-f9bb-472a-8f6f-fd0aa1ecbaa5,53f044ae-03f0-40da-abbd-7cbcf0bb8c7a,ליאן גלסריה קוסמטיקה & ביוטי,חיפה,no,facials,facials,no,השם מעיד על קוסמטיקה וטיפולי פנים; סוג ראשי בגוגל: beautician (כללי) -> קוסמטיקה וטיפולי פנים
a71739df-3c1c-434a-b2be-a628b1259d2c,4cd07264-453c-423f-858f-199214db7927,ליאת דניאלי קוסמטיקה מתקדמת,חיפה,no,facials,facials,no,השם מעיד על קוסמטיקה וטיפולי פנים; סוג ראשי בגוגל: beautician (כללי) -> קוסמטיקה וטיפולי פנים
a1327ad4-713d-4697-8e15-aaac7806a153,eb66533c-7ed2-4c1f-ab00-25a582468a57,לייזר פלייס LASER PLACE,חיפה,no,hair-removal,hair-removal,no,"סוג ראשי בגוגל: laser_hair_removal_service -> הסרת שיער; סוגים נוספים בגוגל: Skin care clinic -> קוסמטיקה וטיפולי פנים/אסתטיקה רפואית; טיפולים: הסרת שיער 3, קוסמטיקה וטיפולי פנים 1"
ed906985-d931-4b87-99ef-901ba763ac2c,52bda819-5706-4dcb-b46a-0f844c079068,לירון רום - קליניקה לעיצוב גבות,חיפה,no,brows-lashes,brows-lashes,no,השם מעיד על גבות וריסים; סוג ראשי בגוגל: beauty_salon (כללי) -> קוסמטיקה וטיפולי פנים; טיפולים: גבות וריסים 6
f35bd1ab-4664-4604-b65d-d9221a63573b,175068a0-ffc2-4129-9b8e-5d511dca75bb,מכון יופי של ראניה (Rania beauty boutique),חיפה,no,facials,facials,no,סוג ראשי בגוגל: beauty_salon (כללי) -> קוסמטיקה וטיפולי פנים
fdf97b82-b07a-459b-857b-ed4ae61e6441,b873866f-d3c9-4d93-a5fa-5f888e5d7501,מכון רותם אפילציה קוסמטיקה ואיפור קבוע,חיפה,no,permanent-makeup,permanent-makeup,no,"השם מעיד על איפור קבוע, קוסמטיקה וטיפולי פנים; סוג ראשי בגוגל: beauty_salon (כללי) -> קוסמטיקה וטיפולי פנים"
95bef753-ad43-4f4d-8b71-8593e7a10d99,c9f4ae2a-778e-4a53-88c5-2fffaca11e04,"מלכת השפתיים ד""ר מריה זלטקובסקי MEDICAL AESTHETICS",חיפה,no,facials,medical-aesthetics,yes,"השם מעיד על אסתטיקה רפואית, קוסמטיקה וטיפולי פנים; אין סוג ראשי בגוגל; סוגים נוספים בגוגל: Beauty salon -> קוסמטיקה וטיפולי פנים; טיפולים: אסתטיקה רפואית 4"
ff87831b-4110-43c7-8591-91415b2bf0b2,a9019875-9dcd-4a06-8c84-1a2367d44d5c,מנתח פלסטי בכיר - דר יצחק רמון,חיפה,no,plastic-surgery,plastic-surgery,no,"השם מעיד על כירורגיה פלסטית; סוג ראשי בגוגל: plastic_surgeon -> כירורגיה פלסטית; טיפולים: כירורגיה פלסטית 12, קוסמטיקה וטיפולי פנים 2"
397fcff0-ba15-49ef-948f-23c5aaaad032,b9c45697-c674-402e-8bbf-9f0b0fc0f863,מספרת גברים קלאסית של רינגו Ringo's classic barbershop,חיפה,no,hair-salons,hair-salons,no,השם מעיד על מספרות ועיצוב שיער; סוג ראשי בגוגל: barber_shop -> מספרות ועיצוב שיער; סוגים נוספים בגוגל: Beauty salon -> קוסמטיקה וטיפולי פנים
422e79c3-1809-435a-a581-1ab5b7c310e7,83fe8f59-f76d-48a6-a82f-56737d484074,מספרת על,חיפה,no,hair-salons,hair-salons,no,השם מעיד על מספרות ועיצוב שיער; סוג ראשי בגוגל: beautician (כללי) -> קוסמטיקה וטיפולי פנים
6f69ea0b-b52d-4061-acff-b3ef85122fb6,4b673068-c3a7-4e6e-aeb2-b6e7f2fdb870,מעוז היופי - קוסמטיקה ורפואה משלימה,חיפה,no,facials,facials,no,השם מעיד על קוסמטיקה וטיפולי פנים; סוג ראשי בגוגל: beauty_salon (כללי) -> קוסמטיקה וטיפולי פנים
74428491-9e3c-43d8-b63c-30266902408c,a3676fa7-5923-429c-9481-a6ab3b0a1503,מרכז מרוות גנטוס ליופי וספא,חיפה,no,facials,facials,no,סוג ראשי בגוגל: beauty_salon (כללי) -> קוסמטיקה וטיפולי פנים; סוגים נוספים בגוגל: Facial spa -> קוסמטיקה וטיפולי פנים
c77fb271-da26-4785-929f-e0cb505b9f7e,87f2aa96-ced5-4769-aab8-3d7ae13856e6,מרפאה,חיפה,no,plastic-surgery,plastic-surgery,no,סוג ראשי בגוגל: plastic_surgeon -> כירורגיה פלסטית
503422e0-adb0-4a7a-a497-7ae63ebcc2a9,d0f7a9df-de20-44ff-ab1a-2ea4eafceb61,מרפאת ד״ר עמי ברק - מומחה בכירורגיה פלסטית ואסתטית,חיפה,no,plastic-surgery,plastic-surgery,no,השם מעיד על כירורגיה פלסטית; סוג ראשי בגוגל: plastic_surgeon -> כירורגיה פלסטית
38da63cb-edeb-4690-807d-4df51296198f,9437d332-c5e4-48ae-81b9-8581f516cbb2,מרפאת שיניים חיפה פבזנר 23 NewAge Dental Clinic Стоматологическая клиника Новая Эра Хайфа Певзнер 23,חיפה,no,dental-aesthetics,dental-aesthetics,no,השם מעיד על אסתטיקה דנטלית; אין סוג ראשי בגוגל; סוגים נוספים בגוגל: Teeth whitening service -> אסתטיקה דנטלית
30462d61-906d-46ef-b0b5-8f356253fc40,aab223b1-d1c3-4a0d-ba25-8fec61522274,מרפאת שיניים נווה שאנן,חיפה,no,dental-aesthetics,dental-aesthetics,no,השם מעיד על אסתטיקה דנטלית; אין סוג ראשי בגוגל; סוגים נוספים בגוגל: Cosmetic dentist -> אסתטיקה דנטלית; טיפולים: אסתטיקה דנטלית 6
e943b300-4650-4396-8605-177e36b01c4c,00424f73-7eb4-48f7-9a2a-04065f4843cd,נורה קוסמטיק ליין,חיפה,no,facials,facials,no,השם מעיד על קוסמטיקה וטיפולי פנים; סוג ראשי בגוגל: beauty_salon (כללי) -> קוסמטיקה וטיפולי פנים; טיפולים: קוסמטיקה וטיפולי פנים 3 (2 עם מחיר)
b452cd8a-0bae-48ad-bad0-1563d7156260,64629ed3-8873-4d44-ba49-a034d742c9ad,נחמי המבורגר קוסמטיקאית טיפולי אפילציה ושעוה,חיפה,no,facials,facials,no,השם מעיד על קוסמטיקה וטיפולי פנים; סוג ראשי בגוגל: beauty_salon (כללי) -> קוסמטיקה וטיפולי פנים
f51726f5-c1ba-4636-8807-7d12c0da9642,be45a69e-2984-49e5-9fd3-56d5795dc77c,נטוראלייזר,חיפה,no,facials,facials,no,"סוג ראשי בגוגל: skin_care_clinic -> קוסמטיקה וטיפולי פנים/אסתטיקה רפואית; סוגים נוספים בגוגל: Laser hair removal service -> הסרת שיער; טיפולים: אסתטיקה רפואית 25, קוסמטיקה וטיפולי פנים 11"
44dadfa1-2972-41db-9bb6-68a34e77f361,eada6a14-ec4d-43e1-beed-3e82db621c64,נטלי,חיפה,no,brows-lashes,brows-lashes,no,"סוג ראשי בגוגל: beauty_salon (כללי) -> קוסמטיקה וטיפולי פנים; סוגים נוספים בגוגל: Eyebrow bar -> גבות וריסים, Eyelash salon -> גבות וריסים, Permanent make-up clinic -> איפור קבוע"
7601f2f9-91d9-4b72-8d1a-539efae14538,c5b1f5c6-a832-44d0-95bb-6b71b6efdef8,"נטלי לצ'ינסקי - סטודיו ניצוץ . איפור , תסרוקות , ציור פנים וגוף",חיפה,no,makeup,makeup,no,השם מעיד על איפור מקצועי; סוג ראשי בגוגל: beauty_salon (כללי) -> קוסמטיקה וטיפולי פנים; טיפולים: איפור מקצועי 1
6388d372-a849-43b9-beed-2360766ba350,f076378f-fc41-4a00-baa4-176a40df2a60,נטליה מילנר,חיפה,no,facials,facials,no,סוג ראשי בגוגל: beautician (כללי) -> קוסמטיקה וטיפולי פנים
1299be28-dfd5-474f-a8be-a0f27eae182d,7c1cde7b-d76c-4fe8-b8c4-2ae653d18c5c,סלון לעיצוב שיער- מחוץ לסטודיו,חיפה,no,hair-salons,hair-salons,no,השם מעיד על מספרות ועיצוב שיער; סוג ראשי בגוגל: hair_salon -> מספרות ועיצוב שיער; סוגים נוספים בגוגל: Beauty salon -> קוסמטיקה וטיפולי פנים
ec173ea3-7d47-4051-b384-3783e8ab2465,c33e709c-763e-4801-ac3e-d545302ae8ef,סלון עבוד - Salon Abboud,חיפה,no,facials,facials,no,סוג ראשי בגוגל: beauty_salon (כללי) -> קוסמטיקה וטיפולי פנים
d9911d4e-deeb-4cbb-9457-3622a43c705e,56c4afb1-7236-476f-bf38-506edc4e0425,סמא - הסרת שיער בלייזר לגבר,חיפה,no,facials,facials,no,"השם מעיד על הסרת שיער; סוג ראשי בגוגל: skin_care_clinic -> קוסמטיקה וטיפולי פנים/אסתטיקה רפואית; סוגים נוספים בגוגל: Facial spa -> קוסמטיקה וטיפולי פנים, Laser hair removal service -> הסרת שיער"
fdf5ee27-39ae-452c-8c8d-6e47e0f6f59e,0be91073-5b5b-4a84-868b-472c142d59e2,פיור סקין – טיפולי קוסמטיקה מתקדמים,חיפה,no,facials,facials,no,"השם מעיד על קוסמטיקה וטיפולי פנים; סוג ראשי בגוגל: skin_care_clinic -> קוסמטיקה וטיפולי פנים/אסתטיקה רפואית; סוגים נוספים בגוגל: Nail salon -> ציפורניים, מניקור ופדיקור; טיפולים: ציפורניים, מניקור ופדיקור 21 (1 עם מחיר), קוסמטיקה וטיפולי פנים 18"
af3cb6b8-bd57-4bd6-ba2a-87f7ee1e31c4,5a0248fb-8abb-4cd6-9c86-c0658445b9e3,פלמינגו ספא בחיפה ️ | חבילות ספא בחיפה ובצפון | עיסוי בחיפה | ספא ראש |אמבטיית קרח | Flamingo Spa Haifa‏,חיפה,no,spa-massage,spa-massage,no,"השם מעיד על ספא ועיסויים; סוג ראשי בגוגל: spa -> ספא ועיסויים; סוגים נוספים בגוגל: Day spa -> ספא ועיסויים, Medical spa -> אסתטיקה רפואית; טיפולים: ספא ועיסויים 51 (7 עם מחיר), שיזוף 2"
3c7e5dd6-5b8e-4a1d-8506-781265b586f6,294d5c1c-1610-421e-8cc0-5f9ce65b6e88,"פרופורציה חיפה - הסרת שיער בלייזר, טיפולי אסתטיקה וניתוחים פלסטיים",חיפה,no,hair-removal,hair-removal,no,השם מעיד על הסרת שיער; סוג ראשי בגוגל: beauty_salon (כללי) -> קוסמטיקה וטיפולי פנים; טיפולים: הסרת שיער 1
fbb53b25-a97c-4ce0-9c89-095b413c3999,42f38c9a-14fa-4e34-84aa-6afb931a8061,פרסטיז',חיפה,no,facials,facials,no,סוג ראשי בגוגל: beauty_salon (כללי) -> קוסמטיקה וטיפולי פנים
2a5ed1a6-b97f-495c-bd31-c93d87a72900,47ee6e34-d69b-4782-a2f4-e5216a740734,ציפורניים ויופי Rinka Nails & Beauty,חיפה,no,nails,nails,no,"השם מעיד על ציפורניים, מניקור ופדיקור; סוג ראשי בגוגל: beauty_salon (כללי) -> קוסמטיקה וטיפולי פנים; סוגים נוספים בגוגל: Massage spa -> ספא ועיסויים, Nail salon -> ציפורניים, מניקור ופדיקור; טיפולים: ספא ועיסויים 6, קוסמטיקה וטיפולי פנים 3"
bf979947-fcca-4af2-afeb-7a01f22de8cd,d7744b88-2c1a-4b54-bfaa-29c598488716,"קוסמטיקאית, אלקטרולוג, עיסוי פנים Косметология, массаж лица, World_tali",חיפה,no,spa-massage,spa-massage,no,"השם מעיד על ספא ועיסויים, קוסמטיקה וטיפולי פנים; סוג ראשי בגוגל: beautician (כללי) -> קוסמטיקה וטיפולי פנים"
00c5c770-3d50-493c-be53-97cfac5b439c,81658d34-643a-4776-aa29-ab03b0ba80f6,קליניקה כוחו של הטבע,חיפה,no,facials,facials,no,סוג ראשי בגוגל: beautician (כללי) -> קוסמטיקה וטיפולי פנים
5cdae0a8-efce-4d15-9139-5411ae53733d,ff1f29bf-f25e-4009-a562-b75025238f74,קרולינה מכון יופי וקוסמטיקה -חיפה,חיפה,no,facials,facials,no,השם מעיד על קוסמטיקה וטיפולי פנים; סוג ראשי בגוגל: beautician (כללי) -> קוסמטיקה וטיפולי פנים
c7d233ab-7875-442d-8d8e-996c92d11b9d,15c1f271-98f8-4171-9ffd-965e28a802c4,קרן ומורן גלריה ליופי,חיפה,no,facials,facials,no,סוג ראשי בגוגל: beauty_salon (כללי) -> קוסמטיקה וטיפולי פנים
6f9f5d06-e5d9-4e93-a694-8ed01555e8b3,ee59f874-b737-4756-8ef9-8b630572d62e,רונית רפאל מדע היופי - חיפה,חיפה,no,facials,facials,no,סוג ראשי בגוגל: beauty_salon (כללי) -> קוסמטיקה וטיפולי פנים
8dd53780-102f-4979-b442-63c242f4db00,6d3973d3-acbc-4d2f-812f-7f03c5ea1fb1,רופא שיניים בחיפה - ד״ר יואש פרמוט,חיפה,no,dental-aesthetics,dental-aesthetics,no,השם מעיד על אסתטיקה דנטלית; אין סוג ראשי בגוגל; סוגים נוספים בגוגל: Cosmetic dentist -> אסתטיקה דנטלית; טיפולים: אסתטיקה דנטלית 3
43400cc9-a7a8-4dba-aacc-95746327a60b,a14d6fba-a076-4348-881b-6cdf06b7966e,שרה מוקי שיזוף בהתזה,חיפה,no,facials,facials,no,סוג ראשי בגוגל: beauty_salon (כללי) -> קוסמטיקה וטיפולי פנים
3a7feb50-b96a-4ba9-9aac-5ad7fb942e71,aafc5de3-9a85-44b4-b5a3-9056b4989394,תמי גרז,חיפה,no,facials,facials,no,סוג ראשי בגוגל: beautician (כללי) -> קוסמטיקה וטיפולי פנים
c4744af4-efeb-40ea-a946-ad5adfd53f15,1c887cc4-ea4d-4fce-a224-1e1bdf31433e,Beauty Line Cosmetology Clinic,טירת כרמל,no,facials,facials,no,סוג ראשי בגוגל: beauty_salon (כללי) -> קוסמטיקה וטיפולי פנים
68b694dc-67ca-4a04-b37d-0abed2b268a2,e90c9695-f978-4c7e-ad67-770fc64aa4d7,Beauty Salon by Svetlana Isakov SVIS,טירת כרמל,no,facials,facials,no,סוג ראשי בגוגל: beauty_salon (כללי) -> קוסמטיקה וטיפולי פנים
a005d4a8-3076-4adb-af3e-d9969ca9c865,ceff57e5-7bf9-4e4c-a1d2-762c2dc686f8,Eden Cosmetics,טירת כרמל,no,facials,facials,no,סוג ראשי בגוגל: beautician (כללי) -> קוסמטיקה וטיפולי פנים
329f5631-5953-40ff-90f9-a493e967e643,50ac6dab-ec35-4b33-bd75-46d81256cd5b,Kavva Beauty Boutique,טירת כרמל,no,facials,facials,no,"סוג ראשי בגוגל: skin_care_clinic -> קוסמטיקה וטיפולי פנים/אסתטיקה רפואית; סוגים נוספים בגוגל: Beautician -> קוסמטיקה וטיפולי פנים, Laser hair removal service -> הסרת שיער, Permanent make-up clinic -> איפור קבוע"
67c1fcd9-2824-4532-8e6a-61c14ccb2c6e,a3b60d0b-6475-4d44-961a-199372f76f46,SARA קוסמטיקה ואפילציה,טירת כרמל,no,facials,facials,no,השם מעיד על קוסמטיקה וטיפולי פנים; סוג ראשי בגוגל: beauty_salon (כללי) -> קוסמטיקה וטיפולי פנים
434144ac-5a14-4fad-a905-99910cfe3797,61f3792a-323e-4309-b1f5-f1584b494fa7,אבי אשורי עיצוב שיער Barbershop,טירת כרמל,no,hair-salons,hair-salons,no,"השם מעיד על מספרות ועיצוב שיער; סוג ראשי בגוגל: hair_salon -> מספרות ועיצוב שיער; סוגים נוספים בגוגל: Beautician -> קוסמטיקה וטיפולי פנים; טיפולים: מספרות ועיצוב שיער 3, ציפורניים, מניקור ופדיקור 2"
3205c91e-cec6-4084-8868-2a1b6537a868,a2c95959-b2a3-4257-a2c2-68473bf39586,"ד""ר אסתר קורן-מדע וחן",טירת כרמל,no,hair-removal,hair-removal,no,"סוג ראשי בגוגל: beautician (כללי) -> קוסמטיקה וטיפולי פנים; סוגים נוספים בגוגל: Hair removal service -> הסרת שיער, Laser hair removal service -> הסרת שיער"
fc9885a9-a447-4023-90df-4ffacadec06f,baf0e413-9901-4e4f-95ea-75d6c3a8b374,"לייזר מקס בע""מ",טירת כרמל,no,hair-removal,hair-removal,no,"סוג ראשי בגוגל: hair_removal_service -> הסרת שיער; סוגים נוספים בגוגל: Beauty salon -> קוסמטיקה וטיפולי פנים, Laser hair removal service -> הסרת שיער, Nail salon -> ציפורניים, מניקור ופדיקור; טיפולים: קוסמטיקה וטיפולי פנים 1, הסרת שיער 1"
c45db498-7ad8-4689-acb9-f992df9ba263,b53c6ed4-c2d9-4b13-a9d6-7678ac700e2b,סי אמסלם,טירת כרמל,no,facials,facials,no,"אין סוג ראשי בגוגל; סוגים נוספים בגוגל: Beauty salon -> קוסמטיקה וטיפולי פנים, Laser hair removal service -> הסרת שיער, Permanent make-up clinic -> איפור קבוע; טיפולים: קוסמטיקה וטיפולי פנים 3, הסרת שיער 2"
dc0e79b9-2ac3-4597-859e-8940e61568fc,49dc6681-ab09-43bc-8968-a5b6a09647b0,סיון ביוטי - sivan beauty,טירת כרמל,no,nails,nails,no,"סוג ראשי בגוגל: nail_salon -> ציפורניים, מניקור ופדיקור; סוגים נוספים בגוגל: Beauty salon -> קוסמטיקה וטיפולי פנים; טיפולים: ציפורניים, מניקור ופדיקור 3"
01a62235-27f4-48f1-a0e3-ec3475b79f22,22c54aee-6234-47ca-a75d-9dbc3f43ff9b,קארן לוי אוסקר טיפולי גוף ויופי,טירת כרמל,no,nails,nails,no,"סוג ראשי בגוגל: nail_salon -> ציפורניים, מניקור ופדיקור; סוגים נוספים בגוגל: Beauty salon -> קוסמטיקה וטיפולי פנים, Massage spa -> ספא ועיסויים, Massage therapist -> ספא ועיסויים; טיפולים: ספא ועיסויים 10, ציפורניים, מניקור ופדיקור 5"
1d7f1a5b-49e9-4cc5-9ab9-4e2699861901,1d90c2d1-124e-4e2c-bf8b-80d957af2d9d,קרן יצחק מאסטרית גבות | מומחית למיקרובליידינג ושיקום גבות,טירת כרמל,no,brows-lashes,brows-lashes,no,"השם מעיד על גבות וריסים, איפור קבוע; סוג ראשי בגוגל: beauty_salon (כללי) -> קוסמטיקה וטיפולי פנים; טיפולים: גבות וריסים 2"
46177f4d-206e-4ad5-8cda-0eab842ad054,6e532511-a030-4789-9f2c-7f5752e5c679,רינת עוגור- מאפרת מקצועית בחיפה והסביבה : איפור כלות | איפור ערב | איפור לעור בוגר,טירת כרמל,no,makeup,makeup,no,השם מעיד על איפור מקצועי; סוג ראשי בגוגל: makeup_artist -> איפור מקצועי; סוגים נוספים בגוגל: Beauty salon -> קוסמטיקה וטיפולי פנים; טיפולים: איפור מקצועי 1
740b2897-21ec-4039-81b5-1d516d7348b8,1d308c62-8e02-48da-8c84-131b48f18900,שני ניילס-בניית ציפורניים לק ג'ל ושיקום הציפורן הטבעית,טירת כרמל,no,nails,nails,no,"השם מעיד על ציפורניים, מניקור ופדיקור; סוג ראשי בגוגל: beautician (כללי) -> קוסמטיקה וטיפולי פנים; סוגים נוספים בגוגל: Beauty salon -> קוסמטיקה וטיפולי פנים, Nail salon -> ציפורניים, מניקור ופדיקור"
c28a7dad-3a2f-4e13-bdde-63513b290093,3ce86f6b-3656-4c56-b22c-2f56f53ade4f,Maia Beauty - קוסמטיקה מתקדמת,נשר,no,facials,facials,no,השם מעיד על קוסמטיקה וטיפולי פנים; סוג ראשי בגוגל: beautician (כללי) -> קוסמטיקה וטיפולי פנים; סוגים נוספים בגוגל: Skin care clinic -> קוסמטיקה וטיפולי פנים/אסתטיקה רפואית
7346c9d0-152d-44ff-ae7c-e5962b452554,2f2a838c-8789-49d4-a47a-726340cf66cc,O’brows- עיצוב גבות בנשר,נשר,no,brows-lashes,brows-lashes,no,"השם מעיד על גבות וריסים; סוג ראשי בגוגל: beauty_salon (כללי) -> קוסמטיקה וטיפולי פנים; טיפולים: גבות וריסים 6, איפור קבוע 3"
86291412-b692-4e7c-8d6c-42275282fe0e,02263231-4b7b-4b95-920a-228edffaf3e4,איילת קוסמטיקה במגע טבעי,נשר,no,facials,facials,no,השם מעיד על קוסמטיקה וטיפולי פנים; סוג ראשי בגוגל: beauty_salon (כללי) -> קוסמטיקה וטיפולי פנים
992b4a52-2452-4e1d-8ab3-9b635b8425ed,9d52f7bd-e06a-4ae2-8fce-c2eb9cbd9cde,לייזר פיטס Laser Fits נשר,נשר,no,facials,facials,no,סוג ראשי בגוגל: beauty_salon (כללי) -> קוסמטיקה וטיפולי פנים; טיפולים: קוסמטיקה וטיפולי פנים 1
4c6d32df-82ec-41cc-a59c-91cc957600de,07fdddec-60fb-4ef4-8900-f28c20a801b7,סטודיו מלי,נשר,no,facials,facials,no,סוג ראשי בגוגל: beauty_salon (כללי) -> קוסמטיקה וטיפולי פנים
baf55241-7355-4bef-b779-6bced1b682d9,89c7fa70-af17-4802-aa84-776b8131e70a,שרית אטיאס -מומחית לקוסמטיקה קלינית ואסתטיקה מתקדמת,נשר,no,facials,facials,no,"השם מעיד על קוסמטיקה וטיפולי פנים; סוג ראשי בגוגל: beauty_salon (כללי) -> קוסמטיקה וטיפולי פנים; סוגים נוספים בגוגל: Laser hair removal service -> הסרת שיער, Permanent make-up clinic -> איפור קבוע, Skin care clinic -> קוסמטיקה וטיפולי פנים/אסתטיקה רפואית; טיפולים: קוסמטיקה וטיפולי פנים 2, איפור מקצועי 2"
76d9802c-6f8b-4f72-8666-2a69270b9b2b,2d3e4463-d4a6-4f88-8cf9-a6bb6616a10d,"""יפה בלבן - סטודיו לשמלות כלה"" // Yafa Belavan",נתניה,no,facials,facials,no,אין סוג ראשי בגוגל; סוגים נוספים בגוגל: Beauty salon -> קוסמטיקה וטיפולי פנים
4cc67777-6e68-454c-a3bd-3eeeda63d400,4314dabf-e928-4fd4-9074-82f5b74d407c,ALINA ZIABINA,נתניה,no,facials,facials,no,סוג ראשי בגוגל: beauty_salon (כללי) -> קוסמטיקה וטיפולי פנים
a4c3d0f3-df45-4ed4-80cf-106b93411295,6baaa354-09dd-4a30-9cdd-254aa7dbe477,AN.GEL BEAUTY BOUTIQUE,נתניה,no,facials,facials,no,סוג ראשי בגוגל: beauty_salon (כללי) -> קוסמטיקה וטיפולי פנים; טיפולים: קוסמטיקה וטיפולי פנים 1
535e0618-6ffe-4671-914c-4c684cb73666,b66d2eff-7f50-4675-a49e-656287ed53d5,Adva Shoham Pro Makeup & Hair Styling אדוה שוהם איפור ושיער לכלות,נתניה,no,hair-salons,hair-salons,no,"השם מעיד על מספרות ועיצוב שיער, איפור מקצועי; סוג ראשי בגוגל: beauty_salon (כללי) -> קוסמטיקה וטיפולי פנים"
2d917915-28ad-42ba-9006-2e0dd915314d,6e1e4e46-2a43-47ba-8a83-2c94e6ef36dc,Alisha brows&lashes - Алишка брови и ресницы,נתניה,no,brows-lashes,brows-lashes,no,השם מעיד על גבות וריסים; סוג ראשי בגוגל: beauty_salon (כללי) -> קוסמטיקה וטיפולי פנים; סוגים נוספים בגוגל: Eyelash salon -> גבות וריסים; טיפולים: גבות וריסים 1
fed49beb-1996-4736-ad8e-3022a3dcbaf2,1cf814be-5ad7-40f4-aa2d-d0f93760b503,Beauty Salon Esthetics/Салон Красоты Эстетик,נתניה,no,facials,facials,no,"השם מעיד על קוסמטיקה וטיפולי פנים; סוג ראשי בגוגל: beauty_salon (כללי) -> קוסמטיקה וטיפולי פנים; סוגים נוספים בגוגל: Beautician -> קוסמטיקה וטיפולי פנים, Laser hair removal service -> הסרת שיער; טיפולים: קוסמטיקה וטיפולי פנים 2, הסרת שיער 2"
de939575-a7cd-48f9-abcb-94601dd9cb14,1c70768a-7366-4ff9-9b4e-1d3666179db3,Belau Beauty,נתניה,no,facials,facials,no,סוג ראשי בגוגל: beauty_salon (כללי) -> קוסמטיקה וטיפולי פנים; טיפולים: מספרות ועיצוב שיער 1
f9c9cdf3-c253-4afc-8e49-3a8d483b24c7,71d1919b-712c-447d-80ac-860f63139d12,Black Up Israel,נתניה,no,facials,facials,no,סוג ראשי בגוגל: beautician (כללי) -> קוסמטיקה וטיפולי פנים; סוגים נוספים בגוגל: Beauty salon -> קוסמטיקה וטיפולי פנים
be7238eb-bb2b-4a99-89cc-f13753b575c5,414b7465-3a64-44f3-9453-b2e5e9e71b9b,Bright Smile,נתניה,no,dental-aesthetics,dental-aesthetics,no,אין סוג ראשי בגוגל; סוגים נוספים בגוגל: Cosmetic dentist -> אסתטיקה דנטלית; טיפולים: אסתטיקה דנטלית 6
e48f9a4a-d651-40d6-8845-bce3b451495e,8a9c4cf4-e594-4f77-9b92-aff2eb1ae229,Clalit Estetika,נתניה,no,plastic-surgery,plastic-surgery,no,סוג ראשי בגוגל: plastic_surgery_clinic -> כירורגיה פלסטית
841453aa-d739-44e5-ac5a-2df793c8dbfd,48b8b155-73e3-4503-b2b9-48ca60b44a07,D-Shiny - אסתטיקה מתקדמת - סניף נתניה,נתניה,no,dental-aesthetics,dental-aesthetics,no,"אין סוג ראשי בגוגל; סוגים נוספים בגוגל: Cosmetic dentist -> אסתטיקה דנטלית; טיפולים: אסתטיקה רפואית 11, אסתטיקה דנטלית 5"
73d6349c-8cfb-4dbc-a2e8-b542d40b6a0d,86955caf-a40f-4e97-8391-c53ee18343c7,Dr Meir Pomeranz,נתניה,no,plastic-surgery,plastic-surgery,no,"אין סוג ראשי בגוגל; סוגים נוספים בגוגל: Cosmetic surgeon -> אסתטיקה רפואית/כירורגיה פלסטית, Plastic surgeon -> כירורגיה פלסטית; טיפולים: כירורגיה פלסטית 1"
192b8321-1831-4f21-a2df-3c53fb6ad99b,63a4aa2f-f181-4453-8851-098fe3fc2707,Dr. Sharon Porat Dental Clinic מרפאת שיניים דר' שרון פורת,נתניה,no,dental-aesthetics,dental-aesthetics,no,השם מעיד על אסתטיקה דנטלית; אין סוג ראשי בגוגל; סוגים נוספים בגוגל: Cosmetic dentist -> אסתטיקה דנטלית; טיפולים: אסתטיקה דנטלית 1
0ad8099f-db62-4eb4-9e91-b58c0a432c7f,f7b321ea-05f4-484f-b3c8-a546484e8ebe,"Dr. Tatiana Ishai / ד""ר טטיאנה ישי / רפואה אסתטית / קוסמטיקאית נתניה",נתניה,no,facials,medical-aesthetics,yes,"השם מעיד על אסתטיקה רפואית, קוסמטיקה וטיפולי פנים; סוג ראשי בגוגל: beautician (כללי) -> קוסמטיקה וטיפולי פנים; סוגים נוספים בגוגל: Beauty salon -> קוסמטיקה וטיפולי פנים, Skin care clinic -> קוסמטיקה וטיפולי פנים/אסתטיקה רפואית; טיפולים: אסתטיקה רפואית 17, קוסמטיקה וטיפולי פנים 9"
9e7bafff-93b3-4b45-839e-d012269c9aa1,281a5c15-fb90-4d75-b3a2-df0133abcf65,Dr.Sergey Goykhman Dentist רופא שיניים Стоматолог,נתניה,no,dental-aesthetics,dental-aesthetics,no,השם מעיד על אסתטיקה דנטלית; אין סוג ראשי בגוגל; סוגים נוספים בגוגל: Teeth whitening service -> אסתטיקה דנטלית
07d78e5a-00ab-4f40-9d5a-ba28afa60251,d5ec765e-7cf3-4162-b9b7-9aeb68bbc38b,ELITE,נתניה,no,nails,nails,no,"סוג ראשי בגוגל: nail_salon -> ציפורניים, מניקור ופדיקור; סוגים נוספים בגוגל: Beauty salon -> קוסמטיקה וטיפולי פנים, Waxing hair removal service -> הסרת שיער; טיפולים: ספא ועיסויים 3 (3 עם מחיר), ציפורניים, מניקור ופדיקור 2"
c489e67c-089e-41f3-a895-e80c88e8076d,09a35f87-4db7-49cc-a21d-f11872fb2e2c,Ekaterina Goldin- Beauty Salon,נתניה,no,facials,facials,no,אין סוג ראשי בגוגל; סוגים נוספים בגוגל: Beauty salon -> קוסמטיקה וטיפולי פנים
acf5b889-0af1-4b78-ac98-a4b2e0eb7ed8,24440a02-21c4-40e3-89e3-8e1cf5fa2983,Eleanor Clinic of your beautician,נתניה,no,facials,facials,no,סוג ראשי בגוגל: beauty_salon (כללי) -> קוסמטיקה וטיפולי פנים; טיפולים: קוסמטיקה וטיפולי פנים 1
927b48eb-7db4-43ff-9da6-20dbe91c4e22,c71c7544-c226-489a-bb1b-0e9c7e591985,Ellie clinic קליניקה לפתרון מגוון בעיות עור,נתניה,no,facials,facials,no,סוג ראשי בגוגל: beautician (כללי) -> קוסמטיקה וטיפולי פנים
fc18d761-ec6d-4cb4-87df-46c15f47aebb,b4d20139-068b-430d-a18c-e425af019fbd,Esthetic lab,נתניה,no,facials,facials,no,"השם מעיד על קוסמטיקה וטיפולי פנים; סוג ראשי בגוגל: beautician (כללי) -> קוסמטיקה וטיפולי פנים; סוגים נוספים בגוגל: Beauty salon -> קוסמטיקה וטיפולי פנים, Facial spa -> קוסמטיקה וטיפולי פנים, Laser hair removal service -> הסרת שיער, Skin care clinic -> קוסמטיקה וטיפולי פנים/אסתטיקה רפואית; טיפולים: קוסמטיקה וטיפולי פנים 6, הסרת שיער 2"
a5a29d26-9b2f-4a79-813d-fd917e2d8b6b,97fef43e-e7d2-4a1d-b181-5c5d9a456c3c,EstheticBar,נתניה,no,facials,facials,no,"השם מעיד על קוסמטיקה וטיפולי פנים; סוג ראשי בגוגל: skin_care_clinic -> קוסמטיקה וטיפולי פנים/אסתטיקה רפואית; סוגים נוספים בגוגל: Beautician -> קוסמטיקה וטיפולי פנים, Laser hair removal service -> הסרת שיער, Massage therapist -> ספא ועיסויים, Weight loss service -> עיצוב וחיטוב הגוף; טיפולים: הסרת שיער 1"
03225105-83fc-4426-8ba5-bf6c892c9c98,f70728fb-8afe-4821-b68e-75621aa741be,HS COSMETICS- הילה שמעון קוסמטיקאית,נתניה,no,facials,facials,no,"השם מעיד על קוסמטיקה וטיפולי פנים; סוג ראשי בגוגל: beautician (כללי) -> קוסמטיקה וטיפולי פנים; סוגים נוספים בגוגל: Beauty salon -> קוסמטיקה וטיפולי פנים, Skin care clinic -> קוסמטיקה וטיפולי פנים/אסתטיקה רפואית; טיפולים: קוסמטיקה וטיפולי פנים 5"
c2299bf3-cae7-44c0-b429-57ff7d003562,e30d1d91-4b3c-4e68-9fae-d6cc4ab0c3ff,HSecret Beauty,נתניה,no,facials,facials,no,"סוג ראשי בגוגל: beautician (כללי) -> קוסמטיקה וטיפולי פנים; סוגים נוספים בגוגל: Facial spa -> קוסמטיקה וטיפולי פנים, Massage therapist -> ספא ועיסויים, Skin care clinic -> קוסמטיקה וטיפולי פנים/אסתטיקה רפואית"
2924012a-c92f-4897-967a-14b13e25b8b8,077566ec-8a29-4d64-a8f2-44697bf86151,Helen Make up artist‏,נתניה,no,makeup,makeup,no,השם מעיד על איפור מקצועי; סוג ראשי בגוגל: beauty_salon (כללי) -> קוסמטיקה וטיפולי פנים; טיפולים: איפור מקצועי 2
790b9297-53b7-4101-b6ca-88f04cd46ff1,29e5782f-f7b0-43a5-ba2c-fc76f8c32f15,Hi Laser הסרת שיער בלייזר וטיפולי אנטי אייג׳ינג,נתניה,no,hair-removal,hair-removal,no,"השם מעיד על הסרת שיער; סוג ראשי בגוגל: laser_hair_removal_service -> הסרת שיער; סוגים נוספים בגוגל: Beautician -> קוסמטיקה וטיפולי פנים; טיפולים: הסרת שיער 16, קוסמטיקה וטיפולי פנים 1"
48453631-b6a1-416f-afcf-64616142f2ed,7e482149-f6c3-4957-a0f0-3f6193cc0dbd,I.k.Aesthetics,נתניה,no,facials,facials,no,השם מעיד על קוסמטיקה וטיפולי פנים; סוג ראשי בגוגל: beautician (כללי) -> קוסמטיקה וטיפולי פנים; סוגים נוספים בגוגל: Beauty salon -> קוסמטיקה וטיפולי פנים
f8f2308d-d555-4148-80a6-74bfad64577d,c5417d93-b81b-4036-a212-d620668739c4,IDEAL beauty clinic,נתניה,no,facials,facials,no,סוג ראשי בגוגל: beauty_salon (כללי) -> קוסמטיקה וטיפולי פנים
32e8b48f-fffc-4764-bf4d-d1d5d7327ead,d2a7ede3-6c74-4058-bf46-0c97454381dc,Jessica Beauty Experiences,נתניה,no,facials,facials,no,"סוג ראשי בגוגל: beauty_salon (כללי) -> קוסמטיקה וטיפולי פנים; טיפולים: הסרת שיער 11, איפור קבוע 8"
c6949bdf-4319-4369-8d3c-74156cdf03ef,437e8748-4e4a-43ef-b7a3-d9df57f13276,Larimar Clinic - נתניה,נתניה,no,facials,facials,no,סוג ראשי בגוגל: beautician (כללי) -> קוסמטיקה וטיפולי פנים
baef08dd-3ccd-4a89-a246-e1686927dcb5,ab08e541-6728-4a61-913f-28591b36c478,Lilia Stern - Beauty & Youth - ליליה שטרן,נתניה,no,facials,facials,no,סוג ראשי בגוגל: beauty_salon (כללי) -> קוסמטיקה וטיפולי פנים
3f8c438f-4835-4a97-836f-7c051a5e0227,ec8ef87a-aa69-4978-958b-0f1ccdae96e4,Lisa Beauty Boutique,נתניה,no,facials,facials,no,"סוג ראשי בגוגל: beautician (כללי) -> קוסמטיקה וטיפולי פנים; סוגים נוספים בגוגל: Beauty salon -> קוסמטיקה וטיפולי פנים, Facial spa -> קוסמטיקה וטיפולי פנים; טיפולים: קוסמטיקה וטיפולי פנים 59, אסתטיקה רפואית 10"
860a8b3f-82d9-4d4f-8831-3df0898f36b8,2205e359-d2e7-410a-b77e-d01ac6aeb05b,M.Beauty,נתניה,no,facials,facials,no,סוג ראשי בגוגל: beauty_salon (כללי) -> קוסמטיקה וטיפולי פנים
dfed8cfa-eec8-4138-b9bf-b266a19fb03e,a62f3349-82fc-4766-ad60-d87a3d863b50,M.L Beautique,נתניה,no,nails,nails,no,"סוג ראשי בגוגל: beauty_salon (כללי) -> קוסמטיקה וטיפולי פנים; טיפולים: ציפורניים, מניקור ופדיקור 23 (9 עם מחיר), גבות וריסים 18 (4 עם מחיר)"
50d8978d-c9aa-4874-88ca-0ac4f32369f9,1a6f9f24-0b60-4ea7-8b9a-49a42c76023c,MAC Cosmetics Ir Yamim,נתניה,no,facials,facials,no,"אין סוג ראשי בגוגל; סוגים נוספים בגוגל: Beauty salon -> קוסמטיקה וטיפולי פנים, Eyebrow bar -> גבות וריסים; טיפולים: איפור מקצועי 1"
59e077ac-4dcf-410c-ae48-268972ac2d25,50ffcda7-9f9b-4d06-94b1-1ff207b4a7c3,Medical Beauty Clinic - מדיקל ביוטי קליניק,נתניה,no,facials,facials,no,"סוג ראשי בגוגל: beauty_salon (כללי) -> קוסמטיקה וטיפולי פנים; טיפולים: אסתטיקה רפואית 3, קוסמטיקה וטיפולי פנים 2"
0a5e6005-26c5-4620-b0f9-75f633bd2f36,4ce7564b-7c3c-4c2c-b98a-4286a0bbce5a,Natalia Shatilo skin expert,נתניה,no,facials,facials,no,סוג ראשי בגוגל: skin_care_clinic -> קוסמטיקה וטיפולי פנים/אסתטיקה רפואית
92bc7565-3509-4aea-9ca2-050d138b4623,b17bcb62-1be7-4739-816d-f5516cc66a8b,Nava Esthetic | Institut de beauté |,נתניה,no,facials,facials,no,"השם מעיד על קוסמטיקה וטיפולי פנים; סוג ראשי בגוגל: beauty_salon (כללי) -> קוסמטיקה וטיפולי פנים; טיפולים: הסרת שיער 3, גבות וריסים 3"
5106560a-1663-445e-8b32-088cd626da93,d92408a6-38d6-484e-9716-e8bb41613e76,Netanya - institut beauté esthétic ELODERMO,נתניה,no,facials,facials,no,"סוג ראשי בגוגל: beautician (כללי) -> קוסמטיקה וטיפולי פנים; סוגים נוספים בגוגל: Beauty salon -> קוסמטיקה וטיפולי פנים, Eyebrow bar -> גבות וריסים, Laser hair removal service -> הסרת שיער, Waxing hair removal service -> הסרת שיער; טיפולים: קוסמטיקה וטיפולי פנים 2"
8600d08d-54b6-4d56-a70f-66a0c0f14dfb,8d3ea3e7-0759-4768-800c-18d410c5a10f,Nicole advanced skin care | קוסמטיקאית בנתניה,נתניה,no,facials,facials,no,השם מעיד על קוסמטיקה וטיפולי פנים; סוג ראשי בגוגל: beautician (כללי) -> קוסמטיקה וטיפולי פנים
ec959174-d461-4309-8305-b150dad16ec5,967b8586-24d7-4a46-b2da-1056eb29d79a,ODYNOKA dental clinic,נתניה,no,dental-aesthetics,dental-aesthetics,no,השם מעיד על אסתטיקה דנטלית; אין סוג ראשי בגוגל; סוגים נוספים בגוגל: Teeth whitening service -> אסתטיקה דנטלית
ab2df724-c4c6-4672-b1be-cc2e083b1e51,19542817-715f-4c6a-a5e4-54fb8550750d,Olga Finkell,נתניה,no,brows-lashes,brows-lashes,no,"סוג ראשי בגוגל: beautician (כללי) -> קוסמטיקה וטיפולי פנים; סוגים נוספים בגוגל: Eyebrow bar -> גבות וריסים, Eyelash salon -> גבות וריסים, Hair removal service -> הסרת שיער"
24b0c7fe-deab-4e3d-a2a3-1d170ae60441,836eb136-9d0c-47c2-af20-450f77ce79fa,Oron Avidan medical esthetician,נתניה,no,facials,facials,no,השם מעיד על קוסמטיקה וטיפולי פנים; סוג ראשי בגוגל: beautician (כללי) -> קוסמטיקה וטיפולי פנים; טיפולים: קוסמטיקה וטיפולי פנים 41
c8227f52-bc09-4cac-bd1b-c77a33f025ab,3780a669-3317-42da-bb11-d799ddcc1989,Ortal pahima - skin clinic,נתניה,no,permanent-makeup,permanent-makeup,no,סוג ראשי בגוגל: beautician (כללי) -> קוסמטיקה וטיפולי פנים; סוגים נוספים בגוגל: Permanent make-up clinic -> איפור קבוע; טיפולים: איפור קבוע 1
6b7e8854-028f-4cbf-8944-8f3e19efff63,2c7d157c-1a5f-4d87-ba96-4ee8685246f1,Royal Dent,נתניה,no,dental-aesthetics,dental-aesthetics,no,אין סוג ראשי בגוגל; סוגים נוספים בגוגל: Cosmetic dentist -> אסתטיקה דנטלית; טיפולים: אסתטיקה דנטלית 37
06969807-10e8-4651-aa51-b62c19a40e12,3ffbc266-46ed-404a-bd65-d35c90b31892,Sagochka beauty,נתניה,no,facials,facials,no,סוג ראשי בגוגל: beauty_salon (כללי) -> קוסמטיקה וטיפולי פנים
a0ff771c-69c3-41d8-9739-e61db4e87ef7,a833a17a-1858-4350-8af8-14f7b3c1fc41,Salomé Beauty Institut,נתניה,no,facials,facials,no,סוג ראשי בגוגל: beautician (כללי) -> קוסמטיקה וטיפולי פנים; סוגים נוספים בגוגל: Beauty salon -> קוסמטיקה וטיפולי פנים
9a3891d6-5dbe-4e7b-8133-4cbe91bacab8,6baca901-98d2-45fe-820b-3fc19f564d0b,Sapir einy,נתניה,no,facials,facials,no,אין סוג ראשי בגוגל; סוגים נוספים בגוגל: Beautician -> קוסמטיקה וטיפולי פנים
6532760d-0d30-420a-baa2-ea03b2f9f339,1371043b-9796-4bfc-b344-c855d20a8fb2,Sarit Cosmetics - עיצוב גבות ואיפור קבוע,נתניה,no,permanent-makeup,permanent-makeup,no,"השם מעיד על גבות וריסים, איפור קבוע; סוג ראשי בגוגל: permanent_make_up_clinic -> איפור קבוע; סוגים נוספים בגוגל: Beauty salon -> קוסמטיקה וטיפולי פנים, Eyebrow bar -> גבות וריסים; טיפולים: איפור קבוע 9, גבות וריסים 8"
235f0658-562d-495c-961e-7b54fc6efff2,e9b7bc3e-4bcf-4b38-9290-8def7a841cff,Shiran Aziz Clinic,נתניה,no,facials,facials,no,"סוג ראשי בגוגל: beauty_salon (כללי) -> קוסמטיקה וטיפולי פנים; סוגים נוספים בגוגל: Beautician -> קוסמטיקה וטיפולי פנים, Facial spa -> קוסמטיקה וטיפולי פנים, Laser hair removal service -> הסרת שיער, Skin care clinic -> קוסמטיקה וטיפולי פנים/אסתטיקה רפואית; טיפולים: הסרת שיער 17, קוסמטיקה וטיפולי פנים 13"
61f71139-4aab-4888-a25f-63403b8efac1,160998f3-bb7e-401d-b624-6b809d124b38,The Beauty Queen,נתניה,no,facials,facials,no,סוג ראשי בגוגל: beautician (כללי) -> קוסמטיקה וטיפולי פנים
8d5ab588-34aa-43b6-87a2-279d522752cd,76398c26-72db-4546-9456-43c7b4be45c9,The body Institute,נתניה,no,facials,facials,no,סוג ראשי בגוגל: beauty_salon (כללי) -> קוסמטיקה וטיפולי פנים
0c5dcd83-7ad6-45d4-8eb8-d73ec6646c5f,f75a7f80-31e0-4bce-aadd-96948bbce4b3,VIRGINIE institut de beauté וירג'יני קוסמטיקה מתקדמת ליופי ובריאות,נתניה,no,facials,facials,no,השם מעיד על קוסמטיקה וטיפולי פנים; סוג ראשי בגוגל: beauty_salon (כללי) -> קוסמטיקה וטיפולי פנים; טיפולים: קוסמטיקה וטיפולי פנים 15
baf14b7c-2e39-42f8-9033-aa6d8c8f2759,0c072adb-f280-402f-8367-bfc844b9cc16,Vita Derm מכון קוסמטיקה בנתניה,נתניה,no,facials,facials,no,השם מעיד על קוסמטיקה וטיפולי פנים; סוג ראשי בגוגל: beautician (כללי) -> קוסמטיקה וטיפולי פנים
79d84f5a-0dc2-40fa-be5d-16f5be4849a4,b185d281-4d2d-44ed-b766-5fd00e7619e9,WinteRoseCo Beauty,נתניה,no,facials,facials,no,סוג ראשי בגוגל: beauty_salon (כללי) -> קוסמטיקה וטיפולי פנים
fb794fa0-7206-48b6-a9af-19177a019172,e5503311-6f94-4e8e-9123-9e6b30e84739,Yuval Weiss Cosmetics,נתניה,no,facials,facials,no,סוג ראשי בגוגל: beautician (כללי) -> קוסמטיקה וטיפולי פנים
7969d18c-df04-4d7d-90b6-4daa4e1c6e80,e92ddcb2-75b0-4269-9d96-ce33fca8ab47,beauty station,נתניה,no,hair-salons,hair-salons,no,"סוג ראשי בגוגל: hair_salon -> מספרות ועיצוב שיער; סוגים נוספים בגוגל: Beauty salon -> קוסמטיקה וטיפולי פנים, Hair replacement service -> השתלות שיער וטיפול בנשירה"
b1fcae31-2e95-4647-8d8c-a915f93bf204,30870fbf-6792-4565-b30d-f9934b59e013,ds cosmetics,נתניה,no,facials,facials,no,סוג ראשי בגוגל: skin_care_clinic -> קוסמטיקה וטיפולי פנים/אסתטיקה רפואית
fb00e949-a062-47da-acb5-a063d75fc18b,9548e51a-4e8d-4d27-9631-863d185a4bd7,laser removal,נתניה,no,facials,facials,no,סוג ראשי בגוגל: skin_care_clinic -> קוסמטיקה וטיפולי פנים/אסתטיקה רפואית
fc5e8b76-eb2d-4742-89c4-0d58a62f6b9a,9b7e0080-ecfd-4c43-b902-68de109f985c,shop whitesmile,נתניה,no,dental-aesthetics,dental-aesthetics,no,סוג ראשי בגוגל: teeth_whitening_service -> אסתטיקה דנטלית
841b379e-9993-4359-98a7-422f3d7b6971,27c0722b-6bf5-44f2-82ee-ee2bbd00c6cc,Виорика,נתניה,no,facials,facials,no,סוג ראשי בגוגל: beauty_salon (כללי) -> קוסמטיקה וטיפולי פנים
a5e35c7c-c780-45ed-98e2-5ac7f99ef931,9656e1e1-7e7c-4ef1-8902-69d4b3629196,Салон красоты Luxor,נתניה,no,facials,facials,no,סוג ראשי בגוגל: beauty_salon (כללי) -> קוסמטיקה וטיפולי פנים
e086df97-f001-4cd2-b0ca-d6a066ba4d0a,9feafe57-9c78-486d-abb4-090082598306,אודליה - הסוד ליופי שלך,נתניה,no,facials,facials,no,סוג ראשי בגוגל: beautician (כללי) -> קוסמטיקה וטיפולי פנים; טיפולים: קוסמטיקה וטיפולי פנים 4 (2 עם מחיר)
59b19461-4dab-4dec-80c3-fcb6ff68ee47,17c2bae4-88ac-4721-a86c-5cccf5bebee1,אומנות הלק ג’ל ובניית הציפורניים Nail Art by Mushailov Olga,נתניה,no,nails,nails,no,"השם מעיד על ציפורניים, מניקור ופדיקור; סוג ראשי בגוגל: beautician (כללי) -> קוסמטיקה וטיפולי פנים"
2e6303d2-9986-4dfe-a97c-a1b6292cb8de,e098b7aa-cbf4-45d7-8c41-0deeb8b95fa3,אורטל ציפורניים לק ג'ל מיקרובליידינג שיטת השערה נתניה,נתניה,no,nails,nails,no,"השם מעיד על ציפורניים, מניקור ופדיקור, איפור קבוע; סוג ראשי בגוגל: beautician (כללי) -> קוסמטיקה וטיפולי פנים; טיפולים: ציפורניים, מניקור ופדיקור 3"
0aae9364-d957-4371-ad55-72b9a9c8b262,1944347e-8b37-42a0-84b6-27814bcbc370,אורלי ברטלר - קליניקה לקוסמטיקה ואסתטיקה,נתניה,no,facials,facials,no,"השם מעיד על קוסמטיקה וטיפולי פנים; סוג ראשי בגוגל: beautician (כללי) -> קוסמטיקה וטיפולי פנים; סוגים נוספים בגוגל: Facial spa -> קוסמטיקה וטיפולי פנים, Laser hair removal service -> הסרת שיער; טיפולים: קוסמטיקה וטיפולי פנים 15, אסתטיקה רפואית 4"
73dd51e6-1a1d-4f2c-97cf-1d316cd31097,55223ba6-c200-434d-a13e-6db7caa4816a,איזבלה קוסמטיקאית P.M.E - אגמים נתניה,נתניה,no,facials,facials,no,השם מעיד על קוסמטיקה וטיפולי פנים; סוג ראשי בגוגל: beauty_salon (כללי) -> קוסמטיקה וטיפולי פנים; סוגים נוספים בגוגל: Skin care clinic -> קוסמטיקה וטיפולי פנים/אסתטיקה רפואית
ba5c47fb-c5f6-484b-b7dd-a56686d3c800,9120b682-67d7-4437-8871-442338e02ec0,אילנה ביתן קוסמטיקאית מוסמכת,נתניה,no,facials,facials,no,השם מעיד על קוסמטיקה וטיפולי פנים; סוג ראשי בגוגל: skin_care_clinic -> קוסמטיקה וטיפולי פנים/אסתטיקה רפואית; טיפולים: אסתטיקה רפואית 1
c4239237-961e-4eaf-8ca2-cbdc2d4dcc29,07365447-eb03-4c33-8c8a-6c4b60eb2c96,איפור ביוטי-כלה וערב,נתניה,no,makeup,makeup,no,השם מעיד על איפור מקצועי; סוג ראשי בגוגל: beautician (כללי) -> קוסמטיקה וטיפולי פנים
ac590372-92c4-424a-9829-2ca0df342a46,d20d8b8e-a2c3-4cdf-9d64-f33e6bf54c24,איפור קבוע בנתניה פאולה לוי,נתניה,no,permanent-makeup,permanent-makeup,no,"השם מעיד על איפור קבוע; סוג ראשי בגוגל: permanent_make_up_clinic -> איפור קבוע; סוגים נוספים בגוגל: Beauty salon -> קוסמטיקה וטיפולי פנים; טיפולים: גבות וריסים 8, איפור קבוע 5"
b41a78e9-f15c-4165-bb3c-955cd9befa8e,a5419a7c-45bc-47fc-b8f2-a20215b2dd5f,אירינה קוסמטיקס-Irina Cosmetics,נתניה,no,facials,facials,no,השם מעיד על קוסמטיקה וטיפולי פנים; סוג ראשי בגוגל: beautician (כללי) -> קוסמטיקה וטיפולי פנים; סוגים נוספים בגוגל: Waxing hair removal service -> הסרת שיער
4451663b-f49c-43da-8fa4-2a42e717fac7,d5f1ad77-8e11-4ec1-8459-6e7bf54beaf9,אירנה- אקדמיה למקצועות היופי גם באינטרנט,נתניה,no,facials,facials,no,"אין סוג ראשי בגוגל; סוגים נוספים בגוגל: Beautician -> קוסמטיקה וטיפולי פנים, Skin care clinic -> קוסמטיקה וטיפולי פנים/אסתטיקה רפואית"
1834a0fa-43bd-4ea0-8641-cb232b58111f,9a8e47a3-17e2-4e05-8743-5f003d934940,אלונה נובה - קוסמטיקאית רפואית | בנתניה,נתניה,no,facials,facials,no,השם מעיד על קוסמטיקה וטיפולי פנים; סוג ראשי בגוגל: skin_care_clinic -> קוסמטיקה וטיפולי פנים/אסתטיקה רפואית
eef18bf0-7108-4968-9bdb-6a36b38acc7c,0bac5bf3-1f9e-4f04-ad84-a2e2446cf22a,אלינה אלבוים - קוסמטיקה מתקדמת,נתניה,no,facials,facials,no,השם מעיד על קוסמטיקה וטיפולי פנים; סוג ראשי בגוגל: beautician (כללי) -> קוסמטיקה וטיפולי פנים; טיפולים: קוסמטיקה וטיפולי פנים 2
e2e304eb-2423-49fa-b4e1-78c7a674ce2e,708b1ada-047b-475a-a7d9-9d1f7e33681e,אלינור בכר | קוסמטיקה ורפואה סינית אסתטית מתקדמת,נתניה,no,facials,facials,no,השם מעיד על קוסמטיקה וטיפולי פנים; סוג ראשי בגוגל: beautician (כללי) -> קוסמטיקה וטיפולי פנים; טיפולים: קוסמטיקה וטיפולי פנים 1
a15ee547-e6a1-4a7f-8bef-ead4485ea3a2,59800221-11af-4cf9-95b5-048f9c838c50,אנג'לה קוסמטיקס - Anjela Cosmetics,נתניה,no,facials,facials,no,"השם מעיד על קוסמטיקה וטיפולי פנים; סוג ראשי בגוגל: beauty_salon (כללי) -> קוסמטיקה וטיפולי פנים; סוגים נוספים בגוגל: Beautician -> קוסמטיקה וטיפולי פנים, Facial spa -> קוסמטיקה וטיפולי פנים; טיפולים: קוסמטיקה וטיפולי פנים 1"
759bd7ab-ff05-40eb-af04-20bc0c1db061,d2a0d925-385f-4f30-af03-a66402d8d474,אנה קוסמטיקר - ANAcosmeticare,נתניה,no,facials,facials,no,השם מעיד על קוסמטיקה וטיפולי פנים; סוג ראשי בגוגל: skin_care_clinic -> קוסמטיקה וטיפולי פנים/אסתטיקה רפואית; טיפולים: קוסמטיקה וטיפולי פנים 4
8cd72f06-721d-487b-bc0a-b2dd266ecbea,76f28672-2592-480c-8496-60b0ab6f64c1,אסנקה איפור מקצועי,נתניה,no,makeup,makeup,no,השם מעיד על איפור מקצועי; סוג ראשי בגוגל: beautician (כללי) -> קוסמטיקה וטיפולי פנים
23c993ac-1407-4c70-a019-b294b16768e8,231149f6-0672-4876-a110-78b9b6e006e8,בוסטון קליניק,נתניה,no,medical-aesthetics,medical-aesthetics,no,"סוג ראשי בגוגל: skin_care_clinic -> קוסמטיקה וטיפולי פנים/אסתטיקה רפואית; טיפולים: אסתטיקה רפואית 57 (6 עם מחיר), כירורגיה פלסטית 14"
28f955ec-5310-4110-8430-8a29b31dddbb,e9800d5f-d2d9-4ed6-84a0-7709a73e8123,ביוטי קליניק נתניה,נתניה,no,facials,facials,no,"סוג ראשי בגוגל: skin_care_clinic -> קוסמטיקה וטיפולי פנים/אסתטיקה רפואית; טיפולים: אסתטיקה רפואית 11, קוסמטיקה וטיפולי פנים 5"
9f86b441-1a49-4f5e-b210-24a01fe5fd65,a74cc21d-86bc-4d3d-a64a-0fc5409c2da3,בניית ציפורניים לק ג'ל פדיקור מניקור נתניה,נתניה,no,nails,nails,no,"השם מעיד על ציפורניים, מניקור ופדיקור; סוג ראשי בגוגל: beautician (כללי) -> קוסמטיקה וטיפולי פנים"
eaa3c4bd-7509-4f47-b1e6-6c7de0fe64c9,76aa7c44-b8de-468c-858e-fc6394f367be,"בר ויכמן נתניה - הסרת שיער בלייזר, פיסול פנים וטיפולי אסתטיקה רפואית",נתניה,no,hair-removal,hair-removal,no,"השם מעיד על הסרת שיער, אסתטיקה רפואית; סוג ראשי בגוגל: laser_hair_removal_service -> הסרת שיער; סוגים נוספים בגוגל: Beautician -> קוסמטיקה וטיפולי פנים, Beauty salon -> קוסמטיקה וטיפולי פנים, Skin care clinic -> קוסמטיקה וטיפולי פנים/אסתטיקה רפואית; טיפולים: קוסמטיקה וטיפולי פנים 4 (1 עם מחיר), הסרת שיער 4"
e5798e4d-691c-4c7b-99a1-5558b6ab6928,45141270-2e22-4554-b8b6-4a20e2dc0120,ג'ואן אטלי Cosmetics Solutions איפור קבוע וקוסמטיקה מתקדמת,נתניה,no,permanent-makeup,permanent-makeup,no,"השם מעיד על איפור קבוע, קוסמטיקה וטיפולי פנים; סוג ראשי בגוגל: beauty_salon (כללי) -> קוסמטיקה וטיפולי פנים; טיפולים: קוסמטיקה וטיפולי פנים 1, איפור קבוע 1"
7c07d6aa-49a8-4822-a66b-7bac45b1210d,3352bfe1-cc77-40c3-a152-2dde697658be,ג'וליה - לק ג'ל בניית ציפורניים - מניקור ופדיקור בנתניה- טיפול עם נוף לים 😉,נתניה,no,nails,nails,no,"השם מעיד על ציפורניים, מניקור ופדיקור; סוג ראשי בגוגל: nail_salon -> ציפורניים, מניקור ופדיקור; סוגים נוספים בגוגל: Beautician -> קוסמטיקה וטיפולי פנים; טיפולים: ציפורניים, מניקור ופדיקור 17 (10 עם מחיר)"
192d29a6-8b0a-4210-b61e-234e453fb2f7,4fafb4c6-081c-4afe-8f63-1aadbf36442f,גלית כשריאן,נתניה,no,makeup,makeup,no,סוג ראשי בגוגל: beauty_salon (כללי) -> קוסמטיקה וטיפולי פנים; טיפולים: איפור מקצועי 25
035615e3-a3f9-4bf0-9882-81d53aabeffe,567dda71-16e6-4711-9b29-f98144c83fef,גלית פורת,נתניה,no,hair-removal,hair-removal,no,"סוג ראשי בגוגל: beautician (כללי) -> קוסמטיקה וטיפולי פנים; סוגים נוספים בגוגל: Laser hair removal service -> הסרת שיער, Permanent make-up clinic -> איפור קבוע"
5b8fd025-3c1c-4e92-abd7-f1c4a408481d,7050e53c-e4fb-4ce6-b0cf-07fac3a5738d,"ד""ר אלי שולמן - רפואה אסטתית",נתניה,no,medical-aesthetics,medical-aesthetics,no,"סוג ראשי בגוגל: skin_care_clinic -> קוסמטיקה וטיפולי פנים/אסתטיקה רפואית; טיפולים: אסתטיקה רפואית 12, כירורגיה פלסטית 2"
68802f11-e796-4288-bf59-5486824a0703,03bdb684-9953-4d1a-bccc-14d01c9dc326,"ד""ר אנה גודוביץ׳ - טיפולי אסתטיקה רפואית",נתניה,no,medical-aesthetics,medical-aesthetics,no,"השם מעיד על אסתטיקה רפואית; סוג ראשי בגוגל: medical_spa -> אסתטיקה רפואית; טיפולים: אסתטיקה רפואית 9, כירורגיה פלסטית 7"
e0d5f9c0-51e7-4fc7-93d6-cdad1fc4b639,14eee6cb-70aa-46ec-8049-c56f5d7bbf9a,דאלי אסתטיק סנטר - דליה ליברמן,נתניה,no,facials,facials,no,סוג ראשי בגוגל: beautician (כללי) -> קוסמטיקה וטיפולי פנים
9b40d4d6-83c0-4809-a0a4-8044921b00ea,7e5decc5-64a4-44b3-8f84-6c0495dff36c,דוקטור זייגר טטיאנה מילוי והעלמת קמטים בפנים,נתניה,no,facials,facials,no,סוג ראשי בגוגל: beauty_salon (כללי) -> קוסמטיקה וטיפולי פנים; סוגים נוספים בגוגל: Beautician -> קוסמטיקה וטיפולי פנים
00afff70-a3d1-41e2-a643-de3af06fd691,55456895-7559-4302-a331-78290bc7c3ee,דורין לק ג׳ל,נתניה,no,facials,facials,no,סוג ראשי בגוגל: beauty_salon (כללי) -> קוסמטיקה וטיפולי פנים
a455fca5-c410-4b97-ab7c-cb4ac078e85f,a541c3bd-eea0-4585-907b-05f9e42a0c92,דלית אור היופי,נתניה,no,facials,facials,no,סוג ראשי בגוגל: beauty_salon (כללי) -> קוסמטיקה וטיפולי פנים
24086ad1-73ff-4e1f-94b4-12566fc016ef,a8579c03-d6a8-4836-8b85-4270bf7db8f7,דנה חן- קליניקה לקוסמטיקה מתקדמת,נתניה,no,facials,facials,no,השם מעיד על קוסמטיקה וטיפולי פנים; סוג ראשי בגוגל: beauty_salon (כללי) -> קוסמטיקה וטיפולי פנים
93265a17-f062-4ee4-818d-230a84b3c6ff,967c88c0-ad33-4379-be46-717ba3a29d2f,דפנה קוסמטיקס קוסמטיקאית בנתניה,נתניה,no,facials,facials,no,השם מעיד על קוסמטיקה וטיפולי פנים; סוג ראשי בגוגל: beauty_salon (כללי) -> קוסמטיקה וטיפולי פנים
7d6612df-0587-464e-82d2-2fd2b83661be,029ceb78-43db-4cbd-8036-84657caa5ed3,ד״ר מיכל גלבוע,נתניה,no,dental-aesthetics,dental-aesthetics,no,סוג ראשי בגוגל: cosmetic_dentist -> אסתטיקה דנטלית
2e894a91-5a91-4ad1-8c7a-92cfc170307d,292e812b-f807-4590-ab52-c44b97e6f327,ד״ר שי לי אלמוג - מרפאה אסתטית,נתניה,no,medical-aesthetics,medical-aesthetics,no,"אין סוג ראשי בגוגל; סוגים נוספים בגוגל: Medical spa -> אסתטיקה רפואית; טיפולים: אסתטיקה רפואית 45, קוסמטיקה וטיפולי פנים 10"
349bcac4-cf77-48f5-b0d4-d46169c35f93,f9ef6efa-155d-4d68-907e-8eee85bdff59,הדבקת ריסים,נתניה,no,brows-lashes,brows-lashes,no,השם מעיד על גבות וריסים; סוג ראשי בגוגל: beauty_salon (כללי) -> קוסמטיקה וטיפולי פנים; טיפולים: גבות וריסים 1 (1 עם מחיר)
949a7ee1-03d8-46e0-8596-93f0347019d8,c9f380db-8fab-4bb6-90ba-fe437462006e,הודיה מאגרו ציפורניים,נתניה,no,nails,nails,no,"השם מעיד על ציפורניים, מניקור ופדיקור; סוג ראשי בגוגל: beauty_salon (כללי) -> קוסמטיקה וטיפולי פנים"
88f7dbc8-219c-4fd9-99d3-f1053b5e30d6,8eae887a-c463-47c6-b7e1-45664e5995e8,"הילה איילין - איפור קבוע, קורסים לאיפור קבוע",נתניה,no,permanent-makeup,permanent-makeup,no,השם מעיד על איפור קבוע; סוג ראשי בגוגל: beautician (כללי) -> קוסמטיקה וטיפולי פנים
38988451-0349-4032-875a-6d7c22956794,3fea4a27-41a5-4498-9e8f-a02d5366f936,"הקליניקה לרפואה אסתטית ד״ר אובול - מגוון טיפולים אסתטיים מתקדמים: מילוי שפתיים, הזרקות לכל האזורים ועוד",נתניה,no,medical-aesthetics,medical-aesthetics,no,השם מעיד על אסתטיקה רפואית; סוג ראשי בגוגל: skin_care_clinic -> קוסמטיקה וטיפולי פנים/אסתטיקה רפואית
0eff6bf5-0718-44ca-94a1-e93052dccea6,8eb1b361-f1a2-4c26-b2fe-e0711d18ee3b,חדווה בכר HBeauty - קוסמטיקה וטיפולי יופי,נתניה,no,facials,facials,no,"השם מעיד על קוסמטיקה וטיפולי פנים; סוג ראשי בגוגל: beauty_salon (כללי) -> קוסמטיקה וטיפולי פנים; סוגים נוספים בגוגל: Facial spa -> קוסמטיקה וטיפולי פנים, Laser hair removal service -> הסרת שיער, Permanent make-up clinic -> איפור קבוע; טיפולים: הסרת שיער 5, איפור קבוע 3 (1 עם מחיר)"
18dd5ea8-9f4d-4841-8a75-435f60067412,b919ede6-afee-4713-b833-8833f5629014,חלי קרני קוסמטיקאית מוסמכת | Heli Karni Skin Clinic,נתניה,no,facials,facials,no,השם מעיד על קוסמטיקה וטיפולי פנים; סוג ראשי בגוגל: beautician (כללי) -> קוסמטיקה וטיפולי פנים; סוגים נוספים בגוגל: Skin care clinic -> קוסמטיקה וטיפולי פנים/אסתטיקה רפואית; טיפולים: קוסמטיקה וטיפולי פנים 3
3baff0c0-e415-47de-8f4f-0416203bb280,a0819a39-fa1e-4ed6-b538-07e686f61493,חן אליאסי - Chen Eliassi Skincare,נתניה,no,facials,facials,no,השם מעיד על קוסמטיקה וטיפולי פנים; סוג ראשי בגוגל: skin_care_clinic -> קוסמטיקה וטיפולי פנים/אסתטיקה רפואית
02e86828-dfb8-4238-b8cf-233125082663,4c390bea-424c-47d8-b496-1fa861bd367b,חן קוסמטיקס,נתניה,no,facials,facials,no,השם מעיד על קוסמטיקה וטיפולי פנים; סוג ראשי בגוגל: beautician (כללי) -> קוסמטיקה וטיפולי פנים
c125b046-85fb-4ea0-ad8e-0248d94c00b6,d7044174-e1ea-44f8-9bab-ba8a980e6800,טל עדי הלחמת ריסים איפור שבוע ושיזוף,נתניה,no,brows-lashes,brows-lashes,no,"השם מעיד על גבות וריסים, איפור מקצועי; סוג ראשי בגוגל: beauty_salon (כללי) -> קוסמטיקה וטיפולי פנים"
8d3c8889-52ec-4d4f-9d82-13800e9e3588,3cd147c7-473e-44e3-8b8c-cca5ccca2cfc,טניה בקאי קוסמטיקאית מוסמכת נתניה-אגמים,נתניה,no,facials,facials,no,השם מעיד על קוסמטיקה וטיפולי פנים; סוג ראשי בגוגל: beauty_salon (כללי) -> קוסמטיקה וטיפולי פנים
318fbad4-4fd3-4102-9fae-e56c02aa9094,bca818e1-7d9b-4691-8725-218370aef332,יערית החלקות שיער בנתניה / החלקה אורגנית / מספרה בנתניה,נתניה,no,hair-salons,hair-salons,no,השם מעיד על מספרות ועיצוב שיער; סוג ראשי בגוגל: hair_salon -> מספרות ועיצוב שיער; סוגים נוספים בגוגל: Beauty salon -> קוסמטיקה וטיפולי פנים
73715d15-f237-405c-8384-cef41c686745,ce5d1522-2bd4-4b38-b83e-6b6e1453474b,ירדן שלומי - קליניקה לטיפולי עור מתקדמים,נתניה,no,facials,facials,no,סוג ראשי בגוגל: beautician (כללי) -> קוסמטיקה וטיפולי פנים
2783e897-f4ba-4283-8dc9-5d28f8171bd2,febe2422-969f-415b-a570-b808208e89c6,ירין פכטר קוסמטיקס,נתניה,no,facials,facials,no,השם מעיד על קוסמטיקה וטיפולי פנים; סוג ראשי בגוגל: beautician (כללי) -> קוסמטיקה וטיפולי פנים
633b0683-6980-423f-b8b4-e1765d27f126,6bbc94c6-6975-4221-905e-912677e4b6f0,"כירורג פלסטי בנתניה - ד""ר טנצר",נתניה,no,plastic-surgery,plastic-surgery,no,"השם מעיד על כירורגיה פלסטית; סוג ראשי בגוגל: plastic_surgeon -> כירורגיה פלסטית; טיפולים: כירורגיה פלסטית 25, אסתטיקה רפואית 5"
83beb9a3-ea92-46e8-adf5-57fdccf9029b,dec88199-1530-484f-91aa-9e4dd0b6920a,ליאורה גבורי קוסמטיקאית,נתניה,no,facials,facials,no,השם מעיד על קוסמטיקה וטיפולי פנים; סוג ראשי בגוגל: beautician (כללי) -> קוסמטיקה וטיפולי פנים
6bf88cdf-b6c0-45d0-b2d2-c95abbdc879b,db80de8e-2033-4a02-a976-015e5de74379,ליאל לוי | מכון קוסמטיקה ויופי,נתניה,no,facials,facials,no,השם מעיד על קוסמטיקה וטיפולי פנים; סוג ראשי בגוגל: beautician (כללי) -> קוסמטיקה וטיפולי פנים; טיפולים: קוסמטיקה וטיפולי פנים 1
ca8da6c1-0729-4322-be88-54c3c39a9820,24b9a48d-f7a8-45c1-be0b-0abf3336f8e8,ליטל נקב- איפור כלות ואירועים קוסמטיקאית מקצועית,נתניה,no,facials,facials,no,"השם מעיד על איפור מקצועי, קוסמטיקה וטיפולי פנים; סוג ראשי בגוגל: skin_care_clinic -> קוסמטיקה וטיפולי פנים/אסתטיקה רפואית"
80a67b83-142e-4a7c-baa7-d603aad2009e,a3d15045-f65e-4e60-ab93-fc03135d67d8,לייזר פרו,נתניה,no,medical-aesthetics,medical-aesthetics,no,"סוג ראשי בגוגל: skin_care_clinic -> קוסמטיקה וטיפולי פנים/אסתטיקה רפואית; טיפולים: קוסמטיקה וטיפולי פנים 33, השתלות שיער וטיפול בנשירה 11"
37c02d47-b437-4be4-9ea1-36e9feb8c6fe,e435b476-b079-44e1-a3ce-a06c30887bd2,מאפרת מקצועית | איפור כלות | איפור ערב | איפור לעור כהה - אורית פנטה,נתניה,no,makeup,makeup,no,השם מעיד על איפור מקצועי; סוג ראשי בגוגל: beauty_salon (כללי) -> קוסמטיקה וטיפולי פנים; טיפולים: איפור מקצועי 7 (4 עם מחיר)
f4bb969a-a033-45d2-9a54-150826882fbf,d6cf79b9-e0d5-4fb8-be87-6abe7cfa6098,מגע של קסם - מכון לקוסמטיקה מתקדמת,נתניה,no,facials,facials,no,השם מעיד על קוסמטיקה וטיפולי פנים; סוג ראשי בגוגל: beauty_salon (כללי) -> קוסמטיקה וטיפולי פנים
6c9c7ede-1c3a-4fbf-942c-c1b5b09ab78b,5002c48e-440d-4cd4-838e-78b84ce80faa,מיכל נחאיסי קוסמטיקה,נתניה,no,facials,facials,no,השם מעיד על קוסמטיקה וטיפולי פנים; סוג ראשי בגוגל: beauty_salon (כללי) -> קוסמטיקה וטיפולי פנים
4a7437a7-b3c2-4aeb-b287-eb60345d43e2,98067c79-de1f-49ca-99b4-975c49a6b33f,מירב ישראל,נתניה,no,facials,facials,no,סוג ראשי בגוגל: beauty_salon (כללי) -> קוסמטיקה וטיפולי פנים; טיפולים: קוסמטיקה וטיפולי פנים 1
2a79d5b3-a770-41f9-a863-c2cb3632128b,11e3f9e5-5236-473c-981c-dccab368098d,מעיין שחם רביב,נתניה,no,facials,facials,no,סוג ראשי בגוגל: skin_care_clinic -> קוסמטיקה וטיפולי פנים/אסתטיקה רפואית; סוגים נוספים בגוגל: Hair removal service -> הסרת שיער
4112f64d-9bed-477a-8215-3fdfab5e3e69,2fa68a6a-e859-4918-8160-b752bfd4e86b,מרכז לרפואת שיניים אובול,נתניה,no,dental-aesthetics,dental-aesthetics,no,"השם מעיד על אסתטיקה דנטלית; אין סוג ראשי בגוגל; סוגים נוספים בגוגל: Teeth whitening service -> אסתטיקה דנטלית; טיפולים: אסתטיקה דנטלית 13, קוסמטיקה וטיפולי פנים 2"
bad29b2c-04aa-4a2a-b6b2-2d94753dd097,c5c75f84-9b81-4d07-9ce9-3add023f37a1,מרפאת שיניים בנתניה Les Experts,נתניה,no,dental-aesthetics,dental-aesthetics,no,"השם מעיד על אסתטיקה דנטלית; אין סוג ראשי בגוגל; סוגים נוספים בגוגל: Cosmetic dentist -> אסתטיקה דנטלית, Teeth whitening service -> אסתטיקה דנטלית; טיפולים: אסתטיקה דנטלית 7"
d6f27835-492b-4b43-b16d-9960ed3dad72,fa378bdd-c0bc-4eb9-abe5-8a0226cd7710,נאיה ביוטי קליניק - Naya beauty clinic,נתניה,no,facials,facials,no,סוג ראשי בגוגל: beauty_salon (כללי) -> קוסמטיקה וטיפולי פנים
2fd24e98-1f3f-45b2-924c-23150c60d4ca,471d36d8-75c2-4e1a-9083-429f8930bde5,נועה קוסמטיקה,נתניה,no,facials,facials,no,השם מעיד על קוסמטיקה וטיפולי פנים; סוג ראשי בגוגל: beautician (כללי) -> קוסמטיקה וטיפולי פנים
c03bc00d-d74f-401b-a125-3e9090b4c88a,e6dd2f6a-4d1e-47b7-aefd-233c449d67e9,נטלי סטודיו - ספא בנתניה,נתניה,no,facials,facials,no,"אין סוג ראשי בגוגל; סוגים נוספים בגוגל: Beauty salon -> קוסמטיקה וטיפולי פנים, Nail salon -> ציפורניים, מניקור ופדיקור"
cccd48a1-a935-446c-84ea-e19e2d553438,9428cd50-595f-430c-a840-f861cb202923,נטלי קוסמטיקה,נתניה,no,facials,facials,no,השם מעיד על קוסמטיקה וטיפולי פנים; סוג ראשי בגוגל: beautician (כללי) -> קוסמטיקה וטיפולי פנים
427216fa-adb5-4316-a51b-43b8e126aa4d,ee07a520-e599-42d2-8c54-98b53bdae031,סוזן אומנית איפור עיצוב שיער וציפורניים,נתניה,no,hair-salons,hair-salons,no,"השם מעיד על מספרות ועיצוב שיער, ציפורניים, מניקור ופדיקור, איפור מקצועי; סוג ראשי בגוגל: beauty_salon (כללי) -> קוסמטיקה וטיפולי פנים"
2fa25ad1-16a3-49e7-87b5-20b0eaa335b8,d9468ad1-4226-4c95-b480-fdc6f8548f9f,סטודיו גבות הילה שרון,נתניה,no,brows-lashes,brows-lashes,no,"השם מעיד על גבות וריסים; סוג ראשי בגוגל: beautician (כללי) -> קוסמטיקה וטיפולי פנים; טיפולים: גבות וריסים 19 (1 עם מחיר), איפור קבוע 2 (2 עם מחיר)"
38ac26c8-f3bc-4661-a618-97bab07cac0e,1913d0f4-a159-4324-98a6-7625a0feb019,סיגלית קוסמטיקה מתקדמת,נתניה,no,facials,facials,no,השם מעיד על קוסמטיקה וטיפולי פנים; סוג ראשי בגוגל: beauty_salon (כללי) -> קוסמטיקה וטיפולי פנים; סוגים נוספים בגוגל: Laser hair removal service -> הסרת שיער; טיפולים: הסרת שיער 1
ed3f6eb0-3d4a-4b2b-8c85-91207a60dd93,d53bed8e-1542-4c4b-b75f-53612b5902f8,סיסטרס ביוטי - קליניקת בוטיק בנתניה,נתניה,no,facials,facials,no,"סוג ראשי בגוגל: skin_care_clinic -> קוסמטיקה וטיפולי פנים/אסתטיקה רפואית; טיפולים: קוסמטיקה וטיפולי פנים 2, הסרת שיער 2"
d20ec2e0-3b43-4b31-9a97-cef26c18421c,989d3548-16d9-40aa-9448-2403daa71539,סמדר קוסמטיק,נתניה,no,facials,facials,no,השם מעיד על קוסמטיקה וטיפולי פנים; סוג ראשי בגוגל: beauty_salon (כללי) -> קוסמטיקה וטיפולי פנים
e7b5d8b6-ec96-4db1-b0de-4761f96ecadd,0c8a0575-161c-463d-95b1-c30a84b1049f,ספא ניצה,נתניה,no,medical-aesthetics,medical-aesthetics,no,סוג ראשי בגוגל: medical_spa -> אסתטיקה רפואית
9099f4c0-3afc-4895-af1c-3d0b010d65df,84fcf018-961b-4dac-be3c-b1a5887614df,עדי ואת בדרך ליופי,נתניה,no,facials,facials,no,סוג ראשי בגוגל: beauty_salon (כללי) -> קוסמטיקה וטיפולי פנים
3d01febf-20e7-479e-a74f-f915c3b0dc17,cdb6b14b-405f-4151-a6bf-2a74598a49b7,עיצוב גבות | מיקרובליידינג|קורסים אישיים בנתניה - נוי בדש,נתניה,no,brows-lashes,brows-lashes,no,"השם מעיד על גבות וריסים, איפור קבוע; סוג ראשי בגוגל: beauty_salon (כללי) -> קוסמטיקה וטיפולי פנים; טיפולים: גבות וריסים 3"
0064a974-7494-4bd6-bb68-3f2cdcce8d16,0ae49eb8-fcf3-40ae-8842-91269cafbfc1,עמי פחימה בוטיק להחלקות ותוספות שיער AP,נתניה,no,hair-salons,hair-salons,no,השם מעיד על מספרות ועיצוב שיער; סוג ראשי בגוגל: hair_salon -> מספרות ועיצוב שיער; סוגים נוספים בגוגל: Beauty salon -> קוסמטיקה וטיפולי פנים
bf0a9bcd-ebbc-426b-b6f8-6c70f02dede0,9899d99c-7136-4185-b2cb-11a6f561d64c,פיט פלוס - Feet Plus,נתניה,no,facials,facials,no,סוג ראשי בגוגל: beauty_salon (כללי) -> קוסמטיקה וטיפולי פנים
69b71ac4-1df1-4da9-b2cf-4a91aab0848d,82277c2f-90b9-42cc-81df-a0e2422c5b3e,ציפי- הרמת ריסים בנתניה,נתניה,no,brows-lashes,brows-lashes,no,השם מעיד על גבות וריסים; סוג ראשי בגוגל: beautician (כללי) -> קוסמטיקה וטיפולי פנים
f2811975-bea6-4d2d-a341-9011a24024c7,2cac38e0-91ac-428e-9eeb-a531c73dfe2f,קוסמטיקאית בנתניה אירית רגב קוסמטיקאית,נתניה,no,facials,facials,no,השם מעיד על קוסמטיקה וטיפולי פנים; סוג ראשי בגוגל: beautician (כללי) -> קוסמטיקה וטיפולי פנים
4322d525-9bbb-4b6a-8c2f-09eaccc39ada,c795a6f4-f3dd-4546-944f-98d9652f861e,קוסמטיקאית פרא רפואית בנתניה - אילנה שוורץ,נתניה,no,facials,facials,no,השם מעיד על קוסמטיקה וטיפולי פנים; סוג ראשי בגוגל: beautician (כללי) -> קוסמטיקה וטיפולי פנים; סוגים נוספים בגוגל: Beauty salon -> קוסמטיקה וטיפולי פנים; טיפולים: קוסמטיקה וטיפולי פנים 4
03ed3e77-e020-4eb8-a3a1-10e1cb3e380a,575c76f1-9817-46c8-9183-ed6a2bed5368,קוסמטיקאית רפואית דר' יוליה כץ,נתניה,no,facials,facials,no,השם מעיד על קוסמטיקה וטיפולי פנים; סוג ראשי בגוגל: skin_care_clinic -> קוסמטיקה וטיפולי פנים/אסתטיקה רפואית
e0ac7ba1-1d2b-4182-bee1-2474abc27820,dc3ca778-df30-4a41-99bc-fbe9f45225a6,קוסמטיקה מתקדמת - NÖNY aesthetics,נתניה,no,facials,facials,no,"השם מעיד על קוסמטיקה וטיפולי פנים; סוג ראשי בגוגל: beautician (כללי) -> קוסמטיקה וטיפולי פנים; סוגים נוספים בגוגל: Day spa -> ספא ועיסויים, Facial spa -> קוסמטיקה וטיפולי פנים, Skin care clinic -> קוסמטיקה וטיפולי פנים/אסתטיקה רפואית; טיפולים: קוסמטיקה וטיפולי פנים 17, ספא ועיסויים 2"
562c7cc8-20a9-4d5c-8fad-6ae2b08279a5,607eba4e-0098-46eb-a61a-638863abb41e,קטי מולגן - מעצבת שיער Ketty Molgan- Hair design,נתניה,no,hair-salons,hair-salons,no,השם מעיד על מספרות ועיצוב שיער; סוג ראשי בגוגל: beauty_salon (כללי) -> קוסמטיקה וטיפולי פנים; טיפולים: מספרות ועיצוב שיער 1
84da96c4-0a58-4307-810b-7f3c390ef7ca,72546b1d-cb4c-4833-8733-a5534d6452bb,קליניקה בוטיק - POPULAR,נתניה,no,facials,facials,no,סוג ראשי בגוגל: skin_care_clinic -> קוסמטיקה וטיפולי פנים/אסתטיקה רפואית; טיפולים: קוסמטיקה וטיפולי פנים 5
3050abc8-a21a-4496-abab-23c9d97904b4,35f921c0-fa05-431e-a420-9ff627f16f2c,קליניקה הילסקין,נתניה,no,facials,facials,no,"סוג ראשי בגוגל: skin_care_clinic -> קוסמטיקה וטיפולי פנים/אסתטיקה רפואית; סוגים נוספים בגוגל: Beauty salon -> קוסמטיקה וטיפולי פנים, Hair removal service -> הסרת שיער, Laser hair removal service -> הסרת שיער; טיפולים: הסרת שיער 15, קוסמטיקה וטיפולי פנים 10"
3e90d6a3-e1eb-4e82-9993-2dd426f0dc31,0ed0f64c-1a86-4ff1-9a9e-a8d1b429970d,ראל ביוטי,נתניה,no,facials,facials,no,סוג ראשי בגוגל: beauty_salon (כללי) -> קוסמטיקה וטיפולי פנים
6f9f5d06-e5d9-4e93-a694-8ed01555e8b3,f66a90af-7cf5-431e-a203-f1f15c943755,"רונית רפאל - מדע היופי, סניף נתניה",נתניה,no,facials,facials,no,סוג ראשי בגוגל: beauty_salon (כללי) -> קוסמטיקה וטיפולי פנים
ee8981f5-57c0-4e24-a937-7291d2db7eb4,3b91356d-a46d-40e8-9715-0956cb7884e9,רות קוסמטיקה - RUTH cosmetics,נתניה,no,facials,facials,no,השם מעיד על קוסמטיקה וטיפולי פנים; סוג ראשי בגוגל: beauty_salon (כללי) -> קוסמטיקה וטיפולי פנים
92d1a931-bcd1-497d-8af4-8cf076b76cd5,6484b048-98bd-400f-9fda-046026e0ac0b,רחלי גל - אמנית יופי,נתניה,no,facials,facials,no,סוג ראשי בגוגל: beauty_salon (כללי) -> קוסמטיקה וטיפולי פנים
22c6e930-0907-4625-a58a-16284b22827f,69b8b74c-a513-4c4b-9f00-0cb42eddf4e8,רפאל אסטתיקס - השתלות שיער איכותיות וטיפולים קוסמטיים,נתניה,no,hair-restoration,hair-restoration,no,"סוג ראשי בגוגל: hair_transplantation_clinic -> השתלות שיער וטיפול בנשירה; סוגים נוספים בגוגל: Beautician -> קוסמטיקה וטיפולי פנים, Cosmetic surgeon -> אסתטיקה רפואית/כירורגיה פלסטית, Facial spa -> קוסמטיקה וטיפולי פנים, Hair removal service -> הסרת שיער, Hair replacement service -> השתלות שיער וטיפול בנשירה, Laser hair removal service -> הסרת שיער, Plastic surgery clinic -> כירורגיה פלסטית"
9416bbfb-a85b-4162-bad2-ca5ff1864bf9,f68f9d5e-288b-44bb-bd7f-df197f1e15bb,שחר מלסה | לק ג׳ל בנתניה | בניית ציפורניים בנתניה | מבנה אנטומי בנתניה | מניקוריסטית בנתניה | לק גל נתניה | ריינה נתניה,נתניה,no,nails,nails,no,"השם מעיד על ציפורניים, מניקור ופדיקור; סוג ראשי בגוגל: beautician (כללי) -> קוסמטיקה וטיפולי פנים"
56f48951-7346-4563-8a1b-d06d046dfac8,4b1705e7-ff33-4296-956b-54c432b27e26,שיראל סעידיאן קוסמטיקס,נתניה,no,facials,facials,no,השם מעיד על קוסמטיקה וטיפולי פנים; סוג ראשי בגוגל: beautician (כללי) -> קוסמטיקה וטיפולי פנים
cb8d2063-d2ea-4649-a577-97271ef4b088,c8a9f2d2-4371-4f93-9067-5c2e4e2db64f,שירה זאבי,נתניה,no,permanent-makeup,permanent-makeup,no,סוג ראשי בגוגל: beauty_salon (כללי) -> קוסמטיקה וטיפולי פנים; טיפולים: איפור קבוע 6
e97497af-3cc4-49df-928a-a460a7e152aa,a61198cc-8ca9-4af5-9d37-ab3aade47f69,שירי ריפוי היופי,נתניה,no,facials,facials,no,סוג ראשי בגוגל: beautician (כללי) -> קוסמטיקה וטיפולי פנים
79e3e102-d9aa-4832-94b0-dd8e6da88ece,8c680f40-2fd5-44ee-bf44-960330c4577e,שירן כברה עיצוב שיער,נתניה,no,hair-salons,hair-salons,no,השם מעיד על מספרות ועיצוב שיער; סוג ראשי בגוגל: unisex_hairdresser -> מספרות ועיצוב שיער; סוגים נוספים בגוגל: Beautician -> קוסמטיקה וטיפולי פנים; טיפולים: מספרות ועיצוב שיער 3
ee8019b3-e2e6-4049-aad0-38b1115372cd,86a6edee-8303-44c1-9680-ca0f11a51237,שלומי עיצוב שיער,נתניה,no,hair-salons,hair-salons,no,השם מעיד על מספרות ועיצוב שיער; סוג ראשי בגוגל: beauty_salon (כללי) -> קוסמטיקה וטיפולי פנים
b5c905ed-9383-46de-ac9e-0019511eaf90,b0c8e60d-ac45-44f5-97f2-714f687fc6ae,שלי קוסמטיקס,נתניה,no,facials,facials,no,"השם מעיד על קוסמטיקה וטיפולי פנים; סוג ראשי בגוגל: beauty_salon (כללי) -> קוסמטיקה וטיפולי פנים; סוגים נוספים בגוגל: Beautician -> קוסמטיקה וטיפולי פנים, Nail salon -> ציפורניים, מניקור ופדיקור"
8b5383c9-dd0c-4117-989e-be893b2b8ffc,3bf354d9-8e47-4f09-80d5-f126438185ff,שני טוב - קוסמטיקאית מומחית,נתניה,no,facials,facials,no,השם מעיד על קוסמטיקה וטיפולי פנים; סוג ראשי בגוגל: beautician (כללי) -> קוסמטיקה וטיפולי פנים; טיפולים: קוסמטיקה וטיפולי פנים 2
87475c39-c4de-4831-b14b-54255228d26f,5f2f81a4-0f17-4aad-b614-af060b99b052,PrettyRiss Academy קורס הלחמת ריסים | קורס הרמת ריסים,רמת השרון,no,brows-lashes,brows-lashes,no,השם מעיד על גבות וריסים; סוג ראשי בגוגל: beauty_salon (כללי) -> קוסמטיקה וטיפולי פנים; טיפולים: גבות וריסים 6
5fe37b49-06d9-4abe-ab55-7f8782db4d8e,e19d4bf2-66b8-478a-a7db-3aa629f30272,Beauty Style,בני ברק,no,hair-salons,hair-salons,no,סוג ראשי בגוגל: barber_shop -> מספרות ועיצוב שיער; סוגים נוספים בגוגל: Beauty salon -> קוסמטיקה וטיפולי פנים
8fc66966-4c69-455c-9d3d-4a463e6d6111,f072d910-7afa-4941-bb7b-b1ef51d0fc55,LONGEVI- by Liana Nahmias-skincare,בני ברק,no,facials,facials,no,"השם מעיד על קוסמטיקה וטיפולי פנים; סוג ראשי בגוגל: beautician (כללי) -> קוסמטיקה וטיפולי פנים; טיפולים: ספא ועיסויים 4, קוסמטיקה וטיפולי פנים 2"
333da996-5425-4bd6-999b-df225d262ace,fa33a3ec-6f06-4db0-928b-f4923a5fd985,Nelly Davidov,בני ברק,no,brows-lashes,brows-lashes,no,"סוג ראשי בגוגל: beautician (כללי) -> קוסמטיקה וטיפולי פנים; סוגים נוספים בגוגל: Eyebrow bar -> גבות וריסים, Hair removal service -> הסרת שיער, Permanent make-up clinic -> איפור קבוע; טיפולים: קוסמטיקה וטיפולי פנים 21 (1 עם מחיר), גבות וריסים 9 (1 עם מחיר)"
ef209834-da48-4c1b-9a03-127114b9d75b,f4498f47-9e11-4acc-8c1e-ec0263c29d39,Queens Clinic,בני ברק,no,medical-aesthetics,medical-aesthetics,no,"סוג ראשי בגוגל: beauty_salon (כללי) -> קוסמטיקה וטיפולי פנים; סוגים נוספים בגוגל: Medical spa -> אסתטיקה רפואית; טיפולים: אסתטיקה רפואית 50, כירורגיה פלסטית 5"
7cb52746-371f-4cb4-a9df-3ccbaf0fae39,9bc84eac-f163-4082-93f7-e8e35dd67a5c,אריאלה ביוטי,בני ברק,no,facials,facials,no,"סוג ראשי בגוגל: skin_care_clinic -> קוסמטיקה וטיפולי פנים/אסתטיקה רפואית; טיפולים: קוסמטיקה וטיפולי פנים 13 (5 עם מחיר), מספרות ועיצוב שיער 4 (2 עם מחיר)"
3c90824a-231c-48eb-b16e-46042e9c4791,a57a1329-5ad6-4d1f-9e1e-9b61c67e490b,ביוטי שופ,בני ברק,no,hair-removal,hair-removal,no,"סוג ראשי בגוגל: beauty_salon (כללי) -> קוסמטיקה וטיפולי פנים; סוגים נוספים בגוגל: Hair removal service -> הסרת שיער; טיפולים: קוסמטיקה וטיפולי פנים 15, הסרת שיער 7"
b52f60de-923e-4d92-af8b-7edc86c50531,4428b1e8-f24f-4c2c-8c14-29955de3046c,גלית איטליה מותג פאות ובית ספר,בני ברק,no,facials,hair-salons,yes,"השם מעיד על מספרות ועיצוב שיער; אין סוג ראשי בגוגל; סוגים נוספים בגוגל: Beautician -> קוסמטיקה וטיפולי פנים; הקטגוריה המוצעת לא רשומה על העסק, תתווסף"
89235fd1-84a7-461d-b667-85d45f73afdb,1078a5f6-3eea-4596-9f92-529340285f7f,"ד""ר צחי שלקוביץ' רופא עור",בני ברק,no,facials,facials,no,"סוג ראשי בגוגל: skin_care_clinic -> קוסמטיקה וטיפולי פנים/אסתטיקה רפואית; טיפולים: קוסמטיקה וטיפולי פנים 21, אסתטיקה רפואית 13"
1e539c2e-e4ae-45a8-a69f-50fc33e1652f,d752b52e-4786-4ee7-9399-4ca9cf95dbce,יפה מקסימוב מרכזי אסתטיקה,בני ברק,no,facials,facials,no,"סוג ראשי בגוגל: beauty_salon (כללי) -> קוסמטיקה וטיפולי פנים; טיפולים: קוסמטיקה וטיפולי פנים 40, הסרת שיער 18"
e3df10c5-0d32-44c3-be41-a2d9ed6958bd,c7097206-e55b-4364-b5ae-94687e3a321f,ליטל פוניס - המרכז הישראלי לטיפולי אנטי אייג'ינג,בני ברק,no,facials,facials,no,"סוג ראשי בגוגל: skin_care_clinic -> קוסמטיקה וטיפולי פנים/אסתטיקה רפואית; סוגים נוספים בגוגל: Beautician -> קוסמטיקה וטיפולי פנים, Beauty salon -> קוסמטיקה וטיפולי פנים, Facial spa -> קוסמטיקה וטיפולי פנים; טיפולים: קוסמטיקה וטיפולי פנים 6"
3eb4f9b7-2165-42af-a035-a32bf3f33a8f,e5a3fd06-b7f5-4cd8-ad98-c396ff280755,לינה סנטר - מרכז טיפולים לפנים ולגוף,בני ברק,no,facials,facials,no,סוג ראשי בגוגל: facial_spa -> קוסמטיקה וטיפולי פנים; סוגים נוספים בגוגל: Laser hair removal service -> הסרת שיער
7032fa95-ad3d-4a55-bd4c-a9099ae69e27,3523186e-4a4a-4061-b4a4-9037c32a929e,פאות קאסטם - אתי שוקרון פאות יוקרה,בני ברק,no,facials,hair-salons,yes,"השם מעיד על מספרות ועיצוב שיער; אין סוג ראשי בגוגל; סוגים נוספים בגוגל: Beauty salon -> קוסמטיקה וטיפולי פנים, Hair salon -> מספרות ועיצוב שיער"
3bff7a33-6c0e-49ce-ae79-9080e4b035d6,151893ab-a3c3-4c07-a749-7f79b3988516,צביה וקוסמטיקה - קוסמטיקאית ברמת גן,בני ברק,no,facials,facials,no,"השם מעיד על קוסמטיקה וטיפולי פנים; סוג ראשי בגוגל: beauty_salon (כללי) -> קוסמטיקה וטיפולי פנים; סוגים נוספים בגוגל: Skin care clinic -> קוסמטיקה וטיפולי פנים/אסתטיקה רפואית; טיפולים: קוסמטיקה וטיפולי פנים 31, אסתטיקה רפואית 5"
4419b40c-6434-4625-b1fd-2fe237255b30,2061ad51-e86d-40ca-b4ee-a0e8557cf719,רבקה זיידה - המרכז לטיפול באקנה ופוסט אקנה,בני ברק,no,facials,facials,no,סוג ראשי בגוגל: skin_care_clinic -> קוסמטיקה וטיפולי פנים/אסתטיקה רפואית; סוגים נוספים בגוגל: Facial spa -> קוסמטיקה וטיפולי פנים; טיפולים: קוסמטיקה וטיפולי פנים 32
db9f7732-d2e1-4b07-838d-ada5ec0e311b,3e581e2f-55ba-47f6-bbf3-9ab2cc8a9014,יורי סטייל,בת ים,no,facials,facials,no,סוג ראשי בגוגל: beauty_salon (כללי) -> קוסמטיקה וטיפולי פנים
33e457eb-724a-410c-8b6e-bd19a698516e,b960fbdc-47ad-42d2-9a1e-e681eaecc782,צמידי שיער Salon Alexander החלקה | תוספות שיער | פדחות לשיער דליל | פאות | פאות רפויות | מכונת שיזוף | שיער רוסי,בת ים,no,hair-removal,hair-salons,yes,"השם מעיד על מספרות ועיצוב שיער; סוג ראשי בגוגל: beauty_salon (כללי) -> קוסמטיקה וטיפולי פנים; סוגים נוספים בגוגל: Laser hair removal service -> הסרת שיער, Nail salon -> ציפורניים, מניקור ופדיקור; הקטגוריה המוצעת לא רשומה על העסק, תתווסף"
9b0968ea-2f47-4c36-9830-da32eb8426d7,3e087faf-1fd9-4dd0-8f61-cb4031836849,Cosmetics Institute of Ronit Segev,גבעת שמואל,no,facials,facials,no,"סוג ראשי בגוגל: beauty_salon (כללי) -> קוסמטיקה וטיפולי פנים; טיפולים: עיצוב וחיטוב הגוף 3, ספא ועיסויים 2"
547e97c9-32b0-4b7e-914f-47bce56bee9b,6611c0e4-07de-4fd4-9942-698577a5bcc5,Dr. Yosef Ben Yosef,גבעת שמואל,no,dental-aesthetics,dental-aesthetics,no,אין סוג ראשי בגוגל; סוגים נוספים בגוגל: Cosmetic dentist -> אסתטיקה דנטלית; טיפולים: אסתטיקה דנטלית 2
ad17a1dd-73ea-442b-9582-bdf8d54df21a,8a0ee01f-dcd5-4570-9f80-6b4389ea28db,"מרפאת שיניים ד""ר נעים דנט | מרפאת שיניים בגבעת שמואל",גבעת שמואל,no,dental-aesthetics,dental-aesthetics,no,"השם מעיד על אסתטיקה דנטלית; אין סוג ראשי בגוגל; סוגים נוספים בגוגל: Cosmetic dentist -> אסתטיקה דנטלית; טיפולים: אסתטיקה דנטלית 6, קוסמטיקה וטיפולי פנים 2"
eacc812d-4466-49e7-aca0-f4a8c73361cc,53993e63-6887-4035-bc14-644c2b674fb9,פן על הדרך,גבעת שמואל,no,nails,nails,no,"סוג ראשי בגוגל: nail_salon -> ציפורניים, מניקור ופדיקור; סוגים נוספים בגוגל: Barber shop -> מספרות ועיצוב שיער, Beautician -> קוסמטיקה וטיפולי פנים"
f4c9c8ed-2e93-4228-b043-2cf854e59739,61a6b949-be55-4270-9e99-09995c9c57fc,BeautIX - Beauty Salon,גבעתיים,no,hair-removal,hair-removal,no,"סוג ראשי בגוגל: beauty_salon (כללי) -> קוסמטיקה וטיפולי פנים; סוגים נוספים בגוגל: Facial spa -> קוסמטיקה וטיפולי פנים, Laser hair removal service -> הסרת שיער, Permanent make-up clinic -> איפור קבוע; טיפולים: ציפורניים, מניקור ופדיקור 28, הסרת שיער 11"
5e1191c9-e4ab-4ef7-8004-376728ed1957,4a5ed346-8780-4f33-8320-e256deefa1bd,Shlomi Shem Tov Hairdresser,גבעתיים,no,hair-salons,hair-salons,no,סוג ראשי בגוגל: hair_salon -> מספרות ועיצוב שיער; סוגים נוספים בגוגל: Beauty salon -> קוסמטיקה וטיפולי פנים
e1a84d88-5378-4122-9657-b0106600d33c,4d1dad4a-6df4-4298-848f-1f166188681f,בוטיק הקוסמטיקה של מרינה,גבעתיים,no,facials,facials,no,"השם מעיד על קוסמטיקה וטיפולי פנים; סוג ראשי בגוגל: beauty_salon (כללי) -> קוסמטיקה וטיפולי פנים; סוגים נוספים בגוגל: Facial spa -> קוסמטיקה וטיפולי פנים, Nail salon -> ציפורניים, מניקור ופדיקור; טיפולים: קוסמטיקה וטיפולי פנים 16, ציפורניים, מניקור ופדיקור 6"
5f12ee9e-d7f5-438b-a55d-064cc4b8a4e8,aaed9ee8-abef-4d3e-a74e-ce9c8611e658,בית ספר לעיצוב שיער - מוטיה רובין - MOTIE RUBIN,גבעתיים,no,hair-salons,hair-salons,no,"השם מעיד על מספרות ועיצוב שיער; אין סוג ראשי בגוגל; סוגים נוספים בגוגל: Barber shop -> מספרות ועיצוב שיער, Beautician -> קוסמטיקה וטיפולי פנים, Eyebrow bar -> גבות וריסים; טיפולים: מספרות ועיצוב שיער 27, איפור מקצועי 7"
43f4b733-204c-4522-bc8f-03c324b25a4f,5c9a3fb2-101d-46fd-8f24-a1271f32a8b8,דר אלה אגוזי ריינמן- רופאה מומחית ברפואת עור ובטיפולי אסתטיקה רפואית,גבעתיים,no,medical-aesthetics,medical-aesthetics,no,"השם מעיד על אסתטיקה רפואית; אין סוג ראשי בגוגל; סוגים נוספים בגוגל: Beauty salon -> קוסמטיקה וטיפולי פנים; טיפולים: קוסמטיקה וטיפולי פנים 11, אסתטיקה רפואית 6"
6a7d8be7-608e-4ec4-82d2-ca205cbb8c04,2f140fed-2a29-4fef-9405-a485baee45cf,יעל שלמה - קוסמטיקאית הוליסטית,גבעתיים,no,facials,facials,no,השם מעיד על קוסמטיקה וטיפולי פנים; סוג ראשי בגוגל: skin_care_clinic -> קוסמטיקה וטיפולי פנים/אסתטיקה רפואית
9475c445-6c42-4eba-882e-f346515f8eba,0937894d-8c96-4c8a-9578-98a967e39211,לירז קוסמטיקה | הסרת שיער בלייזר וטיפולי פנים,גבעתיים,no,hair-removal,hair-removal,no,"השם מעיד על הסרת שיער, קוסמטיקה וטיפולי פנים; סוג ראשי בגוגל: laser_hair_removal_service -> הסרת שיער; סוגים נוספים בגוגל: Beautician -> קוסמטיקה וטיפולי פנים, Facial spa -> קוסמטיקה וטיפולי פנים; טיפולים: הסרת שיער 24, קוסמטיקה וטיפולי פנים 7"
efc8c99d-4684-4e48-9935-79e55eb4debc,8dd3429c-8ecf-491f-8e95-bef7acc8992d,עיצוב שיער,גבעתיים,no,hair-salons,hair-salons,no,השם מעיד על מספרות ועיצוב שיער; סוג ראשי בגוגל: beauty_salon (כללי) -> קוסמטיקה וטיפולי פנים; טיפולים: מספרות ועיצוב שיער 2
cc9c5d10-86ab-48b3-9354-996ab718e280,c1c0daee-b723-45ba-bacd-0b8e8c27c687,שלומי עיצוב שיער גבעתיים,גבעתיים,no,hair-salons,hair-salons,no,השם מעיד על מספרות ועיצוב שיער; סוג ראשי בגוגל: unisex_hairdresser -> מספרות ועיצוב שיער; סוגים נוספים בגוגל: Beautician -> קוסמטיקה וטיפולי פנים
870c514f-c92f-4a38-928d-618b8260e0e2,a8b1cf9c-72c8-42a2-bdbf-3a8d979b5cc8,שרי ארז - מרכז לאסתטיקה טכנולוגית וקוסמטיקה רפואית,גבעתיים,no,facials,facials,no,"השם מעיד על קוסמטיקה וטיפולי פנים; סוג ראשי בגוגל: beautician (כללי) -> קוסמטיקה וטיפולי פנים; טיפולים: אסתטיקה רפואית 2, קוסמטיקה וטיפולי פנים 2"
c3cfffdd-bf68-4c0d-97de-97981946e138,782d97ce-4746-42bd-bb43-19dab6e989aa,יופי קורן,חולון,no,facials,facials,no,"סוג ראשי בגוגל: beauty_salon (כללי) -> קוסמטיקה וטיפולי פנים; טיפולים: קוסמטיקה וטיפולי פנים 49, כירורגיה פלסטית 4"
eb0c2d8a-f20d-4967-ad5a-ec4c73aa9ee0,32848e81-f29f-44fa-be10-d330b2cdbda1,ליהיא וקנין - מומחית בעיצוב גבות ושיטת ספריי פודרה,חולון,no,brows-lashes,brows-lashes,no,"השם מעיד על גבות וריסים; סוג ראשי בגוגל: beauty_salon (כללי) -> קוסמטיקה וטיפולי פנים; טיפולים: גבות וריסים 5, איפור קבוע 2"
6870bdd3-a98e-4892-aaa9-698c3c9c6b04,5fbda2de-a49c-4278-bf0f-6164e39d950a,מספרת אבן ספיר - מספרה בחולון | ספר גברים ילדים | עיצוב זקן | הסרת שיער בלייזר | טיפול פנים לגבר,חולון,no,hair-salons,hair-salons,no,"השם מעיד על מספרות ועיצוב שיער, הסרת שיער; סוג ראשי בגוגל: unisex_hairdresser -> מספרות ועיצוב שיער; סוגים נוספים בגוגל: Laser hair removal service -> הסרת שיער, Skin care clinic -> קוסמטיקה וטיפולי פנים/אסתטיקה רפואית; טיפולים: מספרות ועיצוב שיער 22 (10 עם מחיר), הסרת שיער 11 (5 עם מחיר)"
23d432f2-895f-4681-a320-c978a3c7bf66,e4bb2fd2-4791-4d00-b881-b972d91ae9a8,"מרפאת שיניים ד""ר אבייב - יישור שיניים שקוף Invisalign בחולון",חולון,no,dental-aesthetics,dental-aesthetics,no,"השם מעיד על אסתטיקה דנטלית; אין סוג ראשי בגוגל; סוגים נוספים בגוגל: Cosmetic dentist -> אסתטיקה דנטלית, Teeth whitening service -> אסתטיקה דנטלית; טיפולים: אסתטיקה דנטלית 6"
f4c60e3f-cc30-4162-92df-f78c5e732ffe,00a5110e-7d98-4f1a-84d8-3f964983ec71,עידית עמר - קוסמטיקאית פרא רפואית מומחית,חולון,no,facials,facials,no,השם מעיד על קוסמטיקה וטיפולי פנים; סוג ראשי בגוגל: beauty_salon (כללי) -> קוסמטיקה וטיפולי פנים
ac844e27-6c24-4fe7-ab25-b19cb4dbfc70,86ec4f42-11cd-4b56-832c-00f97f05ebf0,בני ואתי אמינוב,קריית אונו,no,hair-salons,hair-salons,no,"סוג ראשי בגוגל: hair_salon -> מספרות ועיצוב שיער; סוגים נוספים בגוגל: Beauty salon -> קוסמטיקה וטיפולי פנים; טיפולים: מספרות ועיצוב שיער 21, קוסמטיקה וטיפולי פנים 5"
66f1d314-64e3-4a55-bbe1-4414d73ed97e,f6ada3ef-6eb6-49d7-bd74-b8892cb59a33,BorimskyCosmetic Boutique,רמת גן,no,facials,facials,no,"סוג ראשי בגוגל: beauty_salon (כללי) -> קוסמטיקה וטיפולי פנים; טיפולים: אסתטיקה רפואית 8, קוסמטיקה וטיפולי פנים 6"
ec6e9b19-4a69-4683-bb84-c7b299081037,04dec9ce-d39f-4baa-835c-d130a34ace71,DANDA דנדה,רמת גן,no,nails,nails,no,"סוג ראשי בגוגל: beauty_salon (כללי) -> קוסמטיקה וטיפולי פנים; סוגים נוספים בגוגל: Nail salon -> ציפורניים, מניקור ופדיקור; טיפולים: ציפורניים, מניקור ופדיקור 2, קוסמטיקה וטיפולי פנים 1"
46cbe7a9-20f9-466b-831c-bb1a09fd99fa,55c8d098-e68e-4f3a-92c2-42e98dd81d91,Deborah Cosmetics,רמת גן,no,facials,facials,no,"סוג ראשי בגוגל: skin_care_clinic -> קוסמטיקה וטיפולי פנים/אסתטיקה רפואית; סוגים נוספים בגוגל: Beauty salon -> קוסמטיקה וטיפולי פנים; טיפולים: קוסמטיקה וטיפולי פנים 27, הסרת שיער 7"
e541e106-036c-4a62-a0df-ce3513550e27,a47c066a-3ce3-414b-af68-7b6df17c2218,"Dr Meir Cohen, ד""ר מאיר כהן מנתח פלסטי",רמת גן,no,plastic-surgery,plastic-surgery,no,השם מעיד על כירורגיה פלסטית; סוג ראשי בגוגל: plastic_surgeon -> כירורגיה פלסטית
8376051e-8e67-4ee6-be3a-04a0ac049645,2b9aa1e9-5f31-49dc-9ad3-28a450c51ebf,Dr. Eini - Ramat Gan Clinic,רמת גן,no,dental-aesthetics,dental-aesthetics,no,אין סוג ראשי בגוגל; סוגים נוספים בגוגל: Cosmetic dentist -> אסתטיקה דנטלית; טיפולים: אסתטיקה דנטלית 22
5482c4b2-8fc3-441a-9995-7f686e070dc3,a2e99842-8291-4be3-b41c-b65feb91c9e4,Leading aesthetic clinic - Dr. Shapiro,רמת גן,no,medical-aesthetics,medical-aesthetics,no,"השם מעיד על אסתטיקה רפואית, קוסמטיקה וטיפולי פנים; סוג ראשי בגוגל: skin_care_clinic -> קוסמטיקה וטיפולי פנים/אסתטיקה רפואית; טיפולים: אסתטיקה רפואית 24, קוסמטיקה וטיפולי פנים 5"
acb5341d-adad-4cc1-8ee9-3def30a1ea2f,e717d807-4295-49ae-a8db-b8d67868360e,OZ LEVI החלקות שיער,רמת גן,no,hair-salons,hair-salons,no,"השם מעיד על מספרות ועיצוב שיער; סוג ראשי בגוגל: hair_salon -> מספרות ועיצוב שיער; סוגים נוספים בגוגל: Beauty salon -> קוסמטיקה וטיפולי פנים; טיפולים: מספרות ועיצוב שיער 6, ציפורניים, מניקור ופדיקור 2"
daca7c4c-6a10-4276-9627-bbcd24cc5db9,5d770ba5-8f8f-4690-8c95-766b092f9cd8,One by Pini Cohen,רמת גן,no,hair-salons,hair-salons,no,"סוג ראשי בגוגל: hair_salon -> מספרות ועיצוב שיער; סוגים נוספים בגוגל: Beauty salon -> קוסמטיקה וטיפולי פנים, Nail salon -> ציפורניים, מניקור ופדיקור; טיפולים: מספרות ועיצוב שיער 5"
290f4a0b-35a9-4fe4-98d1-ec34d1e51892,b84a5e6c-be4a-46da-a0a7-a7d6b20fe87b,Por La Vida,רמת גן,no,nails,nails,no,"סוג ראשי בגוגל: beauty_salon (כללי) -> קוסמטיקה וטיפולי פנים; טיפולים: מספרות ועיצוב שיער 2, ציפורניים, מניקור ופדיקור 2"
d1f2c322-83cb-45aa-afd6-b3b6402c81ea,16058a68-8bd4-4746-b087-cfacffe73519,Studio by Michael - Hair Salon רמת גן,רמת גן,no,hair-salons,hair-salons,no,"השם מעיד על מספרות ועיצוב שיער; סוג ראשי בגוגל: hair_salon -> מספרות ועיצוב שיער; סוגים נוספים בגוגל: Barber shop -> מספרות ועיצוב שיער, Beauty salon -> קוסמטיקה וטיפולי פנים"
97042664-50fc-4717-b428-beea70ffcb48,396b0f47-4c94-4e45-be30-8b32c5299ccb,"ד""ר ללוש - מדע מוכח ליופי שלך",רמת גן,no,facials,facials,no,"סוג ראשי בגוגל: skin_care_clinic -> קוסמטיקה וטיפולי פנים/אסתטיקה רפואית; טיפולים: קוסמטיקה וטיפולי פנים 48, כירורגיה פלסטית 6"
38ff414d-5a91-4388-a28d-2c7bd3934ebb,1752138a-ea22-40b5-a591-5e170fe17b37,דר' שי יצחק דובדבני - אף אוזן גרון ניתוחים רפואיים ופלסטיים אסתטיים,רמת גן,no,plastic-surgery,plastic-surgery,no,"אין סוג ראשי בגוגל; סוגים נוספים בגוגל: Plastic surgery clinic -> כירורגיה פלסטית; טיפולים: כירורגיה פלסטית 31, אסתטיקה רפואית 13"
d7f3aa19-1eb3-4fd4-9e4d-1fbfab0f3287,d5826893-7736-4096-84fc-89db7b52ff74,המספרה של אורלי חן עיצוב שיער,רמת גן,no,hair-salons,hair-salons,no,"השם מעיד על מספרות ועיצוב שיער; סוג ראשי בגוגל: hair_salon -> מספרות ועיצוב שיער; סוגים נוספים בגוגל: Barber shop -> מספרות ועיצוב שיער, Beauty salon -> קוסמטיקה וטיפולי פנים, Nail salon -> ציפורניים, מניקור ופדיקור"
3257053c-ed78-40f5-a75d-702318cf3986,83773757-43ad-4a1a-8a32-4838b8ffe3be,מרפאת שיניים אורן באר שבע,רמת גן,no,dental-aesthetics,dental-aesthetics,no,השם מעיד על אסתטיקה דנטלית; אין סוג ראשי בגוגל; סוגים נוספים בגוגל: Teeth whitening service -> אסתטיקה דנטלית; טיפולים: אסתטיקה דנטלית 4
bf9639c8-a769-4d9b-bcc8-93bea1e1db5a,52e347fa-011f-4997-af07-3930f950d548,שירלי פור החלקה יפנית,רמת גן,no,hair-salons,hair-salons,no,השם מעיד על מספרות ועיצוב שיער; סוג ראשי בגוגל: hair_salon -> מספרות ועיצוב שיער; סוגים נוספים בגוגל: Beauty salon -> קוסמטיקה וטיפולי פנים
cdd7aacb-a1f0-4d55-acde-b636a01ad514,41b33d29-6986-4758-b382-2bde08d435be,4Man - מכון יופי וטיפוח לגבר בתל אביב,תל אביב–יפו,no,facials,facials,no,"סוג ראשי בגוגל: skin_care_clinic -> קוסמטיקה וטיפולי פנים/אסתטיקה רפואית; סוגים נוספים בגוגל: Facial spa -> קוסמטיקה וטיפולי פנים, Laser hair removal service -> הסרת שיער, Waxing hair removal service -> הסרת שיער"
15973da6-495a-4ae7-b5bd-033ff477e3da,125f87c2-198c-4366-8112-ec766e68b10a,808 Haircut & Grooming 808TLV Tel Aviv Барбершоп | Barbershop - מספרה,תל אביב–יפו,no,hair-salons,hair-salons,no,השם מעיד על מספרות ועיצוב שיער; סוג ראשי בגוגל: barber_shop -> מספרות ועיצוב שיער; סוגים נוספים בגוגל: Beauty salon -> קוסמטיקה וטיפולי פנים; טיפולים: מספרות ועיצוב שיער 3
453bb765-5d71-4d16-953b-704a2dfd71b4,6ce6a534-9359-40f3-bfb6-8d631d3724ea,Absolute Esthetics by Andrea,תל אביב–יפו,no,facials,facials,no,"השם מעיד על קוסמטיקה וטיפולי פנים; סוג ראשי בגוגל: beautician (כללי) -> קוסמטיקה וטיפולי פנים; טיפולים: קוסמטיקה וטיפולי פנים 11, אסתטיקה רפואית 4"
c8a4bc31-0773-455c-8cab-1d91f45389cd,2ed585c3-f1d9-4baf-bedf-32d8d75aec6f,Adis place- עדי בוטיק קוסמטיקאית והסרת שיער בלייזר תל אביב,תל אביב–יפו,no,hair-removal,hair-removal,no,"השם מעיד על הסרת שיער, קוסמטיקה וטיפולי פנים; סוג ראשי בגוגל: beautician (כללי) -> קוסמטיקה וטיפולי פנים; סוגים נוספים בגוגל: Facial spa -> קוסמטיקה וטיפולי פנים, Hair removal service -> הסרת שיער; טיפולים: קוסמטיקה וטיפולי פנים 11, הסרת שיער 10"
92097425-dd40-48e1-bd70-d747a883fe07,d5053444-6048-4dec-aa56-9a87c52467ac,Aesthetic Dentistry - ד''ר אילן הכט,תל אביב–יפו,no,dental-aesthetics,dental-aesthetics,no,השם מעיד על קוסמטיקה וטיפולי פנים; סוג ראשי בגוגל: cosmetic_dentist -> אסתטיקה דנטלית
b5be3017-4d35-4046-98c7-ca9ba1cb03ab,bac3185f-909b-482e-8fd5-1484b426acd0,BUBA beauty space,תל אביב–יפו,no,brows-lashes,brows-lashes,no,"סוג ראשי בגוגל: beauty_salon (כללי) -> קוסמטיקה וטיפולי פנים; סוגים נוספים בגוגל: Eyebrow bar -> גבות וריסים, Eyelash salon -> גבות וריסים, Massage spa -> ספא ועיסויים, Nail salon -> ציפורניים, מניקור ופדיקור, Permanent make-up clinic -> איפור קבוע; טיפולים: גבות וריסים 9, איפור קבוע 2"
930a1232-07ea-4739-9e43-8eb8621159b6,f70ad100-5e81-4531-8b98-3fde4a60573d,Beautique by Poly,תל אביב–יפו,no,hair-removal,facials,yes,"סוג ראשי בגוגל: beauty_salon (כללי) -> קוסמטיקה וטיפולי פנים; סוגים נוספים בגוגל: Facial spa -> קוסמטיקה וטיפולי פנים, Laser hair removal service -> הסרת שיער, Nail salon -> ציפורניים, מניקור ופדיקור, Waxing hair removal service -> הסרת שיער"
a03e2f3d-9044-4f95-abdd-64a16248c244,3a64ca0d-70ab-47a7-861b-a36f920413c2,Beauty Time Salon,תל אביב–יפו,no,facials,facials,no,סוג ראשי בגוגל: beauty_salon (כללי) -> קוסמטיקה וטיפולי פנים; טיפולים: קוסמטיקה וטיפולי פנים 1
cccbe216-9379-49fb-be62-5f371171e81e,9016d4c1-c7f3-4da5-89b5-62689cc58321,CUT THE BULLSHIT BarberShop,תל אביב–יפו,no,hair-salons,hair-salons,no,"השם מעיד על מספרות ועיצוב שיער; סוג ראשי בגוגל: barber_shop -> מספרות ועיצוב שיער; סוגים נוספים בגוגל: Beauty salon -> קוסמטיקה וטיפולי פנים; טיפולים: מספרות ועיצוב שיער 6, קוסמטיקה וטיפולי פנים 2"
6009755d-150a-4e82-abf3-ac6c1fd4987d,e7f4f6f5-896d-43dc-8ec8-6f800b29887c,Cosmetology Tel-Aviv קוסמטיקאית תל אביב,תל אביב–יפו,no,facials,facials,no,"השם מעיד על קוסמטיקה וטיפולי פנים; סוג ראשי בגוגל: skin_care_clinic -> קוסמטיקה וטיפולי פנים/אסתטיקה רפואית; סוגים נוספים בגוגל: Beautician -> קוסמטיקה וטיפולי פנים, Beauty salon -> קוסמטיקה וטיפולי פנים, Hair removal service -> הסרת שיער, Massage therapist -> ספא ועיסויים, Nail salon -> ציפורניים, מניקור ופדיקור, Spa -> ספא ועיסויים; טיפולים: קוסמטיקה וטיפולי פנים 1 (1 עם מחיר)"
b5758c9a-f15b-4466-90c0-11050691d157,54ee89bb-3240-4ccd-bf88-bdcdb2dd189e,Doctor Ram Silfen - Tel Aviv Plastic,תל אביב–יפו,no,plastic-surgery,plastic-surgery,no,"סוג ראשי בגוגל: plastic_surgeon -> כירורגיה פלסטית; טיפולים: כירורגיה פלסטית 52, אסתטיקה רפואית 5"
a2425bd8-94d5-482b-a585-b2424b2bd8cb,73b348b3-79f0-49e4-9a0f-69019ab3b7f2,Dr. Mor-expert Aesthetic Plastic Lcirogih,תל אביב–יפו,no,plastic-surgery,plastic-surgery,no,השם מעיד על קוסמטיקה וטיפולי פנים; סוג ראשי בגוגל: plastic_surgeon -> כירורגיה פלסטית
74c3f249-302b-48fa-a9c2-314e6b9201c3,a0f49337-6233-424f-a268-5c0450c7f411,Dr. Tali Friedman - International Center for Body Shaping,תל אביב–יפו,no,plastic-surgery,plastic-surgery,no,סוג ראשי בגוגל: plastic_surgeon -> כירורגיה פלסטית; סוגים נוספים בגוגל: Plastic surgery clinic -> כירורגיה פלסטית
c2797ba1-531f-488d-9fbf-b306689e41d4,409bfe62-4056-4144-804a-aa1821b63992,Dreamboat,תל אביב–יפו,no,hair-salons,hair-salons,no,סוג ראשי בגוגל: beauty_salon (כללי) -> קוסמטיקה וטיפולי פנים; טיפולים: מספרות ועיצוב שיער 3 (1 עם מחיר)
7bd70934-7784-46ee-912f-45a40cad0d8f,7e9708d2-4d30-49f7-9ecc-739a226463be,Eran Yaniv Katsav,תל אביב–יפו,no,hair-salons,hair-salons,no,"סוג ראשי בגוגל: barber_shop -> מספרות ועיצוב שיער; סוגים נוספים בגוגל: Beauty salon -> קוסמטיקה וטיפולי פנים, Nail salon -> ציפורניים, מניקור ופדיקור; טיפולים: מספרות ועיצוב שיער 3, איפור מקצועי 2"
734a3b50-924f-4ecc-b7ce-381b5ddbe18a,325eefa4-9a5e-4b94-ac44-43a7ef3ab21e,Express Spray Tan in Tel Aviv and Lash Extensions שיזוף בהתזה בתל אביב,תל אביב–יפו,no,brows-lashes,brows-lashes,no,"השם מעיד על גבות וריסים; סוג ראשי בגוגל: tanning_studio -> שיזוף; סוגים נוספים בגוגל: Beauty salon -> קוסמטיקה וטיפולי פנים, Eyebrow bar -> גבות וריסים, Eyelash salon -> גבות וריסים, Facial spa -> קוסמטיקה וטיפולי פנים; טיפולים: גבות וריסים 5, שיזוף 3"
3f861e1e-718b-4b80-8fc2-33b499fc5e48,e41cb1e0-4dba-4c0a-9ae9-62d4b07e7cfd,Gorgeous,תל אביב–יפו,no,facials,facials,no,סוג ראשי בגוגל: beauty_salon (כללי) -> קוסמטיקה וטיפולי פנים
b33644d3-4d00-41eb-823b-7d89f72e6c0a,b4da1f26-c7b3-444b-a71c-ee0f6f082877,H.Clinic | לייזר ואסתטיקה,תל אביב–יפו,no,facials,facials,no,"סוג ראשי בגוגל: skin_care_clinic -> קוסמטיקה וטיפולי פנים/אסתטיקה רפואית; סוגים נוספים בגוגל: Beauty salon -> קוסמטיקה וטיפולי פנים, Facial spa -> קוסמטיקה וטיפולי פנים, Hair removal service -> הסרת שיער, Laser hair removal service -> הסרת שיער; טיפולים: קוסמטיקה וטיפולי פנים 2 (1 עם מחיר), אסתטיקה רפואית 2"
a9f80aaf-c7fe-4235-b730-e5a54e43e3d4,800087b3-e648-4bb1-9f81-439a1022feda,Happy Hour TLV,תל אביב–יפו,no,nails,nails,no,"סוג ראשי בגוגל: beauty_salon (כללי) -> קוסמטיקה וטיפולי פנים; טיפולים: ציפורניים, מניקור ופדיקור 2"
576a57fb-85ce-44bd-8e8d-76675bb095da,e4e613ba-3131-4b3c-b1df-7dcbdd6465c9,Happy hour דיזנגוף,תל אביב–יפו,no,nails,nails,no,"סוג ראשי בגוגל: beauty_salon (כללי) -> קוסמטיקה וטיפולי פנים; טיפולים: ציפורניים, מניקור ופדיקור 2"
b2eeccc1-dcd6-4991-a9ca-9eb8c4b69327,960f825a-daf1-4751-833f-e798cc293459,Horizon Spa,תל אביב–יפו,no,spa-massage,spa-massage,no,"השם מעיד על ספא ועיסויים; סוג ראשי בגוגל: spa -> ספא ועיסויים; סוגים נוספים בגוגל: Day spa -> ספא ועיסויים, Facial spa -> קוסמטיקה וטיפולי פנים; טיפולים: ספא ועיסויים 41, קוסמטיקה וטיפולי פנים 5"
ed4b4d05-ff58-4e72-a901-4bbe3a20eb07,90c397d2-b22b-47e1-81db-bc814a5ec773,Ida eyebrows and Hair Removal,תל אביב–יפו,no,hair-salons,hair-salons,no,"השם מעיד על מספרות ועיצוב שיער, הסרת שיער; סוג ראשי בגוגל: beauty_salon (כללי) -> קוסמטיקה וטיפולי פנים"
42db18f3-a022-4806-857b-1f884377c5d8,2a8ef746-7ca8-4823-a72f-f9341fa5a7cd,Jordan beauty,תל אביב–יפו,no,facials,facials,no,סוג ראשי בגוגל: beauty_salon (כללי) -> קוסמטיקה וטיפולי פנים; טיפולים: קוסמטיקה וטיפולי פנים 1 (1 עם מחיר)
f360ac26-67c8-4af0-8d94-75300df1f12b,e6d2762c-590a-4790-a561-f10f3a3fce4f,KEDEM SPA HOUSE קדם ספא וחמאם ביפו Spa in Jaffa,תל אביב–יפו,no,spa-massage,spa-massage,no,"השם מעיד על ספא ועיסויים; סוג ראשי בגוגל: day_spa -> ספא ועיסויים; סוגים נוספים בגוגל: Facial spa -> קוסמטיקה וטיפולי פנים, Nail salon -> ציפורניים, מניקור ופדיקור; טיפולים: ספא ועיסויים 1"
2c9bf628-50f8-482a-8abf-f646f4992715,0ebe5101-7451-4419-a0d6-41cb7b7dae84,L'Occitane ל'אוקסיטן ספא עזריאלי שרונה,תל אביב–יפו,no,spa-massage,spa-massage,no,"אין סוג ראשי בגוגל; סוגים נוספים בגוגל: Day spa -> ספא ועיסויים, Facial spa -> קוסמטיקה וטיפולי פנים, Spa -> ספא ועיסויים"
9b2f2c2d-ac87-481c-85cb-1e03b3eb5bd8,7cbf57bc-682f-4799-adb8-f07fcd7faf8c,Lavic Beauty & Advanced Cosmetology,תל אביב–יפו,no,hair-removal,facials,yes,"סוג ראשי בגוגל: beauty_salon (כללי) -> קוסמטיקה וטיפולי פנים; סוגים נוספים בגוגל: Facial spa -> קוסמטיקה וטיפולי פנים, Hair removal service -> הסרת שיער, Laser hair removal service -> הסרת שיער, Medical spa -> אסתטיקה רפואית, Nail salon -> ציפורניים, מניקור ופדיקור; טיפולים: קוסמטיקה וטיפולי פנים 17 (9 עם מחיר), גבות וריסים 6 (1 עם מחיר)"
ae5068d1-e01c-40a4-b559-47000943ac30,b14d94eb-53eb-43ce-ae27-0e3b7c7ecdb4,Lilly Kai רמת אביב,תל אביב–יפו,no,facials,facials,no,סוג ראשי בגוגל: skin_care_clinic -> קוסמטיקה וטיפולי פנים/אסתטיקה רפואית
7e12936f-d556-44a8-b982-b6f4edd40fdf,38ba7202-3c4f-4444-a4ee-48c19deb0937,Lily & Nina skin care and nail beauty salon,תל אביב–יפו,no,facials,facials,no,"השם מעיד על ציפורניים, מניקור ופדיקור, קוסמטיקה וטיפולי פנים; סוג ראשי בגוגל: facial_spa -> קוסמטיקה וטיפולי פנים; סוגים נוספים בגוגל: Laser hair removal service -> הסרת שיער, Nail salon -> ציפורניים, מניקור ופדיקור, Permanent make-up clinic -> איפור קבוע, Skin care clinic -> קוסמטיקה וטיפולי פנים/אסתטיקה רפואית, Waxing hair removal service -> הסרת שיער; טיפולים: ציפורניים, מניקור ופדיקור 4, קוסמטיקה וטיפולי פנים 4"
c1673e87-554f-4d19-b168-b4cc6aa35625,8dff0752-72ef-4f8e-8b12-13fd11e2d96e,Love is in the Hair By Ram Solan,תל אביב–יפו,no,hair-salons,hair-salons,no,השם מעיד על מספרות ועיצוב שיער; סוג ראשי בגוגל: unisex_hairdresser -> מספרות ועיצוב שיער; סוגים נוספים בגוגל: Beauty salon -> קוסמטיקה וטיפולי פנים; טיפולים: מספרות ועיצוב שיער 16
efe74659-4c26-464a-b0e0-f91132a2559c,33ac1e19-50b8-4836-8854-7c6ea5f0a763,Luck Nail Boutique,תל אביב–יפו,no,nails,nails,no,"השם מעיד על ציפורניים, מניקור ופדיקור; סוג ראשי בגוגל: beauty_salon (כללי) -> קוסמטיקה וטיפולי פנים"
6324e95c-0e50-4e15-98e6-5401066593ea,feac125f-51d1-472c-b7d2-89a6d79eefb1,Nails by the Sea TLV,תל אביב–יפו,no,nails,nails,no,"השם מעיד על ציפורניים, מניקור ופדיקור; סוג ראשי בגוגל: beautician (כללי) -> קוסמטיקה וטיפולי פנים"
c9b56a50-8783-4e80-ac10-94fe4d3cc988,05b89bca-a6d1-406e-946b-44228d4e71dd,Nailtov,תל אביב–יפו,no,nails,nails,no,"סוג ראשי בגוגל: nail_salon -> ציפורניים, מניקור ופדיקור; סוגים נוספים בגוגל: Beauty salon -> קוסמטיקה וטיפולי פנים, Eyebrow bar -> גבות וריסים, Eyelash salon -> גבות וריסים; טיפולים: גבות וריסים 6 (3 עם מחיר), ציפורניים, מניקור ופדיקור 2 (2 עם מחיר)"
4c0f69d9-0a0e-4610-96d8-f50b04252a46,1ba63936-05d0-4eb6-922e-17a870f09728,New York Barbershop TlV,תל אביב–יפו,no,hair-salons,hair-salons,no,"השם מעיד על מספרות ועיצוב שיער; סוג ראשי בגוגל: barber_shop -> מספרות ועיצוב שיער; סוגים נוספים בגוגל: Beauty salon -> קוסמטיקה וטיפולי פנים, Waxing hair removal service -> הסרת שיער; טיפולים: מספרות ועיצוב שיער 3 (3 עם מחיר), הסרת שיער 1 (1 עם מחיר)"
d804f950-043b-46aa-8dfc-929f609c0edb,c97ce44a-ce4d-412a-adeb-44258f3ca251,Or medical cosmetic treatments,תל אביב–יפו,no,facials,facials,no,"סוג ראשי בגוגל: skin_care_clinic -> קוסמטיקה וטיפולי פנים/אסתטיקה רפואית; סוגים נוספים בגוגל: Beauty salon -> קוסמטיקה וטיפולי פנים, Facial spa -> קוסמטיקה וטיפולי פנים; טיפולים: קוסמטיקה וטיפולי פנים 50, גבות וריסים 11"
a28753ea-f8ff-4ac5-870b-052b830c87d8,428f7a54-124c-4b2c-917a-1c0772906303,"PRPclinic - טיפולי PRP, IPRF ו-CGF לנשירת שיער ואסתטיקה רפואית",תל אביב–יפו,no,medical-aesthetics,medical-aesthetics,no,"השם מעיד על אסתטיקה רפואית; סוג ראשי בגוגל: hair_transplantation_clinic -> השתלות שיער וטיפול בנשירה; סוגים נוספים בגוגל: Beauty salon -> קוסמטיקה וטיפולי פנים; טיפולים: אסתטיקה רפואית 66 (10 עם מחיר), השתלות שיער וטיפול בנשירה 4"
4445dfa9-f1b3-47c1-8c65-ef93da7a2332,0a3536e4-1b46-4988-82cb-e3eb38374c53,Renée Cosmetics,תל אביב–יפו,no,facials,facials,no,סוג ראשי בגוגל: beauty_salon (כללי) -> קוסמטיקה וטיפולי פנים; סוגים נוספים בגוגל: Beautician -> קוסמטיקה וטיפולי פנים
fc1a1365-6ac9-4a5f-9904-c6f74eff5842,22769a43-e52e-43a2-b880-a4953adfa60c,STIKA Beauty TLV,תל אביב–יפו,no,facials,facials,no,"סוג ראשי בגוגל: beauty_salon (כללי) -> קוסמטיקה וטיפולי פנים; טיפולים: ציפורניים, מניקור ופדיקור 2, גבות וריסים 2"
7a31520c-6909-4ad7-a1f5-35cc4420d554,1983207e-fcbc-44a1-88d5-ed9821777dfa,Sharoomba Cosmetics שרומבה קוסמטיקה,תל אביב–יפו,no,facials,facials,no,"השם מעיד על קוסמטיקה וטיפולי פנים; סוג ראשי בגוגל: beauty_salon (כללי) -> קוסמטיקה וטיפולי פנים; סוגים נוספים בגוגל: Facial spa -> קוסמטיקה וטיפולי פנים, Hair removal service -> הסרת שיער, Laser hair removal service -> הסרת שיער, Nail salon -> ציפורניים, מניקור ופדיקור; טיפולים: ציפורניים, מניקור ופדיקור 19 (9 עם מחיר), קוסמטיקה וטיפולי פנים 7 (2 עם מחיר)"
87d25b98-3dd0-4a60-9986-c2b55cff95e0,596ba9f5-fd64-4973-a164-a5c73ca72f1c,Shooshka,תל אביב–יפו,no,nails,nails,no,"סוג ראשי בגוגל: beauty_salon (כללי) -> קוסמטיקה וטיפולי פנים; סוגים נוספים בגוגל: Nail salon -> ציפורניים, מניקור ופדיקור; טיפולים: ציפורניים, מניקור ופדיקור 11, איפור מקצועי 9"
1066d84b-5ca1-46e5-8c4e-d8e7780080f4,9c5b8ef0-27c9-4930-a164-4f47352d6053,Shosh Medical Pedicure,תל אביב–יפו,no,nails,nails,no,"השם מעיד על ציפורניים, מניקור ופדיקור; סוג ראשי בגוגל: beauty_salon (כללי) -> קוסמטיקה וטיפולי פנים; טיפולים: ציפורניים, מניקור ופדיקור 4"
46132fe4-8c7f-47fa-b1ed-f1dac23c0159,23aa6881-bebf-4804-982d-727428129ef1,TALETSKY ROOM TLV,תל אביב–יפו,no,facials,facials,no,"סוג ראשי בגוגל: skin_care_clinic -> קוסמטיקה וטיפולי פנים/אסתטיקה רפואית; סוגים נוספים בגוגל: Facial spa -> קוסמטיקה וטיפולי פנים, Medical spa -> אסתטיקה רפואית; טיפולים: קוסמטיקה וטיפולי פנים 8, אסתטיקה רפואית 1"
c17fac33-6cd4-4587-8be0-1658ddc64674,64b5961c-3884-407b-8737-9b72f855f632,The Beauty Lounge,תל אביב–יפו,no,facials,facials,no,"סוג ראשי בגוגל: beauty_salon (כללי) -> קוסמטיקה וטיפולי פנים; טיפולים: ציפורניים, מניקור ופדיקור 10 (3 עם מחיר), ספא ועיסויים 7 (1 עם מחיר)"
07d75b64-d1c3-4127-9152-5d633a4b9e66,315529a9-a10b-410b-8791-83c50658470f,ViVi TELAViVi NAiLS ויוי תלאביבי ניילס,תל אביב–יפו,no,nails,nails,no,"השם מעיד על ציפורניים, מניקור ופדיקור; סוג ראשי בגוגל: nail_salon -> ציפורניים, מניקור ופדיקור; סוגים נוספים בגוגל: Beauty salon -> קוסמטיקה וטיפולי פנים"
eeff12ba-5180-4813-b89c-7f784408cfe5,b471583e-01ec-4a83-82f2-82912addd521,Winkler Clinic - Prof. Eyal Winkler,תל אביב–יפו,no,medical-aesthetics,medical-aesthetics,no,"סוג ראשי בגוגל: cosmetic_surgeon -> אסתטיקה רפואית/כירורגיה פלסטית; טיפולים: כירורגיה פלסטית 23, קוסמטיקה וטיפולי פנים 11"
e4f50b74-f093-4988-adde-c9b885be5363,dacc8de0-1f8e-4477-87a2-0a4963319ac2,Yullia,תל אביב–יפו,no,hair-removal,hair-removal,no,"סוג ראשי בגוגל: beauty_salon (כללי) -> קוסמטיקה וטיפולי פנים; סוגים נוספים בגוגל: Laser hair removal service -> הסרת שיער, Nail salon -> ציפורניים, מניקור ופדיקור, Waxing hair removal service -> הסרת שיער; טיפולים: קוסמטיקה וטיפולי פנים 29 (1 עם מחיר), ציפורניים, מניקור ופדיקור 15"
f7a10b94-f767-4869-b2b3-2bb30873df74,2bfb8414-092f-460d-86f5-6e60f0a007ba,ZOI Med Aesthetics - מרפאת זוי,תל אביב–יפו,no,facials,facials,no,"השם מעיד על קוסמטיקה וטיפולי פנים; סוג ראשי בגוגל: skin_care_clinic -> קוסמטיקה וטיפולי פנים/אסתטיקה רפואית; סוגים נוספים בגוגל: Medical spa -> אסתטיקה רפואית; טיפולים: אסתטיקה רפואית 12, כירורגיה פלסטית 6"
5b23fe6c-d917-49bd-8b12-ac3142141fbd,e82c7cf7-1eca-4b89-ac42-4846b53f53c8,be studio תל-אביב - בי סטודיו,תל אביב–יפו,no,facials,facials,no,"סוג ראשי בגוגל: beautician (כללי) -> קוסמטיקה וטיפולי פנים; סוגים נוספים בגוגל: Beauty salon -> קוסמטיקה וטיפולי פנים, Nail salon -> ציפורניים, מניקור ופדיקור"
0edbc3cb-9613-41fb-abc1-7b5a2848e202,fbb4d1ed-8c4f-4d5e-a866-a86104204fa4,couture hair barbershop NYC New York,תל אביב–יפו,no,hair-salons,hair-salons,no,"השם מעיד על מספרות ועיצוב שיער; סוג ראשי בגוגל: hair_salon -> מספרות ועיצוב שיער; סוגים נוספים בגוגל: Beautician -> קוסמטיקה וטיפולי פנים; טיפולים: מספרות ועיצוב שיער 10, הסרת שיער 2"
b068c7e4-d53c-4f45-be88-6ac73a3d2506,9d70917d-d54a-45f9-b71f-1531509ecf2b,emi lee beauty salon – Nail & Beauty Tel Aviv,תל אביב–יפו,no,nails,nails,no,"השם מעיד על ציפורניים, מניקור ופדיקור; סוג ראשי בגוגל: beauty_salon (כללי) -> קוסמטיקה וטיפולי פנים; סוגים נוספים בגוגל: Hair removal service -> הסרת שיער, Nail salon -> ציפורניים, מניקור ופדיקור; טיפולים: הסרת שיער 7 (5 עם מחיר), ציפורניים, מניקור ופדיקור 4 (3 עם מחיר)"
fa8de53a-7716-4207-a0f7-5f4458bcd60c,b31e7964-7cb9-420e-86ad-9b8a746d6975,myclinic Lillienblum,תל אביב–יפו,no,facials,facials,no,"אין סוג ראשי בגוגל; סוגים נוספים בגוגל: Beauty salon -> קוסמטיקה וטיפולי פנים, Cosmetic surgeon -> אסתטיקה רפואית/כירורגיה פלסטית, Facial spa -> קוסמטיקה וטיפולי פנים, Plastic surgeon -> כירורגיה פלסטית, Skin care clinic -> קוסמטיקה וטיפולי פנים/אסתטיקה רפואית; טיפולים: קוסמטיקה וטיפולי פנים 16, אסתטיקה רפואית 11"
e4f50b74-f093-4988-adde-c9b885be5363,976d943f-892f-4dc3-a180-0a45663580f5,yullia King George,תל אביב–יפו,no,hair-removal,hair-removal,no,"סוג ראשי בגוגל: beauty_salon (כללי) -> קוסמטיקה וטיפולי פנים; סוגים נוספים בגוגל: Laser hair removal service -> הסרת שיער, Nail salon -> ציפורניים, מניקור ופדיקור, Waxing hair removal service -> הסרת שיער; טיפולים: קוסמטיקה וטיפולי פנים 24 (1 עם מחיר), ציפורניים, מניקור ופדיקור 16"
e4f50b74-f093-4988-adde-c9b885be5363,ab1d8481-8948-4cac-8955-7bd1c4e630f1,yullia Tzahala - מומחים בהסרת שיער בלייזר | הזרקות | טיפול פנים | מניקור | פדיקור רפואי,תל אביב–יפו,no,hair-removal,hair-removal,no,"השם מעיד על הסרת שיער, ציפורניים, מניקור ופדיקור, אסתטיקה רפואית; סוג ראשי בגוגל: beauty_salon (כללי) -> קוסמטיקה וטיפולי פנים; סוגים נוספים בגוגל: Laser hair removal service -> הסרת שיער, Nail salon -> ציפורניים, מניקור ופדיקור, Waxing hair removal service -> הסרת שיער; טיפולים: קוסמטיקה וטיפולי פנים 29 (1 עם מחיר), ציפורניים, מניקור ופדיקור 16"
e4f50b74-f093-4988-adde-c9b885be5363,38f43de7-2cc4-47ed-8683-9f8031c3eb42,yullia Yirmeyahu,תל אביב–יפו,no,hair-removal,hair-removal,no,"סוג ראשי בגוגל: beauty_salon (כללי) -> קוסמטיקה וטיפולי פנים; סוגים נוספים בגוגל: Laser hair removal service -> הסרת שיער, Nail salon -> ציפורניים, מניקור ופדיקור, Waxing hair removal service -> הסרת שיער; טיפולים: קוסמטיקה וטיפולי פנים 29 (1 עם מחיר), ציפורניים, מניקור ופדיקור 15"
bd78193d-ea57-41a2-9d8f-04d2df50ba81,142e0ef4-d3fe-47ab-803c-a44e2e6e6825,Éclat beauty space,תל אביב–יפו,no,nails,nails,no,"סוג ראשי בגוגל: nail_salon -> ציפורניים, מניקור ופדיקור; סוגים נוספים בגוגל: Beautician -> קוסמטיקה וטיפולי פנים, Permanent make-up clinic -> איפור קבוע; טיפולים: ציפורניים, מניקור ופדיקור 7, גבות וריסים 2"
efb43856-9424-428b-a416-ec3be4bd04b1,c3968672-6116-457f-b3da-24f7aacf2dbb,ĀTO,תל אביב–יפו,no,facials,facials,no,סוג ראשי בגוגל: beauty_salon (כללי) -> קוסמטיקה וטיפולי פנים
4b03f53b-8e70-4ed6-8972-9080aaf0a9a1,ecaaa21f-6402-480b-94a6-f54aeb71b095,אי-קו סלון - Ei-Co Salon,תל אביב–יפו,no,hair-salons,hair-salons,no,סוג ראשי בגוגל: hair_salon -> מספרות ועיצוב שיער; סוגים נוספים בגוגל: Beauty salon -> קוסמטיקה וטיפולי פנים; טיפולים: מספרות ועיצוב שיער 2
02a4a0d3-0a0a-401b-9b81-00e11760f1c0,39725c0f-27d3-43e2-b215-b440c24530bc,איילת גייר השתלות שיער בישראל וטיפולים מתקדמים,תל אביב–יפו,no,hair-restoration,hair-restoration,no,"סוג ראשי בגוגל: hair_transplantation_clinic -> השתלות שיער וטיפול בנשירה; טיפולים: השתלות שיער וטיפול בנשירה 45, אסתטיקה רפואית 12"
e14f35fb-36ac-4342-949b-d9219f75d351,7a042352-928d-45bb-83d9-6d4421779406,אירית גולן קוסמטיקאית -טיפולי פנים והסרת שיער בלייזר,תל אביב–יפו,no,hair-removal,hair-removal,no,"השם מעיד על הסרת שיער, קוסמטיקה וטיפולי פנים; סוג ראשי בגוגל: beautician (כללי) -> קוסמטיקה וטיפולי פנים; טיפולים: קוסמטיקה וטיפולי פנים 2, הסרת שיער 1"
52d07ffe-3629-4ac2-b381-bea56d33a2a2,b8d35e6b-4975-4351-8cdc-efb35b189595,אמריקן לייזר- תל אביב,תל אביב–יפו,no,hair-removal,hair-removal,no,"סוג ראשי בגוגל: laser_hair_removal_service -> הסרת שיער; סוגים נוספים בגוגל: Hair removal service -> הסרת שיער, Skin care clinic -> קוסמטיקה וטיפולי פנים/אסתטיקה רפואית"
9c2049b9-11a8-49a5-a264-d6400d0b370d,10e7985d-1462-400f-bff7-4503254b418e,אנדר פלאנט Another planet,תל אביב–יפו,no,brows-lashes,brows-lashes,no,"סוג ראשי בגוגל: beauty_salon (כללי) -> קוסמטיקה וטיפולי פנים; סוגים נוספים בגוגל: Beautician -> קוסמטיקה וטיפולי פנים, Eyelash salon -> גבות וריסים, Laser hair removal service -> הסרת שיער, Nail salon -> ציפורניים, מניקור ופדיקור, Permanent make-up clinic -> איפור קבוע; טיפולים: גבות וריסים 5, ציפורניים, מניקור ופדיקור 3"
2f85bab3-781a-4eeb-8158-5ccc4994bb45,4c6fbe8b-f945-4e62-8586-8c94d711366f,אנזו מד Anzo Med,תל אביב–יפו,no,medical-aesthetics,medical-aesthetics,no,"אין סוג ראשי בגוגל; סוגים נוספים בגוגל: Skin care clinic -> קוסמטיקה וטיפולי פנים/אסתטיקה רפואית; טיפולים: אסתטיקה רפואית 12, השתלות שיער וטיפול בנשירה 5"
9d5ac6cd-8557-47da-8ffe-be43ba171783,2d77cda8-c9e8-4e41-b039-51c7d0edc141,אריאל מספרה נווה אביבים רמת אביב,תל אביב–יפו,no,hair-salons,hair-salons,no,"השם מעיד על מספרות ועיצוב שיער; סוג ראשי בגוגל: unisex_hairdresser -> מספרות ועיצוב שיער; סוגים נוספים בגוגל: Beauty salon -> קוסמטיקה וטיפולי פנים, Nail salon -> ציפורניים, מניקור ופדיקור"
6f89777d-dff7-45e6-83cd-a20c55163d70,e0e7c443-ee21-4be5-8bb3-2568adf37232,אתר דוקטור חן,תל אביב–יפו,no,facials,facials,no,"סוג ראשי בגוגל: skin_care_clinic -> קוסמטיקה וטיפולי פנים/אסתטיקה רפואית; טיפולים: קוסמטיקה וטיפולי פנים 32, כירורגיה פלסטית 20"
7321881a-e80e-4cd0-a242-ecc6dd02352b,86dcf669-765a-4931-8ad5-ae4a67f86c38,ביוטי פייס מכון הסרת שיער,תל אביב–יפו,no,hair-removal,hair-removal,no,"השם מעיד על הסרת שיער; סוג ראשי בגוגל: beauty_salon (כללי) -> קוסמטיקה וטיפולי פנים; סוגים נוספים בגוגל: Hair removal service -> הסרת שיער, Nail salon -> ציפורניים, מניקור ופדיקור; טיפולים: ציפורניים, מניקור ופדיקור 2, הסרת שיער 2"
036db6d4-0d29-4407-9485-800486c82672,48804575-e784-45c7-a79d-6c087329fe49,גיל דורמן - המרכז לטיפולי פיגמנטציה,תל אביב–יפו,no,facials,facials,no,"אין סוג ראשי בגוגל; סוגים נוספים בגוגל: Beautician -> קוסמטיקה וטיפולי פנים; טיפולים: קוסמטיקה וטיפולי פנים 7, מספרות ועיצוב שיער 2"
0504f768-7915-4b29-ae81-1d20a4297b26,6c599493-1abb-4bb8-bb35-4738572296ca,"ד""ר אבנר בן שושן",תל אביב–יפו,no,plastic-surgery,plastic-surgery,no,סוג ראשי בגוגל: plastic_surgeon -> כירורגיה פלסטית; טיפולים: כירורגיה פלסטית 1
488874e5-7537-4ac9-a95d-7baa6251d696,45e6545d-12da-4e23-a764-0ea9214e6744,"ד""ר אהרן עמיר -מומחה בינלאומי לכירורגיה פלסטית, אסתטית ומשחזרת",תל אביב–יפו,no,plastic-surgery,plastic-surgery,no,השם מעיד על כירורגיה פלסטית; סוג ראשי בגוגל: plastic_surgeon -> כירורגיה פלסטית
4308ac60-f3d4-4ecc-9bd0-b3ea28f83e35,53c9fbe6-c038-45f0-a742-9c4aa40f82f6,"ד""ר אור פרידמן מומחה לכירורגיה פלסטית משחזרת ואסתטית",תל אביב–יפו,no,plastic-surgery,plastic-surgery,no,השם מעיד על כירורגיה פלסטית; סוג ראשי בגוגל: plastic_surgeon -> כירורגיה פלסטית; טיפולים: כירורגיה פלסטית 15
08350056-e503-4a8c-907b-6eabec061abf,7cdcfeb1-e294-4fd3-8c35-6af5e10b5669,"ד""ר אורי שבשין- מנתח פלסטי",תל אביב–יפו,no,plastic-surgery,plastic-surgery,no,השם מעיד על כירורגיה פלסטית; סוג ראשי בגוגל: plastic_surgeon -> כירורגיה פלסטית; טיפולים: כירורגיה פלסטית 3
d05d56da-b35d-45dd-bcd3-753e2b9d4f3d,89213fc9-41cb-45ef-8025-37c7f5d2506a,"ד""ר אידלמן יצחק רופא שיניים",תל אביב–יפו,no,dental-aesthetics,dental-aesthetics,no,השם מעיד על אסתטיקה דנטלית; אין סוג ראשי בגוגל; סוגים נוספים בגוגל: Cosmetic dentist -> אסתטיקה דנטלית; טיפולים: אסתטיקה דנטלית 17
533d2616-8cbb-4f76-8798-3df8a35cbe98,23ca4a86-1c20-4b51-a8b6-30a5c76f4a95,"ד""ר אכי פרידמן",תל אביב–יפו,no,facials,facials,no,"אין סוג ראשי בגוגל; סוגים נוספים בגוגל: Beautician -> קוסמטיקה וטיפולי פנים, Laser hair removal service -> הסרת שיער; טיפולים: קוסמטיקה וטיפולי פנים 6, כירורגיה פלסטית 2"
6e385fca-8709-48df-9d78-76106e778230,a6205955-18a0-4099-8f66-79ef26092e33,"ד""ר אלון לירן - מנתח פלסטי בכיר | מומחה בכירורגיה פלסטית, אסתטית ומשחזרת",תל אביב–יפו,no,plastic-surgery,plastic-surgery,no,השם מעיד על כירורגיה פלסטית; סוג ראשי בגוגל: plastic_surgeon -> כירורגיה פלסטית
a0c057ab-e128-4bcc-9259-f1c20d0cabce,5583a955-dc96-4c3b-9d44-3a7500bf06ba,"ד""ר אלי כלב - רפואה אסתטית ללא ניתוח",תל אביב–יפו,no,medical-aesthetics,medical-aesthetics,no,"השם מעיד על אסתטיקה רפואית; סוג ראשי בגוגל: skin_care_clinic -> קוסמטיקה וטיפולי פנים/אסתטיקה רפואית; סוגים נוספים בגוגל: Beauty salon -> קוסמטיקה וטיפולי פנים, Hair transplantation clinic -> השתלות שיער וטיפול בנשירה; טיפולים: אסתטיקה רפואית 20 (12 עם מחיר), קוסמטיקה וטיפולי פנים 7 (2 עם מחיר)"
e3778317-002d-4dce-90d6-60a8fcdc0cf9,1a02e569-909f-430f-82f6-3a144f206baa,"ד""ר דורון אבניאלי, השתלות שיניים, טיפולי שיניים בהרדמה מלאה",תל אביב–יפו,no,dental-aesthetics,dental-aesthetics,no,השם מעיד על אסתטיקה דנטלית; אין סוג ראשי בגוגל; סוגים נוספים בגוגל: Cosmetic dentist -> אסתטיקה דנטלית; טיפולים: אסתטיקה דנטלית 13
f31df32a-060b-4103-b1af-6bfc4c46fffd,733686c9-c4e1-4e6c-84a5-0ad0c95652f7,"ד""ר דנה בוכבוט - רפואת שיער ורפואה אסתטית",תל אביב–יפו,no,hair-restoration,hair-restoration,no,השם מעיד על אסתטיקה רפואית; סוג ראשי בגוגל: hair_transplantation_clinic -> השתלות שיער וטיפול בנשירה
88ebcb37-b788-472b-8d01-4ce32b68cc5d,73dcc4d5-53ab-492c-847c-0c9ebe462c3d,"ד""ר דרור בן-שלמה רופא שיניים וטיפולים אסתטיים בתל אביב",תל אביב–יפו,no,dental-aesthetics,dental-aesthetics,no,"השם מעיד על אסתטיקה דנטלית; אין סוג ראשי בגוגל; סוגים נוספים בגוגל: Beauty salon -> קוסמטיקה וטיפולי פנים; טיפולים: אסתטיקה דנטלית 25, קוסמטיקה וטיפולי פנים 1"
8545548c-712a-40cb-bcba-f5bdc8c8f010,92c6dd2a-714d-4328-8de6-46744895b9b9,"ד""ר זיידמן אלון יישור שיניים נסתר",תל אביב–יפו,no,dental-aesthetics,dental-aesthetics,no,"השם מעיד על אסתטיקה דנטלית; אין סוג ראשי בגוגל; סוגים נוספים בגוגל: Cosmetic dentist -> אסתטיקה דנטלית; טיפולים: אסתטיקה דנטלית 24 (1 עם מחיר), אסתטיקה רפואית 8"
ad34c78d-ff3b-4ea8-a74e-65dc4abbbc10,459b4ea6-3f45-44f9-940a-ba6cef88b204,"ד""ר יאיר יוסף",תל אביב–יפו,no,medical-aesthetics,medical-aesthetics,no,"סוג ראשי בגוגל: medical_spa -> אסתטיקה רפואית; סוגים נוספים בגוגל: Plastic surgery clinic -> כירורגיה פלסטית; טיפולים: ספא ועיסויים 8, קוסמטיקה וטיפולי פנים 7"
9f635749-ea1e-447c-acb3-0cae44548c31,26523da2-0961-4a0e-99f4-fc9a05babf96,"ד""ר יונתן ווגמן",תל אביב–יפו,no,plastic-surgery,plastic-surgery,no,"סוג ראשי בגוגל: plastic_surgeon -> כירורגיה פלסטית; סוגים נוספים בגוגל: Beauty salon -> קוסמטיקה וטיפולי פנים, Cosmetic surgeon -> אסתטיקה רפואית/כירורגיה פלסטית, Plastic surgery clinic -> כירורגיה פלסטית"
086ab0ae-9e6f-4d34-b0a0-df52a0f2e26c,b88742b2-8f26-47aa-8d62-b36a6d1967e5,"ד""ר כריס השתלת שיער CHOIEXPERT",תל אביב–יפו,no,hair-restoration,hair-restoration,no,השם מעיד על השתלות שיער וטיפול בנשירה; סוג ראשי בגוגל: hair_transplantation_clinic -> השתלות שיער וטיפול בנשירה; טיפולים: השתלות שיער וטיפול בנשירה 17
4f0bc432-3c93-42ce-bb51-4b585c6ae134,1e8c108d-20ea-4043-bd39-5461c64f0c86,"ד""ר נועם חי | מנתח פלסטי בכיר בתל אביב",תל אביב–יפו,no,plastic-surgery,plastic-surgery,no,"השם מעיד על כירורגיה פלסטית; סוג ראשי בגוגל: plastic_surgeon -> כירורגיה פלסטית; טיפולים: כירורגיה פלסטית 72, אסתטיקה רפואית 3"
e722d502-01c3-4ce6-aeaf-064c1559d02f,fbd81ef3-7e3f-4513-ab19-a496a68e22fe,"ד""ר נמרוד פרידמן- ניתוחים פלסטיים וטיפולים אסתטיים",תל אביב–יפו,no,plastic-surgery,plastic-surgery,no,סוג ראשי בגוגל: plastic_surgeon -> כירורגיה פלסטית
fc1dfe9b-9dd1-4ef8-84c1-4bacf2f60586,8848c4aa-e0c4-43eb-b18a-ae99c2a356c4,"ד""ר עומר וולף - המרפאה הפרטית בע״מ",תל אביב–יפו,no,plastic-surgery,plastic-surgery,no,סוג ראשי בגוגל: plastic_surgery_clinic -> כירורגיה פלסטית
5a340924-0d9c-4565-9630-00f41a5e1082,9de5fe8a-48df-47f1-9013-3c5653e3b84a,"ד""ר ערן חדד - מנתח פלסטי, מומחה לכירורגיה פלסטית - כירורג פלסטי",תל אביב–יפו,no,plastic-surgery,plastic-surgery,no,"השם מעיד על כירורגיה פלסטית; סוג ראשי בגוגל: plastic_surgeon -> כירורגיה פלסטית; סוגים נוספים בגוגל: Plastic surgery clinic -> כירורגיה פלסטית; טיפולים: כירורגיה פלסטית 74, אסתטיקה רפואית 5"
8c8f625d-576a-4c40-b6a6-035f25e05e2e,84b983eb-e26b-4cee-ac49-3db5cf30cf13,"ד""ר רון יהב - מרפאת אמייזינג סמייל, מרפאת שיניים בתל אביב",תל אביב–יפו,no,dental-aesthetics,dental-aesthetics,no,השם מעיד על אסתטיקה דנטלית; אין סוג ראשי בגוגל; סוגים נוספים בגוגל: Cosmetic dentist -> אסתטיקה דנטלית; טיפולים: אסתטיקה דנטלית 8
a63ab600-4e0e-4714-8c39-e81701e32a41,ce18701c-19d9-4b43-a72c-ec1d5a9b3002,"ד""ר תומר פרלוק",תל אביב–יפו,no,plastic-surgery,plastic-surgery,no,סוג ראשי בגוגל: plastic_surgery_clinic -> כירורגיה פלסטית
045bb143-3b59-460b-b214-f1791d906936,cb305c0b-e3b0-4d57-84c6-557f5f3efce0,דוקטור אברי רווה - מנתח פלסטי בכיר I כירורג פלסטי,תל אביב–יפו,no,plastic-surgery,plastic-surgery,no,"השם מעיד על כירורגיה פלסטית; סוג ראשי בגוגל: plastic_surgeon -> כירורגיה פלסטית; טיפולים: כירורגיה פלסטית 16, קוסמטיקה וטיפולי פנים 2"
873705c5-516f-421c-908d-1c408573a520,b542c385-aad1-4b5d-94af-e485109d570f,דוקטור אילקר - מומחה עולמי להשתלות שיער,תל אביב–יפו,no,hair-restoration,hair-restoration,no,סוג ראשי בגוגל: hair_transplantation_clinic -> השתלות שיער וטיפול בנשירה
123e5eae-66fd-4377-890b-43189389f059,cfedd499-1a35-4c61-a48a-61925886df64,דיאנה - בית הספר לעיצוב שיער ומקצועות היופי,תל אביב–יפו,no,hair-salons,hair-salons,no,"השם מעיד על מספרות ועיצוב שיער; סוג ראשי בגוגל: barber_shop -> מספרות ועיצוב שיער; סוגים נוספים בגוגל: Beauty salon -> קוסמטיקה וטיפולי פנים; טיפולים: ציפורניים, מניקור ופדיקור 17 (8 עם מחיר), מספרות ועיצוב שיער 11 (4 עם מחיר)"
e5df5264-e7e1-456d-bda3-bb97a3473129,e7d42b0b-f6c3-4a29-a665-1be7b87c0432,דיוויס ואודי סלון ובית ספר לספרות,תל אביב–יפו,no,facials,facials,no,"אין סוג ראשי בגוגל; סוגים נוספים בגוגל: Barber shop -> מספרות ועיצוב שיער, Beauty salon -> קוסמטיקה וטיפולי פנים"
876afd43-9b02-4e30-b40e-830789b161ab,b0c1e25d-797e-4146-b2c2-175f5d144556,דיתי מסר | מאפרת,תל אביב–יפו,no,makeup,makeup,no,השם מעיד על איפור מקצועי; סוג ראשי בגוגל: makeup_artist -> איפור מקצועי; סוגים נוספים בגוגל: Facial spa -> קוסמטיקה וטיפולי פנים
dac7a7f3-815e-4b73-ae2a-ae3d4a33ec16,2df2cf51-e69b-482e-9c6c-c609803964af,דר' שיין - מומחה בכירורגיה פלסטית,תל אביב–יפו,no,plastic-surgery,plastic-surgery,no,"השם מעיד על כירורגיה פלסטית; סוג ראשי בגוגל: cosmetic_surgeon -> אסתטיקה רפואית/כירורגיה פלסטית; סוגים נוספים בגוגל: Plastic surgery clinic -> כירורגיה פלסטית; טיפולים: כירורגיה פלסטית 77 (10 עם מחיר), קוסמטיקה וטיפולי פנים 2"
d877df0a-b1fb-457e-a93e-6d0e098b7655,758de1cc-ed61-4ff7-97b1-0720b36184a0,"ד״ר אודי ארד, מומחה בניתוחים פלסטיים וטיפולים אסתטיים",תל אביב–יפו,no,plastic-surgery,plastic-surgery,no,סוג ראשי בגוגל: plastic_surgeon -> כירורגיה פלסטית; סוגים נוספים בגוגל: Plastic surgery clinic -> כירורגיה פלסטית; טיפולים: כירורגיה פלסטית 30
cac6c7f5-5844-40bc-ac90-b06adce620fa,af501a92-5f78-47d4-ac11-d5d30dc6a60c,ד״ר אורן גולדשטיין,תל אביב–יפו,no,plastic-surgery,plastic-surgery,no,סוג ראשי בגוגל: plastic_surgeon -> כירורגיה פלסטית
62548daa-cd68-48ae-86d9-c777d40f0d52,cfd78421-587a-4765-9296-85be71ff69d3,ד״ר איתם וייס - מומחה לכירורגיה פלסטית ואסתטית,תל אביב–יפו,no,plastic-surgery,plastic-surgery,no,השם מעיד על כירורגיה פלסטית; סוג ראשי בגוגל: plastic_surgery_clinic -> כירורגיה פלסטית
9f3db387-794d-4a38-bb91-581bcfe2a884,aa34b022-a476-4b3c-a121-43d9a8a0ab3c,ד״ר דיאא זייד - Dr Diaa zaid,תל אביב–יפו,no,facials,medical-aesthetics,yes,סוג ראשי בגוגל: skin_care_clinic -> קוסמטיקה וטיפולי פנים/אסתטיקה רפואית; טיפולים: אסתטיקה רפואית 2
f854e4ce-a6e7-466c-9456-0621b35e135c,84289740-1be4-4358-96e3-df00978b0e80,ד״ר יוני דללי - רפואה אסתטית,תל אביב–יפו,no,medical-aesthetics,medical-aesthetics,no,השם מעיד על אסתטיקה רפואית; סוג ראשי בגוגל: beauty_salon (כללי) -> קוסמטיקה וטיפולי פנים; טיפולים: אסתטיקה רפואית 1
7af95446-cdb5-4979-81b1-cb15d8538f4f,98bf9648-5e49-4df3-81b3-f68142edcdfd,ד״ר ערן צנציפר- מומחה לשיקום הפה,תל אביב–יפו,no,dental-aesthetics,dental-aesthetics,no,"אין סוג ראשי בגוגל; סוגים נוספים בגוגל: Cosmetic dentist -> אסתטיקה דנטלית, Teeth whitening service -> אסתטיקה דנטלית; טיפולים: אסתטיקה דנטלית 6"
93be3a71-83fd-4326-94d9-c0ff41585572,1858d488-6e11-4238-acce-2bb62e302490,הזרקות וחומצה בתל אביב | קליניקה לרפואה אסתטית Théa | ד״ר יובל זינגר,תל אביב–יפו,no,medical-aesthetics,medical-aesthetics,no,"השם מעיד על אסתטיקה רפואית; אין סוג ראשי בגוגל; סוגים נוספים בגוגל: Medical spa -> אסתטיקה רפואית, Skin care clinic -> קוסמטיקה וטיפולי פנים/אסתטיקה רפואית; טיפולים: אסתטיקה רפואית 6, קוסמטיקה וטיפולי פנים 4"
845c74a0-fffa-4a1f-9a0f-4d3c97955dd9,4125d5eb-f414-4c25-b3dd-0e8069a75afa,הסרת נגעי עור | הסרת נקודות חן | הסרת קונדילומה | הסרת שומות | אנגיוקרטומה | קסנטלזמה | נקודות אדומות (המנגיומות) - Medical-C,תל אביב–יפו,no,medical-aesthetics,facials,yes,"אין סוג ראשי בגוגל; סוגים נוספים בגוגל: Medical spa -> אסתטיקה רפואית, Skin care clinic -> קוסמטיקה וטיפולי פנים/אסתטיקה רפואית; טיפולים: כירורגיה פלסטית 5, קוסמטיקה וטיפולי פנים 5"
f8bd81be-5b8c-49d6-ae3e-2f29cf9f3bea,aded8126-8d8c-49e7-a035-0dc0f889ccba,"הסרת שיער בלייזר , לק ג'ל מניקור פדיקור , טיפולי פנים רמת החייל",תל אביב–יפו,no,nails,nails,no,"השם מעיד על הסרת שיער, ציפורניים, מניקור ופדיקור, קוסמטיקה וטיפולי פנים; סוג ראשי בגוגל: nail_salon -> ציפורניים, מניקור ופדיקור; סוגים נוספים בגוגל: Beautician -> קוסמטיקה וטיפולי פנים, Facial spa -> קוסמטיקה וטיפולי פנים, Laser hair removal service -> הסרת שיער"
0f84828b-3fd1-433c-9b0b-963d146d31c6,2b8e6318-5a0d-4b4d-aaf3-b52b5d94ccab,הקומה של אהובה,תל אביב–יפו,no,facials,facials,no,"סוג ראשי בגוגל: beauty_salon (כללי) -> קוסמטיקה וטיפולי פנים; סוגים נוספים בגוגל: Facial spa -> קוסמטיקה וטיפולי פנים, Hair removal service -> הסרת שיער, Nail salon -> ציפורניים, מניקור ופדיקור, Skin care clinic -> קוסמטיקה וטיפולי פנים/אסתטיקה רפואית; טיפולים: ציפורניים, מניקור ופדיקור 3, קוסמטיקה וטיפולי פנים 3"
9e82d0a0-d612-44e4-815e-171c83f0467e,92d8659d-5d9f-459d-8221-c67756d5e310,ורה קליניק,תל אביב–יפו,no,facials,facials,no,"סוג ראשי בגוגל: beautician (כללי) -> קוסמטיקה וטיפולי פנים; סוגים נוספים בגוגל: Beauty salon -> קוסמטיקה וטיפולי פנים, Facial spa -> קוסמטיקה וטיפולי פנים, Laser hair removal service -> הסרת שיער, Permanent make-up clinic -> איפור קבוע"
c3af2398-9f97-444a-be50-f3e8abb77440,d28ebe09-451a-4ae9-ad6c-da08984ceae1,חד וחלק Pini Eliya,תל אביב–יפו,no,facials,hair-salons,yes,סוג ראשי בגוגל: unisex_hairdresser -> מספרות ועיצוב שיער; סוגים נוספים בגוגל: Beautician -> קוסמטיקה וטיפולי פנים; טיפולים: מספרות ועיצוב שיער 2
a92eda05-5a62-41ce-822b-1145a9265aa0,e31afad1-b3c7-48b0-9817-b761d6e811ce,חיים קפלן,תל אביב–יפו,no,plastic-surgery,plastic-surgery,no,סוג ראשי בגוגל: plastic_surgeon -> כירורגיה פלסטית
a2953948-2359-43e5-a6b1-b2168eb00400,7ef56877-6de8-4ee3-85d3-84f2c43fac74,חנה מושייב,תל אביב–יפו,no,nails,nails,no,"סוג ראשי בגוגל: beautician (כללי) -> קוסמטיקה וטיפולי פנים; טיפולים: ציפורניים, מניקור ופדיקור 6, הסרת שיער 5"
32b80051-556b-4452-b00f-781a33d04ba3,1bb5315d-d896-4421-a096-0271d97f0ba0,יגאל ויצמן - החלקה אורגנית | תוספות שיער | צמיד שיער,תל אביב–יפו,no,hair-salons,hair-salons,no,"השם מעיד על מספרות ועיצוב שיער; סוג ראשי בגוגל: hair_salon -> מספרות ועיצוב שיער; סוגים נוספים בגוגל: Beauty salon -> קוסמטיקה וטיפולי פנים; טיפולים: מספרות ועיצוב שיער 7, קוסמטיקה וטיפולי פנים 1"
2bbc1662-e4aa-4c40-8c78-9e89a6dc2bec,4a91d675-61e9-48c8-94c9-f663c0ad9ff8,יוסי ממן,תל אביב–יפו,no,hair-salons,hair-salons,no,סוג ראשי בגוגל: barber_shop -> מספרות ועיצוב שיער; סוגים נוספים בגוגל: Beauty salon -> קוסמטיקה וטיפולי פנים
dae46bdc-37de-4697-8c58-59ab3912ca10,77692c6f-a6bd-4c13-b92b-c41dea986f6d,ירון אזולאי - עיצוב שיער,תל אביב–יפו,no,hair-salons,hair-salons,no,השם מעיד על מספרות ועיצוב שיער; סוג ראשי בגוגל: hair_salon -> מספרות ועיצוב שיער; סוגים נוספים בגוגל: Beautician -> קוסמטיקה וטיפולי פנים
ac71ae20-94c0-4bb5-87fc-c6e6765c0af4,b34e54bc-33f3-4d27-8ae0-3ab122dc7895,"כירורגיה פלסטית ואסתטית | ד""ר אייל שפירא",תל אביב–יפו,no,plastic-surgery,plastic-surgery,no,"השם מעיד על כירורגיה פלסטית; סוג ראשי בגוגל: plastic_surgeon -> כירורגיה פלסטית; סוגים נוספים בגוגל: Plastic surgery clinic -> כירורגיה פלסטית; טיפולים: כירורגיה פלסטית 33, קוסמטיקה וטיפולי פנים 5"
b992e5de-ca69-49f4-9ecf-ce8972a4f0da,c2b50e3b-4b6e-4596-891f-0a0128237b55,כללית אסתטיקה - רמת אביב - תל אביב,תל אביב–יפו,no,plastic-surgery,plastic-surgery,no,סוג ראשי בגוגל: plastic_surgery_clinic -> כירורגיה פלסטית
fb2c6ccf-ebf1-427e-87ce-278845f32b98,75fb76c5-de75-45f0-af66-85d6fb7a8834,"לימור שמואל קוסמטיקאית,פדיקור,מניקור ג׳ל, ליזר ,שעוות ,אפילציה",תל אביב–יפו,no,nails,nails,no,"השם מעיד על ציפורניים, מניקור ופדיקור, קוסמטיקה וטיפולי פנים; סוג ראשי בגוגל: beautician (כללי) -> קוסמטיקה וטיפולי פנים; סוגים נוספים בגוגל: Facial spa -> קוסמטיקה וטיפולי פנים, Nail salon -> ציפורניים, מניקור ופדיקור, Waxing hair removal service -> הסרת שיער"
360428a3-0996-4b07-a146-f8546f16f159,2ea2ab17-1678-4a57-b255-4c4fb620740c,"מאי לי ביוטי - הדגשת תווי פנים: מיקרובליידינג, היפראליזם, מיקרושיידינג, הדגשת שפתיים, אייליינר, הסרת איפור קבוע בלייזר",תל אביב–יפו,no,permanent-makeup,permanent-makeup,no,"השם מעיד על איפור קבוע; סוג ראשי בגוגל: beauty_salon (כללי) -> קוסמטיקה וטיפולי פנים; טיפולים: איפור קבוע 10, גבות וריסים 5 (1 עם מחיר)"
623bce32-36d5-4e7c-a299-b08083614c6f,c32691a2-ca0a-4d69-ac16-370d93db0799,מוסקונה - מרפאות לניתוחים פלסטיים הזרקות וטיפולים משלימים,תל אביב–יפו,no,plastic-surgery,plastic-surgery,no,"השם מעיד על אסתטיקה רפואית; סוג ראשי בגוגל: plastic_surgeon -> כירורגיה פלסטית; טיפולים: כירורגיה פלסטית 60, קוסמטיקה וטיפולי פנים 9"
6df9a993-6d09-4c4c-9e47-b8b4a3c9f021,6276b316-e855-4071-bc62-76b30546fcbc,מושלמת האוס אוף ביוטי,תל אביב–יפו,no,facials,facials,no,"סוג ראשי בגוגל: beauty_salon (כללי) -> קוסמטיקה וטיפולי פנים; טיפולים: ציפורניים, מניקור ופדיקור 16 (1 עם מחיר), קוסמטיקה וטיפולי פנים 10"
28277581-59f0-4d0c-b4a8-d5a4b0118e0d,30c39ad7-486e-4c94-9df4-c7c02f154bc9,מכבי אסתטיקה - סניף תל אביב,תל אביב–יפו,no,facials,facials,no,סוג ראשי בגוגל: skin_care_clinic -> קוסמטיקה וטיפולי פנים/אסתטיקה רפואית
2af97a4b-b7d5-43cb-be51-529a5799e0a2,f0c9803e-0050-45be-8060-19eb1ed9f379,מכון שיזוף בהתזה ׳ספריי׳ - spray tanning salon,תל אביב–יפו,no,facials,tanning,yes,סוג ראשי בגוגל: tanning_studio -> שיזוף; סוגים נוספים בגוגל: Beauty salon -> קוסמטיקה וטיפולי פנים; טיפולים: שיזוף 1 (1 עם מחיר)
6d59a616-8316-4285-a4a9-5e3b4eaae465,8af31e3c-a298-4d41-933f-50031782d817,מסודרות,תל אביב–יפו,no,facials,facials,no,"סוג ראשי בגוגל: beauty_salon (כללי) -> קוסמטיקה וטיפולי פנים; טיפולים: ציפורניים, מניקור ופדיקור 27 (6 עם מחיר), הסרת שיער 11 (4 עם מחיר)"
a8aecb39-cea2-48d5-880a-0e98dfb2c075,e29365c5-d113-429a-9a6f-a7469293eb5d,"מספרה Barak Shoshan Hair Design-Keratin,Japanese Treatment",תל אביב–יפו,no,hair-salons,hair-salons,no,השם מעיד על מספרות ועיצוב שיער; סוג ראשי בגוגל: hair_salon -> מספרות ועיצוב שיער; סוגים נוספים בגוגל: Beautician -> קוסמטיקה וטיפולי פנים; טיפולים: מספרות ועיצוב שיער 10
6650f219-73a3-4bb2-ac8a-e2c9bc2ac5b4,70143afd-d45c-4eea-90f4-a53804b07168,מספרת שי גדון עיצוב שיער נשים,תל אביב–יפו,no,hair-salons,hair-salons,no,השם מעיד על מספרות ועיצוב שיער; סוג ראשי בגוגל: unisex_hairdresser -> מספרות ועיצוב שיער; סוגים נוספים בגוגל: Beautician -> קוסמטיקה וטיפולי פנים
473b9c03-87a7-4001-9236-03fe0cecbf53,e2015e53-cb22-4eba-b819-7efea95d1963,מרכז כירורגי שוורץ - ארד,תל אביב–יפו,no,plastic-surgery,plastic-surgery,no,"אין סוג ראשי בגוגל; סוגים נוספים בגוגל: Cosmetic surgeon -> אסתטיקה רפואית/כירורגיה פלסטית, Plastic surgery clinic -> כירורגיה פלסטית; טיפולים: כירורגיה פלסטית 26, אסתטיקה דנטלית 7"
91e05787-31db-4ebc-9b33-b6c454433245,08e9db34-039c-4a8b-b288-e390cbb38da2,"מרפאת ד""ר ליבי כרמי, תל אביב",תל אביב–יפו,no,dental-aesthetics,dental-aesthetics,no,אין סוג ראשי בגוגל; סוגים נוספים בגוגל: Cosmetic dentist -> אסתטיקה דנטלית
64d80849-ff9f-411b-90f0-bc7a7fc67547,e54fa942-5742-4408-8cad-cc2019be3403,"מרפאת השיניים והאסטתיקה של ד""ר צבי אבירם",תל אביב–יפו,no,dental-aesthetics,dental-aesthetics,no,"השם מעיד על אסתטיקה דנטלית; סוג ראשי בגוגל: cosmetic_dentist -> אסתטיקה דנטלית; טיפולים: אסתטיקה דנטלית 17, אסתטיקה רפואית 2"
f1d9160e-c064-48e5-beeb-ad39ff0f69ad,b9090e87-3422-4ae0-8847-4dec673e85a0,נטלי קוסמטיקס,תל אביב–יפו,no,nails,nails,no,"השם מעיד על קוסמטיקה וטיפולי פנים; סוג ראשי בגוגל: beauty_salon (כללי) -> קוסמטיקה וטיפולי פנים; טיפולים: ציפורניים, מניקור ופדיקור 61 (7 עם מחיר), הסרת שיער 7 (3 עם מחיר)"
5512dd5d-3960-4b7d-a79d-409ef7115ada,4fa1f819-6541-45c9-b1d4-0ae3aa4104bd,סלון יפו jaffa salon,תל אביב–יפו,no,facials,facials,no,"סוג ראשי בגוגל: beauty_salon (כללי) -> קוסמטיקה וטיפולי פנים; סוגים נוספים בגוגל: Facial spa -> קוסמטיקה וטיפולי פנים, Nail salon -> ציפורניים, מניקור ופדיקור"
9f0fac80-e44f-4096-ac58-054fa82ba289,15759f8a-3002-4f1d-9b88-e918ff89eb3f,סנס Sense,תל אביב–יפו,no,facials,hair-salons,yes,"סוג ראשי בגוגל: unisex_hairdresser -> מספרות ועיצוב שיער; סוגים נוספים בגוגל: Beauty salon -> קוסמטיקה וטיפולי פנים, Facial spa -> קוסמטיקה וטיפולי פנים, Nail salon -> ציפורניים, מניקור ופדיקור"
3c7e5dd6-5b8e-4a1d-8506-781265b586f6,462b5fe2-7d50-4c6a-82a9-530f1d0257ae,פרופורציה,תל אביב–יפו,no,hair-removal,hair-removal,no,"סוג ראשי בגוגל: laser_hair_removal_service -> הסרת שיער; סוגים נוספים בגוגל: Hair removal service -> הסרת שיער, Plastic surgeon -> כירורגיה פלסטית; טיפולים: כירורגיה פלסטית 4, אסתטיקה רפואית 2"
af2333bf-ec4f-4dad-b7f8-6af792af57eb,22574d12-60c6-4a7d-8a02-e1f7da2b9c36,קליניקה כרמל - טיפול בפטרת ציפורניים בתל אביב,תל אביב–יפו,no,nails,nails,no,"השם מעיד על ציפורניים, מניקור ופדיקור; אין סוג ראשי בגוגל; סוגים נוספים בגוגל: Beauty salon -> קוסמטיקה וטיפולי פנים; טיפולים: ציפורניים, מניקור ופדיקור 52 (8 עם מחיר)"
cd5eb041-d653-4143-a0e0-1af82e06b6ee,a359b297-0204-413e-b25a-ead4cef6829f,קליניקת ויקה קוסמטיקה מתקדמת | קוסמטיקאית רפואית,תל אביב–יפו,no,facials,facials,no,השם מעיד על קוסמטיקה וטיפולי פנים; סוג ראשי בגוגל: beautician (כללי) -> קוסמטיקה וטיפולי פנים; סוגים נוספים בגוגל: Beauty salon -> קוסמטיקה וטיפולי פנים; טיפולים: קוסמטיקה וטיפולי פנים 5
e28d76d7-8436-4f72-af2c-d9488930be3f,7ebda09d-9c17-40d7-8f6e-aa8337cc0d6a,קראוס קליניק - Krauss Clinic - ד״ר עומרי קראוס,תל אביב–יפו,no,dental-aesthetics,dental-aesthetics,no,"אין סוג ראשי בגוגל; סוגים נוספים בגוגל: Cosmetic dentist -> אסתטיקה דנטלית, Teeth whitening service -> אסתטיקה דנטלית; טיפולים: אסתטיקה דנטלית 3"
4b1656de-cc8c-4627-a046-c631d80bc15a,f891816e-6a01-419a-8508-f6bfad688354,קרולין אופק,תל אביב–יפו,no,facials,facials,no,סוג ראשי בגוגל: beautician (כללי) -> קוסמטיקה וטיפולי פנים
204e706a-4cbe-41b4-9775-c2479e341c38,46e3c405-f43f-4c54-8e69-3405d446ad25,קרנית מלמד - המרכז לטיפולי קוסמטיקה רפואית,תל אביב–יפו,no,facials,facials,no,"השם מעיד על קוסמטיקה וטיפולי פנים; סוג ראשי בגוגל: beauty_salon (כללי) -> קוסמטיקה וטיפולי פנים; טיפולים: קוסמטיקה וטיפולי פנים 39, איפור קבוע 8"
6f9f5d06-e5d9-4e93-a694-8ed01555e8b3,2e9b1d49-a617-44d9-a0a1-cb4c51dd3a4f,רונית רפאל מדע היופי - תל אביב,תל אביב–יפו,no,facials,facials,no,סוג ראשי בגוגל: skin_care_clinic -> קוסמטיקה וטיפולי פנים/אסתטיקה רפואית
03d02f97-5eab-4864-b43f-573a7877de61,2b6edc19-53a1-4177-af5f-f621c4fd05a3,"רופא שיניים בתל אביב - מרפאת לובנדנט בע""מ",תל אביב–יפו,no,dental-aesthetics,dental-aesthetics,no,השם מעיד על אסתטיקה דנטלית; אין סוג ראשי בגוגל; סוגים נוספים בגוגל: Cosmetic dentist -> אסתטיקה דנטלית
273bd517-90d2-4e5f-b818-66fd569936b7,31cd10f7-8728-4caf-b8d5-a52fafdfb6bf,רעות ששון – עיצוב גבות ואיפור קבוע בצפון תל אביב,תל אביב–יפו,no,permanent-makeup,permanent-makeup,no,"השם מעיד על גבות וריסים, איפור קבוע; סוג ראשי בגוגל: permanent_make_up_clinic -> איפור קבוע; סוגים נוספים בגוגל: Beauty salon -> קוסמטיקה וטיפולי פנים, Eyelash salon -> גבות וריסים, Hair removal service -> הסרת שיער; טיפולים: איפור קבוע 6, גבות וריסים 5"
61c4728b-18f6-4ee5-9709-fa3344f7b0ef,4d762de1-9a81-4671-bffb-f9b1967c5ca4,ALMA Wellness & Beauty || עלמה טיפוח ויופי,ירושלים,no,hair-removal,hair-removal,no,"סוג ראשי בגוגל: beauty_salon (כללי) -> קוסמטיקה וטיפולי פנים; סוגים נוספים בגוגל: Hair removal service -> הסרת שיער, Nail salon -> ציפורניים, מניקור ופדיקור"
f75000f6-a396-45c7-a2e8-cecb04ff92e7,affa852f-897f-4aff-91e0-54db4aa95930,Aesthetic-beauty complex,ירושלים,no,facials,facials,no,השם מעיד על קוסמטיקה וטיפולי פנים; סוג ראשי בגוגל: beauty_salon (כללי) -> קוסמטיקה וטיפולי פנים
18c1ade7-1734-4517-b786-6f62815b8ef4,a1e2d744-aa4c-4d17-ab6a-0de5ac867049,BeautyMark Boutique Salon,ירושלים,no,facials,facials,no,סוג ראשי בגוגל: beauty_salon (כללי) -> קוסמטיקה וטיפולי פנים
41375e2f-0bd4-400f-96cf-30bf521b22a4,596e300c-d01d-4ec8-891d-0e6ee56e46eb,Dr Haim Aseriel Dentist,ירושלים,no,dental-aesthetics,dental-aesthetics,no,השם מעיד על אסתטיקה דנטלית; אין סוג ראשי בגוגל; סוגים נוספים בגוגל: Teeth whitening service -> אסתטיקה דנטלית
24736d49-e77b-4423-b152-7ed073d3c7dd,0081ebe3-6c63-42d6-9bb1-44546565dbd7,Dr. Allan Schuman - ד״ר אלן שומן,ירושלים,no,dental-aesthetics,dental-aesthetics,no,אין סוג ראשי בגוגל; סוגים נוספים בגוגל: Cosmetic dentist -> אסתטיקה דנטלית
0513a222-50db-4648-a7f2-27b501f78661,20a24fa8-bedc-40af-a6f3-a3e0e700c69d,Dr. Ari Greenspan- דר ארי גרינספן,ירושלים,no,dental-aesthetics,dental-aesthetics,no,אין סוג ראשי בגוגל; סוגים נוספים בגוגל: Cosmetic dentist -> אסתטיקה דנטלית; טיפולים: אסתטיקה דנטלית 4
56227117-60c8-4800-97c5-334c598cb988,bf12f724-845c-4018-a0ac-ca5567cdf258,EL Studio,ירושלים,no,facials,facials,no,סוג ראשי בגוגל: skin_care_clinic -> קוסמטיקה וטיפולי פנים/אסתטיקה רפואית
71bf7ac5-f9ff-47a0-8d09-e8f3e5c29355,33be95d4-1a3e-4570-9ac1-4ae1268e8977,Frida Brow Bar,ירושלים,no,brows-lashes,brows-lashes,no,השם מעיד על גבות וריסים; סוג ראשי בגוגל: beauty_salon (כללי) -> קוסמטיקה וטיפולי פנים
399c0c11-e4e5-4bc8-a3c9-ae664925d2d8,fcbfeb13-07c9-4caa-9632-ea516328bb2a,Glamour Nails,ירושלים,no,nails,nails,no,"השם מעיד על ציפורניים, מניקור ופדיקור; סוג ראשי בגוגל: beauty_salon (כללי) -> קוסמטיקה וטיפולי פנים; טיפולים: ציפורניים, מניקור ופדיקור 2"
a92abc67-b223-475f-9aa5-823944347e83,479cd88f-6d43-4a3c-9bd2-bfd7f1f4e80b,"Ilana - Nail, Cosmetic & Lounge",ירושלים,no,nails,nails,no,"השם מעיד על ציפורניים, מניקור ופדיקור; סוג ראשי בגוגל: beauty_salon (כללי) -> קוסמטיקה וטיפולי פנים; סוגים נוספים בגוגל: Facial spa -> קוסמטיקה וטיפולי פנים, Laser hair removal service -> הסרת שיער; טיפולים: ציפורניים, מניקור ופדיקור 2, הסרת שיער 2"
a07940fb-4986-473f-89c5-d118f03d4538,d455e899-bef9-4c84-ac48-e8036ecbecd0,Jamil Samara,ירושלים,no,facials,facials,no,סוג ראשי בגוגל: beauty_salon (כללי) -> קוסמטיקה וטיפולי פנים
23851dac-950a-4921-8adf-4e599b63d49b,15de9f04-c4c7-4a48-ad01-541a7f5dd105,Jerusalem Dental - Dr. Simone Landau,ירושלים,no,dental-aesthetics,dental-aesthetics,no,השם מעיד על אסתטיקה דנטלית; אין סוג ראשי בגוגל; סוגים נוספים בגוגל: Cosmetic dentist -> אסתטיקה דנטלית; טיפולים: אסתטיקה דנטלית 8
439d0877-bd4e-492d-984e-1adc368a2044,5a91e694-2b67-4bf9-87f1-e28e5d1f2e22,Jerusalem Dentist Dr. Ari Abramson / American Dentist in Jerusalem,ירושלים,no,dental-aesthetics,dental-aesthetics,no,השם מעיד על אסתטיקה דנטלית; אין סוג ראשי בגוגל; סוגים נוספים בגוגל: Teeth whitening service -> אסתטיקה דנטלית; טיפולים: אסתטיקה דנטלית 8
dfc827a2-dce5-443f-ae8e-7e470958de3a,99be92e1-f902-41cd-b4d3-95c3d2ce7898,Ka,ירושלים,no,facials,facials,no,סוג ראשי בגוגל: beauty_salon (כללי) -> קוסמטיקה וטיפולי פנים
6acd53e7-c7dd-4f0e-ac27-174c3f86203c,072f388b-5963-475d-81a8-84a16af93b09,Koby atar,ירושלים,no,hair-salons,hair-salons,no,"סוג ראשי בגוגל: unisex_hairdresser -> מספרות ועיצוב שיער; סוגים נוספים בגוגל: Beautician -> קוסמטיקה וטיפולי פנים; טיפולים: ציפורניים, מניקור ופדיקור 3 (3 עם מחיר), מספרות ועיצוב שיער 3 (3 עם מחיר)"
c8f650e3-58c6-4bac-9162-07f10feedbc9,f33c1153-74cc-4454-aea5-8555e3d80b24,"Kurer Jackson Dental Office, Jerusalem",ירושלים,no,dental-aesthetics,dental-aesthetics,no,"השם מעיד על אסתטיקה דנטלית; אין סוג ראשי בגוגל; סוגים נוספים בגוגל: Cosmetic dentist -> אסתטיקה דנטלית, Teeth whitening service -> אסתטיקה דנטלית; טיפולים: אסתטיקה דנטלית 6, כירורגיה פלסטית 2"
e0469315-2d1c-4f70-a6f9-f9dbdea9e88e,61b553fb-ce13-4cda-a0b0-1dc33da08d55,LaVita Cosmetics,ירושלים,no,facials,facials,no,סוג ראשי בגוגל: beauty_salon (כללי) -> קוסמטיקה וטיפולי פנים
f1174e71-54e4-4766-a118-285845ebc591,0007b251-d4dd-4679-b335-9e1527bbaead,Laka,ירושלים,no,facials,facials,no,סוג ראשי בגוגל: beauty_salon (כללי) -> קוסמטיקה וטיפולי פנים
ab021394-269e-4242-a54d-8265e7edf6d2,cd94a57a-e52c-421a-aa8d-d87b799f597b,Lumiere לומייר,ירושלים,no,facials,facials,no,"סוג ראשי בגוגל: beauty_salon (כללי) -> קוסמטיקה וטיפולי פנים; טיפולים: הסרת שיער 9, עיצוב וחיטוב הגוף 5"
50d8978d-c9aa-4874-88ca-0ac4f32369f9,fcb84cf4-de63-4581-9fe5-0e85b1587100,MAC Cosmetics Mamila,ירושלים,no,facials,facials,no,"אין סוג ראשי בגוגל; סוגים נוספים בגוגל: Beauty salon -> קוסמטיקה וטיפולי פנים, Eyebrow bar -> גבות וריסים; טיפולים: איפור מקצועי 1"
280d4bab-5a4b-4d15-aecf-b78a4e666b31,18fa65ac-50af-45a2-92e3-60d29b5c630c,Merizian's Nailux,ירושלים,no,nails,nails,no,"סוג ראשי בגוגל: nail_salon -> ציפורניים, מניקור ופדיקור; סוגים נוספים בגוגל: Facial spa -> קוסמטיקה וטיפולי פנים; טיפולים: ציפורניים, מניקור ופדיקור 14, קוסמטיקה וטיפולי פנים 1"
c3847498-4400-48fe-970e-6356d47c1bba,9e8f000a-4c66-48ef-983c-a9075d2704ce,Mona Medical Jerusalem - מונה מדיקל ירושלים,ירושלים,no,facials,facials,no,"סוג ראשי בגוגל: facial_spa -> קוסמטיקה וטיפולי פנים; סוגים נוספים בגוגל: Beauty salon -> קוסמטיקה וטיפולי פנים, Laser hair removal service -> הסרת שיער, Nail salon -> ציפורניים, מניקור ופדיקור, Skin care clinic -> קוסמטיקה וטיפולי פנים/אסתטיקה רפואית; טיפולים: ציפורניים, מניקור ופדיקור 5, שיזוף 3"
2f3790bc-996a-4100-979e-c7b2d32835ed,5aaafe51-913b-4963-a061-42df41c49af0,Nail Queen Express Salon נייל קווין אקספרס,ירושלים,no,nails,nails,no,"השם מעיד על ציפורניים, מניקור ופדיקור; סוג ראשי בגוגל: nail_salon -> ציפורניים, מניקור ופדיקור; סוגים נוספים בגוגל: Beauty salon -> קוסמטיקה וטיפולי פנים, Facial spa -> קוסמטיקה וטיפולי פנים, Laser hair removal service -> הסרת שיער; טיפולים: ציפורניים, מניקור ופדיקור 2"
8d164bc5-8244-4477-9fb9-124432b29517,48ea8ca7-33c4-4e4a-b2de-4724df1c273d,Natalie landes מרכז הדרכה לקוסמטיקאיות | רופאי עור | קליניקה לשיקום והצערת העור,ירושלים,no,facials,facials,no,"השם מעיד על קוסמטיקה וטיפולי פנים; סוג ראשי בגוגל: beautician (כללי) -> קוסמטיקה וטיפולי פנים; סוגים נוספים בגוגל: Beauty salon -> קוסמטיקה וטיפולי פנים, Skin care clinic -> קוסמטיקה וטיפולי פנים/אסתטיקה רפואית"
f241f370-6ea1-43ec-b38b-7c7523fb71ee,c577dbf3-a093-442b-9acd-f76012d1353f,Rami Hair,ירושלים,no,hair-salons,hair-salons,no,השם מעיד על מספרות ועיצוב שיער; סוג ראשי בגוגל: unisex_hairdresser -> מספרות ועיצוב שיער; סוגים נוספים בגוגל: Beautician -> קוסמטיקה וטיפולי פנים; טיפולים: מספרות ועיצוב שיער 15
3707219a-6740-4f89-ae39-5ab8dafcf3e2,f730b96e-178c-4549-86e7-206a0998dc12,Revistyle,ירושלים,no,brows-lashes,brows-lashes,no,סוג ראשי בגוגל: beauty_salon (כללי) -> קוסמטיקה וטיפולי פנים; סוגים נוספים בגוגל: Eyebrow bar -> גבות וריסים; טיפולים: גבות וריסים 3
81fb0d53-3c9c-4fb1-a60f-bdf8ec564f5a,b0263255-6264-4159-bd26-0756ec6aeffe,Sagit's Place,ירושלים,no,facials,facials,no,סוג ראשי בגוגל: beauty_salon (כללי) -> קוסמטיקה וטיפולי פנים
024f769b-b247-4ae4-a7c1-ae13024fba6a,00e475b3-1256-4719-9452-609212b20416,Sharon Cosmetics,ירושלים,no,facials,facials,no,סוג ראשי בגוגל: beauty_salon (כללי) -> קוסמטיקה וטיפולי פנים
fd7b2f26-1d99-4858-bffe-51c089a38b17,de64b0a4-2b73-44bf-88f8-335e5b51a6e3,Shlomi Sun,ירושלים,no,hair-salons,hair-salons,no,"סוג ראשי בגוגל: beautician (כללי) -> קוסמטיקה וטיפולי פנים; סוגים נוספים בגוגל: Barber shop -> מספרות ועיצוב שיער, Hair removal service -> הסרת שיער; טיפולים: מספרות ועיצוב שיער 4, הסרת שיער 2"
acf24c9a-9067-4a75-ab2a-5f7dc593fa7e,e8e9fa1b-b279-4e8d-b990-f14eb6e652fd,Spa Barak,ירושלים,no,spa-massage,spa-massage,no,"השם מעיד על ספא ועיסויים; סוג ראשי בגוגל: spa -> ספא ועיסויים; סוגים נוספים בגוגל: Massage spa -> ספא ועיסויים, Medical spa -> אסתטיקה רפואית; טיפולים: ספא ועיסויים 1"
78898d49-00d3-4100-bc50-4bb9aa734998,25f4f69f-6b66-4a0e-afdf-0e1d32c29658,Sreter Clinic | מרפאת שיניים בירושלים | מומחה לשיקום הפה והשתלות שיניים,ירושלים,no,dental-aesthetics,dental-aesthetics,no,"השם מעיד על אסתטיקה דנטלית; אין סוג ראשי בגוגל; סוגים נוספים בגוגל: Cosmetic dentist -> אסתטיקה דנטלית, Teeth whitening service -> אסתטיקה דנטלית; טיפולים: אסתטיקה דנטלית 1 (1 עם מחיר)"
ed8fb205-4a69-4417-b1da-ab321eaf00c6,92d830a4-48d1-46da-bce9-d5f4fe286362,Topnail,ירושלים,no,facials,facials,no,סוג ראשי בגוגל: beauty_salon (כללי) -> קוסמטיקה וטיפולי פנים
ca1800ad-7837-4f38-bce2-ce2f5cecad87,c3761f3a-db93-4819-8806-4a1429ea64d1,אבישג מכון יופי,ירושלים,no,facials,facials,no,סוג ראשי בגוגל: beauty_salon (כללי) -> קוסמטיקה וטיפולי פנים
529b8d06-ebba-4cde-a70a-d3ee0c12fb03,f85fee0c-5b45-4ce2-9fcb-af6900c28068,אור-אלי מאפרת Aurelie make up artist,ירושלים,no,makeup,makeup,no,השם מעיד על איפור מקצועי; סוג ראשי בגוגל: beauty_salon (כללי) -> קוסמטיקה וטיפולי פנים; טיפולים: איפור מקצועי 6
fdca4583-7ef2-4ec1-9623-209546fecdac,2628b9a6-1493-4982-a96b-f4d70d449fcd,אורן הספר,ירושלים,no,hair-salons,hair-salons,no,סוג ראשי בגוגל: hair_salon -> מספרות ועיצוב שיער; סוגים נוספים בגוגל: Beautician -> קוסמטיקה וטיפולי פנים; טיפולים: מספרות ועיצוב שיער 4
e299df74-898b-4829-ae1c-b529ddf0571d,cb43953b-db3d-4622-a7cf-e64347a953ed,אלישבע חי לוי - מאפרת ומסרקת בירושלים,ירושלים,no,makeup,makeup,no,"השם מעיד על איפור מקצועי; סוג ראשי בגוגל: beauty_salon (כללי) -> קוסמטיקה וטיפולי פנים; טיפולים: מספרות ועיצוב שיער 2, איפור מקצועי 1"
90368c46-3272-4158-8922-c5fe5b797e0c,1d2361c5-6847-4599-a033-d6691d323199,אמירה צדקיהו - קוסמטיקה פרא רפואית מתקדמת,ירושלים,no,facials,facials,no,"השם מעיד על קוסמטיקה וטיפולי פנים; סוג ראשי בגוגל: beauty_salon (כללי) -> קוסמטיקה וטיפולי פנים; סוגים נוספים בגוגל: Beautician -> קוסמטיקה וטיפולי פנים; טיפולים: קוסמטיקה וטיפולי פנים 6, הסרת שיער 4"
b171d073-06d8-4833-b940-d3e7df1d705f,6013bc78-dee6-489a-ba18-3cb97249d91d,אניגמה- מרכז לאסתטיקה מתקדמת,ירושלים,no,facials,facials,no,סוג ראשי בגוגל: beautician (כללי) -> קוסמטיקה וטיפולי פנים; טיפולים: קוסמטיקה וטיפולי פנים 1
a0d58569-3d9b-4912-8e15-5197580ba046,e2750265-3eab-4213-9caa-c75c2c1d8354,"אפילוג'יק בע""מ - המרכז לרפואת עור אסתטית",ירושלים,no,facials,facials,no,סוג ראשי בגוגל: skin_care_clinic -> קוסמטיקה וטיפולי פנים/אסתטיקה רפואית
74716d36-7517-4c65-b75a-0a4bc38a8a4f,fe77c04e-6394-4827-888f-b6aeeb0e84bf,אתי פרץ הסרת שיער בלייזר/ טיפול בפטרת ציפורניים / מחלות עור,ירושלים,no,hair-removal,hair-removal,no,"השם מעיד על הסרת שיער, ציפורניים, מניקור ופדיקור; סוג ראשי בגוגל: beauty_salon (כללי) -> קוסמטיקה וטיפולי פנים; טיפולים: הסרת שיער 8, ציפורניים, מניקור ופדיקור 7"
9983b660-c78a-46bf-99e1-97053e187980,0b1b6859-eacd-4f5b-9266-48c86d9eb1ba,אתי קוסמטיקה,ירושלים,no,facials,facials,no,"השם מעיד על קוסמטיקה וטיפולי פנים; סוג ראשי בגוגל: beauty_salon (כללי) -> קוסמטיקה וטיפולי פנים; סוגים נוספים בגוגל: Beautician -> קוסמטיקה וטיפולי פנים, Nail salon -> ציפורניים, מניקור ופדיקור"
f68013a0-04c0-49e8-b3d0-1f40ffcf374b,fa3023d8-4356-4fbe-af48-e30868fd1ce9,בר מדיקל קליניקה לייזר,ירושלים,no,body-contouring,body-contouring,no,"סוג ראשי בגוגל: beauty_salon (כללי) -> קוסמטיקה וטיפולי פנים; טיפולים: עיצוב וחיטוב הגוף 5, שיזוף 3"
766ca36a-70f5-4e09-8d51-b790f26abcfc,a28725fe-48c2-4c14-8b98-8d6960437d96,"ד""ר אסף סדובסקי מרפאת שיניים בירושלים Dr.Sadovsky Jerusalem Dentist",ירושלים,no,dental-aesthetics,dental-aesthetics,no,השם מעיד על אסתטיקה דנטלית; אין סוג ראשי בגוגל; סוגים נוספים בגוגל: Cosmetic dentist -> אסתטיקה דנטלית
e14c230a-75f6-4d2c-8eca-e019cad04994,842b18c3-aa66-49ab-b837-06be169ee6a2,"ד""ר הלל ברוך - רופא שיניים בירושלים | מומחה בשיקום הפה | השתלות שיניים | ציפוי שיניים",ירושלים,no,dental-aesthetics,dental-aesthetics,no,השם מעיד על אסתטיקה דנטלית; אין סוג ראשי בגוגל; סוגים נוספים בגוגל: Teeth whitening service -> אסתטיקה דנטלית
3db700be-f40a-4b39-b5ba-953f2c8c7046,16989dc3-e8e7-4d1c-a47a-915334f9d54f,"ד""ר צחי שטרק - מרפאת שיניים בירושלים",ירושלים,no,dental-aesthetics,dental-aesthetics,no,השם מעיד על אסתטיקה דנטלית; אין סוג ראשי בגוגל; סוגים נוספים בגוגל: Cosmetic dentist -> אסתטיקה דנטלית; טיפולים: אסתטיקה דנטלית 4
cd62b6e7-4291-46a8-976e-e186e0f23712,35b028c4-9a5e-4c4e-a7f6-b257273c9526,דנט פרימיום - מרפאת שיניים ירושלים,ירושלים,no,dental-aesthetics,dental-aesthetics,no,השם מעיד על אסתטיקה דנטלית; אין סוג ראשי בגוגל; סוגים נוספים בגוגל: Teeth whitening service -> אסתטיקה דנטלית
f90893f2-81c8-4e33-9d0f-24fc754f367f,1dea3ca4-8bac-433e-9dca-160c879cb2c1,ד”ר דבורה ושלום חסן – מרפאה לאסתטיקה דנטלית והשתלות שיניים בירושלים,ירושלים,no,dental-aesthetics,dental-aesthetics,no,השם מעיד על אסתטיקה דנטלית; אין סוג ראשי בגוגל; סוגים נוספים בגוגל: Cosmetic dentist -> אסתטיקה דנטלית; טיפולים: אסתטיקה דנטלית 1
f0f9dba4-9a04-4e42-be8a-6ac91d5c4f9e,78bbf114-2d47-46a7-9bba-4252fbb2fb86,הילה חדאד - מאפרת כלות וערב | Hila Hadad - Bridal makeup and events,ירושלים,no,makeup,makeup,no,השם מעיד על איפור מקצועי; סוג ראשי בגוגל: beauty_salon (כללי) -> קוסמטיקה וטיפולי פנים; טיפולים: איפור מקצועי 3
fe0ab9cf-8c30-494d-af75-c8d26c2a1366,214c470e-9174-4e51-86d8-a9ecc5b3061c,ולריה יחזקאלי קוסמטיקאית,ירושלים,no,facials,facials,no,"השם מעיד על קוסמטיקה וטיפולי פנים; סוג ראשי בגוגל: beauty_salon (כללי) -> קוסמטיקה וטיפולי פנים; סוגים נוספים בגוגל: Beautician -> קוסמטיקה וטיפולי פנים, Skin care clinic -> קוסמטיקה וטיפולי פנים/אסתטיקה רפואית; טיפולים: קוסמטיקה וטיפולי פנים 4"
74e99203-65a4-4869-95ff-37722e8e804b,29eb68dd-175a-4bd6-b5e8-1d415c5d32d1,טיפולי פנים ועיסויים בירושלים - ספא תמר,ירושלים,no,spa-massage,facials,yes,"השם מעיד על ספא ועיסויים, קוסמטיקה וטיפולי פנים; סוג ראשי בגוגל: facial_spa -> קוסמטיקה וטיפולי פנים; סוגים נוספים בגוגל: Day spa -> ספא ועיסויים, Spa -> ספא ועיסויים"
22e35abc-8e7e-4cf6-8a7c-d87357306bdf,50c90361-319d-4fed-8478-c71d541d62a7,יעלת חן מכון יופי וקוסמטיקה רפואית - מבית יפה לארי,ירושלים,no,facials,facials,no,השם מעיד על קוסמטיקה וטיפולי פנים; סוג ראשי בגוגל: beautician (כללי) -> קוסמטיקה וטיפולי פנים; סוגים נוספים בגוגל: Beauty salon -> קוסמטיקה וטיפולי פנים; טיפולים: קוסמטיקה וטיפולי פנים 1
af9cb36c-217a-4c9e-8cff-b8a227765b10,93990464-2803-4326-a2bb-0d46526ccfda,מאק מלחה ירושלים,ירושלים,no,facials,facials,no,"אין סוג ראשי בגוגל; סוגים נוספים בגוגל: Beauty salon -> קוסמטיקה וטיפולי פנים, Eyebrow bar -> גבות וריסים; טיפולים: איפור מקצועי 1"
2a8f80d3-f075-4636-b1da-0a5f79f0175e,7a8f02e4-85f2-4b41-88a9-f460590fa13e,מוטי מספרה,ירושלים,no,hair-salons,hair-salons,no,"השם מעיד על מספרות ועיצוב שיער; סוג ראשי בגוגל: barber_shop -> מספרות ועיצוב שיער; סוגים נוספים בגוגל: Beauty salon -> קוסמטיקה וטיפולי פנים, Nail salon -> ציפורניים, מניקור ופדיקור; טיפולים: מספרות ועיצוב שיער 8"
aae9ac80-7926-4dde-8b77-df39eb09027f,c1e13fb3-6bfc-4674-8a89-c872fa44d0f5,מינה קוסמטיקה,ירושלים,no,facials,facials,no,השם מעיד על קוסמטיקה וטיפולי פנים; סוג ראשי בגוגל: beauty_salon (כללי) -> קוסמטיקה וטיפולי פנים
434a00a9-5e50-4ec5-a092-2fc749646e66,0dc1fd40-ab55-4528-866c-3e876e5e9427,מכון יופי | Hei5 Beauty Salon,ירושלים,no,facials,facials,no,סוג ראשי בגוגל: beauty_salon (כללי) -> קוסמטיקה וטיפולי פנים; טיפולים: קוסמטיקה וטיפולי פנים 1
3876646c-0116-467b-8b38-d119c498b9ca,e06daae3-5c72-427a-9d21-b9917f05b480,מספרה - אנה עיצוב שיער | парикмахерский салон - Анна дизайнер волос,ירושלים,no,hair-salons,hair-salons,no,"השם מעיד על מספרות ועיצוב שיער; סוג ראשי בגוגל: unisex_hairdresser -> מספרות ועיצוב שיער; סוגים נוספים בגוגל: Barber shop -> מספרות ועיצוב שיער, Beautician -> קוסמטיקה וטיפולי פנים"
f3914e2d-b1b0-450c-b61d-fe60b941ec51,bc94376e-35f3-4623-b660-b8e79b57d33a,"מספרה, עיצוב שיער ומכון יופי ""גזום"" ""Hair style & beauty salon ""Gazoom",ירושלים,no,hair-salons,hair-salons,no,"השם מעיד על מספרות ועיצוב שיער; סוג ראשי בגוגל: hair_salon -> מספרות ועיצוב שיער; סוגים נוספים בגוגל: Barber shop -> מספרות ועיצוב שיער, Beauty salon -> קוסמטיקה וטיפולי פנים, Nail salon -> ציפורניים, מניקור ופדיקור; טיפולים: מספרות ועיצוב שיער 2"
514551f5-a253-404a-8f31-05def12b8e32,19096f4f-5b3a-44b3-8e83-ab0bc6d15122,מספרת לידיה,ירושלים,no,hair-salons,hair-salons,no,השם מעיד על מספרות ועיצוב שיער; סוג ראשי בגוגל: hair_salon -> מספרות ועיצוב שיער; סוגים נוספים בגוגל: Beauty salon -> קוסמטיקה וטיפולי פנים; טיפולים: מספרות ועיצוב שיער 2
e8a59b45-b4b1-43b2-aaa6-fe94d500d17d,28587492-543a-45a9-bca3-440c068d896e,מרים ללוש ירושלים,ירושלים,no,permanent-makeup,permanent-makeup,no,סוג ראשי בגוגל: beauty_salon (כללי) -> קוסמטיקה וטיפולי פנים; טיפולים: איפור קבוע 3
5ade1c05-58d7-48b6-af77-db146059c585,2bd73be2-df4d-4e03-95bf-02a585ae7ca4,"מרפאות שיניים ד""ר אברהם ד""ר יצחק מושיחוב",ירושלים,no,dental-aesthetics,dental-aesthetics,no,השם מעיד על אסתטיקה דנטלית; אין סוג ראשי בגוגל; סוגים נוספים בגוגל: Cosmetic dentist -> אסתטיקה דנטלית; טיפולים: אסתטיקה דנטלית 4
70e076bf-6e11-48ee-8481-28eee8174320,e81102a8-cd8f-42b8-a845-2ead01fa18c4,"מרפאת שיניים בירושלים - ד""ר איתן אוראל - מומחה לשיקום הפה אסתטיקה והשתלות",ירושלים,no,dental-aesthetics,dental-aesthetics,no,השם מעיד על אסתטיקה דנטלית; אין סוג ראשי בגוגל; סוגים נוספים בגוגל: Cosmetic dentist -> אסתטיקה דנטלית; טיפולים: אסתטיקה דנטלית 2
c7743870-8324-4ca6-90f0-0b4360943f8e,8e6eff31-276a-4d9a-942b-f3b7479562d2,מרפאת שיניים בירושלים ד''ר סטלה הייזלר - שיקום הפה | ציפוי שיניים | השתלות שיניים ושתלים דנטליים,ירושלים,no,dental-aesthetics,dental-aesthetics,no,"השם מעיד על אסתטיקה דנטלית; אין סוג ראשי בגוגל; סוגים נוספים בגוגל: Cosmetic dentist -> אסתטיקה דנטלית, Teeth whitening service -> אסתטיקה דנטלית; טיפולים: אסתטיקה דנטלית 10, קוסמטיקה וטיפולי פנים 3"
257b2ba4-596f-4b1f-a4a6-e951eb286ab5,da72002e-ef40-436b-a5de-d5a803176f1d,נטלי טיפולי אסתטיקה מתקדמים,ירושלים,no,facials,facials,no,"סוג ראשי בגוגל: beauty_salon (כללי) -> קוסמטיקה וטיפולי פנים; סוגים נוספים בגוגל: Beautician -> קוסמטיקה וטיפולי פנים, Facial spa -> קוסמטיקה וטיפולי פנים, Hair removal service -> הסרת שיער, Laser hair removal service -> הסרת שיער, Nail salon -> ציפורניים, מניקור ופדיקור, Skin care clinic -> קוסמטיקה וטיפולי פנים/אסתטיקה רפואית, Waxing hair removal service -> הסרת שיער"
6786caf0-47ae-4a84-bae1-fac49140f56b,1cfc12aa-e4b5-461a-a497-41038c87ffed,נינה מאר - קוסמטיקה טבעית מתקדמת,ירושלים,no,facials,facials,no,השם מעיד על קוסמטיקה וטיפולי פנים; סוג ראשי בגוגל: beautician (כללי) -> קוסמטיקה וטיפולי פנים; טיפולים: קוסמטיקה וטיפולי פנים 1
a025876e-9c79-4ff6-8a0b-957583e34551,93d21a92-49c4-43b6-bb70-afca304f5a68,ספארקל,ירושלים,no,facials,facials,no,סוג ראשי בגוגל: beauty_salon (כללי) -> קוסמטיקה וטיפולי פנים
3fa7fc89-913f-4fc5-8ce0-cf68332c770a,8a11633e-439d-4131-8978-9909f8f2969f,ערן לוי ספר,ירושלים,no,hair-salons,hair-salons,no,סוג ראשי בגוגל: barber_shop -> מספרות ועיצוב שיער; סוגים נוספים בגוגל: Beauty salon -> קוסמטיקה וטיפולי פנים; טיפולים: מספרות ועיצוב שיער 4
b9f2bea9-69fc-426a-8e8c-eac6cc50dbbc,085b6a39-9a43-414f-ba1c-aaa22eb6e63c,פרסי קוסמטיקה - ירושלים,ירושלים,no,facials,facials,no,"השם מעיד על קוסמטיקה וטיפולי פנים; סוג ראשי בגוגל: skin_care_clinic -> קוסמטיקה וטיפולי פנים/אסתטיקה רפואית; טיפולים: קוסמטיקה וטיפולי פנים 6, הסרת שיער 5 (1 עם מחיר)"
0392b046-0642-48e0-8654-2ef5d96df77f,7898a0cc-0647-42f0-a31f-337f1c2d57cc,קוסמטיקאית קלינית בירושלים | אליס המרכז לטיפולים קוסמטיים,ירושלים,no,hair-removal,facials,yes,"השם מעיד על קוסמטיקה וטיפולי פנים; סוג ראשי בגוגל: beauty_salon (כללי) -> קוסמטיקה וטיפולי פנים; סוגים נוספים בגוגל: Facial spa -> קוסמטיקה וטיפולי פנים, Hair removal service -> הסרת שיער, Laser hair removal service -> הסרת שיער, Nail salon -> ציפורניים, מניקור ופדיקור, Waxing hair removal service -> הסרת שיער; טיפולים: הסרת שיער 9, איפור קבוע 5"
bb77b8d6-40ff-4a30-8197-5d70b4ba6f52,30b9e9c0-c0c5-4a53-b2a6-a31bf6309dcf,רבקי בלאו קוסמטיקה Rivky Blau,ירושלים,no,facials,facials,no,"השם מעיד על קוסמטיקה וטיפולי פנים; סוג ראשי בגוגל: beauty_salon (כללי) -> קוסמטיקה וטיפולי פנים; טיפולים: קוסמטיקה וטיפולי פנים 8, הסרת שיער 3"
c682f8e0-b248-4817-bbb2-58354981e815,62003c87-a1df-4e38-b917-7b5ca6c8c797,רחלי זלץ טיפולי פנים מתקדמים,ירושלים,no,facials,facials,no,השם מעיד על קוסמטיקה וטיפולי פנים; סוג ראשי בגוגל: beautician (כללי) -> קוסמטיקה וטיפולי פנים
e6ac6748-fb60-457b-9c03-4107dbace95f,f7c9300a-6cfe-4ef3-9f92-c345ce456556,תמר חן - קוסמטיקאית רפואית,ירושלים,no,facials,facials,no,השם מעיד על קוסמטיקה וטיפולי פנים; סוג ראשי בגוגל: beautician (כללי) -> קוסמטיקה וטיפולי פנים; טיפולים: קוסמטיקה וטיפולי פנים 1
ab98bcb0-8fae-494b-b8f7-15be03de90bd,02d62cb7-94dd-4d51-96fa-b10683da910d,Dalia Institute of Cosmetic,מבשרת ציון,no,hair-removal,hair-removal,no,סוג ראשי בגוגל: beauty_salon (כללי) -> קוסמטיקה וטיפולי פנים; טיפולים: הסרת שיער 2
1e362460-7fb8-4408-95fe-6929a544426b,374b234e-15a2-4367-89a2-9f65b54d796b,"Dr Debora Cohen ד""ר דבורה כהן",מבשרת ציון,no,facials,facials,no,סוג ראשי בגוגל: skin_care_clinic -> קוסמטיקה וטיפולי פנים/אסתטיקה רפואית
4ded3652-60b4-4105-85fa-f5167ccc482a,e5734a5b-55e5-4654-9374-9c533731d265,Orit Levy Cosmetics,מבשרת ציון,no,facials,facials,no,"סוג ראשי בגוגל: beauty_salon (כללי) -> קוסמטיקה וטיפולי פנים; טיפולים: קוסמטיקה וטיפולי פנים 3, גבות וריסים 3"
cb2fe9dc-3939-477f-aedd-2a0e60265e41,d6a7e954-e2af-4296-b003-2b2bb848795d,חן פחימה קוסמטיקאית מומחית בטיפולי אקנה-פיגמנטציה-והסרת שיער בלייזר,מבשרת ציון,no,hair-removal,hair-removal,no,"השם מעיד על הסרת שיער, קוסמטיקה וטיפולי פנים; סוג ראשי בגוגל: beautician (כללי) -> קוסמטיקה וטיפולי פנים; סוגים נוספים בגוגל: Hair removal service -> הסרת שיער, Laser hair removal service -> הסרת שיער; טיפולים: קוסמטיקה וטיפולי פנים 3"
a31a5f74-d9a6-41d5-9d5b-7f37f7ce624c,7230e850-bb77-4681-8db3-ffd47d85a398,יואל צרפתי סניף מבשרת ציון,מבשרת ציון,no,hair-salons,hair-salons,no,סוג ראשי בגוגל: hair_salon -> מספרות ועיצוב שיער; סוגים נוספים בגוגל: Beauty salon -> קוסמטיקה וטיפולי פנים; טיפולים: מספרות ועיצוב שיער 3
94a918e3-b9bc-4f0d-82cb-211146fbffd1,dbc5b2ce-0d31-4cdb-914a-2bc2b4b7c862,ליאת ועקנין | Liat Vaknin | Advanced Skin Solutions,מבשרת ציון,no,facials,facials,no,סוג ראשי בגוגל: beauty_salon (כללי) -> קוסמטיקה וטיפולי פנים
4b636eb3-ce5a-45d1-9c60-f3acc9b83c82,6228dece-b922-4389-beea-2d8dcab90fe0,נחום צבי מספרה,מבשרת ציון,no,hair-salons,hair-salons,no,השם מעיד על מספרות ועיצוב שיער; סוג ראשי בגוגל: hair_salon -> מספרות ועיצוב שיער; סוגים נוספים בגוגל: Beautician -> קוסמטיקה וטיפולי פנים; טיפולים: מספרות ועיצוב שיער 1
c877648a-e4df-4c48-9ff4-652befef1bbd,c68541b2-741c-41d7-b6df-8930807aeded,נייל בר מכון יופי • קניון הראל מבשרת ציון,מבשרת ציון,no,hair-removal,hair-removal,no,"סוג ראשי בגוגל: beauty_salon (כללי) -> קוסמטיקה וטיפולי פנים; סוגים נוספים בגוגל: Facial spa -> קוסמטיקה וטיפולי פנים, Laser hair removal service -> הסרת שיער, Nail salon -> ציפורניים, מניקור ופדיקור, Permanent make-up clinic -> איפור קבוע, Waxing hair removal service -> הסרת שיער; טיפולים: הסרת שיער 4, גבות וריסים 3"
a8dbeea5-2273-4188-b427-0925b8f82f1b,3c186741-2dd0-4bd5-bb4a-7299a94b27d3,שרה בנטולילה הרבה מעבר ליופי,מבשרת ציון,no,facials,facials,no,סוג ראשי בגוגל: skin_care_clinic -> קוסמטיקה וטיפולי פנים/אסתטיקה רפואית; סוגים נוספים בגוגל: Laser hair removal service -> הסרת שיער
ebe310e0-d606-4db2-9a0c-fd2aec7755dd,49a3dbf3-cbb3-4725-9237-dd2a17675200,בוטיק לטיפולי פנים איפור קבוע,מעלה אדומים,no,permanent-makeup,permanent-makeup,no,"השם מעיד על איפור קבוע, קוסמטיקה וטיפולי פנים; סוג ראשי בגוגל: beautician (כללי) -> קוסמטיקה וטיפולי פנים; טיפולים: איפור קבוע 3, קוסמטיקה וטיפולי פנים 1"
7b561b49-1ddd-42ec-844a-5293aa7447be,b4d58d2b-ce08-4bf2-8047-a4fcfa856522,ליאת לב אסתטיקה,מעלה אדומים,no,facials,facials,no,סוג ראשי בגוגל: beautician (כללי) -> קוסמטיקה וטיפולי פנים
8bd37a0a-a177-4d55-ad62-f98edd533a22,91a1118d-d90b-40a9-94fc-7b0c3c36fe11,"סגול - מרפאת שיניים לילדים ומבוגרים, טיפולים פרטיים",מעלה אדומים,no,dental-aesthetics,dental-aesthetics,no,"השם מעיד על אסתטיקה דנטלית; אין סוג ראשי בגוגל; סוגים נוספים בגוגל: Cosmetic dentist -> אסתטיקה דנטלית; טיפולים: גבות וריסים 2, אסתטיקה דנטלית 1"
f402c372-3135-4918-ad52-3a4241689f03,79a3e972-7790-409b-b609-74c024ac2458,L.A Aesthetics - קליניקה מתקדמת לרפואה אסתטית ד״ר עמית ליבוביץ׳,נס ציונה,no,medical-aesthetics,medical-aesthetics,no,"השם מעיד על אסתטיקה רפואית, קוסמטיקה וטיפולי פנים; סוג ראשי בגוגל: skin_care_clinic -> קוסמטיקה וטיפולי פנים/אסתטיקה רפואית; סוגים נוספים בגוגל: Beauty salon -> קוסמטיקה וטיפולי פנים; טיפולים: אסתטיקה רפואית 5"
406afe32-ff64-4a6f-8b75-f01e3dfd0e39,94e895c7-7082-4699-ab4a-bbe8c646ab31,Tom Goldin MEN Salon@Beauty -טום גולדין,נס ציונה,no,hair-salons,hair-salons,no,סוג ראשי בגוגל: unisex_hairdresser -> מספרות ועיצוב שיער; סוגים נוספים בגוגל: Beauty salon -> קוסמטיקה וטיפולי פנים; טיפולים: מספרות ועיצוב שיער 4
4873cbb6-4eaf-44ab-97bb-ace79e831014,b407da08-c1a5-4c4b-a6a2-23c92815a3e3,חן קוסמטיקס,נס ציונה,no,facials,facials,no,"השם מעיד על קוסמטיקה וטיפולי פנים; סוג ראשי בגוגל: skin_care_clinic -> קוסמטיקה וטיפולי פנים/אסתטיקה רפואית; סוגים נוספים בגוגל: Beautician -> קוסמטיקה וטיפולי פנים, Beauty salon -> קוסמטיקה וטיפולי פנים, Hair removal service -> הסרת שיער; טיפולים: הסרת שיער 1, קוסמטיקה וטיפולי פנים 1"
fef0455a-110f-455d-b4f9-c2c721a95195,749c9b92-04c4-4187-9846-724ac681c48f,סיל לייזר,נס ציונה,no,hair-removal,hair-removal,no,סוג ראשי בגוגל: laser_hair_removal_service -> הסרת שיער; סוגים נוספים בגוגל: Facial spa -> קוסמטיקה וטיפולי פנים; טיפולים: הסרת שיער 6
b9a5ba13-4179-4f21-81e6-32273fdc8813,05e5d539-54eb-41e2-a3a5-0357b91cfa8c,"""Valery Secret"" ולרי סיקרט - קליניקה ואקדמיה לטיפולים קוסמטיים ורפואיים‬‎",רחובות,no,facials,hair-removal,yes,"אין סוג ראשי בגוגל; סוגים נוספים בגוגל: Beautician -> קוסמטיקה וטיפולי פנים, Beauty salon -> קוסמטיקה וטיפולי פנים, Laser hair removal service -> הסרת שיער, Skin care clinic -> קוסמטיקה וטיפולי פנים/אסתטיקה רפואית; טיפולים: קוסמטיקה וטיפולי פנים 10, הסרת שיער 6 (1 עם מחיר)"
ea937c23-67c0-4061-8e9d-d14c4bff2fbd,f3c5dd83-360f-458e-b302-3f43c8ac252e,Duet Family,רחובות,no,spa-massage,spa-massage,no,"סוג ראשי בגוגל: beauty_salon (כללי) -> קוסמטיקה וטיפולי פנים; סוגים נוספים בגוגל: Skin care clinic -> קוסמטיקה וטיפולי פנים/אסתטיקה רפואית; טיפולים: ספא ועיסויים 6, הסרת שיער 3"
9e986911-298c-4eff-99ae-28a34c965ab9,62d946fd-3bbc-4bfc-a895-3dced0660ce2,Efrat Cosmetics,רחובות,no,facials,facials,no,סוג ראשי בגוגל: beautician (כללי) -> קוסמטיקה וטיפולי פנים
efd79cee-5f77-475a-b1ed-dce50f71f684,c491e952-e97a-4f4e-9cf6-d02a340749ca,Hadar nails | | הסרת שיער | לק ג'ל | פדיקור | ציפורן חודרנית | פדיקור טיפולי | פדיקור לגברים | שעווה | שעווה לפנים,רחובות,no,hair-removal,hair-removal,no,"השם מעיד על הסרת שיער, ציפורניים, מניקור ופדיקור; סוג ראשי בגוגל: beautician (כללי) -> קוסמטיקה וטיפולי פנים; סוגים נוספים בגוגל: Laser hair removal service -> הסרת שיער, Nail salon -> ציפורניים, מניקור ופדיקור"
5d2786e6-6991-4e5d-ae33-acc5c14ca1df,8afa9d11-2f8d-47a5-884d-839edb6be5bc,Hamam Spa Raphael,רחובות,no,spa-massage,spa-massage,no,"השם מעיד על ספא ועיסויים; אין סוג ראשי בגוגל; סוגים נוספים בגוגל: Barber shop -> מספרות ועיצוב שיער, Day spa -> ספא ועיסויים, Facial spa -> קוסמטיקה וטיפולי פנים, Medical spa -> אסתטיקה רפואית, Nail salon -> ציפורניים, מניקור ופדיקור, Spa -> ספא ועיסויים; טיפולים: ספא ועיסויים 8, מספרות ועיצוב שיער 3"
7872dd0a-5968-4bb6-9b35-c90c3d13aef1,44571512-39d9-432f-b704-052de5f583ad,Ilana Nails - ציפורניים לק ג׳ל,רחובות,no,nails,nails,no,"השם מעיד על ציפורניים, מניקור ופדיקור; סוג ראשי בגוגל: beauty_salon (כללי) -> קוסמטיקה וטיפולי פנים; סוגים נוספים בגוגל: Nail salon -> ציפורניים, מניקור ופדיקור; טיפולים: ציפורניים, מניקור ופדיקור 8"
b83ba26b-7425-4159-9057-df909d053d62,e1a9d50c-dcc5-4fbe-9a1d-daa8a1b6dff1,Liel Itzhaki • Face & Skin Care,רחובות,no,facials,facials,no,השם מעיד על קוסמטיקה וטיפולי פנים; סוג ראשי בגוגל: beauty_salon (כללי) -> קוסמטיקה וטיפולי פנים
aceb389b-b0de-49ff-a98d-cf081ed1c163,0cf10daa-6231-4464-af2f-0c9dad0bdec7,Limor Cosmetics,רחובות,no,facials,facials,no,"סוג ראשי בגוגל: beauty_salon (כללי) -> קוסמטיקה וטיפולי פנים; טיפולים: קוסמטיקה וטיפולי פנים 50, הסרת שיער 12"
1e5a59a9-62e2-4df7-912b-888583e9b02f,3e75a41a-03f3-4d98-8a56-21a89a4c7225,Liv Beauty Academy,רחובות,no,facials,facials,no,"סוג ראשי בגוגל: skin_care_clinic -> קוסמטיקה וטיפולי פנים/אסתטיקה רפואית; טיפולים: אסתטיקה רפואית 6, קוסמטיקה וטיפולי פנים 5"
47c1024a-1063-4ba4-a158-101d738de778,9814d9be-8073-4222-a5c2-2482f08a1d3a,NK Beauty Lounge,רחובות,no,facials,facials,no,סוג ראשי בגוגל: beauty_salon (כללי) -> קוסמטיקה וטיפולי פנים
a98b4fc6-2321-4a83-8ff6-5212c6b8006a,736ea499-991d-470b-af2e-bd051277db68,Perfection - Tanning and Beauty Boutique,רחובות,no,facials,facials,no,סוג ראשי בגוגל: beauty_salon (כללי) -> קוסמטיקה וטיפולי פנים
8ff08ad8-74b8-47c9-b3f9-ae9f561f6b70,967798ad-a15f-4fa3-903a-791e623c5993,Smile Center Dental Clinic Dr. David Attia,רחובות,no,dental-aesthetics,dental-aesthetics,no,השם מעיד על אסתטיקה דנטלית; אין סוג ראשי בגוגל; סוגים נוספים בגוגל: Cosmetic dentist -> אסתטיקה דנטלית; טיפולים: אסתטיקה דנטלית 14
518aa414-76c6-4658-9c05-4d138ffe0641,1fb9c05f-5135-47f9-99d7-f7be941bdb74,Stella Beauty,רחובות,no,facials,facials,no,"סוג ראשי בגוגל: beauty_salon (כללי) -> קוסמטיקה וטיפולי פנים; טיפולים: הסרת שיער 6, קוסמטיקה וטיפולי פנים 5"
262b3aab-8902-48da-a4a9-79dfa45a65e0,d95544c9-60e5-45b2-bdac-06abd65ffea8,"Svetlana Iskhakov - סלון יופי, קוסמטיקה וטיפולים משלימים",רחובות,no,facials,facials,no,השם מעיד על קוסמטיקה וטיפולי פנים; סוג ראשי בגוגל: beautician (כללי) -> קוסמטיקה וטיפולי פנים; סוגים נוספים בגוגל: Skin care clinic -> קוסמטיקה וטיפולי פנים/אסתטיקה רפואית; טיפולים: קוסמטיקה וטיפולי פנים 1
ef56aedd-eb45-4bd7-9c71-08c7c9dc3b2a,e3743894-d945-47aa-8be5-e1b6794064b7,abiglam,רחובות,no,brows-lashes,brows-lashes,no,סוג ראשי בגוגל: beautician (כללי) -> קוסמטיקה וטיפולי פנים; טיפולים: גבות וריסים 16
8fb9e0d7-d3b7-42ef-9536-9ee58e548e76,2800d02f-40a7-47ab-8cfa-486fbe2e5775,sk קוסמטיקה מתקדמת ופדיקור רפואי,רחובות,no,facials,facials,no,"השם מעיד על ציפורניים, מניקור ופדיקור, קוסמטיקה וטיפולי פנים; סוג ראשי בגוגל: skin_care_clinic -> קוסמטיקה וטיפולי פנים/אסתטיקה רפואית; סוגים נוספים בגוגל: Laser hair removal service -> הסרת שיער; טיפולים: הסרת שיער 4 (4 עם מחיר), ציפורניים, מניקור ופדיקור 3 (3 עם מחיר)"
51d24c40-41bb-4c9b-8901-e58e629d079c,a2d77ce0-e0e7-4ee9-9bc7-4f1c6cc51dc6,איילת שבתאי מאפרת ומסרקת כלות וערב,רחובות,no,makeup,makeup,no,השם מעיד על איפור מקצועי; סוג ראשי בגוגל: beauty_salon (כללי) -> קוסמטיקה וטיפולי פנים; טיפולים: איפור מקצועי 1
e6d1215b-774b-43ee-990c-42bf137ca4b3,de2484af-3b05-444a-8ab2-0bb0c9890d1b,איפור קבוע לימור לוין,רחובות,no,permanent-makeup,permanent-makeup,no,"השם מעיד על איפור קבוע; סוג ראשי בגוגל: permanent_make_up_clinic -> איפור קבוע; סוגים נוספים בגוגל: Beautician -> קוסמטיקה וטיפולי פנים, Eyelash salon -> גבות וריסים, Laser hair removal service -> הסרת שיער; טיפולים: גבות וריסים 35 (9 עם מחיר), איפור קבוע 13"
1c501b98-2f1d-41d0-820c-41ad6a1b6c09,a744997d-ef19-4d22-94ae-59f854aa8e2c,איריס פרחן - איריס ניילס - לק ג'ל ונליסה ריו קויו Iris Nails | VENALISA KOYO RIO,רחובות,no,nails,nails,no,"השם מעיד על ציפורניים, מניקור ופדיקור; אין סוג ראשי בגוגל; סוגים נוספים בגוגל: Beauty salon -> קוסמטיקה וטיפולי פנים; טיפולים: ציפורניים, מניקור ופדיקור 29, מספרות ועיצוב שיער 17"
ca5f5e76-10af-443e-b4bd-b755f9bd929a,9a6aa3be-ed73-4203-b622-a45fa327d4d5,אתי ניילס - אקדמיה לאיפור קבוע ועיצוב גבות,רחובות,no,permanent-makeup,permanent-makeup,no,"השם מעיד על גבות וריסים, איפור קבוע; סוג ראשי בגוגל: beauty_salon (כללי) -> קוסמטיקה וטיפולי פנים; סוגים נוספים בגוגל: Permanent make-up clinic -> איפור קבוע"
0ea9de80-8d53-4cc5-b31d-b34cc9023c61,62d6bd5e-9343-446f-a948-83553b547228,ולריה חייפץ - קוסמטיקאית מוסמכת ומכשור מתקדם ברחובות,רחובות,no,facials,facials,no,השם מעיד על קוסמטיקה וטיפולי פנים; סוג ראשי בגוגל: beautician (כללי) -> קוסמטיקה וטיפולי פנים
25b5ec8d-04a3-4bf4-a507-54e59fa9883d,6dab8714-8bfd-4ef0-b4dd-cb2f16104c4c,"טיפול פנים, קוסמטיקה, קוסמטיקאית - מיכל לוי",רחובות,no,facials,facials,no,השם מעיד על קוסמטיקה וטיפולי פנים; סוג ראשי בגוגל: beauty_salon (כללי) -> קוסמטיקה וטיפולי פנים; טיפולים: קוסמטיקה וטיפולי פנים 5
aa56a737-6c1e-48a3-8a80-c48666861f36,d89a4304-f973-40b2-af6f-50205bc1e795,טליה דגן קוסמטיקה roof top (רחובות),רחובות,no,facials,facials,no,השם מעיד על קוסמטיקה וטיפולי פנים; סוג ראשי בגוגל: beautician (כללי) -> קוסמטיקה וטיפולי פנים; סוגים נוספים בגוגל: Skin care clinic -> קוסמטיקה וטיפולי פנים/אסתטיקה רפואית
f099bab3-5bbb-43a6-ad64-c4a81aad71ef,2b6149cd-c0ca-435a-b5c7-2c86088d40bb,יואל - אומנות השיער,רחובות,no,hair-salons,hair-salons,no,"סוג ראשי בגוגל: barber_shop -> מספרות ועיצוב שיער; סוגים נוספים בגוגל: Beautician -> קוסמטיקה וטיפולי פנים; טיפולים: מספרות ועיצוב שיער 4, ציפורניים, מניקור ופדיקור 3"
a44cb1a7-4ccf-44d7-bc97-a352f373211b,aba6a12f-eb4a-4582-a934-19bb2ae2ba55,"יערה וקיים מאפרת | עיצוב שיער - תסרוקות | תספורות | צבע גוונים ברחובות. ""להדגיש את היופי שבך""",רחובות,no,hair-salons,hair-salons,no,"השם מעיד על מספרות ועיצוב שיער, איפור מקצועי; סוג ראשי בגוגל: makeup_artist -> איפור מקצועי; סוגים נוספים בגוגל: Barber shop -> מספרות ועיצוב שיער, Beauty salon -> קוסמטיקה וטיפולי פנים; טיפולים: מספרות ועיצוב שיער 3, איפור מקצועי 2"
f199da7e-f698-4d72-b854-2f98a3d5735e,35849ef4-d0a0-4381-8641-e5ced99ed3a1,כרמי קוסמטיקה רפואית,רחובות,no,facials,facials,no,"השם מעיד על קוסמטיקה וטיפולי פנים; סוג ראשי בגוגל: beauty_salon (כללי) -> קוסמטיקה וטיפולי פנים; טיפולים: הסרת שיער 2, ציפורניים, מניקור ופדיקור 2"
5c612873-31f2-4b4a-9e34-549e9241976f,4d562b29-df0b-4422-a0cc-dc59fa59275b,ליאת דנינו- מרכז לאסתטיקה|Liat Danino Aesthetics center,רחובות,no,facials,facials,no,"השם מעיד על קוסמטיקה וטיפולי פנים; סוג ראשי בגוגל: beauty_salon (כללי) -> קוסמטיקה וטיפולי פנים; סוגים נוספים בגוגל: Beautician -> קוסמטיקה וטיפולי פנים, Eyelash salon -> גבות וריסים, Hair removal service -> הסרת שיער, Laser hair removal service -> הסרת שיער, Nail salon -> ציפורניים, מניקור ופדיקור, Permanent make-up clinic -> איפור קבוע; טיפולים: גבות וריסים 4, הסרת שיער 2"
36cdeaf7-02e5-4ef4-a69f-871c986c7c44,0a762856-0b16-4a4d-b391-95cbd08c37f8,מירב וחן הכרמלי טיפולים קוסמטיים,רחובות,no,facials,facials,no,סוג ראשי בגוגל: beauty_salon (כללי) -> קוסמטיקה וטיפולי פנים
1b40867c-287e-4dce-b6b4-4e8b5dd39eac,ec9b02d2-61e6-4391-940c-331456759e95,מכון יופי - NINA style salon - נינה סטייל סלון,רחובות,no,facials,facials,no,"סוג ראשי בגוגל: beauty_salon (כללי) -> קוסמטיקה וטיפולי פנים; סוגים נוספים בגוגל: Beautician -> קוסמטיקה וטיפולי פנים, Nail salon -> ציפורניים, מניקור ופדיקור"
41b449c0-b80e-454e-b740-10e0903f290c,f1182006-bc8b-4245-b3b9-2b870a44cb97,מרכז רפואי מדילי,רחובות,no,plastic-surgery,plastic-surgery,no,אין סוג ראשי בגוגל; סוגים נוספים בגוגל: Plastic surgeon -> כירורגיה פלסטית; טיפולים: כירורגיה פלסטית 1
323525a3-4a88-4583-b211-da624138b112,74724c13-7499-445a-a81a-59be444dd89f,מרפאת ד״ר נייזוב | מרפאת שיניים ברחובות,רחובות,no,dental-aesthetics,dental-aesthetics,no,השם מעיד על אסתטיקה דנטלית; אין סוג ראשי בגוגל; סוגים נוספים בגוגל: Teeth whitening service -> אסתטיקה דנטלית; טיפולים: אסתטיקה דנטלית 4
2f71e123-15c4-4f6b-a23f-8b11396888e6,0d7324b6-c9f0-449f-bb7a-2cfe6954ef42,נורית בן נתן - בניית ציפורניים ברחובות,רחובות,no,nails,nails,no,"השם מעיד על ציפורניים, מניקור ופדיקור; סוג ראשי בגוגל: beauty_salon (כללי) -> קוסמטיקה וטיפולי פנים; טיפולים: ציפורניים, מניקור ופדיקור 4"
b9dc24f4-fb48-484d-9a10-a4430103abde,c504d2c7-8339-469c-8ba3-4f5b03bc4009,סמדר קוסמטיקה רפואית,רחובות,no,facials,facials,no,השם מעיד על קוסמטיקה וטיפולי פנים; סוג ראשי בגוגל: beauty_salon (כללי) -> קוסמטיקה וטיפולי פנים; טיפולים: קוסמטיקה וטיפולי פנים 3
e6442344-8de8-4dc2-a51a-59add0b1e0a6,e792e14a-0e6e-4ecd-a224-2a5b310d697a,עיצוב שיער יניב קלימי,רחובות,no,hair-salons,hair-salons,no,השם מעיד על מספרות ועיצוב שיער; סוג ראשי בגוגל: beauty_salon (כללי) -> קוסמטיקה וטיפולי פנים; טיפולים: מספרות ועיצוב שיער 2
55aa87e5-23b4-4d3f-91c0-14910cf6c580,c24e37c8-c89c-4577-b88b-08895591589c,ציפורניים - אבי שגיא - קליניקה בריאותית לציפורניים,רחובות,no,nails,nails,no,"השם מעיד על ציפורניים, מניקור ופדיקור; סוג ראשי בגוגל: skin_care_clinic -> קוסמטיקה וטיפולי פנים/אסתטיקה רפואית; טיפולים: ציפורניים, מניקור ופדיקור 42, אסתטיקה דנטלית 3"
51ec0d58-7f73-4322-9e64-482141b7a7ad,a768b956-706d-47b1-84bc-4b990670a642,קוסמטיקאית ברחובות סיגל שבו מומחית לפתרון בעיות עור,רחובות,no,facials,facials,no,"השם מעיד על קוסמטיקה וטיפולי פנים; סוג ראשי בגוגל: beauty_salon (כללי) -> קוסמטיקה וטיפולי פנים; סוגים נוספים בגוגל: Facial spa -> קוסמטיקה וטיפולי פנים, Hair removal service -> הסרת שיער, Laser hair removal service -> הסרת שיער, Permanent make-up clinic -> איפור קבוע, Skin care clinic -> קוסמטיקה וטיפולי פנים/אסתטיקה רפואית, Waxing hair removal service -> הסרת שיער; טיפולים: קוסמטיקה וטיפולי פנים 3, איפור קבוע 2 (1 עם מחיר)"
1baaa020-fbe2-4c5f-8c06-5c091f8d5775,bb3d7841-67cc-47c7-a9ff-86224e1ac302,קוסמטיקאית רחובות טליה בן עטר,רחובות,no,facials,facials,no,"השם מעיד על קוסמטיקה וטיפולי פנים; סוג ראשי בגוגל: beauty_salon (כללי) -> קוסמטיקה וטיפולי פנים; טיפולים: הסרת שיער 18, קוסמטיקה וטיפולי פנים 16"
e0074451-9452-4edd-8710-6d8571d10503,93538dfa-3813-4695-b1b5-141b40af6d54,קוסמטיקה.טיפוח.טבעי & מיקרובליידינג. איפור קבוע אורגני,רחובות,no,permanent-makeup,permanent-makeup,no,"השם מעיד על איפור קבוע, קוסמטיקה וטיפולי פנים; סוג ראשי בגוגל: beautician (כללי) -> קוסמטיקה וטיפולי פנים"
819f7ec1-7225-4ac9-a223-3a859dcdbf99,16c68d36-c44c-4275-b549-963f59b2dcf1,שני וגל קוסמטיקס,רחובות,no,facials,facials,no,השם מעיד על קוסמטיקה וטיפולי פנים; סוג ראשי בגוגל: beauty_salon (כללי) -> קוסמטיקה וטיפולי פנים
8d092544-7b3b-41a3-97e6-2c226060814e,9d84a1a2-36ea-4c92-b0f3-c75eac76641f,AG עיצוב ושיקום שיער,אשדוד,no,facials,hair-salons,yes,סוג ראשי בגוגל: unisex_hairdresser -> מספרות ועיצוב שיער; סוגים נוספים בגוגל: Beauty salon -> קוסמטיקה וטיפולי פנים; טיפולים: מספרות ועיצוב שיער 1
3b0dad0e-7b4f-4769-bbfd-86d72b2a64f3,95164d33-a97a-484f-bee5-9498a71d80b7,ARTUR Hair Design,אשדוד,no,hair-salons,hair-salons,no,השם מעיד על מספרות ועיצוב שיער; סוג ראשי בגוגל: hair_salon -> מספרות ועיצוב שיער; סוגים נוספים בגוגל: Beauty salon -> קוסמטיקה וטיפולי פנים
0e0db105-6079-40ba-b039-0bafe860f54c,124bb26c-6f71-4f35-8019-91d23cce3a83,Art of look studio,אשדוד,no,facials,facials,no,סוג ראשי בגוגל: beauty_salon (כללי) -> קוסמטיקה וטיפולי פנים
ea9aa283-e9e3-4d0c-8271-187aef8d7410,5c7f50ff-1d30-4b74-a620-c065124101b5,B PURE CLINIC,אשדוד,no,facials,facials,no,סוג ראשי בגוגל: beauty_salon (כללי) -> קוסמטיקה וטיפולי פנים
cd5a3411-4dd3-4987-ac47-44f0cd6feebe,af3f4457-f5bb-4bbf-a807-70c9a7c3a14d,Beauty Room Colibri,אשדוד,no,facials,facials,no,סוג ראשי בגוגל: beautician (כללי) -> קוסמטיקה וטיפולי פנים
2fa898b5-0689-4438-8c94-79e602d37422,1127f177-b22a-49b9-91fc-12e60fd21a7c,Ester the queen,אשדוד,no,nails,nails,no,"סוג ראשי בגוגל: nail_salon -> ציפורניים, מניקור ופדיקור; סוגים נוספים בגוגל: Beauty salon -> קוסמטיקה וטיפולי פנים"
bc8cfd1c-5698-4178-b835-af2f5aa3ebd5,2a6fe4cb-d410-4847-8e1e-7682d37879e3,Glam42 גלאם42 אשדוד,אשדוד,no,facials,facials,no,"אין סוג ראשי בגוגל; סוגים נוספים בגוגל: Skin care clinic -> קוסמטיקה וטיפולי פנים/אסתטיקה רפואית; טיפולים: מספרות ועיצוב שיער 20 (18 עם מחיר), איפור מקצועי 14 (1 עם מחיר)"
c2451a70-e92b-4b5c-8699-618f764cd4c7,812c51ee-3044-4fe9-98ce-3b15b403b080,Hair Care Salon by Inna Faler,אשדוד,no,hair-salons,hair-salons,no,השם מעיד על מספרות ועיצוב שיער; סוג ראשי בגוגל: beauty_salon (כללי) -> קוסמטיקה וטיפולי פנים
b10d3ce3-25d9-4d7d-b731-d5ddcea6f6e2,1017cfc5-88bd-4c8d-a363-b20bc967a003,IBrener - קוסמטיקאית פרא רפואית,אשדוד,no,facials,facials,no,השם מעיד על קוסמטיקה וטיפולי פנים; סוג ראשי בגוגל: skin_care_clinic -> קוסמטיקה וטיפולי פנים/אסתטיקה רפואית; סוגים נוספים בגוגל: Laser hair removal service -> הסרת שיער; טיפולים: הסרת שיער 1
a18d4df6-b67c-472d-a29c-897f273f1223,a1b13758-e5fd-4f26-8a9e-9d33708644d8,Kati sara makeup artist,אשדוד,no,makeup,makeup,no,השם מעיד על איפור מקצועי; סוג ראשי בגוגל: beauty_salon (כללי) -> קוסמטיקה וטיפולי פנים
75ed24d6-218e-4ac8-8d5f-a660743ce668,a875de66-d331-4e58-a228-273eeb0119ac,LISA,אשדוד,no,facials,facials,no,סוג ראשי בגוגל: beauty_salon (כללי) -> קוסמטיקה וטיפולי פנים
74fbd9ed-4da7-47b3-b50d-0ec69265f88b,7d5bed73-1cde-41d8-9803-c4195fc9a11a,Laser_me,אשדוד,no,hair-removal,hair-removal,no,"סוג ראשי בגוגל: laser_hair_removal_service -> הסרת שיער; סוגים נוספים בגוגל: Beautician -> קוסמטיקה וטיפולי פנים, Beauty salon -> קוסמטיקה וטיפולי פנים; טיפולים: הסרת שיער 4, קוסמטיקה וטיפולי פנים 1"
76b652b7-b695-47e2-8e5c-dd2242b99bb5,13c2f0ea-45bf-490c-b4ab-fe602c81b248,Mor Amour,אשדוד,no,facials,facials,no,סוג ראשי בגוגל: beauty_salon (כללי) -> קוסמטיקה וטיפולי פנים
c0e7ba4b-2a04-4cc6-a365-b68e6480ae72,5f188255-888f-4258-b380-4ca2bdd98cbb,NOA LEV נועה לב,אשדוד,no,facials,facials,no,אין סוג ראשי בגוגל; סוגים נוספים בגוגל: Beautician -> קוסמטיקה וטיפולי פנים
060fca88-f57d-4553-b639-bfda07f51cc9,f2e4e0e2-aa75-4c45-981a-ff0070e2b35d,Nails Yuli יוליה בניית ציפורניים מקצועית אשדוד,אשדוד,no,nails,nails,no,"השם מעיד על ציפורניים, מניקור ופדיקור; סוג ראשי בגוגל: beauty_salon (כללי) -> קוסמטיקה וטיפולי פנים; טיפולים: ציפורניים, מניקור ופדיקור 3"
38828412-182b-4174-84cd-521574d87773,a040df08-a0be-4afe-acb4-5a0d0a3fde7d,Or.Fix — Аппаратная косметология & Лифтинг,אשדוד,no,facials,facials,no,סוג ראשי בגוגל: skin_care_clinic -> קוסמטיקה וטיפולי פנים/אסתטיקה רפואית
40e36f42-d2f9-4f7d-9d0c-4772e319b460,6c80af72-2af0-44bb-b7c0-52161ac61782,Orit's Beauty Place,אשדוד,no,facials,facials,no,"סוג ראשי בגוגל: beautician (כללי) -> קוסמטיקה וטיפולי פנים; טיפולים: איפור מקצועי 2, קוסמטיקה וטיפולי פנים 1"
50e2b907-1ee5-406b-89a8-c39630921fd1,1eed952a-7af9-4875-9dc6-572d9167a83a,RN laser cosmetic,אשדוד,no,facials,facials,no,"סוג ראשי בגוגל: facial_spa -> קוסמטיקה וטיפולי פנים; סוגים נוספים בגוגל: Hair removal service -> הסרת שיער, Skin care clinic -> קוסמטיקה וטיפולי פנים/אסתטיקה רפואית; טיפולים: קוסמטיקה וטיפולי פנים 6 (1 עם מחיר), הסרת שיער 5"
d38b16eb-cb39-4389-9b54-3a0eea0b769d,fc6c6564-42c3-43db-90eb-5f423b098060,Rachel,אשדוד,no,facials,facials,no,סוג ראשי בגוגל: beauty_salon (כללי) -> קוסמטיקה וטיפולי פנים; טיפולים: קוסמטיקה וטיפולי פנים 4
cbbb1f30-d0d0-41f2-949a-f1143b2356b9,315b6591-b747-480f-8ca8-e8cb08b10e62,Salon Kosmetik Janna,אשדוד,no,facials,facials,no,סוג ראשי בגוגל: beautician (כללי) -> קוסמטיקה וטיפולי פנים
1aba5c8d-0fef-43ac-b673-facf28f9b5a4,23e37315-8ac1-4786-91d4-34b6c6f84a08,Salon fashion,אשדוד,no,facials,facials,no,סוג ראשי בגוגל: beauty_salon (כללי) -> קוסמטיקה וטיפולי פנים
2f63ce05-8037-458a-a044-41383bd4a779,88edd5ff-6483-4257-90d1-84b4bffb7362,Sarah beauty,אשדוד,no,hair-removal,hair-removal,no,"סוג ראשי בגוגל: beauty_salon (כללי) -> קוסמטיקה וטיפולי פנים; סוגים נוספים בגוגל: Laser hair removal service -> הסרת שיער, Massage spa -> ספא ועיסויים, Nail salon -> ציפורניים, מניקור ופדיקור, Permanent make-up clinic -> איפור קבוע, Waxing hair removal service -> הסרת שיער"
a2fa3343-74e1-49f4-bce1-eddfc40de5bb,5b57d49d-51e2-45ac-a992-c7dff7c1ca02,Sk cosmetics,אשדוד,no,facials,hair-removal,yes,"סוג ראשי בגוגל: beauty_salon (כללי) -> קוסמטיקה וטיפולי פנים; סוגים נוספים בגוגל: Beautician -> קוסמטיקה וטיפולי פנים, Facial spa -> קוסמטיקה וטיפולי פנים, Laser hair removal service -> הסרת שיער, Skin care clinic -> קוסמטיקה וטיפולי פנים/אסתטיקה רפואית; טיפולים: הסרת שיער 19"
41fcbb4e-174b-4ab4-9295-a2d09bb0a290,de9ab7fb-2f51-4bbd-b538-242cabe9d69e,Two Rbib- aesthetics and Care Clinic,אשדוד,no,facials,facials,no,השם מעיד על קוסמטיקה וטיפולי פנים; סוג ראשי בגוגל: beauty_salon (כללי) -> קוסמטיקה וטיפולי פנים
cf5475c5-d05e-49ac-b1fa-9c8be9a15555,7bf793da-b7d9-4de6-911c-7d4d56247c6b,V-Clinic,אשדוד,no,facials,facials,no,"סוג ראשי בגוגל: beauty_salon (כללי) -> קוסמטיקה וטיפולי פנים; סוגים נוספים בגוגל: Beautician -> קוסמטיקה וטיפולי פנים, Facial spa -> קוסמטיקה וטיפולי פנים, Skin care clinic -> קוסמטיקה וטיפולי פנים/אסתטיקה רפואית; טיפולים: קוסמטיקה וטיפולי פנים 2, שיזוף 1"
041432c8-c06f-4eeb-b419-426901582142,e06ab5dc-b5a3-4e3c-b01b-937f55452238,Yelena Cosmetics Ashdod,אשדוד,no,facials,facials,no,סוג ראשי בגוגל: beauty_salon (כללי) -> קוסמטיקה וטיפולי פנים
4b67f4f1-8441-4b2b-a54a-e8660877a5a5,00922006-11c0-4414-a5ea-92d7c0d9e13b,bar.by cosmetology,אשדוד,no,facials,facials,no,סוג ראשי בגוגל: beauty_salon (כללי) -> קוסמטיקה וטיפולי פנים
a0b2c9d1-3eb6-463e-9ce9-efd493c1a6d3,5a348272-cf6d-4ca8-b206-4b94ba39b16d,iStudio-Ashdod,אשדוד,no,facials,facials,no,סוג ראשי בגוגל: skin_care_clinic -> קוסמטיקה וטיפולי פנים/אסתטיקה רפואית
0817d006-8897-438b-8f27-d8d0c313ed37,7da88bd3-16d9-4e7a-aa76-cd9fa41f35b7,shiran sultan nail,אשדוד,no,nails,nails,no,"השם מעיד על ציפורניים, מניקור ופדיקור; סוג ראשי בגוגל: beautician (כללי) -> קוסמטיקה וטיפולי פנים"
61858067-0e12-4f7a-a702-58e878627c5c,81624ed6-db4f-45d6-a44c-70d5d769d130,Студия Красоты Veranda,אשדוד,no,facials,hair-salons,yes,"סוג ראשי בגוגל: unisex_hairdresser -> מספרות ועיצוב שיער; סוגים נוספים בגוגל: Beauty salon -> קוסמטיקה וטיפולי פנים, Nail salon -> ציפורניים, מניקור ופדיקור"
3e15ed13-30ed-4b9e-a430-0e26d21a9abe,5ea120ef-6c66-4d0b-b19f-564f791b79cb,אומנית היופי החלק - IRIT WAK (בהנהלת אירית וייסמן ),אשדוד,no,facials,facials,no,סוג ראשי בגוגל: beautician (כללי) -> קוסמטיקה וטיפולי פנים
4df7412b-e515-4563-9309-b0468863986b,fcebd368-e439-46c7-a0e8-909e9a61807e,אוראל בטיטו - עיצוב גבות באשדוד,אשדוד,no,brows-lashes,brows-lashes,no,השם מעיד על גבות וריסים; סוג ראשי בגוגל: beauty_salon (כללי) -> קוסמטיקה וטיפולי פנים; טיפולים: גבות וריסים 5
07b7e10e-8a66-4b5e-8496-01387b3d18cd,e2d519f3-24c3-4b02-bb52-447305d046cf,אוראל שאלתיאל מאפרת ומסרקת כלות וערב,אשדוד,no,makeup,makeup,no,השם מעיד על איפור מקצועי; סוג ראשי בגוגל: beauty_salon (כללי) -> קוסמטיקה וטיפולי פנים; טיפולים: איפור מקצועי 1
961b3d8d-f142-4ca6-b8f9-aab0b572453b,df8f55ef-7b98-4965-9480-3cad55198155,אושר בן חמו קליניקה לטיפוח,אשדוד,no,hair-removal,nails,yes,"סוג ראשי בגוגל: beautician (כללי) -> קוסמטיקה וטיפולי פנים; סוגים נוספים בגוגל: Laser hair removal service -> הסרת שיער, Nail salon -> ציפורניים, מניקור ופדיקור; טיפולים: ציפורניים, מניקור ופדיקור 3, הסרת שיער 1"
4e84e7ca-6ec4-4492-a30c-19733ae16c00,011e4ee8-e3a8-4768-ac58-976a12dbfa47,אלי אלמוזנינו בוטיק שיער - EA Eli Almoznino,אשדוד,no,hair-salons,hair-salons,no,סוג ראשי בגוגל: barber_shop -> מספרות ועיצוב שיער; סוגים נוספים בגוגל: Beauty salon -> קוסמטיקה וטיפולי פנים; טיפולים: מספרות ועיצוב שיער 3
7aa3df50-8411-4e10-9033-0cd7523b0c57,dd4f9334-b142-4403-b9fa-7ea94ab5ee18,אקסיומה,אשדוד,no,facials,facials,no,"סוג ראשי בגוגל: beauty_salon (כללי) -> קוסמטיקה וטיפולי פנים; סוגים נוספים בגוגל: Day spa -> ספא ועיסויים, Facial spa -> קוסמטיקה וטיפולי פנים, Nail salon -> ציפורניים, מניקור ופדיקור"
9df56b1d-e6cb-4eea-bb9b-d2268b733358,7523c6da-f219-41b3-afcc-019ca87b6ed6,ביוטי קלאב,אשדוד,no,facials,facials,no,סוג ראשי בגוגל: beauty_salon (כללי) -> קוסמטיקה וטיפולי פנים
bd94facb-b055-4f1f-a0d8-ee4ccb74bbda,7d1f3b35-940c-4225-915f-1164815cce35,"ד""ר אלכסיי רחמנוב - השתלות שיניים באשדוד, רופא שיניים באשדוד",אשדוד,no,dental-aesthetics,dental-aesthetics,no,השם מעיד על אסתטיקה דנטלית; אין סוג ראשי בגוגל; סוגים נוספים בגוגל: Cosmetic dentist -> אסתטיקה דנטלית; טיפולים: אסתטיקה דנטלית 2
8d852219-e89a-4c62-94a8-526f866db268,f9330707-df6e-4201-a959-5f264cbbb4ef,"ד""ר טל שניידר חירום אשדוד",אשדוד,no,dental-aesthetics,dental-aesthetics,no,אין סוג ראשי בגוגל; סוגים נוספים בגוגל: Cosmetic dentist -> אסתטיקה דנטלית; טיפולים: אסתטיקה דנטלית 4 (1 עם מחיר)
2cdc85ed-f905-49dd-ba63-b9bd98146d59,69a712f3-e982-4099-b753-daf808108e0c,"ד""ר לאוניד קאן",אשדוד,no,facials,facials,no,סוג ראשי בגוגל: skin_care_clinic -> קוסמטיקה וטיפולי פנים/אסתטיקה רפואית
7e9782a2-438a-4e89-a3b6-686b048b9d67,3d5445ed-d862-44d5-802a-fe55950316b7,"ד""ר ליאפיס מיכל",אשדוד,no,dental-aesthetics,dental-aesthetics,no,סוג ראשי בגוגל: cosmetic_dentist -> אסתטיקה דנטלית
82d3bccd-7cce-4df7-8d66-c658dd95e44b,838b9137-549b-444e-a567-8064fd306297,"דאלי סודות היופי של דליה מיכאלי, קוסמטיקאית באשדוד",אשדוד,no,facials,facials,no,"השם מעיד על קוסמטיקה וטיפולי פנים; סוג ראשי בגוגל: beauty_salon (כללי) -> קוסמטיקה וטיפולי פנים; סוגים נוספים בגוגל: Laser hair removal service -> הסרת שיער, Nail salon -> ציפורניים, מניקור ופדיקור, Skin care clinic -> קוסמטיקה וטיפולי פנים/אסתטיקה רפואית, Waxing hair removal service -> הסרת שיער"
ef185bae-11f7-451a-96aa-ac7e8b604504,6db79906-f1ba-431b-93de-2d494d0b877f,דנה טיפולי אסתטיקה מתקדמים,אשדוד,no,facials,facials,no,סוג ראשי בגוגל: skin_care_clinic -> קוסמטיקה וטיפולי פנים/אסתטיקה רפואית
fb08be60-1841-474d-900d-73899490b764,da0cd29f-bc44-42cd-9d44-cb36bdc71fe7,דריה - אקדמיה מקצועית לציפורניים,אשדוד,no,nails,nails,no,"השם מעיד על ציפורניים, מניקור ופדיקור; אין סוג ראשי בגוגל; סוגים נוספים בגוגל: Beauty salon -> קוסמטיקה וטיפולי פנים"
90fefddd-024f-43a2-9bee-04c56276ea08,d7d1292a-9dbf-42ca-8910-64a8934831f3,"ד״ר אלינה גרמן, רופאת שיניים",אשדוד,no,dental-aesthetics,dental-aesthetics,no,"השם מעיד על אסתטיקה דנטלית; אין סוג ראשי בגוגל; סוגים נוספים בגוגל: Cosmetic dentist -> אסתטיקה דנטלית; טיפולים: אסתטיקה דנטלית 6 (2 עם מחיר), אסתטיקה רפואית 1 (1 עם מחיר)"
5454851a-5c24-49cf-ab66-3f71b57554c9,0a8d75fb-8562-449c-945b-c22599fb2b6e,ד״ר סוזנה דורפמן - מרפאת שיניים לכירורגיה ואסתטיקה Dr. Susana Dorfman - Dental Surgery clinic,אשדוד,no,dental-aesthetics,dental-aesthetics,no,"השם מעיד על אסתטיקה דנטלית; אין סוג ראשי בגוגל; סוגים נוספים בגוגל: Cosmetic dentist -> אסתטיקה דנטלית, Teeth whitening service -> אסתטיקה דנטלית; טיפולים: אסתטיקה דנטלית 8"
2dd8622e-fcc3-41a2-bed8-397471c7a34d,17a1468f-edf1-4436-a8cb-f2322d88b2f3,החלקת שיער אורגנית ושיקום hair style אשדוד,אשדוד,no,hair-salons,hair-salons,no,השם מעיד על מספרות ועיצוב שיער; סוג ראשי בגוגל: beautician (כללי) -> קוסמטיקה וטיפולי פנים
23b19572-a2a9-46de-b4bd-c213f5a1c8c4,f45dc8f4-e348-447f-83d5-087dcaf0a66a,הילה קנפו טיפוח ויופי,אשדוד,no,facials,facials,no,סוג ראשי בגוגל: beauty_salon (כללי) -> קוסמטיקה וטיפולי פנים
4ba6379c-9338-4602-a205-b29d9dc49d23,de719ab0-31b3-486d-b603-48490e3890f0,הלחמת ריסים אשדוד наращивание ресниц Ашдод לימודים קורס,אשדוד,no,brows-lashes,brows-lashes,no,"השם מעיד על גבות וריסים; סוג ראשי בגוגל: beauty_salon (כללי) -> קוסמטיקה וטיפולי פנים; סוגים נוספים בגוגל: Eyebrow bar -> גבות וריסים, Eyelash salon -> גבות וריסים; טיפולים: גבות וריסים 9 (1 עם מחיר)"
1ac0c54e-f898-4f73-bbd4-419af22b67c1,472b592c-ca69-4284-be03-c0bf42a850e8,הרמת ריסים וגבות | עיצוב גבות | מיקרובליידינג | מלי מויאל,אשדוד,no,brows-lashes,brows-lashes,no,"השם מעיד על גבות וריסים, איפור קבוע; סוג ראשי בגוגל: beauty_salon (כללי) -> קוסמטיקה וטיפולי פנים; טיפולים: גבות וריסים 28, איפור מקצועי 2"
78be2930-1c0c-4ce5-bf6f-515a19e14934,9d4b8ee3-85ea-42db-aa13-a719cf106148,ויקטוריה שייני קוסמטיקה,אשדוד,no,facials,facials,no,השם מעיד על קוסמטיקה וטיפולי פנים; סוג ראשי בגוגל: beautician (כללי) -> קוסמטיקה וטיפולי פנים
ceb35296-0cf7-4648-9a14-0769706494f3,40aa708d-7653-499e-90e1-450873b446cf,זרי חמיאס,אשדוד,no,facials,facials,no,סוג ראשי בגוגל: beauty_salon (כללי) -> קוסמטיקה וטיפולי פנים
2f484a74-62b3-48e2-9639-d87c2af08264,8c4b8e6d-8cec-4c74-b7dc-4f51cf3e20ff,חני קוסמטיקה פרא רפואית,אשדוד,no,facials,facials,no,השם מעיד על קוסמטיקה וטיפולי פנים; סוג ראשי בגוגל: beautician (כללי) -> קוסמטיקה וטיפולי פנים
77c01774-3881-4311-b9e6-ba482081cdc2,1d0f041a-c407-4b4c-a04b-02701289e3e6,יעל תמם - איפור כלות ואיפור ערב,אשדוד,no,makeup,makeup,no,השם מעיד על איפור מקצועי; סוג ראשי בגוגל: beauty_salon (כללי) -> קוסמטיקה וטיפולי פנים; טיפולים: איפור מקצועי 10
28f69b90-011e-4daf-9649-7f51ba349fc4,d20c5538-4f62-46d3-9c32-fcf269b95740,כללית אסתטיקה אשדוד,אשדוד,no,plastic-surgery,plastic-surgery,no,סוג ראשי בגוגל: plastic_surgery_clinic -> כירורגיה פלסטית
619f3c47-e3ee-4255-a8d3-5f35c94d2e00,ec58a053-2a80-47c7-898d-d11d6e44ed3d,כנרת ממן,אשדוד,no,facials,facials,no,סוג ראשי בגוגל: beautician (כללי) -> קוסמטיקה וטיפולי פנים
8b134da3-ed8e-45ca-94c2-6fbca77d2a04,95be327f-901b-4d03-bfe3-01d72ac12308,ליאנה זיו - אמנית גבות ומיקרובליידינג,אשדוד,no,brows-lashes,brows-lashes,no,"השם מעיד על גבות וריסים, איפור קבוע; סוג ראשי בגוגל: beauty_salon (כללי) -> קוסמטיקה וטיפולי פנים"
e195b9d5-06fb-4c41-8e73-ffab7f342eb8,b2db1fc9-6730-44c8-8c10-bb10167e3bb2,מאי בטש - עיצוב גבות וריסים,אשדוד,no,brows-lashes,brows-lashes,no,"השם מעיד על גבות וריסים; סוג ראשי בגוגל: beauty_salon (כללי) -> קוסמטיקה וטיפולי פנים; טיפולים: קוסמטיקה וטיפולי פנים 37, גבות וריסים 19"
e7f5594e-7666-4c0d-9b24-78d043c56f0c,1e8f4f64-a255-45d2-b0d0-235743fc1ffd,מאפרת ומעצבת שיער נטלי בורנשטיין,אשדוד,no,makeup,makeup,no,השם מעיד על איפור מקצועי; סוג ראשי בגוגל: beauty_salon (כללי) -> קוסמטיקה וטיפולי פנים
51637a5c-e556-4d65-b9bd-2c18edf446c2,c110573b-a2ce-413f-b9e5-c07aec2c863a,מגיק טאץ - המרכז להשתלות שיניים באשדוד,אשדוד,no,dental-aesthetics,dental-aesthetics,no,השם מעיד על אסתטיקה דנטלית; אין סוג ראשי בגוגל; סוגים נוספים בגוגל: Cosmetic dentist -> אסתטיקה דנטלית; טיפולים: אסתטיקה דנטלית 1
68d590fa-6ff1-48b3-99fe-089246eba1b7,7bc36af9-950c-49b9-8483-82644ef65045,"מד אסתטיק - ד""ר פרייב מיכאל",אשדוד,no,facials,medical-aesthetics,yes,סוג ראשי בגוגל: skin_care_clinic -> קוסמטיקה וטיפולי פנים/אסתטיקה רפואית; סוגים נוספים בגוגל: Facial spa -> קוסמטיקה וטיפולי פנים; טיפולים: אסתטיקה רפואית 3
0abd774e-9308-4915-b141-3c354460c516,99a5127d-c82f-4f54-9ae1-39812dc0c3ae,מומחית בעיצוב ציפורניים וגבות,אשדוד,no,nails,nails,no,"השם מעיד על ציפורניים, מניקור ופדיקור, גבות וריסים; סוג ראשי בגוגל: beautician (כללי) -> קוסמטיקה וטיפולי פנים"
b9e798f5-52d3-4bef-8f5e-a521608d9211,405d1a60-224a-47bd-bf1e-9edd8d0f544a,מוריה מזרחי | קליניקה לאסתטיקה וטכנולוגיה מתקדמת,אשדוד,no,facials,facials,no,סוג ראשי בגוגל: beautician (כללי) -> קוסמטיקה וטיפולי פנים
f5c99945-2d73-4a12-8ba4-53fee442a4ec,9b118c0e-468e-46df-a3fe-70ac2da00c20,מכון היופי - מרים שטרן,אשדוד,no,facials,facials,no,"אין סוג ראשי בגוגל; סוגים נוספים בגוגל: Beauty salon -> קוסמטיקה וטיפולי פנים, Hair removal service -> הסרת שיער, Nail salon -> ציפורניים, מניקור ופדיקור"
b54992db-3c30-429a-85ce-e0a2474f8abe,c1875478-0e78-44b7-9e89-5dae2de8a08b,מרטין קליניק,אשדוד,no,facials,facials,no,"סוג ראשי בגוגל: beautician (כללי) -> קוסמטיקה וטיפולי פנים; סוגים נוספים בגוגל: Beauty salon -> קוסמטיקה וטיפולי פנים; טיפולים: ספא ועיסויים 4, ציפורניים, מניקור ופדיקור 4"
8c634146-c632-4b2c-8191-db2036fbe2b4,d058bd6d-ae57-4b8f-bf56-768e7e1e4e3a,מרפאת נרקיסיה,אשדוד,no,plastic-surgery,plastic-surgery,no,"סוג ראשי בגוגל: plastic_surgery_clinic -> כירורגיה פלסטית; טיפולים: כירורגיה פלסטית 17 (3 עם מחיר), קוסמטיקה וטיפולי פנים 10"
9705154e-1315-4962-8af9-9556ed2a7ef1,cec36a00-b5c2-463f-8155-927387d789cb,"מרפאת שיניים באשדוד ד""ר אולגה ניקולאיבסקי",אשדוד,no,dental-aesthetics,dental-aesthetics,no,"השם מעיד על אסתטיקה דנטלית; אין סוג ראשי בגוגל; סוגים נוספים בגוגל: Cosmetic dentist -> אסתטיקה דנטלית, Teeth whitening service -> אסתטיקה דנטלית; טיפולים: אסתטיקה דנטלית 4"
091dd947-a608-4073-9ca1-16defe9c842c,ba06eadd-da6a-48f7-a153-0539410dc72c,נופר קפורי - איפור שיער לכלות וערב,אשדוד,no,makeup,makeup,no,השם מעיד על איפור מקצועי; סוג ראשי בגוגל: beauty_salon (כללי) -> קוסמטיקה וטיפולי פנים; טיפולים: איפור מקצועי 5
e4f6886f-71ae-4631-ace9-d8502009adb0,4c012c96-a8c4-4bf3-a6ad-f3b117fa1857,ניצן בוארון- הסרת שיער בלייזר קר ומניקור ג׳ל,אשדוד,no,hair-removal,hair-removal,no,"השם מעיד על הסרת שיער, ציפורניים, מניקור ופדיקור; סוג ראשי בגוגל: beauty_salon (כללי) -> קוסמטיקה וטיפולי פנים; סוגים נוספים בגוגל: Laser hair removal service -> הסרת שיער, Nail salon -> ציפורניים, מניקור ופדיקור; טיפולים: ציפורניים, מניקור ופדיקור 3, הסרת שיער 2"
b937bc58-8999-41d9-9852-7bb997a46f83,6e6eea1e-5989-4f3c-856d-7417fdda98da,סלון יופי קסם,אשדוד,no,facials,facials,no,סוג ראשי בגוגל: beauty_salon (כללי) -> קוסמטיקה וטיפולי פנים
c4d6012f-9e2c-46d5-82de-8de22af205a4,39f2c543-8190-40e3-bd8f-6baadc8494b8,סלון נאטל - מספרה | קוסמטיקה | טיפולי פנים,אשדוד,no,hair-salons,hair-salons,no,"השם מעיד על מספרות ועיצוב שיער, קוסמטיקה וטיפולי פנים; סוג ראשי בגוגל: beauty_salon (כללי) -> קוסמטיקה וטיפולי פנים; סוגים נוספים בגוגל: Beautician -> קוסמטיקה וטיפולי פנים, Hair salon -> מספרות ועיצוב שיער, Nail salon -> ציפורניים, מניקור ופדיקור; טיפולים: ציפורניים, מניקור ופדיקור 3, שיזוף 2"
c92ba6ab-b9e2-4826-8f2c-cbb74918da00,ec6a50ae-40d6-49c0-a3b3-a0f89462dfdf,"סמדג׳ה משה - המרכז להחלקות שיער אשדוד | החלקה אורגנית, החלקת קרטין | הסרת שיער בלייזר | טיפולי פנים",אשדוד,no,facials,facials,no,"השם מעיד על מספרות ועיצוב שיער, הסרת שיער, קוסמטיקה וטיפולי פנים; סוג ראשי בגוגל: nail_salon -> ציפורניים, מניקור ופדיקור; סוגים נוספים בגוגל: Beautician -> קוסמטיקה וטיפולי פנים, Laser hair removal service -> הסרת שיער, Skin care clinic -> קוסמטיקה וטיפולי פנים/אסתטיקה רפואית; טיפולים: הסרת שיער 3, מספרות ועיצוב שיער 3 (1 עם מחיר)"
36b33c8c-be0f-435d-9d7a-cb7076c00f79,702aad30-2aa7-4f5d-bb8d-b576aa5ee655,עינת ברק,אשדוד,no,facials,facials,no,"אין סוג ראשי בגוגל; סוגים נוספים בגוגל: Beautician -> קוסמטיקה וטיפולי פנים, Beauty salon -> קוסמטיקה וטיפולי פנים"
867bba69-e519-47a8-868e-5352dad0be35,d1b25779-5d2c-4904-b029-4652ad6d0801,קוסמטיקאית -אולגה קוסמטיקה מתקדמת,אשדוד,no,facials,facials,no,השם מעיד על קוסמטיקה וטיפולי פנים; סוג ראשי בגוגל: beautician (כללי) -> קוסמטיקה וטיפולי פנים
b2c4202e-2c36-4a89-8236-57590ee4d4cd,afa2c630-fdef-4ffc-b333-d901c2e28da2,"קורל אסולין- קליניקה לציפורניים,פדיקור,ריסים וגבות באשדוד",אשדוד,no,nails,nails,no,"השם מעיד על ציפורניים, מניקור ופדיקור, גבות וריסים; סוג ראשי בגוגל: beautician (כללי) -> קוסמטיקה וטיפולי פנים"
eb137058-c408-4d3f-b695-40e2bb4f1b08,72c6c43d-735d-48ec-898d-e1b3e5725612,קסם קוסמטיקס,אשדוד,no,facials,facials,no,השם מעיד על קוסמטיקה וטיפולי פנים; סוג ראשי בגוגל: beautician (כללי) -> קוסמטיקה וטיפולי פנים; סוגים נוספים בגוגל: Beauty salon -> קוסמטיקה וטיפולי פנים
593a0e9c-31d2-48c7-b1b4-4b0bf1d3b67b,63f47ba2-b476-46ee-b5d2-305bc5832b96,רוסלנה ביוטי סטייל,אשדוד,no,facials,facials,no,סוג ראשי בגוגל: beauty_salon (כללי) -> קוסמטיקה וטיפולי פנים
6f42ad7a-311d-46e0-ac51-2a93df1dfd75,6b20d446-7029-46dd-b9c4-8d848157596e,רינת ברטוב קוסמטיקאית פרא רפואית,אשדוד,no,facials,facials,no,השם מעיד על קוסמטיקה וטיפולי פנים; סוג ראשי בגוגל: beautician (כללי) -> קוסמטיקה וטיפולי פנים
872d176d-9968-459b-9b08-23c647041331,5560ee57-7861-48b5-9e78-cdf9f102e1a3,רנטה מילבסקי || קורס איפור קבוע והדגשת שפתיים למתחילות ולמתקדמות - Renata Permanent Makeup,אשדוד,no,permanent-makeup,permanent-makeup,no,"השם מעיד על איפור קבוע, איפור מקצועי; סוג ראשי בגוגל: beauty_salon (כללי) -> קוסמטיקה וטיפולי פנים; טיפולים: איפור קבוע 3"
9fdc5928-4f12-423b-ae49-839a12e07fd2,c4208ee5-2c86-4172-8839-1955869ca462,שלומית - מכון קוסמטיקה ויופי,אשדוד,no,facials,facials,no,השם מעיד על קוסמטיקה וטיפולי פנים; סוג ראשי בגוגל: beauty_salon (כללי) -> קוסמטיקה וטיפולי פנים
f4237b75-567e-479f-b020-f9329844767f,832509ee-bf15-4f61-a953-1d72c7d1c05c,שני אשכנזי תוספות שיער אשדוד,אשדוד,no,facials,hair-salons,yes,"השם מעיד על מספרות ועיצוב שיער; סוג ראשי בגוגל: beauty_salon (כללי) -> קוסמטיקה וטיפולי פנים; הקטגוריה המוצעת לא רשומה על העסק, תתווסף"
8c388930-0ecc-4bfa-b504-e150faf45fb5,4bd98bdd-9ade-4715-8bea-a90a43d6b32f,שרה שמחה - קוסמטיקה רפואית טיפולי פנים מתקדמים,אשדוד,no,facials,facials,no,השם מעיד על קוסמטיקה וטיפולי פנים; סוג ראשי בגוגל: beautician (כללי) -> קוסמטיקה וטיפולי פנים
6b1ade6c-50aa-4538-baf4-b9735da3ddfd,ab8ef699-aa34-4d1a-861c-68f83ca37ab4,שרונה נבון קוסמטיקאית קלינית ואחות מוסמכת | טיפולי פנים ואיפור קבוע,אשדוד,no,facials,facials,no,"השם מעיד על איפור קבוע, קוסמטיקה וטיפולי פנים; סוג ראשי בגוגל: skin_care_clinic -> קוסמטיקה וטיפולי פנים/אסתטיקה רפואית"
3df52b26-da15-4106-9f5c-bf040797ea23,03b912e7-c823-4c1a-84ea-5a52b9906f82,שרי קוסמטיקס,אשדוד,no,facials,facials,no,השם מעיד על קוסמטיקה וטיפולי פנים; סוג ראשי בגוגל: beauty_salon (כללי) -> קוסמטיקה וטיפולי פנים
