branch_id,name,city,claimed,place_id,address_before,address_after,source,postal_code,google_formatted,google_route,google_number,google_locality,google_postal,google_premise,city_line,city_mismatch,proposed_city_slug,action,problems_after,public_url
5ea120ef-6c66-4d0b-b19f-564f791b79cb,אומנית היופי החלק - IRIT WAK (בהנהלת אירית וייסמן ),אשדוד,no,ChIJr2KWdpq9AhURUeC1J_7pR5Q,"שי בשקל, Tsahal St 26, קומה 1, Gan Yavne","צה״ל 26, קומה 1, גן יבנה",google,,"שי בשקל, צה""ל 26, קומה 1, גן יבנה","צה""ל",26,גן יבנה,,,גן יבנה,yes,,apply,,https://beautyfind.co.il/south/biz/irit-wak
fcebd368-e439-46c7-a0e8-909e9a61807e,אוראל בטיטו - עיצוב גבות באשדוד,אשדוד,no,ChIJ15rQHEKjAhUR1m7PL-_-IOQ,"Brenner St, Ashdod","ברנר, אשדוד",google,,"ברנר, אשדוד",ברנר,,אשדוד,,,אשדוד,no,,apply,,https://beautyfind.co.il/south/biz/אוראל-בטיטו-עיצוב-גבות-באשדוד
e2d519f3-24c3-4b02-bb52-447305d046cf,אוראל שאלתיאל מאפרת ומסרקת כלות וערב,אשדוד,no,ChIJhUYUT2ajAhUR_FkBUTyjKoI,"Rabi Me'ir Ba'al ha-Nes St 7, Ashdod","רבי מאיר בעל הנס 7, אשדוד",google,,"רבי מאיר בעל הנס 7, אשדוד",רבי מאיר בעל הנס,7,אשדוד,,,אשדוד,no,,apply,,https://beautyfind.co.il/south/biz/אוראל-שאלתיאל-מאפרת-ומסרקת-כלות-וערב
df8f55ef-7b98-4965-9480-3cad55198155,אושר בן חמו קליניקה לטיפוח,אשדוד,no,ChIJVQQZKdujAhURzyeuy9WxHvw,"Mevo Yehu HaMelech 3, Ashdod","מבוא יהוא המלך 3, אשדוד",google,,"מבוא יהוא המלך 3, אשדוד",מבוא יהוא המלך,3,אשדוד,,,אשדוד,no,,apply,,https://beautyfind.co.il/south/biz/אושר-בן-חמו-קליניקה-לטיפוח
011e4ee8-e3a8-4768-ac58-976a12dbfa47,אלי אלמוזנינו בוטיק שיער - EA Eli Almoznino,אשדוד,no,ChIJW_VPkPiiAhURd1Mmgr54cxo,"HaKlita St 1, Ashdod","הקליטה 1, אשדוד",google,,"הקליטה 1, אשדוד",הקליטה,1,אשדוד,,,אשדוד,no,,apply,,https://beautyfind.co.il/south/biz/ea-eli-almoznino
dd4f9334-b142-4403-b9fa-7ea94ab5ee18,אקסיומה,אשדוד,no,ChIJ1xjwrrejAhURaK4H86Y6O8Y,"Tashah St 7, Ashdod","תש״ח 7, אשדוד",google,,"תש""ח 7, אשדוד","תש""ח",7,אשדוד,,,אשדוד,no,,apply,,https://beautyfind.co.il/south/biz/אקסיומה
7523c6da-f219-41b3-afcc-019ca87b6ed6,ביוטי קלאב,אשדוד,no,ChIJq8ioUNKjAhURFdy3XVGi8cM,"Mevo HaEtrog 7, Ashdod","מבוא האתרוג 7, אשדוד",google,,"מבוא האתרוג 7, אשדוד",מבוא האתרוג,7,אשדוד,,,אשדוד,no,,apply,,https://beautyfind.co.il/south/biz/ביוטי-קלאב
d7d1292a-9dbf-42ca-8910-64a8934831f3,"ד״ר אלינה גרמן, רופאת שיניים",אשדוד,no,ChIJzUuMK_WjAhURW8sBWAKWs5U,"HaGolshim St 5, Ashdod, 7744129","הגולשים 5, אשדוד",google,7744129,"הגולשים 5, אשדוד, 7744129",הגולשים,5,אשדוד,7744129,,אשדוד,no,,apply,,https://beautyfind.co.il/south/biz/דר-אלינה-גרמן-רופאת-שיניים
7d1f3b35-940c-4225-915f-1164815cce35,"ד""ר אלכסיי רחמנוב - השתלות שיניים באשדוד, רופא שיניים באשדוד",אשדוד,no,ChIJ4XM5GJajAhUR5t6rpkV19Y0,"שדרות ירושלים 18, חדר 209, קומה 2, Ashdod, 7752311","חדר 209, קומה 2, אשדוד",google,7752311,"שדרות ירושלים 18, חדר 209, קומה 2, אשדוד, 7752311",חדר,209,אשדוד,7752311,,אשדוד,no,,apply,,https://beautyfind.co.il/south/biz/דר-אלכסיי-רחמנוב-השתלות-שיניים-באשדוד-רופא-שיניים-באשדוד
f9330707-df6e-4201-a959-5f264cbbb4ef,"ד""ר טל שניידר חירום אשדוד",אשדוד,no,ChIJ0SrqXfajAhURbx6mYuI3Uz8,"Haim Moshe Shapira St 20, Ashdod, 7742320, Israel","חיים משה שפירא 20, אשדוד",google,7742320,"חיים משה שפירא 20, אשדוד, 7742320",חיים משה שפירא,20,אשדוד,7742320,,אשדוד,no,,apply,,https://beautyfind.co.il/south/biz/דר-טל-שניידר-חירום-אשדוד
69a712f3-e982-4099-b753-daf808108e0c,"ד""ר לאוניד קאן",אשדוד,no,ChIJWaMKfAujAhURJH2AVCHibmc,"Rogozin St 4, Ashdod, 7725103","רוגוזין 4, אשדוד",google,7725103,"רוגוזין 4, אשדוד, 7725103",רוגוזין,4,אשדוד,7725103,,אשדוד,no,,apply,,https://beautyfind.co.il/south/biz/דר-לאוניד-קאן
3d5445ed-d862-44d5-802a-fe55950316b7,"ד""ר ליאפיס מיכל",אשדוד,no,ChIJn91bXEKjAhUR4n1rh3s5LME,"Kineret St 5, Ashdod, 7770005","כנרת 5, אשדוד",google,7770005,"כנרת 5, אשדוד, 7770005",כנרת,5,אשדוד,7770005,,אשדוד,no,,apply,,https://beautyfind.co.il/south/biz/דר-ליאפיס-מיכל
0a8d75fb-8562-449c-945b-c22599fb2b6e,ד״ר סוזנה דורפמן - מרפאת שיניים לכירורגיה ואסתטיקה Dr. Susana Dorfman - Dental Surgery clinic,אשדוד,no,ChIJRVcbI1WiAhURu8OpcIBc2HU,"Sderot Yerushalayim 18, Ashdod, 7752311","שדרות ירושלים 18, אשדוד",google,7752311,"שדרות ירושלים 18, אשדוד, 7752311",שדרות ירושלים,18,אשדוד,7752311,,אשדוד,no,,apply,,https://beautyfind.co.il/south/biz/dr-susana-dorfman-dental-surgery-clinic
838b9137-549b-444e-a567-8064fd306297,"דאלי סודות היופי של דליה מיכאלי, קוסמטיקאית באשדוד",אשדוד,no,ChIJl7LFP2miAhUR91PCAyC0il0,"Leonardo da Vinci St 10, Ashdod","ליאונרדו דה וינצ׳י 10, אשדוד",google,,"ליאונרדו דה וינצ'י 10, אשדוד",ליאונרדו דה וינצ'י,10,אשדוד,,,אשדוד,no,,apply,,https://beautyfind.co.il/south/biz/דאלי-סודות-היופי-דליה-מיכאלי-קוסמטיקאית-באשדוד
6db79906-f1ba-431b-93de-2d494d0b877f,דנה טיפולי אסתטיקה מתקדמים,אשדוד,no,ChIJOQYRqpu9AhURPQcfFvyNSCc,"Admonit St 7ב, Gan Yavne, 7080000","אדמונית 7ב, גן יבנה",google,7080000,"אדמונית 7ב, גן יבנה, 7080000",אדמונית,7ב,גן יבנה,7080000,,גן יבנה,yes,,apply,,https://beautyfind.co.il/south/biz/דנה-טיפולי-אסתטיקה-מתקדמים
da0cd29f-bc44-42cd-9d44-cb36bdc71fe7,דריה - אקדמיה מקצועית לציפורניים,אשדוד,no,ChIJo9l5jGaiAhURYvmGuD82mP0,"Ha-Atsma'ut St 85, Ashdod","העצמאות 85, אשדוד",google,,"העצמאות 85, אשדוד",העצמאות,85,אשדוד,,,אשדוד,no,,apply,,https://beautyfind.co.il/south/biz/דריה-אקדמיה-מקצועית-לציפורניים
17a1468f-edf1-4436-a8cb-f2322d88b2f3,החלקת שיער אורגנית ושיקום hair style אשדוד,אשדוד,no,ChIJS4GeeP-jAhUR5PHgohq1v3M,"Shlomo Ben Yosef St 4א, Ashdod","שלמה בן יוסף 4א, אשדוד",google,,"שלמה בן יוסף 4א, אשדוד",שלמה בן יוסף,4א,אשדוד,,,אשדוד,no,,apply,,https://beautyfind.co.il/south/biz/hair-style
f45dc8f4-e348-447f-83d5-087dcaf0a66a,הילה קנפו טיפוח ויופי,אשדוד,no,ChIJDzm6Hc-jAhUR1bvewpv6hKA,"Shevet Levi St 4/7, Ashdod","שבט לוי 4/7, אשדוד",google,,"שבט לוי 4/7, אשדוד",שבט לוי,4/7,אשדוד,,,אשדוד,no,,apply,,https://beautyfind.co.il/south/biz/הילה-קנפו-טיפוח-ויופי
de719ab0-31b3-486d-b603-48490e3890f0,הלחמת ריסים אשדוד наращивание ресниц Ашдод לימודים קורס,אשדוד,no,ChIJI0ekmpSjAhURL0UBlVmS56M,"Sderot Yerushalayim 18, Ashdod, 7752311","שדרות ירושלים 18, אשדוד",google,7752311,"שדרות ירושלים 18, אשדוד, 7752311",שדרות ירושלים,18,אשדוד,7752311,,אשדוד,no,,apply,,https://beautyfind.co.il/south/biz/הלחמת-ריסים-אשדוד-לימודים-קורס
472b592c-ca69-4284-be03-c0bf42a850e8,הרמת ריסים וגבות | עיצוב גבות | מיקרובליידינג | מלי מויאל,אשדוד,no,ChIJebeDzX6jAhURBMHcDqzuKuM,"שיר השירים, Gan Yavne, 7083976","שיר השירים, גן יבנה",google,7083976,"שיר השירים, גן יבנה, 7083976",שיר השירים,,גן יבנה,7083976,,גן יבנה,yes,,apply,,https://beautyfind.co.il/south/biz/הרמת-ריסים-וגבות-עיצוב-גבות-מיקרובליידינג-מלי-מויאל
9d4b8ee3-85ea-42db-aa13-a719cf106148,ויקטוריה שייני קוסמטיקה,אשדוד,no,ChIJQy23RBajAhUR8K4VMR62KrM,"Yair St 11, Ashdod","יאיר 11, אשדוד",google,,"יאיר 11, אשדוד",יאיר,11,אשדוד,,,אשדוד,no,,apply,,https://beautyfind.co.il/south/biz/ויקטוריה-שייני-קוסמטיקה
40aa708d-7653-499e-90e1-450873b446cf,זרי חמיאס,אשדוד,no,ChIJM9GMlam9AhURbjqzUbnFMxg,"Ha-Tavor St, Gan Yavne, 7083429","התבור, גן יבנה",google,7083429,"התבור, גן יבנה, 7083429",התבור,,גן יבנה,7083429,,גן יבנה,yes,,apply,,https://beautyfind.co.il/south/biz/זרי-חמיאס
8c4b8e6d-8cec-4c74-b7dc-4f51cf3e20ff,חני קוסמטיקה פרא רפואית,אשדוד,no,ChIJHepHU9ejAhURfNONl_ZIc1o,"Exodus St 6, Ashdod","אקסודוס 6, אשדוד",google,,"אקסודוס 6, אשדוד",אקסודוס,6,אשדוד,,,אשדוד,no,,apply,,https://beautyfind.co.il/south/biz/חני-קוסמטיקה-פרא-רפואית
1d0f041a-c407-4b4c-a04b-02701289e3e6,יעל תמם - איפור כלות ואיפור ערב,אשדוד,no,ChIJYfxQmGSiAhURMX-Ax7x3cCU,"Afarsemon St 5/25, Ashdod","אפרסמון 5/25, אשדוד",google,,"אפרסמון 5/25, אשדוד",אפרסמון,5/25,אשדוד,,,אשדוד,no,,apply,,https://beautyfind.co.il/south/biz/יעל-תמם-איפור-כלות-ואיפור-ערב
d20c5538-4f62-46d3-9c32-fcf269b95740,כללית אסתטיקה אשדוד,אשדוד,no,ChIJu_Txbe2jAhURSExt-BJNaos,"Tsahal St 1, Ashdod, 7745402","צה״ל 1, אשדוד",google,7745402,"צה""ל 1, אשדוד, 7745402","צה""ל",1,אשדוד,7745402,,אשדוד,no,,apply,,https://beautyfind.co.il/south/biz/כללית-אסתטיקה-אשדוד
ec58a053-2a80-47c7-898d-d11d6e44ed3d,כנרת ממן,אשדוד,no,ChIJM-aA_hq3AhURp3HCVhYsQ9s,"Gei Oni St 1, Ashdod","גיא אוני 1, אשדוד",google,,"גיא אוני 1, אשדוד",גיא אוני,1,אשדוד,,,אשדוד,no,,apply,,https://beautyfind.co.il/south/biz/כנרת-ממן
95be327f-901b-4d03-bfe3-01d72ac12308,ליאנה זיו - אמנית גבות ומיקרובליידינג,אשדוד,no,ChIJQVUU8-q8AhURsVT_Abcjp8U,"Derech Canada 41/1, Gan Yavne","דרך קנדה 41/1, גן יבנה",google,,"דרך קנדה 41/1, גן יבנה",דרך קנדה,41/1,גן יבנה,,,גן יבנה,yes,,apply,,https://beautyfind.co.il/south/biz/ליאנה-זיו-אמנית-גבות-ומיקרובליידינג
b2db1fc9-6730-44c8-8c10-bb10167e3bb2,מאי בטש - עיצוב גבות וריסים,אשדוד,no,ChIJPW1mkFKjAhURCXjj8o3HR2s,"מרכז טופז, Sderot Montefiore 1, Ashdod","שדרות מונטיפיורי 1, מרכז טופז, אשדוד",google,,"מרכז טופז, שדרות מונטיפיורי 1, אשדוד",שדרות מונטיפיורי,1,אשדוד,,,אשדוד,no,,apply,,https://beautyfind.co.il/south/biz/מאי-בטש-עיצוב-גבות-וריסים
1e8f4f64-a255-45d2-b0d0-235743fc1ffd,מאפרת ומעצבת שיער נטלי בורנשטיין,אשדוד,no,ChIJb4bcFL2jAhURE9ua7Uahbl8,"Ha-Atsma'ut St 85, Ashdod","העצמאות 85, אשדוד",google,,"העצמאות 85, אשדוד",העצמאות,85,אשדוד,,,אשדוד,no,,apply,,https://beautyfind.co.il/south/biz/מאפרת-ומעצבת-שיער-נטלי-בורנשטיין
c110573b-a2ce-413f-b9e5-c07aec2c863a,מגיק טאץ - המרכז להשתלות שיניים באשדוד,אשדוד,no,ChIJ7wJUSHyjAhURA0F7QSjt5pE,"בנין, הרצל 1, קומה 1, חדר 417א, יוניטרייד, Ashdod, 7745401","יוניטרייד, בנין, קומה 1, אשדוד",google,7745401,"הרצל 1, קומה 1, חדר 417א, בנין, יוניטרייד, אשדוד, 7745401",יוניטרייד,,אשדוד,7745401,,אשדוד,no,,apply,,https://beautyfind.co.il/south/biz/מגיק-טאץ-המרכז-להשתלות-שיניים-באשדוד
7bc36af9-950c-49b9-8483-82644ef65045,"מד אסתטיק - ד""ר פרייב מיכאל",אשדוד,no,ChIJ3UOZ3QejAhUROCe0SELZU0g,"HaOrgim St 35, קומה 9, Ashdod","האורגים 35, קומה 9, אשדוד",google,,"האורגים 35, קומה 9, אשדוד",האורגים,35,אשדוד,,,אשדוד,no,,apply,,https://beautyfind.co.il/south/biz/מד-אסתטיק-דר-פרייב-מיכאל
99a5127d-c82f-4f54-9ae1-39812dc0c3ae,מומחית בעיצוב ציפורניים וגבות,אשדוד,no,ChIJBwtIZ6OjAhURFy-i3N-hsxo,"Ha-Hagana St 17, Ashdod, 7727809","ההגנה 17, אשדוד",google,7727809,"ההגנה 17, אשדוד, 7727809",ההגנה,17,אשדוד,7727809,,אשדוד,no,,apply,,https://beautyfind.co.il/south/biz/מומחית-בעיצוב-ציפורניים-וגבות
405d1a60-224a-47bd-bf1e-9edd8d0f544a,מוריה מזרחי | קליניקה לאסתטיקה וטכנולוגיה מתקדמת,אשדוד,no,ChIJSzNMZ13FAhURanMlqdOGyko,"Yoseftal St 12, Ashdod, 7732512","יוספטל 12, אשדוד",google,7732512,"יוספטל 12, אשדוד, 7732512",יוספטל,12,אשדוד,7732512,,אשדוד,no,,apply,,https://beautyfind.co.il/south/biz/מוריה-מזרחי-קליניקה-לאסתטיקה-וטכנולוגיה-מתקדמת
9b118c0e-468e-46df-a3fe-70ac2da00c20,מכון היופי - מרים שטרן,אשדוד,no,ChIJe6bVnSGjAhURKadDtRQCIlY,"Shamai St 1, Ashdod","שמאי 1, אשדוד",google,,"שמאי 1, אשדוד",שמאי,1,אשדוד,,,אשדוד,no,,apply,,https://beautyfind.co.il/south/biz/מכון-היופי-מרים-שטרן
c1875478-0e78-44b7-9e89-5dae2de8a08b,מרטין קליניק,אשדוד,no,ChIJkedHdRGjAhURpluKmqjDBvA,"K-Tower שדרות ירושלים 18 אשדוד, ים, 7752311","שדרות ירושלים 18, אשדוד",original,,"K-Tower שדרות ירושלים 18 אשדוד, ים, 7752311",,,ים,7752311,,אשדוד,no,,apply,,https://beautyfind.co.il/south/biz/מרטין-קליניק
d058bd6d-ae57-4b8f-bf56-768e7e1e4e3a,מרפאת נרקיסיה,אשדוד,no,ChIJYS6F1D-0AhURtZ0hkj0azbQ,"גן העיר, Ha-Gdud ha-Ivri St 5, Ashdod, 7745511",אשדוד,city_only,,"גן העיר, Ha-Gdud ha-Ivri St 5, Ashdod, 7745511",Ha-Gdud ha-Ivri Street,5,Ashdod,7745511,,אשדוד,no,,apply,,https://beautyfind.co.il/south/biz/מרפאת-נרקיסיה
cec36a00-b5c2-463f-8155-927387d789cb,"מרפאת שיניים באשדוד ד""ר אולגה ניקולאיבסקי",אשדוד,no,ChIJD4l6tyKjAhUR87bQaMj0ByA,"K-Tower, Sderot Yerushalayim 18, משרד 408, קומה 4, Ashdod","משרד 408, קומה 4, אשדוד",google,,"Sderot Yerushalayim 18, K tower, משרד 408, קומה 4, אשדוד",משרד,408,אשדוד,,K tower,אשדוד,no,,apply,,https://beautyfind.co.il/south/biz/מרפאת-שיניים-באשדוד-דר-אולגה-ניקולאיבסקי
ba06eadd-da6a-48f7-a153-0539410dc72c,נופר קפורי - איפור שיער לכלות וערב,אשדוד,no,ChIJuRjDqm6jAhUR2az0MWPvgv0,"הצוללים 5 אשדוד, ים","הצוללים 5, אשדוד",original,,"הצוללים 5 אשדוד, ים",,,ים,,,אשדוד,no,,apply,,https://beautyfind.co.il/south/biz/נופר-קפורי-איפור-שיער-לכלות-וערב
4c012c96-a8c4-4bf3-a6ad-f3b117fa1857,ניצן בוארון- הסרת שיער בלייזר קר ומניקור ג׳ל,אשדוד,no,ChIJiVAk4oe7AhURbOai7cajTQw,"עופרה 15, Gan Yavne, 7086973","עופרה 15, גן יבנה",google,7086973,"עופרה 15, גן יבנה, 7086973",עופרה,15,גן יבנה,7086973,,גן יבנה,yes,,apply,,https://beautyfind.co.il/south/biz/ניצן-בוארון-הסרת-שיער-בלייזר-קר-ומניקור-גל
6e6eea1e-5989-4f3c-856d-7417fdda98da,סלון יופי קסם,אשדוד,no,ChIJ42iNgAOjAhURBITQ98GIUZ8,"Moshe Ibn Ezra St 21, Ashdod","משה אבן עזרא 21, אשדוד",google,,"משה אבן עזרא 21, אשדוד",משה אבן עזרא,21,אשדוד,,,אשדוד,no,,apply,,https://beautyfind.co.il/south/biz/סלון-יופי-קסם
39f2c543-8190-40e3-bd8f-6baadc8494b8,סלון נאטל - מספרה | קוסמטיקה | טיפולי פנים,אשדוד,no,ChIJLW4CI5KjAhURPIHPrMUgIno,"Sderot Yerushalayim 12, Ashdod, 7752305","שדרות ירושלים 12, אשדוד",google,7752305,"שדרות ירושלים 12, אשדוד, 7752305",שדרות ירושלים,12,אשדוד,7752305,,אשדוד,no,,apply,,https://beautyfind.co.il/south/biz/סלון-נאטל-מספרה-קוסמטיקה-טיפולי-פנים
ec6a50ae-40d6-49c0-a3b3-a0f89462dfdf,"סמדג׳ה משה - המרכז להחלקות שיער אשדוד | החלקה אורגנית, החלקת קרטין | הסרת שיער בלייזר | טיפולי פנים",אשדוד,no,ChIJy3CaTNijAhURBs2mUMTVISM,"Rogozin St 43/159, Ashdod","רוגוזין 43/159, אשדוד",google,,"רוגוזין 43/159, אשדוד",רוגוזין,43/159,אשדוד,,,אשדוד,no,,apply,,https://beautyfind.co.il/south/biz/סמדגה-משה-המרכז-להחלקות-שיער-אשדוד-החלקה-אורגנית-החלקת-קרטין
702aad30-2aa7-4f5d-bb8d-b576aa5ee655,עינת ברק,אשדוד,no,ChIJUydUCaIu5W8R9WKorBSJuFM,"Ha-Gdud ha-Ivri St 6, Ashdod","הגדוד העברי 6, אשדוד",google,,"הגדוד העברי 6, אשדוד",הגדוד העברי,6,אשדוד,,,אשדוד,no,,apply,,https://beautyfind.co.il/south/biz/עינת-ברק
d1b25779-5d2c-4904-b029-4652ad6d0801,קוסמטיקאית -אולגה קוסמטיקה מתקדמת,אשדוד,no,ChIJLywwSLijAhURYknEmloXcsI,"Nahal Yarmuh St 6, Ashdod","נחל ירמוך 6, אשדוד",google,,"נחל ירמוך 6, אשדוד",נחל ירמוך,6,אשדוד,,,אשדוד,no,,apply,,https://beautyfind.co.il/south/biz/קוסמטיקאית-אולגה-קוסמטיקה-מתקדמת
afa2c630-fdef-4ffc-b333-d901c2e28da2,"קורל אסולין- קליניקה לציפורניים,פדיקור,ריסים וגבות באשדוד",אשדוד,no,ChIJNYd4H4SjAhUR5rSC2wqxSTI,"Tel-Chay Blvd 59, Ashdod, 7751052","שדרות תל חי 59, אשדוד",google,7751052,"שדרות תל חי 59, אשדוד, 7751052",שדרות תל חי,59,אשדוד,7751052,,אשדוד,no,,apply,,https://beautyfind.co.il/south/biz/קורל-אסולין-קליניקה-לציפורניים-פדיקור-ריסים-וגבות-באשדוד
72c6c43d-735d-48ec-898d-e1b3e5725612,קסם קוסמטיקס,אשדוד,no,ChIJkTIHzNajAhUR63_pK5q2yLw,"Yehoshafat ha-Melekh St 15, Ashdod","יהושפט המלך 15, אשדוד",google,,"יהושפט המלך 15, אשדוד",יהושפט המלך,15,אשדוד,,,אשדוד,no,,apply,,https://beautyfind.co.il/south/biz/קסם-קוסמטיקס
63f47ba2-b476-46ee-b5d2-305bc5832b96,רוסלנה ביוטי סטייל,אשדוד,no,ChIJP-SLVOSjAhURnCgTc6QRV_I,"Moshe Ibn Ezra St 23, Ashdod","משה אבן עזרא 23, אשדוד",google,,"משה אבן עזרא 23, אשדוד",משה אבן עזרא,23,אשדוד,,,אשדוד,no,,apply,,https://beautyfind.co.il/south/biz/רוסלנה-ביוטי-סטייל
6b20d446-7029-46dd-b9c4-8d848157596e,רינת ברטוב קוסמטיקאית פרא רפואית,אשדוד,no,ChIJFynXLPWjAhURB7Kvj2olLDE,"Bialik St 24, Ashdod, 7763224","ביאליק 24, אשדוד",google,7763224,"ביאליק 24, אשדוד, 7763224",ביאליק,24,אשדוד,7763224,,אשדוד,no,,apply,,https://beautyfind.co.il/south/biz/רינת-ברטוב-קוסמטיקאית-פרא-רפואית
5560ee57-7861-48b5-9e78-cdf9f102e1a3,רנטה מילבסקי || קורס איפור קבוע והדגשת שפתיים למתחילות ולמתקדמות - Renata Permanent Makeup,אשדוד,no,ChIJm0E16CpJHRURkVKbWNgepZw,"גן העיר, Ha-Gdud ha-Ivri St, Ashdod, 7745270","הגדוד העברי, אשדוד",google,7745270,"גן העיר, הגדוד העברי, אשדוד, 7745270",הגדוד העברי,,אשדוד,7745270,,אשדוד,no,,apply,,https://beautyfind.co.il/south/biz/renata-permanent-makeup
c4208ee5-2c86-4172-8839-1955869ca462,שלומית - מכון קוסמטיקה ויופי,אשדוד,no,ChIJJSEPo0OiAhURPFL5wZDIk5U,"Har Metsada St 57, Ashdod","הר מצדה 57, אשדוד",google,,"הר מצדה 57, אשדוד",הר מצדה,57,אשדוד,,,אשדוד,no,,apply,,https://beautyfind.co.il/south/biz/שלומית-מכון-קוסמטיקה-ויופי
832509ee-bf15-4f61-a953-1d72c7d1c05c,שני אשכנזי תוספות שיער אשדוד,אשדוד,no,ChIJ5cc_31SiAhURyj-mgz81GFE,"St Stephen's Gate (Lion's) St 2, Ashdod","שער האריות 2, אשדוד",google,,"שער האריות 2, אשדוד",שער האריות,2,אשדוד,,,אשדוד,no,,apply,,https://beautyfind.co.il/south/biz/שני-אשכנזי-תוספות-שיער-אשדוד
4bd98bdd-9ade-4715-8bea-a90a43d6b32f,שרה שמחה - קוסמטיקה רפואית טיפולי פנים מתקדמים,אשדוד,no,ChIJJ_ajifyjAhURqDT2zKQEbxY,"Rabi Me'ir Ba'al ha-Nes St, Ashdod","רבי מאיר בעל הנס, אשדוד",google,,"רבי מאיר בעל הנס, אשדוד",רבי מאיר בעל הנס,,אשדוד,,,אשדוד,no,,apply,,https://beautyfind.co.il/south/biz/שרה-שמחה-קוסמטיקה-רפואית-טיפולי-פנים-מתקדמים
ab8ef699-aa34-4d1a-861c-68f83ca37ab4,שרונה נבון קוסמטיקאית קלינית ואחות מוסמכת | טיפולי פנים ואיפור קבוע,אשדוד,no,ChIJ7UkNSIOjAhUR4yYrgQpU6lQ,"Nakhal Lakhish St 38, Ashdod, 7770614","נחל לכיש 38, אשדוד",google,7770614,"נחל לכיש 38, אשדוד, 7770614",נחל לכיש,38,אשדוד,7770614,,אשדוד,no,,apply,,https://beautyfind.co.il/south/biz/שרונה-נבון-קוסמטיקאית-קלינית-ואחות-מוסמכת-טיפולי-פנים-ואיפור
03b912e7-c823-4c1a-84ea-5a52b9906f82,שרי קוסמטיקס,אשדוד,no,ChIJX1cIG26iAhURyw_NnNz-CWA,"Tel-Chay Blvd 19, Ashdod, 7775235","שדרות תל חי 19, אשדוד",google,7775235,"שדרות תל חי 19, אשדוד, 7775235",שדרות תל חי,19,אשדוד,7775235,,אשדוד,no,,apply,,https://beautyfind.co.il/south/biz/שרי-קוסמטיקס
9d84a1a2-36ea-4c92-b0f3-c75eac76641f,AG עיצוב ושיקום שיער,אשדוד,no,ChIJC5tOT-KjAhURcNBasTkbhsA,"HaMishar St 161, Ashdod, 7727532","המסחר 161, אשדוד",google,7727532,"המסחר 161, אשדוד, 7727532",המסחר,161,אשדוד,7727532,,אשדוד,no,,apply,,https://beautyfind.co.il/south/biz/ag-עיצוב-ושיקום-שיער
124bb26c-6f71-4f35-8019-91d23cce3a83,Art of look studio,אשדוד,no,ChIJOxzJWDajAhURyLrPMg5So_0,"Rogozin St 3(a, Ashdod, 7727201","רוגוזין 3(a, אשדוד",google,7727201,"רוגוזין 3(a, אשדוד, 7727201",רוגוזין,3(a,אשדוד,7727201,,אשדוד,no,,apply,,https://beautyfind.co.il/south/biz/art-of-look-studio
95164d33-a97a-484f-bee5-9498a71d80b7,ARTUR Hair Design,אשדוד,no,ChIJFcL1tPiiAhURtUIkY9nTtEQ,"Ha-Atsma'ut St 93, Ashdod","העצמאות 93, אשדוד",google,,"העצמאות 93, אשדוד",העצמאות,93,אשדוד,,,אשדוד,no,,apply,,https://beautyfind.co.il/south/biz/artur-hair-design
5c7f50ff-1d30-4b74-a620-c065124101b5,B PURE CLINIC,אשדוד,no,ChIJMSh74MKjAhURurD8fenGuus,"Ha-Gdud ha-Ivri St 5, Ashdod","הגדוד העברי 5, אשדוד",google,,"הגדוד העברי 5, אשדוד",הגדוד העברי,5,אשדוד,,,אשדוד,no,,apply,,https://beautyfind.co.il/south/biz/b-pure-clinic
00922006-11c0-4414-a5ea-92d7c0d9e13b,bar.by cosmetology,אשדוד,no,ChIJbTm1n2ujAhURs2fZqpfHvKw,"Sderot Yerushalayim 18, Ashdod","שדרות ירושלים 18, אשדוד",google,,"שדרות ירושלים 18, אשדוד",שדרות ירושלים,18,אשדוד,,,אשדוד,no,,apply,,https://beautyfind.co.il/south/biz/bar-by-cosmetology
af3f4457-f5bb-4bbf-a807-70c9a7c3a14d,Beauty Room Colibri,אשדוד,no,ChIJz721cxyjAhURpRnDyIlIXJg,"Kineret St 5/24, Ashdod","כנרת 5/24, אשדוד",google,,"כנרת 5/24, אשדוד",כנרת,5/24,אשדוד,,,אשדוד,no,,apply,,https://beautyfind.co.il/south/biz/beauty-room-colibri
1127f177-b22a-49b9-91fc-12e60fd21a7c,Ester the queen,אשדוד,no,ChIJoen6-2eiAhURzxXPWerqEpk,"Har Metsada St 1, Ashdod","הר מצדה 1, אשדוד",google,,"הר מצדה 1, אשדוד",הר מצדה,1,אשדוד,,,אשדוד,no,,apply,,https://beautyfind.co.il/south/biz/ester-queen
2a6fe4cb-d410-4847-8e1e-7682d37879e3,Glam42 גלאם42 אשדוד,אשדוד,no,ChIJx-uL6_ejAhUR4amlCi2hIgE,"Jabotinski St 45, Ashdod, 1234567","ז׳בוטינסקי 45, אשדוד",google,1234567,"ז'בוטינסקי 45, אשדוד, 1234567",ז'בוטינסקי,45,אשדוד,1234567,,אשדוד,no,,apply,,https://beautyfind.co.il/south/biz/glam42-42
812c51ee-3044-4fe9-98ce-3b15b403b080,Hair Care Salon by Inna Faler,אשדוד,no,ChIJWR9uqgmjAhURz8Ep0PV3Xvg,"Rogozin St 9, Ashdod, 7727302","רוגוזין 9, אשדוד",google,7727302,"רוגוזין 9, אשדוד, 7727302",רוגוזין,9,אשדוד,7727302,,אשדוד,no,,apply,,https://beautyfind.co.il/south/biz/hair-care-salon-by-inna-faler
1017cfc5-88bd-4c8d-a363-b20bc967a003,IBrener - קוסמטיקאית פרא רפואית,אשדוד,no,ChIJTZe9PEajAhURyi6Uxj6A6oc,"Moshe Ibn Ezra St 23, Ashdod","משה אבן עזרא 23, אשדוד",google,,"משה אבן עזרא 23, אשדוד",משה אבן עזרא,23,אשדוד,,,אשדוד,no,,apply,,https://beautyfind.co.il/south/biz/ibrener
5a348272-cf6d-4ca8-b206-4b94ba39b16d,iStudio-Ashdod,אשדוד,no,ChIJ23occBWjAhURHtENMgHXzho,"Ha'Atzma'ut 87, Ashdod","העצמאות 87, אשדוד",dictionary,,"Ha'Atzma'ut 87, Ashdod",Ha'Atzma'ut,87,Ashdod,,,אשדוד,no,,apply,,https://beautyfind.co.il/south/biz/istudio-ashdod
a1b13758-e5fd-4f26-8a9e-9d33708644d8,Kati sara makeup artist,אשדוד,no,ChIJa1n7VvyjAhURt64nPFUUptQ,"Ahi Eilat St 10, Ashdod","אח״י אילת 10, אשדוד",google,,"אח""י אילת 10, אשדוד","אח""י אילת",10,אשדוד,,,אשדוד,no,,apply,,https://beautyfind.co.il/south/biz/kati-sara-makeup-artist
7d5bed73-1cde-41d8-9803-c4195fc9a11a,Laser_me,אשדוד,no,ChIJlQc5kuCjAhUR9tKdAmNvby0,"Har Metsada St 102, Ashdod","הר מצדה 102, אשדוד",google,,"הר מצדה 102, אשדוד",הר מצדה,102,אשדוד,,,אשדוד,no,,apply,,https://beautyfind.co.il/south/biz/laser-me
a875de66-d331-4e58-a228-273eeb0119ac,LISA,אשדוד,no,ChIJCesXWVGiAhURo_WEP9Y8Ek4,"Har Meron St 2, Ashdod","הר מירון 2, אשדוד",google,,"הר מירון 2, אשדוד",הר מירון,2,אשדוד,,,אשדוד,no,,apply,,https://beautyfind.co.il/south/biz/lisa
13c2f0ea-45bf-490c-b4ab-fe602c81b248,Mor Amour,אשדוד,no,ChIJvezwsMCjAhUREuElEOuJ8w8,"Mikve Yisrael St 20, Ashdod, 7764420","מקווה ישראל 20, אשדוד",google,7764420,"מקווה ישראל 20, אשדוד, 7764420",מקווה ישראל,20,אשדוד,7764420,,אשדוד,no,,apply,,https://beautyfind.co.il/south/biz/mor-amour
f2e4e0e2-aa75-4c45-981a-ff0070e2b35d,Nails Yuli יוליה בניית ציפורניים מקצועית אשדוד,אשדוד,no,ChIJCUEoVUyjAhURsEd1KFXY7hk,"Ha-Atsma'ut St 89, Ashdod, 7745275","העצמאות 89, אשדוד",google,7745275,"העצמאות 89, אשדוד, 7745275",העצמאות,89,אשדוד,7745275,,אשדוד,no,,apply,,https://beautyfind.co.il/south/biz/nails-yuli
5f188255-888f-4258-b380-4ca2bdd98cbb,NOA LEV נועה לב,אשדוד,no,ChIJz7DYVQyjAhURCPz8xPjgUKU,"HaMishar St 4, Ashdod, 7741375","המסחר 4, אשדוד",google,7741375,"המסחר 4, אשדוד, 7741375",המסחר,4,אשדוד,7741375,,אשדוד,no,,apply,,https://beautyfind.co.il/south/biz/noa-lev
a040df08-a0be-4afe-acb4-5a0d0a3fde7d,Or.Fix — Аппаратная косметология & Лифтинг,אשדוד,no,ChIJz1vK38mjAhURvWqKpDCe6qA,"Haim Moshe Shapira St 22, Ashdod, 7742322","חיים משה שפירא 22, אשדוד",google,7742322,"חיים משה שפירא 22, אשדוד, 7742322",חיים משה שפירא,22,אשדוד,7742322,,אשדוד,no,,apply,,https://beautyfind.co.il/south/biz/or-fix-and
6c80af72-2af0-44bb-b7c0-52161ac61782,Orit's Beauty Place,אשדוד,no,ChIJDSHFCwyjAhURundF9zq9EYU,"Rogozin St 39, Ashdod, 77452","רוגוזין 39, אשדוד",google,77452,"רוגוזין 39, אשדוד, 77452",רוגוזין,39,אשדוד,77452,,אשדוד,no,,apply,,https://beautyfind.co.il/south/biz/orit-s-beauty-place
fc6c6564-42c3-43db-90eb-5f423b098060,Rachel,אשדוד,no,ChIJIWDyas6jAhURqh9E4GOZKcM,"הבנים 4 אשדוד, ים","הבנים 4, אשדוד",original,,"הבנים 4 אשדוד, ים",,,ים,,,אשדוד,no,,apply,,https://beautyfind.co.il/south/biz/rachel
1eed952a-7af9-4875-9dc6-572d9167a83a,RN laser cosmetic,אשדוד,no,ChIJ1xjmugGjAhURnv5ctXeiUAs,"Kdoshei Belsen St 17, Ashdod","קדושי בלזן 17, אשדוד",google,,"קדושי בלזן 17, אשדוד",קדושי בלזן,17,אשדוד,,,אשדוד,no,,apply,,https://beautyfind.co.il/south/biz/rn-laser-cosmetic
23e37315-8ac1-4786-91d4-34b6c6f84a08,Salon fashion,אשדוד,no,ChIJB15h_4ujAhUR34lAawgW8jk,"Sderot HaMeyasdim 10, Ashdod","שדרות המייסדים 10, אשדוד",google,,"שדרות המייסדים 10, אשדוד",שדרות המייסדים,10,אשדוד,,,אשדוד,no,,apply,,https://beautyfind.co.il/south/biz/salon-fashion
315b6591-b747-480f-8ca8-e8cb08b10e62,Salon Kosmetik Janna,אשדוד,no,ChIJJSUYk8ujAhURdg7jGmHWe8o,"Ацмаут 79/3, Ha-Atsma'ut St 79, דירה 3, Ashdod, 7745270","העצמאות 79, דירה 3, אשדוד",google,7745270,"Ацмаут 79/3, העצמאות 79, דירה 3, אשדוד, 7745270",העצמאות,79,אשדוד,7745270,,אשדוד,no,,apply,,https://beautyfind.co.il/south/biz/salon-kosmetik-janna
88edd5ff-6483-4257-90d1-84b4bffb7362,Sarah beauty,אשדוד,no,ChIJn5bBSrajAhURVQKbWkzU7vQ,"87 haatsmaout, Ashdod, 7777700","העצמאות 87, אשדוד",dictionary,,אשדוד,,,אשדוד,,,אשדוד,no,,apply,,https://beautyfind.co.il/south/biz/sarah-beauty
7da88bd3-16d9-4e7a-aa76-cd9fa41f35b7,shiran sultan nail,אשדוד,no,ChIJiWapUHmjAhURjj70KK8haN0,"Tapuz 4/49, Ashdod, 7708937","תפוז 4/49, אשדוד",google,7708937,"תפוז 4/49, אשדוד, 7708937",תפוז,4/49,אשדוד,7708937,,אשדוד,no,,apply,,https://beautyfind.co.il/south/biz/shiran-sultan-nail
5b57d49d-51e2-45ac-a992-c7dff7c1ca02,Sk cosmetics,אשדוד,no,ChIJJc4ZBBW9AhURI_6ctLB_zAc,"Ha-Saifan St 28, Gan Yavne, 7085001","האתרוג 6, גן יבנה",google,7085001,"האתרוג 6, גן יבנה, 7085001",האתרוג,6,גן יבנה,7085001,,גן יבנה,yes,,apply,,https://beautyfind.co.il/south/biz/sk-cosmetics
de9ab7fb-2f51-4bbd-b538-242cabe9d69e,Two Rbib- aesthetics and Care Clinic,אשדוד,no,ChIJhctVoGSiAhURKKOemmecHV4,"אשכולית 11, Ashdod","אשכולית 11, אשדוד",google,,"אשכולית 11, אשדוד",אשכולית,11,אשדוד,,,אשדוד,no,,apply,,https://beautyfind.co.il/south/biz/two-rbib-aesthetics-and-care-clinic
7bf793da-b7d9-4de6-911c-7d4d56247c6b,V-Clinic,אשדוד,no,ChIJaVnKL0SjAhURrErk7m1hOh8,"Ha-Tsiyonut St 9, Ashdod","הציונות 9, אשדוד",google,,"הציונות 9, אשדוד",הציונות,9,אשדוד,,,אשדוד,no,,apply,,https://beautyfind.co.il/south/biz/v-clinic
e06ab5dc-b5a3-4e3c-b01b-937f55452238,Yelena Cosmetics Ashdod,אשדוד,no,ChIJuSa1sEKiAhURwJkggxPwN6E,"Kineret St 60, Ashdod, 7770060","כנרת 60, אשדוד",google,7770060,"כנרת 60, אשדוד, 7770060",כנרת,60,אשדוד,7770060,,אשדוד,no,,apply,,https://beautyfind.co.il/south/biz/yelena-cosmetics-ashdod
81624ed6-db4f-45d6-a44c-70d5d769d130,Студия Красоты Veranda,אשדוד,no,ChIJnYM2MyCjAhUR12RzgfkHIEQ,"QJFW+F45, Ashdod, 7748415",אשדוד,city_only,,"QJFW+F45, אשדוד, 7748415",,,אשדוד,7748415,,אשדוד,no,,apply,,https://beautyfind.co.il/south/biz/veranda
9bc84eac-f163-4082-93f7-e8e35dd67a5c,אריאלה ביוטי,בני ברק,no,ChIJiTe2P8lLHRURQryWrqbpU8U,"Bar Kochva St 23, Bnei Brak","בר כוכבא 23, בני ברק",google,,"בר כוכבא 23, בני ברק",בר כוכבא,23,בני ברק,,,בני ברק,no,,apply,,https://beautyfind.co.il/dan/biz/אריאלה-ביוטי
a57a1329-5ad6-4d1f-9e1e-9b61c67e490b,ביוטי שופ,בני ברק,no,ChIJB1UoeepLHRUR1cQ2cOGgJNE,"Rashi Street 7, Menakhem Yitskhak St 2, Ramat Gan",בני ברק,city_only,,"Rashi Street 7, Menakhem Yitskhak St 2, Ramat Gan",Menakhem Yitskhak Street,2,Ramat Gan,,,בני ברק,no,,apply,,https://beautyfind.co.il/dan/biz/ביוטי-שופ
4428b1e8-f24f-4c2c-8c14-29955de3046c,גלית איטליה מותג פאות ובית ספר,בני ברק,no,ChIJo1357S9KHRURiO_f0_KrmLM,"Hachsharat Hayisuv Tower, Jabotinsky St 9, קומה 40, Bnei Brak","זאב ז׳בוטינסקי 9, קומה 40, בני ברק",google,,"מגדל הכשרת הישוב, רחוב זאב ז'בוטינסקי 9, קומה 40, בני ברק",רחוב זאב ז'בוטינסקי,9,בני ברק,,,בני ברק,no,,apply,,https://beautyfind.co.il/dan/biz/גלית-איטליה-מותג-פאות-ובית-ספר
1078a5f6-3eea-4596-9f92-529340285f7f,"ד""ר צחי שלקוביץ' רופא עור",בני ברק,no,ChIJHXXPx8tLHRURa_6sStrqmjI,"בניין V TOWER, Bar Kochva St 23, קומה 2, Bnei Brak","בר כוכבא 23, קומה 2, בני ברק",google,,"בניין V TOWER, בר כוכבא 23, קומה 2, בני ברק",בר כוכבא,23,בני ברק,,,בני ברק,no,,apply,,https://beautyfind.co.il/dan/biz/דר-צחי-שלקוביץ-רופא-עור
d752b52e-4786-4ee7-9399-4ca9cf95dbce,יפה מקסימוב מרכזי אסתטיקה,בני ברק,no,ChIJhdTBVIZJHRURivdCUbDqKtI,"קניון איילון, Abba Hillel Silver Rd 301, Ramat Gan","דרך אבא הלל 301, קניון איילון, רמת גן",google,,"קניון איילון, דרך אבא הלל 301, רמת גן",דרך אבא הלל,301,רמת גן,,,רמת גן,yes,ramat-gan,apply,,https://beautyfind.co.il/dan/biz/יפה-מקסימוב-מרכזי-אסתטיקה
c7097206-e55b-4364-b5ae-94687e3a321f,ליטל פוניס - המרכז הישראלי לטיפולי אנטי אייג'ינג,בני ברק,no,ChIJdaYiUuFLHRUR-SWZntPwgZI,"מגדלי אשטרום, Ha-Yarkon St 5, Bnei Brak, 5120155","הירקון 5, בני ברק",google,5120155,"מגדלי אשטרום, הירקון 5, בני ברק, 5120155",הירקון,5,בני ברק,5120155,,בני ברק,no,,apply,,https://beautyfind.co.il/dan/biz/ליטל-פוניס-המרכז-הישראלי-לטיפולי-אנטי-אייגינג
e5a3fd06-b7f5-4cd8-ad98-c396ff280755,לינה סנטר - מרכז טיפולים לפנים ולגוף,בני ברק,no,ChIJEyvrEWu7HRURo-vVP__byVc,"שדרות הנשיא 134, Metsada St 9, Bnei Brak","שד׳ הנשיא 134, חיפה",google,,"שד' הנשיא 134, חיפה",שד' הנשיא,134,חיפה,,,חיפה,yes,haifa,apply,,https://beautyfind.co.il/dan/biz/לינה-סנטר-מרכז-טיפולים-לפנים-ולגוף
3523186e-4a4a-4061-b4a4-9037c32a929e,פאות קאסטם - אתי שוקרון פאות יוקרה,בני ברק,no,ChIJrw-VpiJKHRURz7Uq7DDU66o,"Ya'akov Rosenheim St 8, Bnei Brak","יעקב רוזנהיים 8, בני ברק",google,,"יעקב רוזנהיים 8, בני ברק",יעקב רוזנהיים,8,בני ברק,,,בני ברק,no,,apply,,https://beautyfind.co.il/dan/biz/פאות-קאסטם-אתי-שוקרון-פאות-יוקרה
151893ab-a3c3-4c07-a749-7f79b3988516,צביה וקוסמטיקה - קוסמטיקאית ברמת גן,בני ברק,no,ChIJq06MQlRLHRURuAO3SNmZiyA,"Khibat Tsiyon St 42, Ramat Gan, 5240821","חיבת ציון 42, רמת גן",google,5240821,"חיבת ציון 42, רמת גן, 5240821",חיבת ציון,42,רמת גן,5240821,,רמת גן,yes,ramat-gan,apply,,https://beautyfind.co.il/dan/biz/צביה-וקוסמטיקה-קוסמטיקאית-ברמת-גן
2061ad51-e86d-40ca-b4ee-a0e8557cf719,רבקה זיידה - המרכז לטיפול באקנה ופוסט אקנה,בני ברק,no,ChIJmQDQeylKHRURheZ8xepB1tU,"B.S.R. 3, Kinneret St 5, Bnei Brak, 5126237","כינרת 5, מגדל ב.ס.ר. 3, בני ברק",google,5126237,"מגדל ב.ס.ר. 3, כינרת 5, בני ברק, 5126237",כינרת,5,בני ברק,5126237,מגדל ב.ס.ר. 3,בני ברק,no,,apply,,https://beautyfind.co.il/dan/biz/רבקה-זיידה-המרכז-לטיפול-באקנה-ופוסט-אקנה
e19d4bf2-66b8-478a-a7db-3aa629f30272,Beauty Style,בני ברק,no,ChIJ90enfzNKHRURM-ht88swXxo,"Haroe St 34, Ramat Gan","הרא״ה 34, רמת גן",google,,"הרא""ה 34, רמת גן","הרא""ה",34,רמת גן,,,רמת גן,yes,ramat-gan,apply,,https://beautyfind.co.il/dan/biz/beauty-style
f072d910-7afa-4941-bb7b-b1ef51d0fc55,LONGEVI- by Liana Nahmias-skincare,בני ברק,no,ChIJW1elx8tLHRURXNTTrFv3hpE,"David Ben Gurion Rd 125, Ramat Gan","דוד בן גוריון 125, רמת גן",google,,"דוד בן גוריון 125, רמת גן",דוד בן גוריון,125,רמת גן,,,רמת גן,yes,ramat-gan,apply,,https://beautyfind.co.il/dan/biz/longevi-by-liana-nahmias-skincare
fa33a3ec-6f06-4db0-928b-f4923a5fd985,Nelly Davidov,בני ברק,no,ChIJU3xVZ4ZJHRUR8jnuTh1zxko,"דרך אבא הלל 301 קניון איילון בקומה 2 בפסאז, צמוד למתחם האוכל, Abba Hillel Silver Rd 301, Ramat Gan, 5259408","דרך אבא הלל 301, רמת גן",google,5259408,"דרך אבא הלל 301 קניון איילון בקומה 2 בפסאז, צמוד למתחם האוכל, דרך אבא הלל 301, רמת גן, 5259408",דרך אבא הלל,301,רמת גן,5259408,,רמת גן,yes,ramat-gan,apply,,https://beautyfind.co.il/dan/biz/nelly-davidov
f4498f47-9e11-4acc-8c1e-ec0263c29d39,Queens Clinic,בני ברק,no,ChIJ6Qnzq1JTHBURWwS_WIlb_YM,"מגדל הכשרת היישוב זאב, Jabotinsky St 9, Bnei Brak, 5126417","ז׳בוטינסקי 9, מגדל הכשרת היישוב זאב, בני ברק",dictionary,,"מגדל הכשרת היישוב זאב, Jabotinsky St 9, Bnei Brak, 5126417",Jabotinsky Street,9,Bnei Brak,5126417,,בני ברק,no,,apply,,https://beautyfind.co.il/dan/biz/queens-clinic
3e581e2f-55ba-47f6-bbf3-9ab2cc8a9014,יורי סטייל,בת ים,no,ChIJH7cfQkSzAhURV0yzFaenoVE,"Nitsana St 21, Bat Yam","ניצנה 21, בת ים",google,,"ניצנה 21, בת ים",ניצנה,21,בת ים,,,בת ים,no,,apply,,https://beautyfind.co.il/dan/biz/יורי-סטייל
b960fbdc-47ad-42d2-9a1e-e681eaecc782,צמידי שיער Salon Alexander החלקה | תוספות שיער | פדחות לשיער דליל | פאות | פאות רפויות | מכונת שיזוף | שיער רוסי,בת ים,no,ChIJIXMcYTyzAhURFDR7pGNDCM4,"Rothschild St 17, Bat Yam","רוטשילד 17, בת ים",google,,"רוטשילד 17, בת ים",רוטשילד,17,בת ים,,,בת ים,no,,apply,,https://beautyfind.co.il/dan/biz/salon-alexander
8a0ee01f-dcd5-4570-9f80-6b4389ea28db,"מרפאת שיניים ד""ר נעים דנט | מרפאת שיניים בגבעת שמואל",גבעת שמואל,no,ChIJPdBoSwRKHRURyXN4-0H-YKs,"HaNasi St 75, Giv'at Shmuel","הנשיא 75, גבעת שמואל",google,,"הנשיא 75, גבעת שמואל",הנשיא,75,גבעת שמואל,,,גבעת שמואל,no,,apply,,https://beautyfind.co.il/dan/biz/מרפאת-שיניים-דר-נעים-דנט-מרפאת-שיניים-בגבעת-שמואל
53993e63-6887-4035-bc14-644c2b674fb9,פן על הדרך,גבעת שמואל,no,ChIJMTAXAg9KHRURpKE4rwbec1o,"Sderot Menachem Begin 30, Giv'at Shmuel","שדרות מנחם בגין 30, גבעת שמואל",google,,"שדרות מנחם בגין 30, גבעת שמואל",שדרות מנחם בגין,30,גבעת שמואל,,,גבעת שמואל,no,,apply,,https://beautyfind.co.il/dan/biz/פן-על-הדרך
3e087faf-1fd9-4dd0-8f61-cb4031836849,Cosmetics Institute of Ronit Segev,גבעת שמואל,no,ChIJaXtKKhBKHRURNAQkbPUytDI,"Uzi'el St 48, Giv'at Shmuel","עוזיאל 48, גבעת שמואל",google,,"עוזיאל 48, גבעת שמואל",עוזיאל,48,גבעת שמואל,,,גבעת שמואל,no,,apply,,https://beautyfind.co.il/dan/biz/cosmetics-institute-of-ronit-segev
6611c0e4-07de-4fd4-9942-698577a5bcc5,Dr. Yosef Ben Yosef,גבעת שמואל,no,ChIJZ1TcjmxKHRURewC94Z80wGc,"Ha-Zeitim St 96, Giv'at Shmuel, 5401188","הזיתים 96, גבעת שמואל",google,5401188,"הזיתים 96, גבעת שמואל, 5401188",הזיתים,96,גבעת שמואל,5401188,,גבעת שמואל,no,,apply,,https://beautyfind.co.il/dan/biz/dr-yosef-ben-yosef
4d1dad4a-6df4-4298-848f-1f166188681f,בוטיק הקוסמטיקה של מרינה,גבעתיים,no,ChIJee_pgKxLHRURiJ-Cp2n1zbA,"David Ben Gurion Rd 265, Ramat Gan, 5231312","דוד בן גוריון 265, רמת גן",google,5231312,"דוד בן גוריון 265, רמת גן, 5231312",דוד בן גוריון,265,רמת גן,5231312,,רמת גן,yes,ramat-gan,apply,,https://beautyfind.co.il/dan/biz/בוטיק-הקוסמטיקה-מרינה
aaed9ee8-abef-4d3e-a74e-ce9c8611e658,בית ספר לעיצוב שיער - מוטיה רובין - MOTIE RUBIN,גבעתיים,no,ChIJFXCr44VLHRURYtpbtnmxrbM,"Motie Rubin Hairdressers Salon, Yigal Alon St 159, Tel Aviv-Yafo, 6744367","יגאל אלון 159, תל אביב-יפו",google,6744367,"Motie Rubin Hairdressers Salon, יגאל אלון 159, תל אביב-יפו, 6744367",יגאל אלון,159,תל אביב-יפו,6744367,,תל אביב-יפו,yes,tel-aviv,apply,,https://beautyfind.co.il/dan/biz/motie-rubin
5c9a3fb2-101d-46fd-8f24-a1271f32a8b8,דר אלה אגוזי ריינמן- רופאה מומחית ברפואת עור ובטיפולי אסתטיקה רפואית,גבעתיים,no,ChIJd0OQ8sdLHRURLiw7zQXJ3IQ,"מגדלי התאומים, Jabotinsky St 35, Ramat Gan, 5251108","זאב ז׳בוטינסקי 35, מגדלי התאומים, רמת גן",google,5251108,"מגדלי התאומים, רחוב זאב ז'בוטינסקי 35, רמת גן, 5251108",רחוב זאב ז'בוטינסקי,35,רמת גן,5251108,מגדלי התאומים,רמת גן,yes,ramat-gan,apply,,https://beautyfind.co.il/dan/biz/דר-אלה-אגוזי-ריינמן-רופאה-מומחית-ברפואת-עור-ובטיפולי-אסתטיקה
2f140fed-2a29-4fef-9405-a485baee45cf,יעל שלמה - קוסמטיקאית הוליסטית,גבעתיים,no,ChIJA_IjzKpLHRURds7TnOUO6jo,"Moshe Dayan Rd 132, Tel Aviv-Yafo, 6794722","דרך משה דיין 132, תל אביב-יפו",google,6794722,"דרך משה דיין 132, תל אביב-יפו, 6794722",דרך משה דיין,132,תל אביב-יפו,6794722,,תל אביב-יפו,yes,tel-aviv,apply,,https://beautyfind.co.il/dan/biz/יעל-שלמה-קוסמטיקאית-הוליסטית
0937894d-8c96-4c8a-9578-98a967e39211,לירז קוסמטיקה | הסרת שיער בלייזר וטיפולי פנים,גבעתיים,no,ChIJLXTvsPJLHRURFP3x-tApg4A,"Moshe Dayan Rd 109, Tel Aviv-Yafo, 6732104","דרך משה דיין 109, תל אביב-יפו",google,6732104,"דרך משה דיין 109, תל אביב-יפו, 6732104",דרך משה דיין,109,תל אביב-יפו,6732104,,תל אביב-יפו,yes,tel-aviv,apply,,https://beautyfind.co.il/dan/biz/לירז-קוסמטיקה-הסרת-שיער-בלייזר-וטיפולי-פנים
8dd3429c-8ecf-491f-8e95-bef7acc8992d,עיצוב שיער,גבעתיים,no,ChIJ5Q-0cvVLHRUREDzG1RsAIh0,"Jabotinsky St 43, Ramat Gan, 5251114","זאב ז׳בוטינסקי 43, רמת גן",google,5251114,"רחוב זאב ז'בוטינסקי 43, רמת גן, 5251114",רחוב זאב ז'בוטינסקי,43,רמת גן,5251114,,רמת גן,yes,ramat-gan,apply,,https://beautyfind.co.il/dan/biz/עיצוב-שיער
c1c0daee-b723-45ba-bacd-0b8e8c27c687,שלומי עיצוב שיער גבעתיים,גבעתיים,no,ChIJtbu80ANLHRURtqo20xeAuUE,"Katzenelson St 21, Giv'atayim, 53215","כצנלסון 21, גבעתיים",google,53215,"כצנלסון 21, גבעתיים, 53215",כצנלסון,21,גבעתיים,53215,,גבעתיים,no,,apply,,https://beautyfind.co.il/dan/biz/שלומי-עיצוב-שיער-גבעתיים
a8b1cf9c-72c8-42a2-bdbf-3a8d979b5cc8,שרי ארז - מרכז לאסתטיקה טכנולוגית וקוסמטיקה רפואית,גבעתיים,no,ChIJMy54FaRLHRURKP_Zca9WsT4,"Rambam St 9, Giv'atayim","רמב״ם 9, גבעתיים",google,,"רמב""ם 9, גבעתיים","רמב""ם",9,גבעתיים,,,גבעתיים,no,,apply,,https://beautyfind.co.il/dan/biz/שרי-ארז-מרכז-לאסתטיקה-טכנולוגית-וקוסמטיקה-רפואית
61a6b949-be55-4270-9e99-09995c9c57fc,BeautIX - Beauty Salon,גבעתיים,no,ChIJD5lqcJhLHRURC8wBLbgfnWI,"Katzenelson St 15, Giv'atayim, 5321308","כצנלסון 15, גבעתיים",google,5321308,"כצנלסון 15, גבעתיים, 5321308",כצנלסון,15,גבעתיים,5321308,,גבעתיים,no,,apply,,https://beautyfind.co.il/dan/biz/beautix-beauty-salon
4a5ed346-8780-4f33-8320-e256deefa1bd,Shlomi Shem Tov Hairdresser,גבעתיים,no,ChIJ-1XEVrFLHRURiso2VmTSXiw,"Katzenelson St 97, Giv'atayim","כצנלסון 97, גבעתיים",google,,"כצנלסון 97, גבעתיים",כצנלסון,97,גבעתיים,,,גבעתיים,no,,apply,,https://beautyfind.co.il/dan/biz/shlomi-shem-tov-hairdresser
782d97ce-4746-42bd-bb43-19dab6e989aa,יופי קורן,חולון,no,ChIJt_38I6a0AhURHdXgx_wxRI0,"Sprinzak St 20, Holon","שפרינצק 20, חולון",google,,"שפרינצק 20, חולון",שפרינצק,20,חולון,,,חולון,no,,apply,,https://beautyfind.co.il/dan/biz/יופי-קורן
32848e81-f29f-44fa-be10-d330b2cdbda1,ליהיא וקנין - מומחית בעיצוב גבות ושיטת ספריי פודרה,חולון,no,ChIJZc_86VizAhUR2BzKzf-gf7Q,"Pierre Koenig St 11, Holon","פייר קניג 11, חולון",google,,"פייר קניג 11, חולון",פייר קניג,11,חולון,,,חולון,no,,apply,,https://beautyfind.co.il/dan/biz/ליהיא-וקנין-מומחית-בעיצוב-גבות-ושיטת-ספריי-פודרה
5fbda2de-a49c-4278-bf0f-6164e39d950a,מספרת אבן ספיר - מספרה בחולון | ספר גברים ילדים | עיצוב זקן | הסרת שיער בלייזר | טיפול פנים לגבר,חולון,no,ChIJnW2ijVmzAhUR2QWSP4rkCvU,"Sderot Dov Hoz 40, Holon","שדרות דב הוז 40, חולון",google,,"שדרות דב הוז 40, חולון",שדרות דב הוז,40,חולון,,,חולון,no,,apply,,https://beautyfind.co.il/dan/biz/מספרת-אבן-ספיר-מספרה-בחולון-ספר-גברים-ילדים-עיצוב-זקן-הסרת-ש
e4bb2fd2-4791-4d00-b881-b972d91ae9a8,"מרפאת שיניים ד""ר אבייב - יישור שיניים שקוף Invisalign בחולון",חולון,no,ChIJk8f2-ae0AhURqRshD06N-FQ,"Sokolov St 34, Holon","סוקולוב 34, חולון",google,,"סוקולוב 34, חולון",סוקולוב,34,חולון,,,חולון,no,,apply,,https://beautyfind.co.il/dan/biz/invisalign
00a5110e-7d98-4f1a-84d8-3f964983ec71,עידית עמר - קוסמטיקאית פרא רפואית מומחית,חולון,no,ChIJF5-swNJLHRURn6GSuhpy34o,"Moshe Sharet St 60, Azor","משה שרת 60, אזור",google,,"משה שרת 60, אזור",משה שרת,60,אזור,,,אזור,yes,,apply,,https://beautyfind.co.il/dan/biz/עידית-עמר-קוסמטיקאית-פרא-רפואית-מומחית
cfbed9e7-b435-4986-bbee-1f7a0b991dba,אברמסקי - המרכז לבריאות השיער בחיפה,חיפה,no,ChIJyUVFtH66HRURJPReh2YcVoM,"Hahistadrut Ave 44, Haifa, 3296034","ההסתדרות 44, חיפה",google,3296034,"ההסתדרות 44, חיפה, 3296034",ההסתדרות,44,חיפה,3296034,,חיפה,no,,apply,,https://beautyfind.co.il/haifa/biz/אברמסקי-המרכז-לבריאות-השיער-בחיפה
3dfea4d9-6047-4504-a026-04bb18543d87,אורלי בנדל מכון קוסמטיקה,חיפה,no,ChIJAZFaOBu7HRURfP6YUNK8yy4,"Kiryat Sefer St 5, Haifa","קרית ספר 5, חיפה",google,,"קרית ספר 5, חיפה",קרית ספר,5,חיפה,,,חיפה,no,,apply,,https://beautyfind.co.il/haifa/biz/אורלי-בנדל-מכון-קוסמטיקה
030a9fa3-ab1b-40ed-aa5f-2a9d9e8bc9b8,איפור קבוע - אווה נתיב,חיפה,no,ChIJY60CF-dRHBURoJsRFoQp-4c,"Leon Blum St 2, Haifa, 3385101","לאון בלום 2, חיפה",google,3385101,"לאון בלום 2, חיפה, 3385101",לאון בלום,2,חיפה,3385101,,חיפה,no,,apply,,https://beautyfind.co.il/haifa/biz/איפור-קבוע-אווה-נתיב
58c99f0c-3e41-4f51-b4f4-9431e869d1c0,אלון פיקלר מטפל הוליסטי מעסה/ספורטתרפיסט,חיפה,no,ChIJfWdP74i6HRURaUxOuzpSTSo,"Ya'akov Salomon St 22, Haifa, 3258908","יעקב סלומון 22, חיפה",google,3258908,"יעקב סלומון 22, חיפה, 3258908",יעקב סלומון,22,חיפה,3258908,,חיפה,no,,apply,,https://beautyfind.co.il/haifa/biz/אלון-פיקלר-מטפל-הוליסטי-מעסה-ספורטתרפיסט
d7600688-f6b5-450a-9a96-febf72ebb9f4,אליס,חיפה,no,ChIJ16Jo_5q7HRUR0XsRQsJFwvw,"HaYam Rd 209, Haifa","דרך הים 209, חיפה",google,,"דרך הים 209, חיפה",דרך הים,209,חיפה,,,חיפה,no,,apply,,https://beautyfind.co.il/haifa/biz/אליס
9cb3af26-74dc-4270-bf98-73acd6081711,אסתי-סלון יופי. קוסמטיקאית מוסמכת בחיפה,חיפה,no,ChIJhaIaRK1jNA0R3lourhSWe6c,"Sderot HaMeginim 133, Haifa, 3566801","שדרות המגינים 133, חיפה",google,3566801,"שדרות המגינים 133, חיפה, 3566801",שדרות המגינים,133,חיפה,3566801,,חיפה,no,,apply,,https://beautyfind.co.il/haifa/biz/אסתי-סלון-יופי-קוסמטיקאית-מוסמכת-בחיפה
57f16419-fdda-4608-8e6e-24bef1580b21,ביו סקלפצ'ר ישראל BIO SCULPTURE IL,חיפה,no,ChIJQTmc9AO7HRUR2AXOm75sjzY,"Ha'atzma'ut Rd 59, Haifa","דרך העצמאות 59, חיפה",google,,"דרך העצמאות 59, חיפה",דרך העצמאות,59,חיפה,,,חיפה,no,,apply,,https://beautyfind.co.il/haifa/biz/bio-sculpture-il
6d6bed8b-c75f-430e-ac7c-0c5ec58fe4d3,גבות חדשות | שרה,חיפה,no,ChIJPzPD9SK7HRURU6x10WgKS8w,"Rabbi Akiva St 1, Haifa, 3319201","רבי עקיבא 1, חיפה",google,3319201,"רבי עקיבא 1, חיפה, 3319201",רבי עקיבא,1,חיפה,3319201,,חיפה,no,,apply,,https://beautyfind.co.il/haifa/biz/גבות-חדשות-שרה
8ef4648e-8cdf-490b-b36d-d41ed0d1a0b3,"ד""ר אוהד בן-נון",חיפה,no,ChIJA0_B-hK7HRURTvQPAqbImME,"Ya'ir Katz St 12, Haifa","יאיר כ״ץ 12, חיפה",google,,"יאיר כ""ץ 12, חיפה","יאיר כ""ץ",12,חיפה,,,חיפה,no,,apply,,https://beautyfind.co.il/haifa/biz/דר-אוהד-בן-נון
b96bf50f-33ad-4b56-9572-f26696b96130,"ד""ר אור שבתאי | מילוי שפתיים טבעי | בוטוקס | טיפול זרע הסלמון | רדיאס | סקולפטרה | אסתטיקה רפואית",חיפה,no,ChIJ-5cnuS9RkiQR08vonaEY4J0,"Kidron St 11א, Haifa, 3446312","קדרון 11א, חיפה",google,3446312,"קדרון 11א, חיפה, 3446312",קדרון,11א,חיפה,3446312,,חיפה,no,,apply,,https://beautyfind.co.il/haifa/biz/דר-אור-שבתאי-מילוי-שפתיים-טבעי-בוטוקס-טיפול-זרע-הסלמון-רדיאס
fcdb8efd-b282-4555-9855-09e348073c1a,"ד""ר אליאס מטאנס - מנתח פלסטי",חיפה,no,ChIJoyfCUb27HRURgoXw6JZwaYQ,"Tchernikhovski St 37, Haifa","טשרניחובסקי 37, חיפה",google,,"טשרניחובסקי 37, חיפה",טשרניחובסקי,37,חיפה,,,חיפה,no,,apply,,https://beautyfind.co.il/haifa/biz/דר-אליאס-מטאנס-מנתח-פלסטי
d6b51cd7-10a9-4c1c-90eb-8a6c926e61b1,"ד""ר אריאל ניימן מומחה לכירורגיה פלסטית",חיפה,no,ChIJwWQlu5K7HRURfAhT3akS7Ro,"Yigal Alon St 29, Haifa, 3298329","יגאל אלון 29, חיפה",google,3298329,"יגאל אלון 29, חיפה, 3298329",יגאל אלון,29,חיפה,3298329,,חיפה,no,,apply,,https://beautyfind.co.il/haifa/biz/דר-אריאל-ניימן-מומחה-לכירורגיה-פלסטית
8d1b6326-7b24-482e-84fa-b4964b1e82f2,"ד""ר ברגר - ניתוחים פלסטיים בצפון",חיפה,no,ChIJKyheOwa7HRURyWnSGBO_gEc,"Moriah Ave 40, Haifa, 3457206","שדרות מוריה 40, חיפה",google,3457206,"שדרות מוריה 40, חיפה, 3457206",שדרות מוריה,40,חיפה,3457206,,חיפה,no,,apply,,https://beautyfind.co.il/haifa/biz/דר-ברגר-ניתוחים-פלסטיים-בצפון
106954bc-aa30-425f-8614-81c9106473fa,ד״ר גוברין - מומחה בכירורגיה פלסטית,חיפה,no,ChIJKe25cMu7HRURhgJiCxjGqMw,"Sderot Ben Gurion 4, Haifa, 3541415","שדרות דוד בן גוריון 4, חיפה",google,3541415,"שדרות דוד בן גוריון 4, חיפה, 3541415",שדרות דוד בן גוריון,4,חיפה,3541415,,חיפה,no,,apply,,https://beautyfind.co.il/haifa/biz/דר-גוברין-מומחה-בכירורגיה-פלסטית
218ae7bb-ed17-4a58-b7cf-ecfdcbbf0536,ד״ר חסן חטיב - קליניקה לרפואה אסתטית,חיפה,no,ChIJr8fA_VESSy0R5J3I-AHyyYo,"בניין אסטרא, Tchernikhovski St 35, קומה 4, Haifa, 3306241","טשרניחובסקי 35, בניין אסטרא, קומה 4, חיפה",google,3306241,"בניין אסטרא, טשרניחובסקי 35, קומה 4, חיפה, 3306241",טשרניחובסקי,35,חיפה,3306241,,חיפה,no,,apply,,https://beautyfind.co.il/haifa/biz/דר-חסן-חטיב-קליניקה-לרפואה-אסתטית
9c7c2244-996d-45b2-88a2-9160cd872e80,ד״ר מנאר קעואר - מומחה בכירורגיה פלסטית ואסתטית,חיפה,no,ChIJVykgnsu7HRURJLpm4cElZ-I,"שד׳ בן גוריון 6, קניון סיטי סנטר, קומה 7, Haifa","שד׳ בן גוריון 6, קניון סיטי סנטר, קומה 7, חיפה",original,,"שד׳ בן גוריון 6, קניון סיטי סנטר, קומה 7, חיפה",,,חיפה,,,חיפה,no,,apply,,https://beautyfind.co.il/haifa/biz/דר-מנאר-קעואר-מומחה-בכירורגיה-פלסטית-ואסתטית
4f5ef12c-b42c-4fd8-9e0a-90910d247056,"ד""ר צבי גוטמכר - מומחה לשיקום הפה",חיפה,no,ChIJH1oxvQW7HRUR6fCV4I1mudY,"Moriah Ave 82, Haifa","שדרות מוריה 82, חיפה",google,,"שדרות מוריה 82, חיפה",שדרות מוריה,82,חיפה,,,חיפה,no,,apply,,https://beautyfind.co.il/haifa/biz/דר-צבי-גוטמכר-מומחה-לשיקום-הפה
b00a083f-d8a8-4b23-84c4-f76e955d1576,"ד""ר רוני מוסקונה - מרפאות ניתוחים פלסטיים וטיפולי אסתטיקה",חיפה,no,ChIJFUWfMRq7HRURffLWQcoaON8,"Sderot Sinai 2, Haifa","שדרות סיני 2, חיפה",google,,"שדרות סיני 2, חיפה",שדרות סיני,2,חיפה,,,חיפה,no,,apply,,https://beautyfind.co.il/haifa/biz/דר-רוני-מוסקונה-מרפאות-ניתוחים-פלסטיים-וטיפולי-אסתטיקה
9652a052-c1e2-4ad8-8251-75eee658e7ef,"ד""ר תמיר גיל - מומחה בכירורגיה פלסטית בחיפה ובקריות",חיפה,no,ChIJ72lVi6q7HRUREymag6kN4zc,"מרפאת אלישע, Yair Kats St 12, Haifa, 3463626","יאיר כ״ץ 12, חיפה",google,3463626,"מרפאת אלישע, יאיר כ""ץ 12, חיפה, 3463626","יאיר כ""ץ",12,חיפה,3463626,,חיפה,no,,apply,,https://beautyfind.co.il/haifa/biz/דר-תמיר-גיל-מומחה-בכירורגיה-פלסטית-בחיפה-ובקריות
380cff8d-a5ba-4601-9ea9-1952b6a935f4,דבורה פריווה סלון היופי שלך בחיפה,חיפה,no,ChIJBdBsfQC7HRURsbYGesrTQLU,"Trumpeldor St, Haifa","טרומפלדור רחוב, חיפה",google,,"טרומפלדור רחוב, חיפה",טרומפלדור רחוב,,חיפה,,,חיפה,no,,apply,,https://beautyfind.co.il/haifa/biz/דבורה-פריווה-סלון-היופי-שלך-בחיפה
4335e5f5-aba2-40b7-ad64-cc79b0f40d79,דביר אפרים,חיפה,no,ChIJ9-WGNO27HRURksrYas8-1ww,"Perets Bernstein St 10, Haifa, 3498110","פרץ ברנשטיין 10, חיפה",google,3498110,"פרץ ברנשטיין 10, חיפה, 3498110",פרץ ברנשטיין,10,חיפה,3498110,,חיפה,no,,apply,,https://beautyfind.co.il/haifa/biz/דביר-אפרים
bb64f25c-75d8-4003-8c60-820007427dcb,דניאל איפור קבוע והלחמת ריסים,חיפה,no,ChIJg1ZjArq7HRURjzdhMhpSb9w,"Shivat Tsiyon St 19, Haifa, 3326628","שיבת ציון 19, חיפה",google,3326628,"שיבת ציון 19, חיפה, 3326628",שיבת ציון,19,חיפה,3326628,,חיפה,no,,apply,,https://beautyfind.co.il/haifa/biz/דניאל-איפור-קבוע-והלחמת-ריסים
19ac94fc-69f9-46cf-9223-4e6dba69a5c7,דר בייטיש - הסרת שיער בלייזר בחיפה,חיפה,no,ChIJES43Hs-7HRURRV_fN2I92R4,"Sha'ar Palmer St 1, Haifa, 3303139","שער פלמר 1, חיפה",google,3303139,"שער פלמר 1, חיפה, 3303139",שער פלמר,1,חיפה,3303139,,חיפה,no,,apply,,https://beautyfind.co.il/haifa/biz/דר-בייטיש-הסרת-שיער-בלייזר-בחיפה
b32e1d35-cd2b-4934-bf95-628243ad36f1,דר מואיד אבו בכר - גשר שקוף בחיפה,חיפה,no,ChIJv_jHFJO7HRURCMhQjGsHnlY,"Jaffa Road 145א, Haifa, 3525114","דרך יפו 145א, חיפה",google,3525114,"דרך יפו 145א, חיפה, 3525114",דרך יפו,145א,חיפה,3525114,,חיפה,no,,apply,,https://beautyfind.co.il/haifa/biz/דר-מואיד-אבו-בכר-גשר-שקוף-בחיפה
1ff8a60d-8ab5-4879-9dbf-6d2862b30cc5,דר' מריה שרפוב - קליניקה לרפואה אסתטית,חיפה,no,ChIJX3sKjE26HRURTEP7HF7Cdvs,"Pevzner St 25, Haifa","פבזנר 25, חיפה",google,,"פבזנר 25, חיפה",פבזנר,25,חיפה,,,חיפה,no,,apply,,https://beautyfind.co.il/haifa/biz/דר-מריה-שרפוב-קליניקה-לרפואה-אסתטית
d8e8ddd8-d12c-415b-9b14-5aee6cc05577,הודיה מורג קוסמטיקאית,חיפה,no,ChIJbaK0OGy7HRURcIsEqMOVLI8,"גרשון שופמן 6, Haifa, 3491586","גרשון שופמן 6, חיפה",google,3491586,"גרשון שופמן 6, חיפה, 3491586",גרשון שופמן,6,חיפה,3491586,,חיפה,no,,apply,,https://beautyfind.co.il/haifa/biz/הודיה-מורג-קוסמטיקאית
01445687-24a4-43b5-a2b1-27cc0c52045c,הלנייז - Helenayz בוטיק יופי,חיפה,no,ChIJJ4_J9GK7HRURGi8kGr7l53o,"Wolfson St 3, Haifa","וולפסון 3, חיפה",google,,"וולפסון 3, חיפה",וולפסון,3,חיפה,,,חיפה,no,,apply,,https://beautyfind.co.il/haifa/biz/helenayz
f9e168f3-87ba-4a9e-b289-af46df13ffda,המכללה והמרכז לטיפוח יופי ואסתטיקה - U Master,חיפה,no,ChIJG78-3227HRURNwXf0ymtU1w,"HaAshlag St 11, Haifa","האשלג 11, חיפה",google,,"האשלג 11, חיפה",האשלג,11,חיפה,,,חיפה,no,,apply,,https://beautyfind.co.il/haifa/biz/u-master
477fabbc-5ea5-4a6f-8055-8c6ed7dbc925,המספריים של אנג'י,חיפה,no,ChIJR66ER7-7HRUR95hexutPYKU,"Masada St 32, Haifa","מסדה 32, חיפה",google,,"מסדה 32, חיפה",מסדה,32,חיפה,,,חיפה,no,,apply,,https://beautyfind.co.il/haifa/biz/המספריים-אנגי
bc0861cb-0fed-474b-9ebf-4b1514579a4d,המקום של נתלי,חיפה,no,ChIJY829PrO7HRURhSpcG1tzLJ8,"Herzliya St 6, Haifa","הרצליה 6, חיפה",google,,"הרצליה 6, חיפה",הרצליה,6,חיפה,,,חיפה,no,,apply,,https://beautyfind.co.il/haifa/biz/המקום-נתלי
4099cefb-a624-4684-8335-a68b3768d99b,המרכז לרפואה אסתטית של אניה בלוך- Ania IBC,חיפה,no,ChIJc_yb96q7HRUR0JHveig_zoM,"Kdoshei Jassy St 2, Haifa, 3508201","קדושי יאסי 2, חיפה",google,3508201,"קדושי יאסי 2, חיפה, 3508201",קדושי יאסי,2,חיפה,3508201,,חיפה,no,,apply,,https://beautyfind.co.il/haifa/biz/ania-ibc
03bc6c74-8adc-4df3-b03b-04d0b537d9d3,הפנינה,חיפה,no,ChIJmyj98vW6HRUR8oQIW4eiRd0,"Khanita St 27, Haifa","חניתה 27, חיפה",google,,"חניתה 27, חיפה",חניתה,27,חיפה,,,חיפה,no,,apply,,https://beautyfind.co.il/haifa/biz/הפנינה
964ade56-b9e0-4e7b-8a7a-78440e32516a,"יאנה קוסמטיקאית - טיפולי פנים, טיפולי אנטי אייג'ינג, אקנה, הסרת שיער, סידור ועיצוב גבות",חיפה,no,ChIJfejvkPK6HRURNc7fgyKMey8,"Shalom Aleichem St 1, Haifa, 3271116","שלום עליכם 1, חיפה",google,3271116,"שלום עליכם 1, חיפה, 3271116",שלום עליכם,1,חיפה,3271116,,חיפה,no,,apply,,https://beautyfind.co.il/haifa/biz/יאנה-קוסמטיקאית-טיפולי-פנים-טיפולי-אנטי-אייגינג-אקנה-הסרת-שי
b1e95095-1205-4ec4-b2d0-b0547fe5d678,יהודית גולד מכון לטיפולי אסטתיקה,חיפה,no,ChIJedTy5we7HRUR_HF4Ahmgp6Y,"Vardiya St 10, Haifa, 3465712","ורדיה 10, חיפה",google,3465712,"ורדיה 10, חיפה, 3465712",ורדיה,10,חיפה,3465712,,חיפה,no,,apply,,https://beautyfind.co.il/haifa/biz/יהודית-גולד-מכון-לטיפולי-אסטתיקה
fbb6bdc2-9d7c-4611-b92e-e6aa15e0915e,יובל בן אהרון - קוסמטיקאית,חיפה,no,ChIJW0YXXve7HRURl8I-9hbbGR8,"Moriah Ave 118, Haifa","שדרות מוריה 118, חיפה",google,,"שדרות מוריה 118, חיפה",שדרות מוריה,118,חיפה,,,חיפה,no,,apply,,https://beautyfind.co.il/haifa/biz/יובל-בן-אהרון-קוסמטיקאית
257b1b1b-43a7-4835-b55c-636b2a47c5fb,כללית אסתטיקה חיפה,חיפה,no,ChIJXQXjMfe6HRURt27g6aKYbXY,"גרנד קניון, דרך שמחה גולן 54 קומה 4-, צמוד למתחם הולמס פלייס, Haifa","דרך שמחה גולן 54 קומה 4, גרנד קניון, חיפה",original,,"גרנד קניון, דרך שמחה גולן 54 קומה 4-, צמוד למתחם הולמס פלייס, חיפה",,,חיפה,,,חיפה,no,,apply,,https://beautyfind.co.il/haifa/biz/כללית-אסתטיקה-חיפה
53f044ae-03f0-40da-abbd-7cbcf0bb8c7a,ליאן גלסריה קוסמטיקה & ביוטי,חיפה,no,ChIJqRIGI_O7HRURuOFHy4xK1Bs,"Kinneret St, Haifa","כינרת, חיפה",google,,"כינרת, חיפה",כינרת,,חיפה,,,חיפה,no,,apply,,https://beautyfind.co.il/haifa/biz/ליאן-גלסריה-קוסמטיקה-ביוטי
4cd07264-453c-423f-858f-199214db7927,ליאת דניאלי קוסמטיקה מתקדמת,חיפה,no,ChIJ74QT1YGjHhURG91yn6uMbO0,"Berl Katznelson St 74, Haifa","ברל כצנלסון 74, חיפה",google,,"ברל כצנלסון 74, חיפה",ברל כצנלסון,74,חיפה,,,חיפה,no,,apply,,https://beautyfind.co.il/haifa/biz/ליאת-דניאלי-קוסמטיקה-מתקדמת
eb66533c-7ed2-4c1f-ab00-25a582468a57,לייזר פלייס LASER PLACE,חיפה,no,ChIJi1e0NPW7HRURg_GDcrO5bMg,"Liraz Akselrad 1, Haifa","לירז אקסלרד 1, חיפה",google,,"לירז אקסלרד 1, חיפה",לירז אקסלרד,1,חיפה,,,חיפה,no,,apply,,https://beautyfind.co.il/haifa/biz/laser-place
52bda819-5706-4dcb-b46a-0f844c079068,לירון רום - קליניקה לעיצוב גבות,חיפה,no,ChIJB-sOvQAf2osRIWvyUqurIv0,Haifa,חיפה,city_only,,חיפה,,,חיפה,,,חיפה,no,,apply,,https://beautyfind.co.il/haifa/biz/לירון-רום-קליניקה-לעיצוב-גבות
175068a0-ffc2-4129-9b8e-5d511dca75bb,מכון יופי של ראניה (Rania beauty boutique),חיפה,no,ChIJ-3tJJo67HRURQgq3KAVpEDk,"Meir Rotenberg St 26, Haifa","מאיר רוטברג 26, חיפה",google,,"מאיר רוטברג 26, חיפה",מאיר רוטברג,26,חיפה,,,חיפה,no,,apply,,https://beautyfind.co.il/haifa/biz/rania-beauty-boutique
b873866f-d3c9-4d93-a5fa-5f888e5d7501,מכון רותם אפילציה קוסמטיקה ואיפור קבוע,חיפה,no,ChIJu4IufKm7HRURSU-uhh1AQMo,"Yitskhak Elkhanan St 13, Haifa","יצחק אלחנן 13, חיפה",google,,"יצחק אלחנן 13, חיפה",יצחק אלחנן,13,חיפה,,,חיפה,no,,apply,,https://beautyfind.co.il/haifa/biz/מכון-רותם-אפילציה-קוסמטיקה-ואיפור-קבוע
c9f4ae2a-778e-4a53-88c5-2fffaca11e04,"מלכת השפתיים ד""ר מריה זלטקובסקי MEDICAL AESTHETICS",חיפה,no,ChIJtS-mkCC7HRUR1LnbAXWTxn4,"Moriah Ave 33, Haifa","שדרות מוריה 33, חיפה",google,,"שדרות מוריה 33, חיפה",שדרות מוריה,33,חיפה,,,חיפה,no,,apply,,https://beautyfind.co.il/haifa/biz/medical-aesthetics
a9019875-9dcd-4a06-8c84-1a2367d44d5c,מנתח פלסטי בכיר - דר יצחק רמון,חיפה,no,ChIJ8w3csky7HRURZ7ugUaqPTeo,"בי""ח אלישע, Ya'ir Katz St 12, Haifa","יאיר כ״ץ 12, חיפה",google,,"בי""ח אלישע, יאיר כ""ץ 12, חיפה","יאיר כ""ץ",12,חיפה,,,חיפה,no,,apply,,https://beautyfind.co.il/haifa/biz/מנתח-פלסטי-בכיר-דר-יצחק-רמון
b9c45697-c674-402e-8bbf-9f0b0fc0f863,מספרת גברים קלאסית של רינגו Ringo's classic barbershop,חיפה,no,ChIJRfeRTuK7HRURY9SeDQRIdD0,"Sara St 12, Haifa","שרה 12, חיפה",google,,"שרה 12, חיפה",שרה,12,חיפה,,,חיפה,no,,apply,,https://beautyfind.co.il/haifa/biz/ringo-s-classic-barbershop
83fe8f59-f76d-48a6-a82f-56737d484074,מספרת על,חיפה,no,ChIJDYqcNA-7HRURPnFfuwT_L-g,"Yokheved St 18, Haifa, 3467461","יוכבד 18, חיפה",google,3467461,"יוכבד 18, חיפה, 3467461",יוכבד,18,חיפה,3467461,,חיפה,no,,apply,,https://beautyfind.co.il/haifa/biz/מספרת-על
4b673068-c3a7-4e6e-aeb2-b6e7f2fdb870,מעוז היופי - קוסמטיקה ורפואה משלימה,חיפה,no,ChIJi8VmZam7HRURcXixp00CAhU,"Nissenboim St 4, Haifa","ניסנבוים 4, חיפה",google,,"ניסנבוים 4, חיפה",ניסנבוים,4,חיפה,,,חיפה,no,,apply,,https://beautyfind.co.il/haifa/biz/מעוז-היופי-קוסמטיקה-ורפואה-משלימה
a3676fa7-5923-429c-9481-a6ab3b0a1503,מרכז מרוות גנטוס ליופי וספא,חיפה,no,ChIJEcy3WbS7HRUR5TU5pdN3SVo,"HaGefen St 1, Haifa","הגפן 1, חיפה",google,,"הגפן 1, חיפה",הגפן,1,חיפה,,,חיפה,no,,apply,,https://beautyfind.co.il/haifa/biz/מרכז-מרוות-גנטוס-ליופי-וספא
87f2aa96-ced5-4769-aab8-3d7ae13856e6,מרפאה,חיפה,no,ChIJbYxIJE66HRURcKkdlOM3gTc,"Herzl St 77, Haifa, 33212","הרצל 77, חיפה",google,33212,"הרצל 77, חיפה, 33212",הרצל,77,חיפה,33212,,חיפה,no,,apply,,https://beautyfind.co.il/haifa/biz/מרפאה
d0f7a9df-de20-44ff-ab1a-2ea4eafceb61,מרפאת ד״ר עמי ברק - מומחה בכירורגיה פלסטית ואסתטית,חיפה,no,ChIJM5KsuLi7HRURITjO8-x8Fu0,"HaHistadrut Ave 55, Haifa","ההסתדרות 55, חיפה",google,,"ההסתדרות 55, חיפה",ההסתדרות,55,חיפה,,,חיפה,no,,apply,,https://beautyfind.co.il/haifa/biz/מרפאת-דר-עמי-ברק-מומחה-בכירורגיה-פלסטית-ואסתטית
9437d332-c5e4-48ae-81b9-8581f516cbb2,מרפאת שיניים חיפה פבזנר 23 NewAge Dental Clinic Стоматологическая клиника Новая Эра Хайфа Певзнер 23,חיפה,no,ChIJv6bJG--7HRURBaWZBs27X1I,"Pevzner St 23, Haifa","פבזנר 23, חיפה",google,,"פבזנר 23, חיפה",פבזנר,23,חיפה,,,חיפה,no,,apply,,https://beautyfind.co.il/haifa/biz/23-newage-dental-clinic-23
aab223b1-d1c3-4a0d-ba25-8fec61522274,מרפאת שיניים נווה שאנן,חיפה,no,ChIJvzaY_Te7HRURU5burI0UtAc,"Trumpeldor St 16, Haifa, 3258210","טרומפלדור רחוב 16, חיפה",google,3258210,"טרומפלדור רחוב 16, חיפה, 3258210",טרומפלדור רחוב,16,חיפה,3258210,,חיפה,no,,apply,,https://beautyfind.co.il/haifa/biz/מרפאת-שיניים-נווה-שאנן
00424f73-7eb4-48f7-9a2a-04065f4843cd,נורה קוסמטיק ליין,חיפה,no,ChIJ7erMWXO7HRURP5kNBohtrQM,"Derekh Khankin 58, Haifa","דרך חנקין 58, חיפה",google,,"דרך חנקין 58, חיפה",דרך חנקין,58,חיפה,,,חיפה,no,,apply,,https://beautyfind.co.il/haifa/biz/נורה-קוסמטיק-ליין
64629ed3-8873-4d44-ba49-a034d742c9ad,נחמי המבורגר קוסמטיקאית טיפולי אפילציה ושעוה,חיפה,no,ChIJq35TWb-7HRURefemgU60UPU,"Michael St 36, Haifa","מיכאל 36, חיפה",google,,"מיכאל 36, חיפה",מיכאל,36,חיפה,,,חיפה,no,,apply,,https://beautyfind.co.il/haifa/biz/נחמי-המבורגר-קוסמטיקאית-טיפולי-אפילציה-ושעוה
be45a69e-2984-49e5-9fd3-56d5795dc77c,נטוראלייזר,חיפה,no,ChIJEdWPvXmwHRURZBowTBMpjY0,"Sapir St 5, Haifa","ספיר 5, חיפה",google,,"ספיר 5, חיפה",ספיר,5,חיפה,,,חיפה,no,,apply,,https://beautyfind.co.il/haifa/biz/נטוראלייזר
eada6a14-ec4d-43e1-beed-3e82db621c64,נטלי,חיפה,no,ChIJVwv5IDi7HRURpACJMALs_x0,"Leon Blum St 38, Haifa, 3385207","לאון בלום 38, חיפה",google,3385207,"לאון בלום 38, חיפה, 3385207",לאון בלום,38,חיפה,3385207,,חיפה,no,,apply,,https://beautyfind.co.il/haifa/biz/נטלי
c5b1f5c6-a832-44d0-95bb-6b71b6efdef8,"נטלי לצ'ינסקי - סטודיו ניצוץ . איפור , תסרוקות , ציור פנים וגוף",חיפה,no,ChIJy0GFFFW6HRURXw1JI3r_asM,"Moriah Ave 15, Haifa, 3457501","שדרות מוריה 15, חיפה",google,3457501,"שדרות מוריה 15, חיפה, 3457501",שדרות מוריה,15,חיפה,3457501,,חיפה,no,,apply,,https://beautyfind.co.il/haifa/biz/נטלי-לצינסקי-סטודיו-ניצוץ-איפור-תסרוקות-ציור-פנים-וגוף
f076378f-fc41-4a00-baa4-176a40df2a60,נטליה מילנר,חיפה,no,ChIJLSR_xwK7HRURc2pfqb2xCos,"Moriah Ave 123, Haifa","שדרות מוריה 123, חיפה",google,,"שדרות מוריה 123, חיפה",שדרות מוריה,123,חיפה,,,חיפה,no,,apply,,https://beautyfind.co.il/haifa/biz/נטליה-מילנר
7c1cde7b-d76c-4fe8-b8c4-2ae653d18c5c,סלון לעיצוב שיער- מחוץ לסטודיו,חיפה,no,ChIJiyULMj63HRURxtttJxjiFyo,"Nordau St 25, Haifa, 3312315","נורדאו 25, חיפה",google,3312315,"נורדאו 25, חיפה, 3312315",נורדאו,25,חיפה,3312315,,חיפה,no,,apply,,https://beautyfind.co.il/haifa/biz/סלון-לעיצוב-שיער-מחוץ-לסטודיו
c33e709c-763e-4801-ac3e-d545302ae8ef,סלון עבוד - Salon Abboud,חיפה,no,ChIJVQdF6O-7HRURAR0jrKRnnek,"שד׳ הציונות 31, 3331630","שד׳ הציונות 31, חיפה",original,,"שד׳ הציונות 31, חיפה, 3331630",,,חיפה,3331630,,חיפה,no,,apply,,https://beautyfind.co.il/haifa/biz/salon-abboud
56c4afb1-7236-476f-bf38-506edc4e0425,סמא - הסרת שיער בלייזר לגבר,חיפה,no,ChIJh96_7SSxHRUR6FaqTXCO2jQ,"HaGefen St 43, Haifa","הגפן 43, חיפה",google,,"הגפן 43, חיפה",הגפן,43,חיפה,,,חיפה,no,,apply,,https://beautyfind.co.il/haifa/biz/סמא-הסרת-שיער-בלייזר-לגבר
0be91073-5b5b-4a84-868b-472c142d59e2,פיור סקין – טיפולי קוסמטיקה מתקדמים,חיפה,no,ChIJxdhu7dq7HRURB8gpaM4xFRE,"Herzl St 4, Haifa","הרצל 4, חיפה",google,,"הרצל 4, חיפה",הרצל,4,חיפה,,,חיפה,no,,apply,,https://beautyfind.co.il/haifa/biz/פיור-סקין-טיפולי-קוסמטיקה-מתקדמים
5a0248fb-8abb-4cd6-9c86-c0658445b9e3,פלמינגו ספא בחיפה ️ | חבילות ספא בחיפה ובצפון | עיסוי בחיפה | ספא ראש |אמבטיית קרח | Flamingo Spa Haifa‏,חיפה,no,ChIJR6s98Nq7HRUR1R2g7zmaN1g,"Palmakh St 51, Haifa, 3455852","פלמ״ח 51, חיפה",google,3455852,"פלמ""ח 51, חיפה, 3455852","פלמ""ח",51,חיפה,3455852,,חיפה,no,,apply,,https://beautyfind.co.il/haifa/biz/flamingo-spa-haifa
294d5c1c-1610-421e-8cc0-5f9ce65b6e88,"פרופורציה חיפה - הסרת שיער בלייזר, טיפולי אסתטיקה וניתוחים פלסטיים",חיפה,no,ChIJrVQpiwG7HRURGkXmnpNeSvI,"HaNassi Blvd 134, קומה ג, Haifa, 3463204","שד׳ הנשיא 134, קומה ג, חיפה",google,3463204,"שד' הנשיא 134, קומה ג, חיפה, 3463204",שד' הנשיא,134,חיפה,3463204,,חיפה,no,,apply,,https://beautyfind.co.il/haifa/biz/פרופורציה-חיפה-הסרת-שיער-בלייזר-טיפולי-אסתטיקה-וניתוחים-פלסט
42f38c9a-14fa-4e34-84aa-6afb931a8061,פרסטיז',חיפה,no,ChIJkzzpbky6HRUReMCvGa6cRf0,"Bialik St 15, Haifa","ביאליק 15, חיפה",google,,"ביאליק 15, חיפה",ביאליק,15,חיפה,,,חיפה,no,,apply,,https://beautyfind.co.il/haifa/biz/פרסטיז
47ee6e34-d69b-4782-a2f4-e5216a740734,ציפורניים ויופי Rinka Nails & Beauty,חיפה,no,ChIJXU2sutu7HRURIk-Bh9LI-pc,"HaYam Rd 75, Haifa, 3385205","דרך הים 75, חיפה",google,3385205,"דרך הים 75, חיפה, 3385205",דרך הים,75,חיפה,3385205,,חיפה,no,,apply,,https://beautyfind.co.il/haifa/biz/rinka-nails-and-beauty
d7744b88-2c1a-4b54-bfaa-29c598488716,"קוסמטיקאית, אלקטרולוג, עיסוי פנים Косметология, массаж лица, World_tali",חיפה,no,ChIJJ1Cc_-e7HRURL1kcY1wCjHg,"Leon Blum St 28, Haifa, 33852","לאון בלום 28, חיפה",google,33852,"לאון בלום 28, חיפה, 33852",לאון בלום,28,חיפה,33852,,חיפה,no,,apply,,https://beautyfind.co.il/haifa/biz/world-tali
81658d34-643a-4776-aa29-ab03b0ba80f6,קליניקה כוחו של הטבע,חיפה,no,ChIJmQrlicm7HRURR2YaCOGJa6w,"HaGalil St 36 א, Haifa, 3268604","הגליל 36 א, חיפה",google,3268604,"הגליל 36 א, חיפה, 3268604",הגליל,36 א,חיפה,3268604,,חיפה,no,,apply,,https://beautyfind.co.il/haifa/biz/קליניקה-כוחו-הטבע
ff1f29bf-f25e-4009-a562-b75025238f74,קרולינה מכון יופי וקוסמטיקה -חיפה,חיפה,no,ChIJZ9WO9q9nxm8Rc0nkzorkE0c,"Y.L. Perets St 7, Haifa","י.ל. פרץ 7, חיפה",google,,"י.ל. פרץ 7, חיפה",י.ל. פרץ,7,חיפה,,,חיפה,no,,apply,,https://beautyfind.co.il/haifa/biz/קרולינה-מכון-יופי-וקוסמטיקה-חיפה
15c1f271-98f8-4171-9ffd-965e28a802c4,קרן ומורן גלריה ליופי,חיפה,no,ChIJn2XOVAu7HRURr0W2YumLcjk,"Yosef St 18, Haifa","יוסף 18, חיפה",google,,"יוסף 18, חיפה",יוסף,18,חיפה,,,חיפה,no,,apply,,https://beautyfind.co.il/haifa/biz/קרן-ומורן-גלריה-ליופי
ee59f874-b737-4756-8ef9-8b630572d62e,רונית רפאל מדע היופי - חיפה,חיפה,no,ChIJ34ckxa67HRUR7D_ENjLDA-c,"HaNassi Blvd 109, Haifa, 3464103","שד׳ הנשיא 109, חיפה",google,3464103,"שד' הנשיא 109, חיפה, 3464103",שד' הנשיא,109,חיפה,3464103,,חיפה,no,,apply,,https://beautyfind.co.il/haifa/biz/רונית-רפאל-מדע-היופי-חיפה
6d3973d3-acbc-4d2f-812f-7f03c5ea1fb1,רופא שיניים בחיפה - ד״ר יואש פרמוט,חיפה,no,ChIJK0HqRstMqCsR7A7B7Xcs-1M,"Arthur Hantke St 5, Haifa, 3460605","ארתור הנטקה 5, חיפה",google,3460605,"ארתור הנטקה 5, חיפה, 3460605",ארתור הנטקה,5,חיפה,3460605,,חיפה,no,,apply,,https://beautyfind.co.il/haifa/biz/רופא-שיניים-בחיפה-דר-יואש-פרמוט
a14d6fba-a076-4348-881b-6cdf06b7966e,שרה מוקי שיזוף בהתזה,חיפה,no,ChIJNXQKYd66HRUR3zbaBLrcnps,"Dr Yona Engel St 4, Haifa","ד״ר יונה אנגל 4, חיפה",google,,"ד""ר יונה אנגל 4, חיפה","ד""ר יונה אנגל",4,חיפה,,,חיפה,no,,apply,,https://beautyfind.co.il/haifa/biz/שרה-מוקי-שיזוף-בהתזה
aafc5de3-9a85-44b4-b5a3-9056b4989394,תמי גרז,חיפה,no,ChIJh09Rbma7HRURQWd1uhR_XQ8,"Rabbi Akiva St, Haifa","רבי עקיבא, חיפה",google,,"רבי עקיבא, חיפה",רבי עקיבא,,חיפה,,,חיפה,no,,apply,,https://beautyfind.co.il/haifa/biz/תמי-גרז
f50febde-d165-41a3-8ef3-c18ad6c44533,AdiandLucia Salon,חיפה,no,ChIJ9bkLnDG7HRURpwew0zXGXGA,"Ha-Namal St 35, קומה 2, Haifa, 33031","קומה 2, חיפה",original,,"Ha-Namal St 35, קומה 2, Haifa, 33031",Ha-Namal Street,35,Haifa,33031,,חיפה,no,,apply,,https://beautyfind.co.il/haifa/biz/adiandlucia-salon
c67574e1-fbd6-4972-9757-8490e1cd0064,Adir Levi - Hair Boutique,חיפה,no,ChIJN0-QARu7HRURcEef3v_yk2o,"Moriah Ave 118, Haifa","שדרות מוריה 118, חיפה",google,,"שדרות מוריה 118, חיפה",שדרות מוריה,118,חיפה,,,חיפה,no,,apply,,https://beautyfind.co.il/haifa/biz/adir-levi-hair-boutique
6521a145-3c74-470d-9b89-6a1151f1b19c,Aviva Diamond,חיפה,no,ChIJWy_AXrW7HRURviwuu9BV7fU,"Tzorfat Rd 38, Haifa, 3543710","דרך צרפת 38, חיפה",google,3543710,"דרך צרפת 38, חיפה, 3543710",דרך צרפת,38,חיפה,3543710,,חיפה,no,,apply,,https://beautyfind.co.il/haifa/biz/aviva-diamond
688ebfab-8838-4359-a4ac-4f0fe116e2ee,Ayelet Beauty Art - איילת ביוטי ארט,חיפה,no,ChIJUWsewem7HRURTsgDEZ4VXIE,"Harofe Zlochisti, Haifa","הרופא זלוצ׳יסטי, חיפה",google,,"הרופא זלוצ'יסטי, חיפה",הרופא זלוצ'יסטי,,חיפה,,,חיפה,no,,apply,,https://beautyfind.co.il/haifa/biz/ayelet-beauty-art
11b6e64d-e966-4fc5-a956-061ea0137b48,Be beauty nivin,חיפה,no,ChIJOT-vLgC7HRURxijmfCSFxQg,"Hativat Carmeli St 42, Haifa","חטיבת כרמלי 42, חיפה",google,,"חטיבת כרמלי 42, חיפה",חטיבת כרמלי,42,חיפה,,,חיפה,no,,apply,,https://beautyfind.co.il/haifa/biz/be-beauty-nivin
75cfe0f5-8a5b-431b-8536-e11cb4935651,Beauty boutique by Ortal,חיפה,no,ChIJqQIHdwSlHRURJgcEQspDwLQ,"Palmakh St 25, Haifa","פלמ״ח 25, חיפה",google,,"פלמ""ח 25, חיפה","פלמ""ח",25,חיפה,,,חיפה,no,,apply,,https://beautyfind.co.il/haifa/biz/beauty-boutique-by-ortal
84125f36-07a8-486b-9786-b21b46ee0adc,Beauty Lab - студия премиум-класса в Хайфе. Все виды эпиляции и аппаратной косметологии.,חיפה,no,ChIJAUgdpBe7HRURz-nKAJBohu0,"Derech HaAtsma'ut 43, Haifa, 3515705","דרך העצמאות 43, חיפה",google,3515705,"דרך העצמאות 43, חיפה, 3515705",דרך העצמאות,43,חיפה,3515705,,חיפה,no,,apply,,https://beautyfind.co.il/haifa/biz/beauty-lab
09da612a-7fd6-46f5-8b7a-269d8ea15cf0,Beauty salon Grubnik.Beauty.Bar,חיפה,no,ChIJU5ZPMOm7HRUR_hDeebp7ZYE,"Kikar Meirhoff 4, Haifa","כיכר מאירהוף 4, חיפה",google,,"כיכר מאירהוף 4, חיפה",כיכר מאירהוף,4,חיפה,,,חיפה,no,,apply,,https://beautyfind.co.il/haifa/biz/beauty-salon-grubnik-beauty-bar
0f2bbfad-d971-4805-ae80-9c45c2c33219,Beauty Shik - סלון יופי בחיפה,חיפה,no,ChIJDYpIiKa7HRURRhsMYeMiV00,"Shunit St 12, Haifa, 3442605","שונית 12, חיפה",google,3442605,"שונית 12, חיפה, 3442605",שונית,12,חיפה,3442605,,חיפה,no,,apply,,https://beautyfind.co.il/haifa/biz/beauty-shik
84c8be45-95df-43e6-89e5-6eecf8f19770,BeautyIdol,חיפה,no,ChIJCQUK2SC7HRURP8ISU_9Wmkg,"Jean Jaures St 29, Haifa","ז׳אן ז׳ורס 29, חיפה",google,,"ז'אן ז'ורס 29, חיפה",ז'אן ז'ורס,29,חיפה,,,חיפה,no,,apply,,https://beautyfind.co.il/haifa/biz/beautyidol
9fe17e24-8415-4f30-94bd-3bb6dd1547df,BodyFaceControl,חיפה,no,ChIJjcS-Mnm7HRURkIJoOaIOOTw,"Ha'atzma'ut Rd 1, Haifa","דרך העצמאות 1, חיפה",google,,"דרך העצמאות 1, חיפה",דרך העצמאות,1,חיפה,,,חיפה,no,,apply,,https://beautyfind.co.il/haifa/biz/bodyfacecontrol
5e21a8cc-b7e1-49f4-85d0-6054d015837f,Bridal makeup and hairstyles makeup - brides Marine herein Studio,חיפה,no,ChIJ80XrxlW6HRUR1dU9afPjFJk,"Leon Blum St 42, Haifa, 3385209","לאון בלום 42, חיפה",google,3385209,"לאון בלום 42, חיפה, 3385209",לאון בלום,42,חיפה,3385209,,חיפה,no,,apply,,https://beautyfind.co.il/haifa/biz/bridal-makeup-and-hairstyles-makeup-brides-marine-herein-stu
a105ab64-72a6-4355-b264-edc1de33b98b,Brows By Alla עיצוב גבות וריסים,חיפה,no,ChIJqwOTATm7HRUR3rygLW1tCgk,"Moriah Ave 127, Haifa, 34617","שדרות מוריה 127, חיפה",google,34617,"שדרות מוריה 127, חיפה, 34617",שדרות מוריה,127,חיפה,34617,,חיפה,no,,apply,,https://beautyfind.co.il/haifa/biz/brows-by-alla
bcb35f73-9991-4cc0-9150-141bc3dc5b47,Carmella Spa | כרמלה ספא בחיפה,חיפה,no,ChIJIUe0dbu7HRURxMLb9kaWthY,"Ha-Tishbi St 130, Haifa","התשבי 130, חיפה",google,,"התשבי 130, חיפה",התשבי,130,חיפה,,,חיפה,no,,apply,,https://beautyfind.co.il/haifa/biz/carmella-spa
1d917ad2-fc73-4683-9e56-011fa5add090,CJ DADON COSMETICS,חיפה,no,ChIJubTOIAu7HRUR2sNPQxn1e_Q,"מרכז זיו, Komoly St 4, Haifa, 3276105","קומוי 4, מרכז זיו, חיפה",google,3276105,"מרכז זיו, קומוי 4, חיפה, 3276105",קומוי,4,חיפה,3276105,,חיפה,no,,apply,,https://beautyfind.co.il/haifa/biz/cj-dadon-cosmetics
1b021794-8031-4d50-9e8b-9d4d275f483d,Clinic Dr. Eran Bar-Meir,חיפה,no,ChIJmaajMcO7HRURc6JSByD7KWg,"Retsif Pinhas Margolin St 33, Haifa","רציף פנחס מרגולין 33, חיפה",google,,"רציף פנחס מרגולין 33, חיפה",רציף פנחס מרגולין,33,חיפה,,,חיפה,no,,apply,,https://beautyfind.co.il/haifa/biz/clinic-dr-eran-bar-meir
647d7b59-2f56-47ac-828a-3f730c64237b,Clinic specialists gums and implants teachers,חיפה,no,ChIJDUuuoQW7HRURXgm8Y-7ykYk,"Moriah Ave 78, Haifa, 3461307","שדרות מוריה 78, חיפה",google,3461307,"שדרות מוריה 78, חיפה, 3461307",שדרות מוריה,78,חיפה,3461307,,חיפה,no,,apply,,https://beautyfind.co.il/haifa/biz/clinic-specialists-gums-and-implants-teachers
72e5db6d-cb5a-4726-80bc-cad512c4361d,Cosmetology One,חיפה,no,ChIJMZlE9QQiya8RhZRit1V85xg,"جادة موريا 100, Haifa",חיפה,city_only,,جادة موريا 100، حيفا,جادة موريا,100,حيفا,,,חיפה,no,,apply,,https://beautyfind.co.il/haifa/biz/cosmetology-one
77c3fddc-e5fc-4bdd-b9d6-153eb4a0b4c0,CULT | סטודיו ליופי והכשרה | מניקור • פדיקור • ריסים • גבות • הסרת שיער | חיפה,חיפה,no,ChIJH-xKPny7HRURA0qrI4bMjIk,"Nordau St 25, Haifa","נורדאו 25, חיפה",google,,"נורדאו 25, חיפה",נורדאו,25,חיפה,,,חיפה,no,,apply,,https://beautyfind.co.il/haifa/biz/cult
4124e0af-651e-4e9e-8638-9535ace3bcd3,DK The Hair Lounge,חיפה,no,ChIJ4XYe92G7HRURT3WwgH4mKvs,"Moriah Ave 29, Haifa","שדרות מוריה 29, חיפה",google,,"שדרות מוריה 29, חיפה",שדרות מוריה,29,חיפה,,,חיפה,no,,apply,,https://beautyfind.co.il/haifa/biz/dk-hair-lounge
247ecf73-334d-4f3b-b705-2ebe6202db68,Dolev Beauty Clinic And Academy,חיפה,no,ChIJx2n-wd67HRURFpe__4i215M,"Sapir St 5, Haifa, 3295401","ספיר 5, חיפה",google,3295401,"ספיר 5, חיפה, 3295401",ספיר,5,חיפה,3295401,,חיפה,no,,apply,,https://beautyfind.co.il/haifa/biz/dolev-beauty-clinic-and-academy
637f9a97-399f-48ce-9dc7-e6c2faf2672f,"Dr. Altman Dental Clinic Haifa מרפאת שיניים ד""ר אלטמן בחיפה Стоматология Доктора Альтмана Хайфа",חיפה,no,ChIJOVxRbA27HRURLradnxlU4Uw,"Bar Giyora St 10, Haifa","ירושלים 23, חיפה",google,,"ירושלים 23, חיפה",ירושלים,23,חיפה,,,חיפה,no,,apply,,https://beautyfind.co.il/haifa/biz/dr-altman-dental-clinic-haifa
25537abc-719e-44de-ac04-877397d0e51e,Dr. Ronen Porat,חיפה,no,ChIJ20R0Rhi7HRUR4MSKydYraOg,"Gat St 12, Haifa","גת 12, חיפה",google,,"גת 12, חיפה",גת,12,חיפה,,,חיפה,no,,apply,,https://beautyfind.co.il/haifa/biz/dr-ronen-porat
c8355290-2cb6-419c-87ac-2a57570a2d58,Dr. Thaer Clinic - Alchemy 22,חיפה,no,ChIJWavJSCO7HRURGWm6InyPAp0,"Ha-Namal St 8, Haifa, 33031",נוף הגליל,city_only,,"Prime By BST, Menachem Ariav 2, נוף הגליל, 1767302",Menachem Ariav,2,נוף הגליל,1767302,,נוף הגליל,yes,,apply,,https://beautyfind.co.il/haifa/biz/dr-thaer-clinic-alchemy-22
fd7b2449-decb-48c1-b178-97956c809984,Dr.Matani Aesthetic,חיפה,no,ChIJu8LsyJa7HRURKZphU7bJi14,"Derech Allenby 33, Haifa, 3326666","דרך אלנבי 33, חיפה",google,3326666,"דרך אלנבי 33, חיפה, 3326666",דרך אלנבי,33,חיפה,3326666,,חיפה,no,,apply,,https://beautyfind.co.il/haifa/biz/dr-matani-aesthetic
89576520-5f79-4723-b1a2-636045227830,Dr.raanan segev. ד״ר רענן שגב,חיפה,no,ChIJA3JtnwW7HRURGLeVzahHI40,"HaYam Rd 53, Haifa","דרך הים 53, חיפה",google,,"דרך הים 53, חיפה",דרך הים,53,חיפה,,,חיפה,no,,apply,,https://beautyfind.co.il/haifa/biz/dr-raanan-segev
4aed5b3e-e72f-47ba-9349-106380956ea5,Dream Laser Haifa - Medical Aesthetic Clinic,חיפה,no,ChIJCypsmuC7HRURusoYVRQ3Cbg,"Hahistadrut Ave 25, Haifa, 3296016","ההסתדרות 25, חיפה",google,3296016,"ההסתדרות 25, חיפה, 3296016",ההסתדרות,25,חיפה,3296016,,חיפה,no,,apply,,https://beautyfind.co.il/haifa/biz/dream-laser-haifa-medical-aesthetic-clinic
5a8cbecc-145c-4f42-8f11-891f3d6c107a,Eden Clinic,חיפה,no,ChIJPXPBgFm7HRUREV1meUrL5uc,"HaShahaf St 1, Haifa","השחף 1, חיפה",google,,"השחף 1, חיפה",השחף,1,חיפה,,,חיפה,no,,apply,,https://beautyfind.co.il/haifa/biz/eden-clinic
1d18490e-4666-4f18-be9f-0c21ca22977c,Ehud Elbaz Beauty Salon מספרה בחיפה אהוד אלבז,חיפה,no,ChIJT3YlO1S6HRURvYgMDm46V-Q,"חנה סנש 45, Haifa, 3385407","חנה סנש 45, חיפה",original,,"חנה סנש 45, חיפה, 3385407",,,חיפה,3385407,,חיפה,no,,apply,,https://beautyfind.co.il/haifa/biz/ehud-elbaz-beauty-salon
f5f9510a-f30f-4fda-ac5d-ed82c839117e,Epilution Haifa | Салон красоты | Beauty Salon,חיפה,no,ChIJGbMqnaq7HRUR9M2FAKy2lLQ,"Tel Aviv St 3, Haifa, 3541629","תל אביב 3, חיפה",google,3541629,"תל אביב 3, חיפה, 3541629",תל אביב,3,חיפה,3541629,,חיפה,no,,apply,,https://beautyfind.co.il/haifa/biz/epilution-haifa-beauty-salon
a89a6dcd-cf86-44ed-a708-509a4c6145aa,escosmetician - קוסמטיקה מקצועית,חיפה,no,ChIJDYkihFS7HRURfBAvo-6ZmhY,"Oskar Schindler St 7, Haifa","אוסקר שינדלר 7, חיפה",google,,"אוסקר שינדלר 7, חיפה",אוסקר שינדלר,7,חיפה,,,חיפה,no,,apply,,https://beautyfind.co.il/haifa/biz/escosmetician
0dbd3063-57dd-4ab1-9594-151e7a9e00ac,Face Art | רפואה אסתטית בחיפה,חיפה,no,ChIJDejkCn-7HRUReqkBn7q5D2c,"Moriah Ave 122, Haifa, 3461813","שדרות מוריה 122, חיפה",google,3461813,"שדרות מוריה 122, חיפה, 3461813",שדרות מוריה,122,חיפה,3461813,,חיפה,no,,apply,,https://beautyfind.co.il/haifa/biz/face-art
d3afdfe1-693f-47b0-8a7a-a60879dd4ee6,Gili Shani professional make-up,חיפה,no,ChIJfbWGLAy7HRURKerGlFhbzf0,"Hatzollelet Dakar St 4ב, Haifa, 3481508","הצוללת דקר 4ב, חיפה",google,3481508,"הצוללת דקר 4ב, חיפה, 3481508",הצוללת דקר,4ב,חיפה,3481508,,חיפה,no,,apply,,https://beautyfind.co.il/haifa/biz/gili-shani-professional-make-up
4843f1d3-9c41-49fc-99de-20fe8c48b8b3,Glow Med Aesthetic - גלואו מד אסתטיקס,חיפה,no,ChIJBRcDstu7HRURQF_OM9Q6Igk,"בן צבי 61, Haifa, 2626119","בן צבי 61, חיפה",google,2626119,"בן צבי 61, חיפה, 2626119",בן צבי,61,חיפה,2626119,,חיפה,no,,apply,,https://beautyfind.co.il/haifa/biz/glow-med-aesthetic
3ce9f88a-23ff-4896-8ea1-3f72d951bdb0,Goddess of grace,חיפה,no,ChIJlSGWNAa7HRURcpW-jVxj1G8,"מפרש 13 עתלית, Khorev St 6, Haifa","חורב 6, חיפה",google,,"מפרש 13 עתלית, חורב 6, חיפה",חורב,6,חיפה,,,חיפה,no,,apply,,https://beautyfind.co.il/haifa/biz/goddess-of-grace
1e4a9162-fb70-4285-95e1-1b230b1f94d5,GPoint,חיפה,no,ChIJBz00ct23HRURlz_ZtB2DOus,"עזה 6, Haifa","עזה 6, חיפה",google,,"עזה 6, חיפה",עזה,6,חיפה,,,חיפה,no,,apply,,https://beautyfind.co.il/haifa/biz/gpoint
486cc530-40df-4493-8f64-76f0ab942df7,Hagar shitrit holistic cosmetics,חיפה,no,ChIJ00PNQ1S6HRUR-P9Uw6XGrQY,"Albert Einstein St 45א, Haifa","איינשטיין 45א, חיפה",google,,"איינשטיין 45א, חיפה",איינשטיין,45א,חיפה,,,חיפה,no,,apply,,https://beautyfind.co.il/haifa/biz/hagar-shitrit-holistic-cosmetics
83a4f1c8-32af-46b2-88e0-8ce64c1f3f6b,Hanna Vi Nails,חיפה,no,ChIJdT0YKb0q8ywRlLS1VEhVMmw,"Kikar Meirhoff 4, Haifa","כיכר מאירהוף 4, חיפה",google,,"כיכר מאירהוף 4, חיפה",כיכר מאירהוף,4,חיפה,,,חיפה,no,,apply,,https://beautyfind.co.il/haifa/biz/hanna-vi-nails
b50c8fbe-1668-49b7-b3f4-bc1ab7b9c20e,Health & Beauty Clinic - Dr. Eyal Ness,חיפה,no,ChIJu9B9HXm6HRURx2As98gQUJ0,"Hahistadrut Ave 47, Haifa, 3296035","ההסתדרות 47, חיפה",google,3296035,"ההסתדרות 47, חיפה, 3296035",ההסתדרות,47,חיפה,3296035,,חיפה,no,,apply,,https://beautyfind.co.il/haifa/biz/health-and-beauty-clinic-dr-eyal-ness
72aa9b91-1800-45d4-aee7-90fdd3f55411,"ILANIT - סטיילינג, איפור ואפילציה בחיפה",חיפה,no,ChIJa5fAv3a7HRUR83lcoVPPxWg,"קניאל 5, בWAZE, Haifa, 3318803","קניאל 5, חיפה",google,3318803,"קניאל 5, בWAZE, חיפה, 3318803",קניאל,5,חיפה,3318803,,חיפה,no,,apply,,https://beautyfind.co.il/haifa/biz/ilanit
39565533-b923-4b79-aab0-09004cef625b,Innesa_beauty_lab,חיפה,no,ChIJ1WlO5VKdoaYRvbRE0HfnvUQ,"Moriah Ave 13, Haifa, 3457106","שדרות מוריה 13, חיפה",google,3457106,"שדרות מוריה 13, חיפה, 3457106",שדרות מוריה,13,חיפה,3457106,,חיפה,no,,apply,,https://beautyfind.co.il/haifa/biz/innesa-beauty-lab
71ec6c62-0e51-4344-b8bd-cfb947b777bc,Irina Nikolenko,חיפה,no,ChIJJ43_vXC7HRURsN0XjopAYY4,"Moriah Ave 129, Haifa, 3461813","שדרות מוריה 129, חיפה",google,3461813,"שדרות מוריה 129, חיפה, 3461813",שדרות מוריה,129,חיפה,3461813,,חיפה,no,,apply,,https://beautyfind.co.il/haifa/biz/irina-nikolenko
eec6e8c2-c64c-4f62-972a-b62bbdcd2d18,Julia Elkin FaceMassage,חיפה,no,ChIJ_SEY9xO7HRUR-Z3hGTGFRIw,"Itzhak Elhanan 3, Haifa",חיפה,city_only,,"Itzhak Elhanan 3, Haifa",Itzhak Elhanan,3,Haifa,,,חיפה,no,,apply,,https://beautyfind.co.il/haifa/biz/julia-elkin-facemassage
2d008e64-fb14-44e5-bd2c-ad4939f19c7a,Kareen Skin Care,חיפה,no,ChIJMVPl5cG7HRURn76iFL1pxWs,"Ein Dor St 11, Haifa, 3326321","עין דור 11, חיפה",google,3326321,"עין דור 11, חיפה, 3326321",עין דור,11,חיפה,3326321,,חיפה,no,,apply,,https://beautyfind.co.il/haifa/biz/kareen-skin-care
752f7ed8-64d5-4ddc-969b-63849c18b5d6,Liya Hanukaev - ליה חנוכייב קוסמטיקאית בכירה,חיפה,no,ChIJLf3pfWW7HRURzAhckwu1D_I,"Haifa, 3584912",חיפה,city_only,,"חיפה, 3584912",,,חיפה,3584912,,חיפה,no,,apply,,https://beautyfind.co.il/haifa/biz/liya-hanukaev
c8501197-c2bd-48d1-86c3-4d3263977865,LS__LashStudio_,חיפה,no,ChIJJxbjOne7HRURriWlpKiASCc,"HaNassi Blvd 69, Haifa","שד׳ הנשיא 69, חיפה",google,,"שד' הנשיא 69, חיפה",שד' הנשיא,69,חיפה,,,חיפה,no,,apply,,https://beautyfind.co.il/haifa/biz/ls-lashstudio
3c4c15b5-9cbf-465e-a31e-85411f29ee17,Lumi Spa & Beauty,חיפה,no,ChIJ98LhK6S7HRUR0kxD_4WvJQY,"Moriah Ave 94, Haifa, 3461319","שדרות מוריה 94, חיפה",google,3461319,"שדרות מוריה 94, חיפה, 3461319",שדרות מוריה,94,חיפה,3461319,,חיפה,no,,apply,,https://beautyfind.co.il/haifa/biz/lumi-spa-and-beauty
1681b742-e40f-425c-93b5-335fc70d782a,MAC Cosmetics Haifa,חיפה,no,ChIJhx3KLve6HRURc9Tz7hyN8Z4,"Derech Simha Golan 54, Haifa, 3299001","דרך שמחה גולן 54, חיפה",google,3299001,"דרך שמחה גולן 54, חיפה, 3299001",דרך שמחה גולן,54,חיפה,3299001,,חיפה,no,,apply,,https://beautyfind.co.il/haifa/biz/mac-cosmetics-haifa
e5ce2df7-326a-46af-a152-f5ed9085aedc,Maria Permanent Make-Up,חיפה,no,ChIJpeUq1RW3HRURCYUJz3_tF80,"HaHistadrut Ave 60, Haifa","ההסתדרות 60, חיפה",google,,"ההסתדרות 60, חיפה",ההסתדרות,60,חיפה,,,חיפה,no,,apply,,https://beautyfind.co.il/haifa/biz/maria-permanent-make-up
d467daa3-d104-4ca1-8362-8f29ca77cb7f,"MeDay המרכז לאסתטיקה , טיפוח ויופי",חיפה,no,ChIJcW4GmgGS0CkRTBrcmLulHT8,"Hanassi Ave 99, Haifa, 3464227","שד׳ הנשיא 99, חיפה",google,3464227,"שד' הנשיא 99, חיפה, 3464227",שד' הנשיא,99,חיפה,3464227,,חיפה,no,,apply,,https://beautyfind.co.il/haifa/biz/meday
147663ca-f2e6-4d2f-b731-34ab4ecdaec1,Mika's nails מיקה ציפורניים,חיפה,no,ChIJz3G1CaO7HRURJw7YLuOLvzQ,"Feierberg St 15, Haifa, 3244737","פיארברג 15, חיפה",google,3244737,"פיארברג 15, חיפה, 3244737",פיארברג,15,חיפה,3244737,,חיפה,no,,apply,,https://beautyfind.co.il/haifa/biz/mika-s-nails
a7572d75-33ed-415d-b81f-2eedfff8d458,Miss G,חיפה,no,ChIJm26SSoW7HRURyEUv20g5AXY,"Meir Rotenberg 26, Haifa","מאיר רוטברג 26, חיפה",google,,"מאיר רוטברג 26, חיפה",מאיר רוטברג,26,חיפה,,,חיפה,no,,apply,,https://beautyfind.co.il/haifa/biz/miss-g
5aa93c11-a952-4603-be9d-24f17d8ddeec,Moria beauty/ מוריה ביוטי,חיפה,no,ChIJd6V99vy7HRURkDairJ1461Q,"Wingate Avenue 16, Haifa","שדרות וינגייט 16, חיפה",google,,"שדרות וינגייט 16, חיפה",שדרות וינגייט,16,חיפה,,,חיפה,no,,apply,,https://beautyfind.co.il/haifa/biz/moria-beauty
062e0522-e937-4e53-81b5-b1a5a2558af8,My Beauty מכון יופי בת גלים,חיפה,no,ChIJS8JKs3u7HRURqCyOsubda3U,"HaAliya HaShniya St 35, Haifa","העלייה השנייה 35, חיפה",google,,"העלייה השנייה 35, חיפה",העלייה השנייה,35,חיפה,,,חיפה,no,,apply,,https://beautyfind.co.il/haifa/biz/my-beauty
3d7e9e5f-1473-435a-915e-83f83dd6c14c,My Beauty clinic,חיפה,no,ChIJGYbk1Ae7HRUR-t-WRuIsuMs,"Ha-Mayim St 4, Haifa, 3448419","המים 4, חיפה",google,3448419,"המים 4, חיפה, 3448419",המים,4,חיפה,3448419,,חיפה,no,,apply,,https://beautyfind.co.il/haifa/biz/my-beauty-clinic
422ac2ff-fd4d-4881-9098-79ca96b4cabb,Nael’s Barbershop,חיפה,no,ChIJ_QcKvOa7HRURy_u9SwthaW8,"Derekh Yafo 59, Haifa","דרך יפו 59, חיפה",google,,"דרך יפו 59, חיפה",דרך יפו,59,חיפה,,,חיפה,no,,apply,,https://beautyfind.co.il/haifa/biz/nael-s-barbershop
5bf84054-38dc-4b7e-b73c-14cd92ba85c5,Nails Salon A.N,חיפה,no,ChIJrdafcmm7HRURrPO75d7ujVo,"HaMelech David St 1, Haifa, 3542501","המלך דוד 1, חיפה",google,3542501,"המלך דוד 1, חיפה, 3542501",המלך דוד,1,חיפה,3542501,,חיפה,no,,apply,,https://beautyfind.co.il/haifa/biz/nails-salon-n
e1127edf-795b-48b0-8153-4e4c865346d9,NEWNESS Cosmetology Haifa,חיפה,no,ChIJw9FYi5u7HRUReSDyjkZPrQk,"Moriah Ave 82, Haifa, 3461813","שדרות מוריה 82, חיפה",google,3461813,"שדרות מוריה 82, חיפה, 3461813",שדרות מוריה,82,חיפה,3461813,,חיפה,no,,apply,,https://beautyfind.co.il/haifa/biz/newness-cosmetology-haifa
053bef04-b379-4002-8859-f1dad479aae3,Olfat Clinic,חיפה,no,ChIJ5SlylpG7HRURHKsD0kXWN7k,"HaGanim St 4, Haifa, 3502408","הגנים 4, חיפה",google,3502408,"הגנים 4, חיפה, 3502408",הגנים,4,חיפה,3502408,,חיפה,no,,apply,,https://beautyfind.co.il/haifa/biz/olfat-clinic
4f317565-8ae0-41af-833f-9fd5e87a67c0,"Oly Cosmetics - מרכז לטיפולי פנים וגוף, מוצרי קוסמטיקה",חיפה,no,ChIJFZqF0B23HRURzJ3NFWbh48k,"HaGanim St 10, Haifa","הגנים 10, חיפה",google,,"הגנים 10, חיפה",הגנים,10,חיפה,,,חיפה,no,,apply,,https://beautyfind.co.il/haifa/biz/oly-cosmetics
ad0f8d77-3da3-4c9d-b9be-8d9960b44b28,Paroa' Hair Salon Haifa פרוע,חיפה,no,ChIJiaWVWrq7HRURmkIKxDl6_0M,"Stella Maris Rd 11, Haifa, 97500","סטלה מריס 11, חיפה",google,97500,"סטלה מריס 11, חיפה, 97500",סטלה מריס,11,חיפה,97500,,חיפה,no,,apply,,https://beautyfind.co.il/haifa/biz/paroa-hair-salon-haifa
0e024116-fe75-449e-ba10-63b38958aa95,Pelle Medical Cosmetics,חיפה,no,ChIJN1Xp4r27HRURuDfI77gXsYg,"Tchernikhovsky St 37 (Starko building, Haifa",חיפה,city_only,,"Tchernikhovsky St 37 (Starko building, Haifa",,,Haifa,,,חיפה,no,,apply,,https://beautyfind.co.il/haifa/biz/pelle-medical-cosmetics
06feb076-1b98-4074-bd46-726ae3f79684,Persona - עיצוב שיער,חיפה,no,ChIJYT1lCg6xHRURnxT74bIieAk,"Ha-Kharoshet St 10, Haifa, 2612001","החרושת 10, חיפה",google,2612001,"החרושת 10, חיפה, 2612001",החרושת,10,חיפה,2612001,,חיפה,no,,apply,,https://beautyfind.co.il/haifa/biz/persona
7f01f930-97a5-4bc9-a4ec-bac6e01cb8f0,Premium Beauty,חיפה,no,ChIJfxhhb6m7HRURJh2yIXLokho,"Derech Jaffa 102, Haifa, 3541403","דרך יפו 102, חיפה",dictionary,,"Derech Jaffa 102, Haifa, 3541403",Derech Jaffa,102,Haifa,3541403,,חיפה,no,,apply,,https://beautyfind.co.il/haifa/biz/premium-beauty
b62b3b28-e109-48f6-ae9b-57b9c437d7d1,Premium Beauty Center,חיפה,no,ChIJjfwHvZ-7HRUR6sVzH7GFbUw,"Vardiya St 12, Haifa","ורדיה 12, חיפה",google,,"ורדיה 12, חיפה",ורדיה,12,חיפה,,,חיפה,no,,apply,,https://beautyfind.co.il/haifa/biz/premium-beauty-center
2f33a115-db5f-4848-9b0c-2c2508110d13,PYON BEAUTY ZONE,חיפה,no,ChIJdW7GYGW7HRURo59dodgEtKs,"Moriah Ave 13, Haifa","שדרות מוריה 13, חיפה",google,,"שדרות מוריה 13, חיפה",שדרות מוריה,13,חיפה,,,חיפה,no,,apply,,https://beautyfind.co.il/haifa/biz/pyon-beauty-zone
cd046027-bf61-4a7a-b45d-d0026202b552,rastafari style,חיפה,no,ChIJ22yd_mC3HRURkTuQwaEU4ak,"Flieman St 4, Haifa","דרך משה פלימן 4, חיפה",google,,"דרך משה פלימן 4, חיפה",דרך משה פלימן,4,חיפה,,,חיפה,no,,apply,,https://beautyfind.co.il/haifa/biz/rastafari-style
63e0a281-ccfd-4616-a8db-1157d1a75ccb,Relax - Manual Therapy Clinic,חיפה,no,ChIJaVrBHE67HRURiu_7NJfQsgc,"Ahad Ha'Am St 7, Haifa, 3310318","אחד העם 7, חיפה",google,3310318,"אחד העם 7, חיפה, 3310318",אחד העם,7,חיפה,3310318,,חיפה,no,,apply,,https://beautyfind.co.il/haifa/biz/relax-manual-therapy-clinic
fbf7b660-ab28-41a7-9061-b21e2685803e,Ruchla Cosmetics,חיפה,no,ChIJM8T_xpa7HRURF0UiwhSLNcA,"Dr.Kauders St 10, Haifa","קאודרס 10, חיפה",google,,"קאודרס 10, חיפה",קאודרס,10,חיפה,,,חיפה,no,,apply,,https://beautyfind.co.il/haifa/biz/ruchla-cosmetics
eb9c31cc-753f-4299-8d3f-2e0ab9efdf83,Sacara,חיפה,no,ChIJddCHS7ewHRURlJtVITq8WdA,Haifa,חיפה,city_only,,חיפה,,,חיפה,,,חיפה,no,,apply,,https://beautyfind.co.il/haifa/biz/sacara
9f0933ee-94c6-42cd-b69c-d61d71d5bf37,Salon boutique Paradise,חיפה,no,ChIJ5ZFSrky6HRURRN9RM3KoGzE,"Yona St 14, Haifa, 3310428","יונה 14, חיפה",google,3310428,"יונה 14, חיפה, 3310428",יונה,14,חיפה,3310428,,חיפה,no,,apply,,https://beautyfind.co.il/haifa/biz/salon-boutique-paradise
aeaba3d2-9483-4973-a2c6-8e638839cb48,Salon MARGO Haifa,חיפה,no,ChIJLZ3pmUy6HRURRYFmIK5jP6I,"Yona St 5, Haifa","יונה 5, חיפה",google,,"יונה 5, חיפה",יונה,5,חיפה,,,חיפה,no,,apply,,https://beautyfind.co.il/haifa/biz/salon-margo-haifa
6b8a7c5a-a3e8-40a8-88c1-b5311fe0e086,Sarit - Hair Design,חיפה,no,ChIJQxWZ7e66HRUR-I9RkZ-Ukvk,"International St 9, Haifa","אינטרנציונל 9, חיפה",google,,"אינטרנציונל 9, חיפה",אינטרנציונל,9,חיפה,,,חיפה,no,,apply,,https://beautyfind.co.il/haifa/biz/sarit-hair-design
cfdca373-6516-4296-a3b4-ee5b1621bac4,SO Clinic,חיפה,no,ChIJM7Fitdi7HRURYHTVzxHzzN8,"קומת כניסה, Herzl St 63, Haifa, 3321214","הרצל 63, קומת כניסה, חיפה",google,3321214,"קומת כניסה, הרצל 63, חיפה, 3321214",הרצל,63,חיפה,3321214,,חיפה,no,,apply,,https://beautyfind.co.il/haifa/biz/so-clinic
19983aee-b4dd-4e71-b29f-a26bab9a53df,Sol Clinics,חיפה,no,ChIJyUVFtH66HRURSDoQHSohIyU,"HaHistadrut Ave 44, Haifa","ההסתדרות 44, חיפה",google,,"ההסתדרות 44, חיפה",ההסתדרות,44,חיפה,,,חיפה,no,,apply,,https://beautyfind.co.il/haifa/biz/sol-clinics
88e75f55-627d-4d56-8562-d31e9dab09a3,Studio French (nail and cosmetic) סטודיו פרנץ- סלון ציפורניים בחיפה,חיפה,no,ChIJST3oWUy6HRURbHxA5MMR9qg,"str. Balfour 2, Haifa",חיפה,city_only,,"str. Balfour 2, חיפה",str. Balfour,2,חיפה,,,חיפה,no,,apply,,https://beautyfind.co.il/haifa/biz/studio-french-nail-and-cosmetic
07d2fb79-74ec-4669-a629-9a7a8e46423f,Tal Sharir,חיפה,no,ChIJZ4Bdl_K6HRURyOBhCjObKSM,"Shalom Aleichem St 3, Haifa","שלום עליכם 3, חיפה",google,,"שלום עליכם 3, חיפה",שלום עליכם,3,חיפה,,,חיפה,no,,apply,,https://beautyfind.co.il/haifa/biz/tal-sharir
87dd20b1-0840-4624-9bf7-4eca3eb11208,Tanya Gur,חיפה,no,ChIJkxUEg6W3HRURFQ5jvVDirDc,"Vardiya St 12, Haifa, 3465712","ורדיה 12, חיפה",google,3465712,"ורדיה 12, חיפה, 3465712",ורדיה,12,חיפה,3465712,,חיפה,no,,apply,,https://beautyfind.co.il/haifa/biz/tanya-gur
f01c0d3e-f6ae-46b3-820b-fc1ecc424158,ValentinaCosmetic,חיפה,no,ChIJ0w_3O5C7HRURfl0o8bov0dM,"Moriah Ave 13, Haifa, 3312213","שדרות מוריה 13, חיפה",google,3312213,"שדרות מוריה 13, חיפה, 3312213",שדרות מוריה,13,חיפה,3312213,,חיפה,no,,apply,,https://beautyfind.co.il/haifa/biz/valentinacosmetic
3116d5c1-3b70-4309-9c55-abd9158a0e21,Yana Naumov Lash & Brow Studio,חיפה,no,ChIJfQLEipW7HRUR8tqUe0eIhe8,"Tzorfat Rd 15, Haifa",חיפה,city_only,,"דרך צרפת 33, Rodin St 2, Haifa",Rodin Street,2,Haifa,,,חיפה,no,,apply,,https://beautyfind.co.il/haifa/biz/yana-naumov-lash-and-brow-studio
c72c94d8-42c2-474a-88bc-5bec1b42fa32,Косметолог Марина Зверева,חיפה,no,ChIJC42pb5i7HRURVIMDDoc7aXA,"שד מייק ברנט 11, Haifa, 3515402","שד מייק ברנט 11, חיפה",google,3515402,"שד מייק ברנט 11, Haifa, 3515402",שד מייק ברנט,11,Haifa,3515402,,חיפה,no,,apply,,https://beautyfind.co.il/haifa/biz/facials-haifa
fa9c02ad-1af6-4006-8234-25597523509a,"Стоматологическая клиника ""Style Dent"" Хайфа",חיפה,no,ChIJ0V41BJC7HRURO8DsnsdF44k,"Hahistadrut Ave 47, Haifa, 26103","ההסתדרות 47, חיפה",google,26103,"ההסתדרות 47, חיפה, 26103",ההסתדרות,47,חיפה,26103,,חיפה,no,,apply,,https://beautyfind.co.il/haifa/biz/style-dent
e1ca59e4-7cff-4e40-9349-1bb2114cce9b,Студия наращивания ресниц «B.LASHLI»,חיפה,no,ChIJO6CKuSq7HRURDT_t2pV9j-k,"Derekh Yafo 51, Haifa","דרך יפו 51, חיפה",google,,"דרך יפו 51, חיפה",דרך יפו,51,חיפה,,,חיפה,no,,apply,,https://beautyfind.co.il/haifa/biz/b-lashli
61f3792a-323e-4309-b1f5-f1584b494fa7,אבי אשורי עיצוב שיער Barbershop,טירת כרמל,no,ChIJo4b2lFSlHRURlCJk2Csa5YY,"Yishak Shamir St 20, Tirat Carmel","יצחק שמיר 20, טירת כרמל",google,,"יצחק שמיר 20, טירת כרמל",יצחק שמיר,20,טירת כרמל,,,טירת כרמל,no,,apply,,https://beautyfind.co.il/haifa/biz/barbershop
a2c95959-b2a3-4257-a2c2-68473bf39586,"ד""ר אסתר קורן-מדע וחן",טירת כרמל,no,ChIJcfZGB-AzHBUR_k0eedXBl08,"Ha-Rav Zarbiv St 27, Tirat Carmel","הרב זרביב 27, טירת כרמל",google,,"הרב זרביב 27, טירת כרמל",הרב זרביב,27,טירת כרמל,,,טירת כרמל,no,,apply,,https://beautyfind.co.il/haifa/biz/דר-אסתר-קורן-מדע-וחן
baf0e413-9901-4e4f-95ea-75d6c3a8b374,"לייזר מקס בע""מ",טירת כרמל,no,ChIJyf2I_cmkHRURNa8GEJKcwYI,"Herzel St 2, Tirat Carmel","הרצל 2, טירת כרמל",google,,"הרצל 2, טירת כרמל",הרצל,2,טירת כרמל,,,טירת כרמל,no,,apply,,https://beautyfind.co.il/haifa/biz/לייזר-מקס-בעמ
b53c6ed4-c2d9-4b13-a9d6-7678ac700e2b,סי אמסלם,טירת כרמל,no,ChIJtdcbyi2lHRUR4vbiDgDFYH4,"Milkhemet Sheshet ha-Yamim St 1, Tirat Carmel","מלחמת ששת הימים 1, טירת כרמל",google,,"מלחמת ששת הימים 1, טירת כרמל",מלחמת ששת הימים,1,טירת כרמל,,,טירת כרמל,no,,apply,,https://beautyfind.co.il/haifa/biz/סי-אמסלם
49dc6681-ab09-43bc-8968-a5b6a09647b0,סיון ביוטי - sivan beauty,טירת כרמל,no,ChIJUUtFH9WlHRURb_5rmySqC6E,"השחף 5, Tirat Carmel","השחף 5, טירת כרמל",google,,"השחף 5, טירת כרמל",השחף,5,טירת כרמל,,,טירת כרמל,no,,apply,,https://beautyfind.co.il/haifa/biz/sivan-beauty
22c54aee-6234-47ca-a75d-9dbc3f43ff9b,קארן לוי אוסקר טיפולי גוף ויופי,טירת כרמל,no,ChIJx8Kt0LakHRUR4jkwtsxJb5w,"רחוב האנפה 8, Tirat Carmel","האנפה 8, טירת כרמל",google,,"רחוב האנפה 8, טירת כרמל",רחוב האנפה,8,טירת כרמל,,,טירת כרמל,no,,apply,,https://beautyfind.co.il/haifa/biz/קארן-לוי-אוסקר-טיפולי-גוף-ויופי
1d90c2d1-124e-4e2c-bf8b-80d957af2d9d,קרן יצחק מאסטרית גבות | מומחית למיקרובליידינג ושיקום גבות,טירת כרמל,no,ChIJQ-xVI7SkHRURN7QpXbBaW3E,"HaAtsmaut St 60, Tirat Carmel","העצמאות 60, טירת כרמל",google,,"העצמאות 60, טירת כרמל",העצמאות,60,טירת כרמל,,,טירת כרמל,no,,apply,,https://beautyfind.co.il/haifa/biz/קרן-יצחק-מאסטרית-גבות-מומחית-למיקרובליידינג-ושיקום-גבות
6e532511-a030-4789-9f2c-7f5752e5c679,רינת עוגור- מאפרת מקצועית בחיפה והסביבה : איפור כלות | איפור ערב | איפור לעור בוגר,טירת כרמל,no,ChIJX_BL8eq7HRURHlpUng32tnY,"Levi Eshkol St 25, Tirat Carmel, 3902702","לוי אשכול 25, טירת כרמל",google,3902702,"לוי אשכול 25, טירת כרמל, 3902702",לוי אשכול,25,טירת כרמל,3902702,,טירת כרמל,no,,apply,,https://beautyfind.co.il/haifa/biz/רינת-עוגור-מאפרת-מקצועית-בחיפה-והסביבה-איפור-כלות-איפור-ערב
1d308c62-8e02-48da-8c84-131b48f18900,שני ניילס-בניית ציפורניים לק ג'ל ושיקום הציפורן הטבעית,טירת כרמל,no,ChIJt9v71--lHRURF3xjQJo4bro,"Ha-Kharuv St 22, Tirat Carmel, 3907808","החרוב 22, טירת כרמל",google,3907808,"החרוב 22, טירת כרמל, 3907808",החרוב,22,טירת כרמל,3907808,,טירת כרמל,no,,apply,,https://beautyfind.co.il/haifa/biz/שני-ניילס-בניית-ציפורניים-לק-גל-ושיקום-הציפורן-הטבעית
1c887cc4-ea4d-4fce-a224-1e1bdf31433e,Beauty Line Cosmetology Clinic,טירת כרמל,no,ChIJvy4HeVClHRURpbwI8E1aKzo,"Jabotinski St 10א, Tirat Carmel, 30200","ז׳בוטינסקי 10א, טירת כרמל",google,30200,"ז'בוטינסקי 10א, טירת כרמל, 30200",ז'בוטינסקי,10א,טירת כרמל,30200,,טירת כרמל,no,,apply,,https://beautyfind.co.il/haifa/biz/beauty-line-cosmetology-clinic
e90c9695-f978-4c7e-ad67-770fc64aa4d7,Beauty Salon by Svetlana Isakov SVIS,טירת כרמל,no,ChIJrWO6cJWlHRURpY4AvUrXsNE,"Herzel St 11, Tirat Carmel","הרצל 11, טירת כרמל",google,,"הרצל 11, טירת כרמל",הרצל,11,טירת כרמל,,,טירת כרמל,no,,apply,,https://beautyfind.co.il/haifa/biz/beauty-salon-by-svetlana-isakov-svis
ceff57e5-7bf9-4e4c-a1d2-762c2dc686f8,Eden Cosmetics,טירת כרמל,no,ChIJp41JnxylHRURur8f0TNudU8,"Yud Alef ha-Sporta'im St 4, Tirat Carmel, 30200",טירת כרמל,city_only,,,,,,,,טירת כרמל,no,,apply,,https://beautyfind.co.il/haifa/biz/eden-cosmetics
50ac6dab-ec35-4b33-bd75-46d81256cd5b,Kavva Beauty Boutique,טירת כרמל,no,ChIJnbWX1B-lHRURJjsu7Qn-lqQ,"Nahum Het St 5, Tirat Carmel","נחום חת 5, טירת כרמל",google,,"נחום חת 5, טירת כרמל",נחום חת,5,טירת כרמל,,,טירת כרמל,no,,apply,,https://beautyfind.co.il/haifa/biz/kavva-beauty-boutique
a3b60d0b-6475-4d44-961a-199372f76f46,SARA קוסמטיקה ואפילציה,טירת כרמל,no,ChIJ-_on7uu6HRUR3GngmIU5-O8,"Yishak Shamir St 12, Tirat Carmel, 3907020","יצחק שמיר 12, טירת כרמל",google,3907020,"יצחק שמיר 12, טירת כרמל, 3907020",יצחק שמיר,12,טירת כרמל,3907020,,טירת כרמל,no,,apply,,https://beautyfind.co.il/haifa/biz/sara
c3761f3a-db93-4819-8806-4a1429ea64d1,אבישג מכון יופי,ירושלים,no,ChIJja144iEoAxURyrZ6oEGFn68,"Beit Lehem Rd 94, Jerusalem","בית לחם 94, ירושלים",google,,"בית לחם 94, ירושלים",בית לחם,94,ירושלים,,,ירושלים,no,,apply,,https://beautyfind.co.il/jerusalem/biz/אבישג-מכון-יופי
f85fee0c-5b45-4ce2-9fcb-af6900c28068,אור-אלי מאפרת Aurelie make up artist,ירושלים,no,ChIJv1WkWkDXAhURPsgIl07eVAA,"Ha-Rav Yitskhak Abuhav St 7, דירה 8, Jerusalem, 9638111","הרב יצחק אבוהב 7, דירה 8, ירושלים",google,9638111,"הרב יצחק אבוהב 7, דירה 8, ירושלים, 9638111",הרב יצחק אבוהב,7,ירושלים,9638111,,ירושלים,no,,apply,,https://beautyfind.co.il/jerusalem/biz/aurelie-make-up-artist
2628b9a6-1493-4982-a96b-f4d70d449fcd,אורן הספר,ירושלים,no,ChIJAySxejDWAhURidL79jgK_lQ,"Jaffa St 217, Jerusalem, 91999","יפו 217, ירושלים",google,91999,"יפו 217, ירושלים, 91999",יפו,217,ירושלים,91999,,ירושלים,no,,apply,,https://beautyfind.co.il/jerusalem/biz/אורן-הספר
cb43953b-db3d-4622-a7cf-e64347a953ed,אלישבע חי לוי - מאפרת ומסרקת בירושלים,ירושלים,no,ChIJE-6sQx0oAxURIhAURD2Nwe4,"Beit Lehem Rd 164, Jerusalem, 9342851","בית לחם 164, ירושלים",google,9342851,"בית לחם 164, ירושלים, 9342851",בית לחם,164,ירושלים,9342851,,ירושלים,no,,apply,,https://beautyfind.co.il/jerusalem/biz/אלישבע-חי-לוי-מאפרת-ומסרקת-בירושלים
1d2361c5-6847-4599-a033-d6691d323199,אמירה צדקיהו - קוסמטיקה פרא רפואית מתקדמת,ירושלים,no,ChIJC1QeNs4rAxURYvh60ZuVw5c,"Shmu'el Tamir Katzenelson St 41/1, Jerusalem","שמואל תמיר כצנלסון 41/1, ירושלים",google,,"שמואל תמיר כצנלסון 41/1, ירושלים",שמואל תמיר כצנלסון,41/1,ירושלים,,,ירושלים,no,,apply,,https://beautyfind.co.il/jerusalem/biz/אמירה-צדקיהו-קוסמטיקה-פרא-רפואית-מתקדמת
6013bc78-dee6-489a-ba18-3cb97249d91d,אניגמה- מרכז לאסתטיקה מתקדמת,ירושלים,no,ChIJY0DpQC3XAhURFdQPtkiLl6I,"קניון רמות, Golda Me'ir Boulevard 255, Jerusalem","שדרות גולדה מאיר 255, קניון רמות, ירושלים",google,,"קניון רמות, שדרות גולדה מאיר 255, ירושלים",שדרות גולדה מאיר,255,ירושלים,,,ירושלים,no,,apply,,https://beautyfind.co.il/jerusalem/biz/אניגמה-מרכז-לאסתטיקה-מתקדמת
e2750265-3eab-4213-9caa-c75c2c1d8354,"אפילוג'יק בע""מ - המרכז לרפואת עור אסתטית",ירושלים,no,ChIJyYpAmVLWAhURStrNNuuVo84,"משכנות האומה, Abba Eban St 2, Jerusalem","אבא אבן 2, ירושלים",google,,"משכנות האומה, אבא אבן 2, ירושלים",אבא אבן,2,ירושלים,,,ירושלים,no,,apply,,https://beautyfind.co.il/jerusalem/biz/אפילוגיק-בעמ-המרכז-לרפואת-עור-אסתטית
fe77c04e-6394-4827-888f-b6aeeb0e84bf,אתי פרץ הסרת שיער בלייזר/ טיפול בפטרת ציפורניים / מחלות עור,ירושלים,no,ChIJA-0QJSsSHRURLekPovcnYY0,"Sol Lipchin St 14, Jerusalem","סול ליפצין 14, ירושלים",google,,"סול ליפצין 14, ירושלים",סול ליפצין,14,ירושלים,,,ירושלים,no,,apply,,https://beautyfind.co.il/jerusalem/biz/אתי-פרץ-הסרת-שיער-בלייזר-טיפול-בפטרת-ציפורניים-מחלות-עור
0b1b6859-eacd-4f5b-9266-48c86d9eb1ba,אתי קוסמטיקה,ירושלים,no,ChIJZ0oJZPIpAxURuiKdR4kYM-Q,"Ramat Hagolan Street 32, Jerusalem","רמת הגולן 32, ירושלים",google,,"רמת הגולן 32, ירושלים",רמת הגולן,32,ירושלים,,,ירושלים,no,,apply,,https://beautyfind.co.il/jerusalem/biz/אתי-קוסמטיקה
fa3023d8-4356-4fbe-af48-e30868fd1ce9,בר מדיקל קליניקה לייזר,ירושלים,no,ChIJ6c5y8uHXAhURcz1-r7Sg2Ts,"Yad Harutsim St 18, Jerusalem","יד חרוצים 18, ירושלים",google,,"יד חרוצים 18, ירושלים",יד חרוצים,18,ירושלים,,,ירושלים,no,,apply,,https://beautyfind.co.il/jerusalem/biz/בר-מדיקל-קליניקה-לייזר
a28725fe-48c2-4c14-8b98-8d6960437d96,"ד""ר אסף סדובסקי מרפאת שיניים בירושלים Dr.Sadovsky Jerusalem Dentist",ירושלים,no,ChIJk6R13tYpAxURWUMgmhiVgPU,"Shamai St 14, Jerusalem, 9463119","שמאי 14, ירושלים",google,9463119,"שמאי 14, ירושלים, 9463119",שמאי,14,ירושלים,9463119,,ירושלים,no,,apply,,https://beautyfind.co.il/jerusalem/biz/dr-sadovsky-jerusalem-dentist
1dea3ca4-8bac-433e-9dca-160c879cb2c1,ד”ר דבורה ושלום חסן – מרפאה לאסתטיקה דנטלית והשתלות שיניים בירושלים,ירושלים,no,ChIJ_zHaH7zXAhURU92oZrsS_Dg,"Hizkiyahu HaMelech St 36, Jerusalem","חזקיהו המלך 36, ירושלים",google,,"חזקיהו המלך 36, ירושלים",חזקיהו המלך,36,ירושלים,,,ירושלים,no,,apply,,https://beautyfind.co.il/jerusalem/biz/ד-ר-דבורה-ושלום-חסן-מרפאה-לאסתטיקה-דנטלית-והשתלות-שיניים-ביר
842b18c3-aa66-49ab-b837-06be169ee6a2,"ד""ר הלל ברוך - רופא שיניים בירושלים | מומחה בשיקום הפה | השתלות שיניים | ציפוי שיניים",ירושלים,no,ChIJ-92LytQpAxURMV54zRpAFVM,"Keren HaYesod St 13, Jerusalem, 9418801","קרן היסוד 13, ירושלים",google,9418801,"קרן היסוד 13, ירושלים, 9418801",קרן היסוד,13,ירושלים,9418801,,ירושלים,no,,apply,,https://beautyfind.co.il/jerusalem/biz/דר-הלל-ברוך-רופא-שיניים-בירושלים-מומחה-בשיקום-הפה-השתלות-שינ
16989dc3-e8e7-4d1c-a47a-915334f9d54f,"ד""ר צחי שטרק - מרפאת שיניים בירושלים",ירושלים,no,ChIJgS1GYjYpAxURR1N_Ehw_Yu4,"Hillel St 24, Jerusalem","הלל 24, ירושלים",google,,"הלל 24, ירושלים",הלל,24,ירושלים,,,ירושלים,no,,apply,,https://beautyfind.co.il/jerusalem/biz/דר-צחי-שטרק-מרפאת-שיניים-בירושלים
35b028c4-9a5e-4c4e-a7f6-b257273c9526,דנט פרימיום - מרפאת שיניים ירושלים,ירושלים,no,ChIJT2VjacApAxURR_p4U-zqwkU,"Dorot Rishonim St 1, Jerusalem, 9462501","דורות ראשונים 1, ירושלים",google,9462501,"דורות ראשונים 1, ירושלים, 9462501",דורות ראשונים,1,ירושלים,9462501,,ירושלים,no,,apply,,https://beautyfind.co.il/jerusalem/biz/דנט-פרימיום-מרפאת-שיניים-ירושלים
78bbf114-2d47-46a7-9bba-4252fbb2fb86,הילה חדאד - מאפרת כלות וערב | Hila Hadad - Bridal makeup and events,ירושלים,no,ChIJyVmJNTUrAxURdffFPi6pfEg,"מאיר בלבן 606, Jerusalem","מאיר בלבן 606, ירושלים",original,,"מאיר בלבן 606, ירושלים",,,ירושלים,9748100,,ירושלים,no,,apply,,https://beautyfind.co.il/jerusalem/biz/hila-hadad-bridal-makeup-and-events
214c470e-9174-4e51-86d8-a9ecc5b3061c,ולריה יחזקאלי קוסמטיקאית,ירושלים,no,ChIJOwrDqCTXAhURrN6RnPCGZ9k,"Hadar Mall, General Pierre Koenig St 26, Jerusalem","גנרל פייר קניג 26, ירושלים",google,,"קניון הדר, גנרל פייר קניג 26, ירושלים",גנרל פייר קניג,26,ירושלים,,,ירושלים,no,,apply,,https://beautyfind.co.il/jerusalem/biz/ולריה-יחזקאלי-קוסמטיקאית
29eb68dd-175a-4bd6-b5e8-1d415c5d32d1,טיפולי פנים ועיסויים בירושלים - ספא תמר,ירושלים,no,ChIJn8I-mwopAxUR8Hbd01-XRRc,"Keren HaYesod St 39, Jerusalem, 9418823","קרן היסוד 39, ירושלים",google,9418823,"קרן היסוד 39, ירושלים, 9418823",קרן היסוד,39,ירושלים,9418823,,ירושלים,no,,apply,,https://beautyfind.co.il/jerusalem/biz/טיפולי-פנים-ועיסויים-בירושלים-ספא-תמר
50c90361-319d-4fed-8478-c71d541d62a7,יעלת חן מכון יופי וקוסמטיקה רפואית - מבית יפה לארי,ירושלים,no,ChIJLbFBw9opAxURjklqu5S1ciE,"Natan Strauss St 10, Jerusalem","נתן שטראוס 10, ירושלים",google,,"נתן שטראוס 10, ירושלים",נתן שטראוס,10,ירושלים,,,ירושלים,no,,apply,,https://beautyfind.co.il/jerusalem/biz/יעלת-חן-מכון-יופי-וקוסמטיקה-רפואית-מבית-יפה-לארי
93990464-2803-4326-a2bb-0d46526ccfda,מאק מלחה ירושלים,ירושלים,no,ChIJyQfXgY7XAhURHOtdUVIt8bo,"Malcha Shopping Mall, Agudat St 1, Jerusalem, 9695989",ירושלים,city_only,,"קניון עזריאלי מלחה, Agudat St 1, ירושלים, 9695989",Agudat St,1,ירושלים,9695989,,ירושלים,no,,apply,,https://beautyfind.co.il/jerusalem/biz/מאק-מלחה-ירושלים
7a8f02e4-85f2-4b41-88a9-f460590fa13e,מוטי מספרה,ירושלים,no,ChIJpxZebTzYAhUR6tMmCudhlxc,"צביה ויצחק 800, מרכז מסחרי גילה, Jerusalem","צביה ויצחק 800, מרכז מסחרי גילה, ירושלים",original,,"צביה ויצחק 800, מרכז מסחרי גילה, ירושלים",,,ירושלים,,,ירושלים,no,,apply,,https://beautyfind.co.il/jerusalem/biz/מוטי-מספרה
c1e13fb3-6bfc-4674-8a89-c872fa44d0f5,מינה קוסמטיקה,ירושלים,no,ChIJ5dOWziPWAhURn_9n0fCyzDk,"Shamgar St 21, Jerusalem","שמגר 21, ירושלים",google,,"שמגר 21, ירושלים",שמגר,21,ירושלים,,,ירושלים,no,,apply,,https://beautyfind.co.il/jerusalem/biz/מינה-קוסמטיקה
0dc1fd40-ab55-4528-866c-3e876e5e9427,מכון יופי | Hei5 Beauty Salon,ירושלים,no,ChIJeyZsBDTXAhURAbnLAfpC3ds,"Shderot Herzl 60, Jerusalem, 9614112","שדרות הרצל 60, ירושלים",google,9614112,"שדרות הרצל 60, ירושלים, 9614112",שדרות הרצל,60,ירושלים,9614112,,ירושלים,no,,apply,,https://beautyfind.co.il/jerusalem/biz/hei5-beauty-salon
e06daae3-5c72-427a-9d21-b9917f05b480,מספרה - אנה עיצוב שיער | парикмахерский салон - Анна дизайнер волос,ירושלים,no,ChIJI4Nami4pAxURmAvGtF868LQ,"Yitskhak Tunik St 17, Jerusalem","יצחק טוניק 17, ירושלים",google,,"יצחק טוניק 17, ירושלים",יצחק טוניק,17,ירושלים,,,ירושלים,no,,apply,,https://beautyfind.co.il/jerusalem/biz/מספרה-אנה-עיצוב-שיער
bc94376e-35f3-4623-b660-b8e79b57d33a,"מספרה, עיצוב שיער ומכון יופי ""גזום"" ""Hair style & beauty salon ""Gazoom",ירושלים,no,ChIJVw7J5EApAxURFvBpWbzrNcU,"Beit Lehem Rd 110, Jerusalem, 9363029","בית לחם 110, ירושלים",google,9363029,"בית לחם 110, ירושלים, 9363029",בית לחם,110,ירושלים,9363029,,ירושלים,no,,apply,,https://beautyfind.co.il/jerusalem/biz/hair-style-and-beauty-salon-gazoom
19096f4f-5b3a-44b3-8e83-ab0bc6d15122,מספרת לידיה,ירושלים,no,ChIJS_zBNNbXAhUR1sLUomd95qk,"Mordehai A'liash St 8, Jerusalem","מרדכי עליאש 8, ירושלים",google,,"מרדכי עליאש 8, ירושלים",מרדכי עליאש,8,ירושלים,,,ירושלים,no,,apply,,https://beautyfind.co.il/jerusalem/biz/מספרת-לידיה
28587492-543a-45a9-bca3-440c068d896e,מרים ללוש ירושלים,ירושלים,no,ChIJX32ib_LcFQ4RckKivpVY9yc,"שמעון מישורי 3, Jerusalem, 9379447","שמעון מישורי 3, ירושלים",google,9379447,"שמעון מישורי 3, ירושלים, 9379447",שמעון מישורי,3,ירושלים,9379447,,ירושלים,no,,apply,,https://beautyfind.co.il/jerusalem/biz/מרים-ללוש-ירושלים
2bd73be2-df4d-4e03-95bf-02a585ae7ca4,"מרפאות שיניים ד""ר אברהם ד""ר יצחק מושיחוב",ירושלים,no,ChIJN7Co-NYpAxURy3tPujGmKYM,"HaRav Kuk St 8, קומה 1, Jerusalem, 9423109","הרב קוק 8, קומה 1, ירושלים",google,9423109,"הרב קוק 8, קומה 1, ירושלים, 9423109",הרב קוק,8,ירושלים,9423109,,ירושלים,no,,apply,,https://beautyfind.co.il/jerusalem/biz/מרפאות-שיניים-דר-אברהם-דר-יצחק-מושיחוב
e81102a8-cd8f-42b8-a845-2ead01fa18c4,"מרפאת שיניים בירושלים - ד""ר איתן אוראל - מומחה לשיקום הפה אסתטיקה והשתלות",ירושלים,no,ChIJE4Twsd7XAhURiP67tIxeShk,"Diskin St 5, Jerusalem, 9644005","דיסקין 5, ירושלים",google,9644005,"דיסקין 5, ירושלים, 9644005",דיסקין,5,ירושלים,9644005,,ירושלים,no,,apply,,https://beautyfind.co.il/jerusalem/biz/מרפאת-שיניים-בירושלים-דר-איתן-אוראל-מומחה-לשיקום-הפה-אסתטיקה
8e6eff31-276a-4d9a-942b-f3b7479562d2,מרפאת שיניים בירושלים ד''ר סטלה הייזלר - שיקום הפה | ציפוי שיניים | השתלות שיניים ושתלים דנטליים,ירושלים,no,ChIJaZz1gh8oAxURjZL89ovfKrY,"HaTnufa St 12, קומה 3, Jerusalem, 9342210","התנופה 12, קומה 3, ירושלים",google,9342210,"התנופה 12, קומה 3, ירושלים, 9342210",התנופה,12,ירושלים,9342210,,ירושלים,no,,apply,,https://beautyfind.co.il/jerusalem/biz/מרפאת-שיניים-בירושלים-דר-סטלה-הייזלר-שיקום-הפה-ציפוי-שיניים
da72002e-ef40-436b-a5de-d5a803176f1d,נטלי טיפולי אסתטיקה מתקדמים,ירושלים,no,ChIJE-0taLTXAhURWVVxiUB8P0U,"Beit HaKerem St 30, Jerusalem","בית הכרם 30, ירושלים",google,,"בית הכרם 30, ירושלים",בית הכרם,30,ירושלים,,,ירושלים,no,,apply,,https://beautyfind.co.il/jerusalem/biz/נטלי-טיפולי-אסתטיקה-מתקדמים
1cfc12aa-e4b5-461a-a497-41038c87ffed,נינה מאר - קוסמטיקה טבעית מתקדמת,ירושלים,no,ChIJJ_YblpMpAxURdhORGBHltks,"Yosef Rivlin St 3, Jerusalem, 9424003","יוסף ריבלין 3, ירושלים",google,9424003,"יוסף ריבלין 3, ירושלים, 9424003",יוסף ריבלין,3,ירושלים,9424003,,ירושלים,no,,apply,,https://beautyfind.co.il/jerusalem/biz/נינה-מאר-קוסמטיקה-טבעית-מתקדמת
93d21a92-49c4-43b6-bb70-afca304f5a68,ספארקל,ירושלים,no,ChIJ4b72zuHXAhURtT1Kr0dfLNw,"קניון הדר, General Pierre Koenig St 26, Jerusalem","גנרל פייר קניג 26, קניון הדר, ירושלים",google,,"קניון הדר, גנרל פייר קניג 26, ירושלים",גנרל פייר קניג,26,ירושלים,,,ירושלים,no,,apply,,https://beautyfind.co.il/jerusalem/biz/ספארקל
8a11633e-439d-4131-8978-9909f8f2969f,ערן לוי ספר,ירושלים,no,ChIJj8oeJCPXAhURS6HpNHtSctE,"Emek Refa'im St 49, Jerusalem, 9314107","עמק רפאים 49, ירושלים",google,9314107,"עמק רפאים 49, ירושלים, 9314107",עמק רפאים,49,ירושלים,9314107,,ירושלים,no,,apply,,https://beautyfind.co.il/jerusalem/biz/ערן-לוי-ספר
085b6a39-9a43-414f-ba1c-aaa22eb6e63c,פרסי קוסמטיקה - ירושלים,ירושלים,no,ChIJvbUYPycoAxURPp-lGO5I4BQ,"Akhad ha-Am St 12, Jerusalem","אחד העם 12, ירושלים",google,,"אחד העם 12, ירושלים",אחד העם,12,ירושלים,,,ירושלים,no,,apply,,https://beautyfind.co.il/jerusalem/biz/פרסי-קוסמטיקה-ירושלים
7898a0cc-0647-42f0-a31f-337f1c2d57cc,קוסמטיקאית קלינית בירושלים | אליס המרכז לטיפולים קוסמטיים,ירושלים,no,ChIJw2gZzNvXAhURtLRWLE9OpAo,"Yehoshua Bitsur St 1, Jerusalem","יהושע ביצור 1, ירושלים",google,,"יהושע ביצור 1, ירושלים",יהושע ביצור,1,ירושלים,,,ירושלים,no,,apply,,https://beautyfind.co.il/jerusalem/biz/קוסמטיקאית-קלינית-בירושלים-אליס-המרכז-לטיפולים-קוסמטיים
30b9e9c0-c0c5-4a53-b2a6-a31bf6309dcf,רבקי בלאו קוסמטיקה Rivky Blau,ירושלים,no,ChIJ2zIzhX8pAxURoHuCdDp-Zhw,"פינת, Ets Hadar St, Jerusalem","עץ הדר, ירושלים",google,,"פינת, עץ הדר, ירושלים",עץ הדר,,ירושלים,,,ירושלים,no,,apply,,https://beautyfind.co.il/jerusalem/biz/rivky-blau
62003c87-a1df-4e38-b917-7b5ca6c8c797,רחלי זלץ טיפולי פנים מתקדמים,ירושלים,no,ChIJ15jjKs7ZAhURy3NX4gPBdfw,"Mevo HaTsori 7, Jerusalem","מבוא הצרי 7, ירושלים",google,,"מבוא הצרי 7, ירושלים",מבוא הצרי,7,ירושלים,,,ירושלים,no,,apply,,https://beautyfind.co.il/jerusalem/biz/רחלי-זלץ-טיפולי-פנים-מתקדמים
f7c9300a-6cfe-4ef3-9f92-c345ce456556,תמר חן - קוסמטיקאית רפואית,ירושלים,no,ChIJOf4ZXcjVAhURMDYkDgYD4MM,"Avnei ha-Khoshen St 60, Jerusalem","אבני החושן 60, ירושלים",google,,"אבני החושן 60, ירושלים",אבני החושן,60,ירושלים,,,ירושלים,no,,apply,,https://beautyfind.co.il/jerusalem/biz/תמר-חן-קוסמטיקאית-רפואית
affa852f-897f-4aff-91e0-54db4aa95930,Aesthetic-beauty complex,ירושלים,no,ChIJLwIHCtcpAxUR0g6MNpg3_Jo,"ג'ורג, King George St 3, Jerusalem","המלך ג׳ורג׳ 3, ירושלים",dictionary,,"ג'ורג, King George St 3, Jerusalem",King George Street,3,Jerusalem,,,ירושלים,no,,apply,,https://beautyfind.co.il/jerusalem/biz/aesthetic-beauty-complex
4d762de1-9a81-4671-bffb-f9b1967c5ca4,ALMA Wellness & Beauty || עלמה טיפוח ויופי,ירושלים,no,ChIJn11rOlspAxURiEHVVYwx-pA,"Ben Yehuda St 34, floor 6, suite #609, Jerusalem","בן יהודה 34, קומה 6, ירושלים",dictionary,,"Ben Yehuda St 34, floor 6, suite #609, Jerusalem",Ben Yehuda Street,34,Jerusalem,,,ירושלים,no,,apply,,https://beautyfind.co.il/jerusalem/biz/alma-wellness-and-beauty
a1e2d744-aa4c-4d17-ab6a-0de5ac867049,BeautyMark Boutique Salon,ירושלים,no,ChIJ_Qi8VP7XAhURAWVYB3RTX2c,"King George St 28, Jerusalem","המלך ג׳ורג׳ 28, ירושלים",google,,"המלך ג'ורג' 28, ירושלים",המלך ג'ורג',28,ירושלים,,,ירושלים,no,,apply,,https://beautyfind.co.il/jerusalem/biz/beautymark-boutique-salon
596e300c-d01d-4ec8-891d-0e6ee56e46eb,Dr Haim Aseriel Dentist,ירושלים,no,ChIJNVxOKPMpAxURkffiCqpxX7E,"Hebron Rd 101, Jerusalem","דרך חברון 101, ירושלים",google,,"דרך חברון 101, ירושלים",דרך חברון,101,ירושלים,,,ירושלים,no,,apply,,https://beautyfind.co.il/jerusalem/biz/dr-haim-aseriel-dentist
0081ebe3-6c63-42d6-9bb1-44546565dbd7,Dr. Allan Schuman - ד״ר אלן שומן,ירושלים,no,ChIJZxg15IApAxURtzdgr1PBr2U,"Beitar St 2, Jerusalem","בית״ר 2, ירושלים",google,,"בית""ר 2, ירושלים","בית""ר",2,ירושלים,,,ירושלים,no,,apply,,https://beautyfind.co.il/jerusalem/biz/dr-allan-schuman
20a24fa8-bedc-40af-a6f3-a3e0e700c69d,Dr. Ari Greenspan- דר ארי גרינספן,ירושלים,no,ChIJKQWTu47XAhUR5X5wMy39izU,"Hebron Rd 101, Jerusalem","דרך חברון 101, ירושלים",google,,"דרך חברון 101, ירושלים",דרך חברון,101,ירושלים,,,ירושלים,no,,apply,,https://beautyfind.co.il/jerusalem/biz/dr-ari-greenspan
bf12f724-845c-4018-a0ac-ca5567cdf258,EL Studio,ירושלים,no,ChIJu6r0bS3ZAhURpUiwIS1aX2M,"Shvo St 6/18, Jerusalem","שבו 6/18, ירושלים",google,,"שבו 6/18, ירושלים",שבו,6/18,ירושלים,,,ירושלים,no,,apply,,https://beautyfind.co.il/jerusalem/biz/el-studio
33be95d4-1a3e-4570-9ac1-4ae1268e8977,Frida Brow Bar,ירושלים,no,ChIJCfunfo7XAhUR28nhcylaAeU,"Derech Agudat Sport Beitar 1, Jerusalem","דרך אגודת ספורט בית״ר 1, ירושלים",google,,"דרך אגודת ספורט בית""ר 1, ירושלים","דרך אגודת ספורט בית""ר",1,ירושלים,,,ירושלים,no,,apply,,https://beautyfind.co.il/jerusalem/biz/frida-brow-bar
fcbfeb13-07c9-4caa-9632-ea516328bb2a,Glamour Nails,ירושלים,no,ChIJ4zMIINEpAxURCf3TWrz7l_c,"Jaffa St 30, Jerusalem","יפו 30, ירושלים",google,,"יפו 30, ירושלים",יפו,30,ירושלים,,,ירושלים,no,,apply,,https://beautyfind.co.il/jerusalem/biz/glamour-nails
479cd88f-6d43-4a3c-9bd2-bfd7f1f4e80b,"Ilana - Nail, Cosmetic & Lounge",ירושלים,no,ChIJNUvPvqDXAhUR1rmlaeNtz6M,"Avizohar St 8, Jerusalem","אביזוהר 8, ירושלים",google,,"אביזוהר 8, ירושלים",אביזוהר,8,ירושלים,,,ירושלים,no,,apply,,https://beautyfind.co.il/jerusalem/biz/ilana-nail-cosmetic-and-lounge
d455e899-bef9-4c84-ac48-e8036ecbecd0,Jamil Samara,ירושלים,no,ChIJA2IYrM8pAxURvy6E2Z-P4ug,"Beit Hanina 66, Jerusalem","דרך בית חנינא 66, ירושלים",google,,"דרך בית חנינא 66, ירושלים",דרך בית חנינא,66,ירושלים,,,ירושלים,no,,apply,,https://beautyfind.co.il/jerusalem/biz/jamil-samara
15de9f04-c4c7-4a48-ad01-541a7f5dd105,Jerusalem Dental - Dr. Simone Landau,ירושלים,no,ChIJQ6_jkdYpAxURZ3RV-qLDF6M,"Hatnufa Complex מתחם התנופה, HaTnufa St 12, Building A, Floor 4, Jerusalem","התנופה 12, קומה 4, ירושלים",google,,"Hatnufa Complex מתחם התנופה, התנופה 12, Building A, Floor 4, ירושלים",התנופה,12,ירושלים,,,ירושלים,no,,apply,,https://beautyfind.co.il/jerusalem/biz/jerusalem-dental-dr-simone-landau
5a91e694-2b67-4bf9-87f1-e28e5d1f2e22,Jerusalem Dentist Dr. Ari Abramson / American Dentist in Jerusalem,ירושלים,no,ChIJrRm7ytQpAxURoSCxrXlh7yc,"Keren HaYesod St 13, Jerusalem","קרן היסוד 13, ירושלים",google,,"קרן היסוד 13, ירושלים",קרן היסוד,13,ירושלים,,,ירושלים,no,,apply,,https://beautyfind.co.il/jerusalem/biz/jerusalem-dentist-dr-ari-abramson-american-dentist-in-jerusa
99be92e1-f902-41cd-b4d3-95c3d2ce7898,Ka,ירושלים,no,ChIJZW6n7NcpAxURN4bss2SxWDI,"Jaffa St 68, Jerusalem","יפו 68, ירושלים",google,,"יפו 68, ירושלים",יפו,68,ירושלים,,,ירושלים,no,,apply,,https://beautyfind.co.il/jerusalem/biz/ka
072f388b-5963-475d-81a8-84a16af93b09,Koby atar,ירושלים,no,ChIJi3a02dApAxURRPPLBIs4TA4,"Jaffa St 30, Jerusalem, 9414204","יפו 30, ירושלים",google,9414204,"יפו 30, ירושלים, 9414204",יפו,30,ירושלים,9414204,,ירושלים,no,,apply,,https://beautyfind.co.il/jerusalem/biz/koby-atar
f33c1153-74cc-4454-aea5-8555e3d80b24,"Kurer Jackson Dental Office, Jerusalem",ירושלים,no,ChIJfXxJqCwoAxURat6x-ibG6nc,"Keren HaYesod St 29, Jerusalem, 9418817","קרן היסוד 29, ירושלים",google,9418817,"קרן היסוד 29, ירושלים, 9418817",קרן היסוד,29,ירושלים,9418817,,ירושלים,no,,apply,,https://beautyfind.co.il/jerusalem/biz/kurer-jackson-dental-office-jerusalem
0007b251-d4dd-4679-b335-9e1527bbaead,Laka,ירושלים,no,ChIJ9Ymq043XAhURGb8zodQSfUE,"קניון, Derech Agudat Sport Beitar 1, Jerusalem","דרך אגודת ספורט בית״ר 1, קניון, ירושלים",google,,"קניון, דרך אגודת ספורט בית""ר 1, ירושלים","דרך אגודת ספורט בית""ר",1,ירושלים,,,ירושלים,no,,apply,,https://beautyfind.co.il/jerusalem/biz/laka
61b553fb-ce13-4cda-a0b0-1dc33da08d55,LaVita Cosmetics,ירושלים,no,ChIJa78-M9YpAxURN_yf3DHGEew,"Mordehai A'liash St 8, Jerusalem","מרדכי עליאש 8, ירושלים",google,,"מרדכי עליאש 8, ירושלים",מרדכי עליאש,8,ירושלים,,,ירושלים,no,,apply,,https://beautyfind.co.il/jerusalem/biz/lavita-cosmetics
cd94a57a-e52c-421a-aa8d-d87b799f597b,Lumiere לומייר,ירושלים,no,ChIJHwLJr_rXAhURF8Xh9kBRFHE,"HaAyal St 16, Jerusalem","האייל 16, ירושלים",google,,"האייל 16, ירושלים",האייל,16,ירושלים,,,ירושלים,no,,apply,,https://beautyfind.co.il/jerusalem/biz/lumiere
fcb84cf4-de63-4581-9fe5-0e85b1587100,MAC Cosmetics Mamila,ירושלים,no,ChIJWT-Q7dEpAxUR3S2supAZPEI,"Mamilla Rd 9, Jerusalem, 9418215","ממילא 9, ירושלים",google,9418215,"ממילא 9, ירושלים, 9418215",ממילא,9,ירושלים,9418215,,ירושלים,no,,apply,,https://beautyfind.co.il/jerusalem/biz/mac-cosmetics-mamila
18fa65ac-50af-45a2-92e3-60d29b5c630c,Merizian's Nailux,ירושלים,no,ChIJb4Aw1hopAxURyt6ZwWv-7N4,"Shlomo ha-Melekh St 14, Jerusalem","שלמה המלך 14, ירושלים",google,,"שלמה המלך 14, ירושלים",שלמה המלך,14,ירושלים,,,ירושלים,no,,apply,,https://beautyfind.co.il/jerusalem/biz/merizian-s-nailux
9e8f000a-4c66-48ef-983c-a9075d2704ce,Mona Medical Jerusalem - מונה מדיקל ירושלים,ירושלים,no,ChIJceFpKkPXAhUR46_E7m6eS74,"بيت هتئوميم، Kanfei Nesharim St 15, Jerusalem, 9546427","כנפי נשרים 15, ירושלים",google,9546427,"בית התאומים, כנפי נשרים 15, ירושלים, 9546427",כנפי נשרים,15,ירושלים,9546427,,ירושלים,no,,apply,,https://beautyfind.co.il/jerusalem/biz/mona-medical-jerusalem
5aaafe51-913b-4963-a061-42df41c49af0,Nail Queen Express Salon נייל קווין אקספרס,ירושלים,no,ChIJ9YzF0dApAxURoYU1Mmh7EZ0,"Yohanan Horkanos St 9, Jerusalem","יוחנן הורקנוס 9, ירושלים",google,,"יוחנן הורקנוס 9, ירושלים",יוחנן הורקנוס,9,ירושלים,,,ירושלים,no,,apply,,https://beautyfind.co.il/jerusalem/biz/nail-queen-express-salon
48ea8ca7-33c4-4e4a-b2de-4724df1c273d,Natalie landes מרכז הדרכה לקוסמטיקאיות | רופאי עור | קליניקה לשיקום והצערת העור,ירושלים,no,ChIJV0UfmNkrAxURnsTBbA6fH6w,"Shamai St, Jerusalem","שמאי, ירושלים",google,,"שמאי, ירושלים",שמאי,,ירושלים,,,ירושלים,no,,apply,,https://beautyfind.co.il/jerusalem/biz/natalie-landes
c577dbf3-a093-442b-9acd-f76012d1353f,Rami Hair,ירושלים,no,ChIJG7DPmCjWAhUR-RRNOQ8Xhpo,"Jaffa St 145, Jerusalem","יפו 145, ירושלים",google,,"יפו 145, ירושלים",יפו,145,ירושלים,,,ירושלים,no,,apply,,https://beautyfind.co.il/jerusalem/biz/rami-hair
f730b96e-178c-4549-86e7-206a0998dc12,Revistyle,ירושלים,no,ChIJ9wbkqzXWAhURvovXMsnfckE,"Yosef Khakhami St 29, Jerusalem, 9630505","יוסף חכמי 29, ירושלים",google,9630505,"יוסף חכמי 29, ירושלים, 9630505",יוסף חכמי,29,ירושלים,9630505,,ירושלים,no,,apply,,https://beautyfind.co.il/jerusalem/biz/revistyle
b0263255-6264-4159-bd26-0756ec6aeffe,Sagit's Place,ירושלים,no,ChIJUTBtNcwpAxUR-QFFLWJX7tU,"Emek Refa'im St 8, Jerusalem","עמק רפאים 8, ירושלים",google,,"עמק רפאים 8, ירושלים",עמק רפאים,8,ירושלים,,,ירושלים,no,,apply,,https://beautyfind.co.il/jerusalem/biz/sagit-s-place
00e475b3-1256-4719-9452-609212b20416,Sharon Cosmetics,ירושלים,no,ChIJfwfiolgpAxUR9vdi8qAp1_U,"Hebron Rd 150, Jerusalem","דרך חברון 150, ירושלים",google,,"דרך חברון 150, ירושלים",דרך חברון,150,ירושלים,,,ירושלים,no,,apply,,https://beautyfind.co.il/jerusalem/biz/sharon-cosmetics
de64b0a4-2b73-44bf-88f8-335e5b51a6e3,Shlomi Sun,ירושלים,no,ChIJz9ewaocrAxURBcsZRVqMRL4,"משה דיין 166, Jerusalem","משה דיין 166, ירושלים",original,,"משה דיין 166, ירושלים",,,ירושלים,,,ירושלים,no,,apply,,https://beautyfind.co.il/jerusalem/biz/shlomi-sun
e8e9fa1b-b279-4e8d-b990-f14eb6e652fd,Spa Barak,ירושלים,no,ChIJVVVFhszXAhURCAfG3d9XatY,"מלון וורט, Jerusalem",ירושלים,city_only,,"מלון וורט, ירושלים",,,ירושלים,,,ירושלים,no,,apply,,https://beautyfind.co.il/jerusalem/biz/spa-barak
25f4f69f-6b66-4a0e-afdf-0e1d32c29658,Sreter Clinic | מרפאת שיניים בירושלים | מומחה לשיקום הפה והשתלות שיניים,ירושלים,no,ChIJw7pQVisoAxURryOfcBD50JI,"Keren HaYesod St 27, Jerusalem, 9418815","קרן היסוד 27, ירושלים",google,9418815,"קרן היסוד 27, ירושלים, 9418815",קרן היסוד,27,ירושלים,9418815,,ירושלים,no,,apply,,https://beautyfind.co.il/jerusalem/biz/sreter-clinic
92d830a4-48d1-46da-bce9-d5f4fe286362,Topnail,ירושלים,no,ChIJXZiT3ufXAhURTMHn_ZfKJ6U,"Bnei Betera St 2-8, Jerusalem","בני בתירא 2-8, ירושלים",google,,"בני בתירא 2-8, ירושלים",בני בתירא,2-8,ירושלים,,,ירושלים,no,,apply,,https://beautyfind.co.il/jerusalem/biz/topnail
d6a7e954-e2af-4296-b003-2b2bb848795d,חן פחימה קוסמטיקאית מומחית בטיפולי אקנה-פיגמנטציה-והסרת שיער בלייזר,מבשרת ציון,no,ChIJrTdZRYjXAhURt8eWtYiRfqE,"Kalanit St 45, Mevaseret Zion, 90805","כלנית 45, מבשרת ציון",google,90805,"כלנית 45, מבשרת ציון, 90805",כלנית,45,מבשרת ציון,90805,,מבשרת ציון,no,,apply,,https://beautyfind.co.il/jerusalem/biz/חן-פחימה-קוסמטיקאית-מומחית-בטיפולי-אקנה-פיגמנטציה-והסרת-שיער
7230e850-bb77-4681-8db3-ffd47d85a398,יואל צרפתי סניף מבשרת ציון,מבשרת ציון,no,ChIJae-dKcPWAhURnVwOJDrLVy0,"Ha-Zamir St 12, Mevaseret Zion","הזמיר 12, מבשרת ציון",google,,"הזמיר 12, מבשרת ציון",הזמיר,12,מבשרת ציון,,,מבשרת ציון,no,,apply,,https://beautyfind.co.il/jerusalem/biz/יואל-צרפתי-סניף-מבשרת-ציון
dbc5b2ce-0d31-4cdb-914a-2bc2b4b7c862,ליאת ועקנין | Liat Vaknin | Advanced Skin Solutions,מבשרת ציון,no,ChIJzyGK3SrXAhURsDyRfpIiTRY,"Sheshet ha-Yamim St 6, Mevaseret Zion, 9073006","ששת הימים 6, מבשרת ציון",google,9073006,"ששת הימים 6, מבשרת ציון, 9073006",ששת הימים,6,מבשרת ציון,9073006,,מבשרת ציון,no,,apply,,https://beautyfind.co.il/jerusalem/biz/liat-vaknin-advanced-skin-solutions
6228dece-b922-4389-beea-2d8dcab90fe0,נחום צבי מספרה,מבשרת ציון,no,ChIJe7eRX2rXAhURUoYsxESOSRM,"צור 3, Mevaseret Zion","צור 3, מבשרת ציון",google,,"צור 3, מבשרת ציון",צור,3,מבשרת ציון,,,מבשרת ציון,no,,apply,,https://beautyfind.co.il/jerusalem/biz/נחום-צבי-מספרה
c68541b2-741c-41d7-b6df-8930807aeded,נייל בר מכון יופי • קניון הראל מבשרת ציון,מבשרת ציון,no,ChIJ4fWXn-DWAhURQT26BHW4SK4,"Har'el St 1, Mevaseret Zion","הראל 1, מבשרת ציון",google,,"הראל 1, מבשרת ציון",הראל,1,מבשרת ציון,,,מבשרת ציון,no,,apply,,https://beautyfind.co.il/jerusalem/biz/נייל-בר-מכון-יופי-קניון-הראל-מבשרת-ציון
3c186741-2dd0-4bd5-bb4a-7299a94b27d3,שרה בנטולילה הרבה מעבר ליופי,מבשרת ציון,no,ChIJbQkNOi7XAhUR3pNFniiV3zY,"Dam ha-Maccabim St 5, Mevaseret Zion","דם המכבים 5, מבשרת ציון",google,,"דם המכבים 5, מבשרת ציון",דם המכבים,5,מבשרת ציון,,,מבשרת ציון,no,,apply,,https://beautyfind.co.il/jerusalem/biz/שרה-בנטולילה-הרבה-מעבר-ליופי
02d62cb7-94dd-4d51-96fa-b10683da910d,Dalia Institute of Cosmetic,מבשרת ציון,no,ChIJA0hLEB_XAhURyIgArVWT0k0,"Kramim St 92, Mevaseret Zion","כרמים 92, מבשרת ציון",google,,"כרמים 92, מבשרת ציון",כרמים,92,מבשרת ציון,,,מבשרת ציון,no,,apply,,https://beautyfind.co.il/jerusalem/biz/dalia-institute-of-cosmetic
374b234e-15a2-4367-89a2-9f65b54d796b,"Dr Debora Cohen ד""ר דבורה כהן",מבשרת ציון,no,ChIJNZJptn7XAhURKE_nLXJjQgA,"Khatsav St 18, Mevaseret Zion, 9070344","חצב 18, מבשרת ציון",google,9070344,"חצב 18, מבשרת ציון, 9070344",חצב,18,מבשרת ציון,9070344,,מבשרת ציון,no,,apply,,https://beautyfind.co.il/jerusalem/biz/dr-debora-cohen
e5734a5b-55e5-4654-9374-9c533731d265,Orit Levy Cosmetics,מבשרת ציון,no,ChIJldE17ybWAhURKkrhfhgqMXo,"Mishlat St 12א, Mevaseret Zion, 9075136","משלט 12א, מבשרת ציון",google,9075136,"משלט 12א, מבשרת ציון, 9075136",משלט,12א,מבשרת ציון,9075136,,מבשרת ציון,no,,apply,,https://beautyfind.co.il/jerusalem/biz/orit-levy-cosmetics
49a3dbf3-cbb3-4725-9237-dd2a17675200,בוטיק לטיפולי פנים איפור קבוע,מעלה אדומים,no,ChIJH6-qv8kvAxURX59hjNTrw4Q,"HaGir St 38, Ma'ale Adumim","הגיר 38, מעלה אדומים",google,,"הגיר 38, מעלה אדומים",הגיר,38,מעלה אדומים,,,מעלה אדומים,no,,apply,,https://beautyfind.co.il/jerusalem/biz/בוטיק-לטיפולי-פנים-איפור-קבוע
b4d58d2b-ce08-4bf2-8047-a4fcfa856522,ליאת לב אסתטיקה,מעלה אדומים,no,ChIJBcLZZuMpAxURDI8Sj0QTzGI,"Avnei ha-Khoshen St 8, Ma'ale Adumim","אבני החושן 8, מעלה אדומים",google,,"אבני החושן 8, מעלה אדומים",אבני החושן,8,מעלה אדומים,,,מעלה אדומים,no,,apply,,https://beautyfind.co.il/jerusalem/biz/ליאת-לב-אסתטיקה
91a1118d-d90b-40a9-94fc-7b0c3c36fe11,"סגול - מרפאת שיניים לילדים ומבוגרים, טיפולים פרטיים",מעלה אדומים,no,ChIJ8Wl8zEspAxUR4abSwUUJyhQ,"דרך קדם 5, Ma'ale Adumim","דרך קדם 5, מעלה אדומים",original,,"דרך קדם 5, מעלה אדומים",,,מעלה אדומים,,,מעלה אדומים,no,,apply,,https://beautyfind.co.il/jerusalem/biz/סגול-מרפאת-שיניים-לילדים-ומבוגרים-טיפולים-פרטיים
75525b40-06e9-498a-a04f-5b0c0a6317ac,אורטל הר זהב קוסמטיקאית בנהריה,נהריה,no,ChIJewL6q7TPHRURVcJofU2gp2k,"Iris St 97, Nahariyya","איריס 97, נהריה",google,,"איריס 97, נהריה",איריס,97,נהריה,,,נהריה,no,,apply,,https://beautyfind.co.il/north/biz/אורטל-הר-זהב-קוסמטיקאית-בנהריה
31167bd4-b539-47fb-8a00-f9ed653212c2,אורית דיין מעצבת גבות והסרת שיער בלייזר,נהריה,no,ChIJMUFc8bLPHRURFo8UMbgD5D4,"געתון 43, Nahariyya","געתון 43, נהריה",google,,"געתון 43, נהריה",געתון,43,נהריה,,,נהריה,no,,apply,,https://beautyfind.co.il/north/biz/אורית-דיין-מעצבת-גבות-והסרת-שיער-בלייזר
76c423b1-7a82-4e86-8b99-cab9c99707af,אורלי דהאן ORLY DAHAN,נהריה,no,ChIJUcSpBJ7PHRURwtrd_dVXLCk,"Keren HaYesod St 22, Nahariyya","קרן היסוד 22, נהריה",google,,"קרן היסוד 22, נהריה",קרן היסוד,22,נהריה,,,נהריה,no,,apply,,https://beautyfind.co.il/north/biz/orly-dahan
0e5b7bdb-b90b-4576-a535-ab77269958df,אלה שמואל - טיפוח ויופי,נהריה,no,ChIJd-Jk0gLPHRURq7jVJ-qTNCc,"IL 2238514, Khanita St 12, Nahariyya","חניתה 12, נהריה",google,,"IL 2238514, חניתה 12, נהריה",חניתה,12,נהריה,,,נהריה,no,,apply,,https://beautyfind.co.il/north/biz/אלה-שמואל-טיפוח-ויופי
d44aee6a-cef9-4a1c-8dc0-6d9a18a77742,בי ביוטי בתאל שפר,נהריה,no,ChIJdWvhbt7PHRURvu_-hSemiM4,"Herzl St 143, Nahariyya, 2244864","הרצל 143, נהריה",google,2244864,"הרצל 143, נהריה, 2244864",הרצל,143,נהריה,2244864,,נהריה,no,,apply,,https://beautyfind.co.il/north/biz/בי-ביוטי-בתאל-שפר
64642c0f-f2ea-43cb-b0a3-cbd9b66517e9,בתאל הראל קוסמטיקה מתקדמת,נהריה,no,ChIJqZKuZO7PHRURXTzHLR0fsrc,"Abir Ya'acob St 7, Nahariyya","אביר יעקב 7, נהריה",google,,"אביר יעקב 7, נהריה",אביר יעקב,7,נהריה,,,נהריה,no,,apply,,https://beautyfind.co.il/north/biz/בתאל-הראל-קוסמטיקה-מתקדמת
30491085-9e7e-462d-887e-70b5ac899ef4,ד״ר אביטל אנדלר- אסתטיקה רפואית ודנטלית,נהריה,no,ChIJo5hFf6TPHRURgnMzRoMVsJw,"Herzl St 77, Nahariyya, 2240113","הרצל 77, נהריה",google,2240113,"הרצל 77, נהריה, 2240113",הרצל,77,נהריה,2240113,,נהריה,no,,apply,,https://beautyfind.co.il/north/biz/דר-אביטל-אנדלר-אסתטיקה-רפואית-ודנטלית
53e4393c-8b32-4615-b714-bd46cb2541ca,"ד״ר אמיר מטר,מרפאת שיניים ואסתטיקה",נהריה,no,ChIJN-3uEaHPHRURsZQJTf38qIE,"Levi Eshkol St 12, Nahariyya, 2201202","לוי אשכול 12, נהריה",google,2201202,"לוי אשכול 12, נהריה, 2201202",לוי אשכול,12,נהריה,2201202,,נהריה,no,,apply,,https://beautyfind.co.il/north/biz/דר-אמיר-מטר-מרפאת-שיניים-ואסתטיקה
c1ea549c-d06c-4606-8a0b-c00d8b09725f,"ד""ר יעל הירש אסתטיקה",נהריה,no,ChIJe9jVKVHOHRURlHi3TP2O2uQ,"Ha-Meyasdim St 48, Nahariyya","המייסדים 48, נהריה",google,,"המייסדים 48, נהריה",המייסדים,48,נהריה,,,נהריה,no,,apply,,https://beautyfind.co.il/north/biz/דר-יעל-הירש-אסתטיקה
2a7539f0-8de3-43fc-b286-3eec171e7cb3,"ד""ר מינה סקנדריון",נהריה,no,ChIJ2XUpPzfPHRUR7yIstS1EJxY,"Lotus St 99, Nahariyya","לוטוס 99, נהריה",google,,"לוטוס 99, נהריה",לוטוס,99,נהריה,,,נהריה,no,,apply,,https://beautyfind.co.il/north/biz/דר-מינה-סקנדריון
142d077d-f5ce-4904-aeba-eaa2eb286855,דיאנה שרייפר,נהריה,no,ChIJJ-sldljOHRURimoCppiw6oE,"Ahad Ha'Am St 12, Nahariyya","אחד העם 12, נהריה",google,,"אחד העם 12, נהריה",אחד העם,12,נהריה,,,נהריה,no,,apply,,https://beautyfind.co.il/north/biz/דיאנה-שרייפר
8aa9c929-98b3-4ae7-8ef2-c633df3ff7f4,הילה גנון מאפרת ומסרקת מקצועית מנהריה,נהריה,no,ChIJY_SGC97PHRURBL8YzrSTaQA,"Herzl St, Nahariyya, 2240519","הרצל, נהריה",google,2240519,"הרצל, נהריה, 2240519",הרצל,,נהריה,2240519,,נהריה,no,,apply,,https://beautyfind.co.il/north/biz/הילה-גנון-מאפרת-ומסרקת-מקצועית-מנהריה
ff590aaf-bf24-47fe-94af-30f52187b8c5,הלנה שינדרמן טיפולי פנים בנהריה,נהריה,no,ChIJa5bD6VLPHRUR8s-NEu0j9jo,"Silver St 19, Nahariyya","סילבר 19, נהריה",google,,"סילבר 19, נהריה",סילבר,19,נהריה,,,נהריה,no,,apply,,https://beautyfind.co.il/north/biz/הלנה-שינדרמן-טיפולי-פנים-בנהריה
af4ecf73-badc-4b6c-a7f7-4ec3f15393dc,הסטודיו של מורן איפור וציפורניים,נהריה,no,ChIJK7P-JebPHRURAEGrqDXtzM8,"Gordon St 1, Nahariyya, 2230146","גורדון 1, נהריה",google,2230146,"גורדון 1, נהריה, 2230146",גורדון,1,נהריה,2230146,,נהריה,no,,apply,,https://beautyfind.co.il/north/biz/הסטודיו-מורן-איפור-וציפורניים
ee4d7d41-ed59-4253-a44f-a35d78f933c7,הפינה של טלי בנהריה-דירות אירוח וספא בריאות,נהריה,no,ChIJjWi6DivPHRURVoF5Xxc8_tg,"Shaul HaMelech St 17, Nahariyya, 2234560","המלך שאול 17, נהריה",google,2234560,"המלך שאול 17, נהריה, 2234560",המלך שאול,17,נהריה,2234560,,נהריה,no,,apply,,https://beautyfind.co.il/north/biz/הפינה-טלי-בנהריה-דירות-אירוח-וספא-בריאות
49c69891-3bae-4cf8-ab22-e473f85244b5,יוניק קליניק - unique clinic,נהריה,no,ChIJAyxSqYjPHRURnWybeuLBWGA,"HaGdud Haivri St 7, Nahariyya","הגדוד העברי 7, נהריה",google,,"הגדוד העברי 7, נהריה",הגדוד העברי,7,נהריה,,,נהריה,no,,apply,,https://beautyfind.co.il/north/biz/unique-clinic
3b5f58db-d47c-40e8-9816-0c87f5a6b947,יעל ביוטי,נהריה,no,ChIJUZ-Zi_POHRUR7DivJVENzb8,"Yefe Nof St, Nahariyya","יפה נוף, נהריה",google,,"יפה נוף, נהריה",יפה נוף,,נהריה,,,נהריה,no,,apply,,https://beautyfind.co.il/north/biz/יעל-ביוטי
b5c6b28d-d5ae-4ca1-b53e-25f795617481,לב מדיקל - סניף נהריה,נהריה,no,ChIJK-7RT_bOHRUR2JoWEMDPhNk,"Herzl St 68, Nahariyya","הרצל 68, נהריה",google,,"הרצל 68, נהריה",הרצל,68,נהריה,,,נהריה,no,,apply,,https://beautyfind.co.il/north/biz/לב-מדיקל-סניף-נהריה
79f45964-d5b5-4ff7-a487-79a424062603,לורנסה בוטיק ספא ראש והילינג,נהריה,no,ChIJ3XlW8YvPHRURYWoBQCnzJyA,"ממוקם בתוך הקאנטרי סי קלאב, HaMa'apilim St 5, Nahariyya, 2221610","המעפילים 5, נהריה",google,2221610,"ממוקם בתוך הקאנטרי סי קלאב, המעפילים 5, נהריה, 2221610",המעפילים,5,נהריה,2221610,,נהריה,no,,apply,,https://beautyfind.co.il/north/biz/לורנסה-בוטיק-ספא-ראש-והילינג
91b91049-672e-40a2-b689-2161570e2b4f,"ליאל מילר - קוסמטיקאית קלינית פרא רפואית מומחית בפיגמנטציה, אקנה ופוסט אקנה בעור הפנים והגוף",נהריה,no,ChIJ4WCWY8XPHRUR3m0PUwgpvb0,"Lohamei HaGeta'ot St 13, Nahariyya","לוחמי הגטאות 38, נהריה",google,,"לוחמי הגטאות 38, נהריה",לוחמי הגטאות,38,נהריה,,,נהריה,no,,apply,,https://beautyfind.co.il/north/biz/ליאל-מילר-קוסמטיקאית-קלינית-פרא-רפואית-מומחית-בפיגמנטציה-אקנ
ac0b76e1-fa40-4d39-a307-7d29bff52c2f,ליאת גז,נהריה,no,ChIJV5ZhSEjPHRURKnywXS8YtPA,"Weizman St, Nahariyya","וייצמן, נהריה",google,,"וייצמן, נהריה",וייצמן,,נהריה,,,נהריה,no,,apply,,https://beautyfind.co.il/north/biz/ליאת-גז
f276095e-d7ef-4f16-b6ad-bf523bc2e6cc,לינוי מיכאלוב קוסמטיקאית מוסמכת,נהריה,no,ChIJr3v1vH3PHRURVrbUNP3uwcw,"Sprinzak St 5, Nahariyya, 2221003","שפרינצק 5, נהריה",google,2221003,"שפרינצק 5, נהריה, 2221003",שפרינצק,5,נהריה,2221003,,נהריה,no,,apply,,https://beautyfind.co.il/north/biz/לינוי-מיכאלוב-קוסמטיקאית-מוסמכת
cc65a219-ea6b-4325-8cea-7807dd28a4fa,לירן איפור קבוע ובניית ציפורניים.,נהריה,no,ChIJ0eatNfLPHRURBS3lFOvIJ3A,"Weizman St 81, Nahariyya","וייצמן 81, נהריה",google,,"וייצמן 81, נהריה",וייצמן,81,נהריה,,,נהריה,no,,apply,,https://beautyfind.co.il/north/biz/לירן-איפור-קבוע-ובניית-ציפורניים
4d026a4e-c492-40cc-a8ca-d4a2d5056ced,לירן קוסמטיקס,נהריה,no,ChIJo5XwIK_JHRURIlOYkUQpvI8,"Ha-Zamir St 47, Nahariyya, 2455203","הזמיר 47, נהריה",google,2455203,"הזמיר 47, נהריה, 2455203",הזמיר,47,נהריה,2455203,,נהריה,no,,apply,,https://beautyfind.co.il/north/biz/לירן-קוסמטיקס
0dea655d-47cd-46e8-b4b7-47aca4a9b031,לק ג׳ל בנהריה - סנדי טטרו,נהריה,no,ChIJXeCM8fDPHRUR1iPNuG2MxMg,"Jabotinski St 2, Nahariyya, 2238041","ז׳בוטינסקי 2, נהריה",google,2238041,"ז'בוטינסקי 2, נהריה, 2238041",ז'בוטינסקי,2,נהריה,2238041,,נהריה,no,,apply,,https://beautyfind.co.il/north/biz/לק-גל-בנהריה-סנדי-טטרו
8addcfc7-48ba-4183-b32e-fe487838525b,"לקראת כלה- בוטיק-איפור-עיצוב שיער , מבית הילה פרץ",נהריה,no,ChIJw8YD8efPHRURC9LTL5riFYs,"Agnon St 4, Nahariyya","עגנון 4, נהריה",google,,"עגנון 4, נהריה",עגנון,4,נהריה,,,נהריה,no,,apply,,https://beautyfind.co.il/north/biz/לקראת-כלה-בוטיק-איפור-עיצוב-שיער-מבית-הילה-פרץ
7ae5151f-120e-47e1-9984-92378daa9cef,מגי צרונה קוסמטיקה מתקדמת,נהריה,no,ChIJTbSFQJvPHRURpCsxBfyBORg,"Herzl St 104 ב, Nahariyya, 2244515","הרצל 104 ב, נהריה",google,2244515,"הרצל 104 ב, נהריה, 2244515",הרצל,104 ב,נהריה,2244515,,נהריה,no,,apply,,https://beautyfind.co.il/north/biz/מגי-צרונה-קוסמטיקה-מתקדמת
23b14542-a951-4680-94fe-77ed146bce0f,מימו - מכון היופי הלבנוני,נהריה,no,ChIJXeiOpFnOHRURg72UUiy6o_k,"Sderot HaGa'aton 20, Nahariyya","שדרות הגעתון 20, נהריה",google,,"שדרות הגעתון 20, נהריה",שדרות הגעתון,20,נהריה,,,נהריה,no,,apply,,https://beautyfind.co.il/north/biz/מימו-מכון-היופי-הלבנוני
0ac85d39-f36c-4b8a-89cc-ddab374ab304,מכון יופי לנה,נהריה,no,ChIJZ2WM7RjPHRUROm0UqSqdpz0,"Keren HaYesod St 35, Nahariyya, 2244781","קרן היסוד 35, נהריה",google,2244781,"קרן היסוד 35, נהריה, 2244781",קרן היסוד,35,נהריה,2244781,,נהריה,no,,apply,,https://beautyfind.co.il/north/biz/מכון-יופי-לנה
4fa323fe-817a-48f1-b827-79ce7229049b,מכון C היופי בנהריה,נהריה,no,ChIJh26hHkfOHRURR5OT2H6dPXY,"Ha-Rakefet St 5, Nahariyya","הרקפת 5, נהריה",google,,"הרקפת 5, נהריה",הרקפת,5,נהריה,,,נהריה,no,,apply,,https://beautyfind.co.il/north/biz/מכון-c-היופי-בנהריה
42d5a6d0-f36b-4a1a-ae7e-a1011c3b6dfa,מלי לב פדיקור רפואי,נהריה,no,ChIJuVBV4nXPHRUR0UclgX9G9XE,"Weizman St 102, Nahariyya, 2242725","וייצמן 102, נהריה",google,2242725,"וייצמן 102, נהריה, 2242725",וייצמן,102,נהריה,2242725,,נהריה,no,,apply,,https://beautyfind.co.il/north/biz/מלי-לב-פדיקור-רפואי
02e46019-4948-46bb-ab2a-0ad8100d7d4b,מספרה לתוספות שיער בנהריה,נהריה,no,ChIJK9xA8GDPHRURU1yven66uxM,"Herzl St 89, Nahariyya","הרצל 89, נהריה",google,,"הרצל 89, נהריה",הרצל,89,נהריה,,,נהריה,no,,apply,,https://beautyfind.co.il/north/biz/מספרה-לתוספות-שיער-בנהריה
829e09a9-4def-4022-847f-19abd9f53e21,מספרת מרואן,נהריה,no,ChIJYwImK1rOHRURXwiCvJR_cP4,"Herzl St 48, Nahariyya","הרצל 48, נהריה",google,,"הרצל 48, נהריה",הרצל,48,נהריה,,,נהריה,no,,apply,,https://beautyfind.co.il/north/biz/מספרת-מרואן
8349e161-0863-45f1-93ba-d204342de001,מרינה איפור גבות ושפתיים,נהריה,no,ChIJj8XzIPLPHRURKIjEtLpp0pw,"Herzl St 28, Nahariyya","הרצל 28, נהריה",google,,"הרצל 28, נהריה",הרצל,28,נהריה,,,נהריה,no,,apply,,https://beautyfind.co.il/north/biz/מרינה-איפור-גבות-ושפתיים
c879aafa-4713-409f-bba6-b630b511b6f4,מרינה קוסמטיקס,נהריה,no,ChIJ7bS5-1fOHRURwmTolY6OPfw,"Agnon St 8, Nahariyya","עגנון 8, נהריה",google,,"עגנון 8, נהריה",עגנון,8,נהריה,,,נהריה,no,,apply,,https://beautyfind.co.il/north/biz/מרינה-קוסמטיקס
81e5ecb1-8d1d-4a7d-a2b0-6dbc9c796fe9,מרסל לחמיש פתרונות אסתטיקה,נהריה,no,ChIJ9VGoGfrPHRURAIyUKn5ZX24,"Weizman St 67, Nahariyya","וייצמן 67, נהריה",google,,"וייצמן 67, נהריה",וייצמן,67,נהריה,,,נהריה,no,,apply,,https://beautyfind.co.il/north/biz/מרסל-לחמיש-פתרונות-אסתטיקה
6f680011-0c01-48a3-b887-91466fef37df,מרפאת שיניים ד''ר חנקין ילנה,נהריה,no,ChIJG49uNijPHRURQjcFTCQwiD0,"Balfour St 102/1, Nahariyya, 2242554","בלפור 102/1, נהריה",google,2242554,"בלפור 102/1, נהריה, 2242554",בלפור,102/1,נהריה,2242554,,נהריה,no,,apply,,https://beautyfind.co.il/north/biz/מרפאת-שיניים-דר-חנקין-ילנה
54447982-0aae-431b-b030-50aef823883f,מרפאת שיניים וולפסון - Wolfson Dental Clinic,נהריה,no,ChIJp4Rxd8PPHRUR2W-pYYGOWQE,"Ha-Rakefet St 4, Nahariyya, 2231326","הרקפת 4, נהריה",google,2231326,"הרקפת 4, נהריה, 2231326",הרקפת,4,נהריה,2231326,,נהריה,no,,apply,,https://beautyfind.co.il/north/biz/wolfson-dental-clinic
1dcb7347-5f79-442f-9f58-e5335cc022be,ניצן קמחי | מומחית לבניית ציפורניים בנהריה,נהריה,no,ChIJDSNXbGbPHRURT1dsUBd04BE,"Keren HaYesod St 14, Nahariyya","קרן היסוד 14, נהריה",google,,"קרן היסוד 14, נהריה",קרן היסוד,14,נהריה,,,נהריה,no,,apply,,https://beautyfind.co.il/north/biz/ניצן-קמחי-מומחית-לבניית-ציפורניים-בנהריה
b120e474-5446-4845-877f-60eae03cef50,סופי קוסמטיק,נהריה,no,ChIJibALJvHOHRUROkqrHsPht00,"Sderot HaGa'aton 30, Nahariyya","שדרות הגעתון 30, נהריה",google,,"שדרות הגעתון 30, נהריה",שדרות הגעתון,30,נהריה,,,נהריה,no,,apply,,https://beautyfind.co.il/north/biz/סופי-קוסמטיק
087d37ad-856f-47d9-95f9-f85340853aee,סימונה גולדמן - מרכז אסתטיקה ויופי,נהריה,no,ChIJbUSdknnOHRURnJmOcEg4p30,"Lohamei HaGeta'ot St 38, Nahariyya, 2238314","לוחמי הגטאות 38, נהריה",google,2238314,"לוחמי הגטאות 38, נהריה, 2238314",לוחמי הגטאות,38,נהריה,2238314,,נהריה,no,,apply,,https://beautyfind.co.il/north/biz/סימונה-גולדמן-מרכז-אסתטיקה-ויופי
e3b8f590-db0a-4263-ae6b-206613f31dff,סלון יופי נהריה,נהריה,no,ChIJ3d2fokSzAhURnzR4vx1Eh-Q,"Shaked street 12, Nahariyya, 2246004",נהריה,city_only,,"Shaked street 12, Nahariyya, 2246004",Shaked street,12,Nahariyya,2246004,,נהריה,no,,apply,,https://beautyfind.co.il/north/biz/סלון-יופי-נהריה
f94de83c-bdb9-41e6-ac81-4ec43b50d66a,ספיר חתואל מעצבת גבות,נהריה,no,ChIJF5pq0dvTHRUR0tyTSD9fIzQ,"דרך השלום 12, Nahariyya","דרך השלום 12, נהריה",google,,"דרך השלום 12, נהריה",דרך השלום,12,נהריה,,,נהריה,no,,apply,,https://beautyfind.co.il/north/biz/ספיר-חתואל-מעצבת-גבות
8cb30000-0612-4ed8-985b-94ea34a56ab1,עיצוב גבות וריסים - Hana Permbeauty,נהריה,no,ChIJTb22LbXPHRUR09v_trCwQeg,"Balfour St 19, Nahariyya, 2242733","בלפור 19, נהריה",google,2242733,"בלפור 19, נהריה, 2242733",בלפור,19,נהריה,2242733,,נהריה,no,,apply,,https://beautyfind.co.il/north/biz/hana-permbeauty
8f3a53d6-b747-44e5-941f-6cce923aa6a5,פאינה אמילוב - קליניקה לאיפור קבוע שמדגיש את יופיך.,נהריה,no,ChIJXXkUH8HPHRURMrGEAZAxXdc,"Herzl St 65, Nahariyya, 2240015","הרצל 65, נהריה",google,2240015,"הרצל 65, נהריה, 2240015",הרצל,65,נהריה,2240015,,נהריה,no,,apply,,https://beautyfind.co.il/north/biz/פאינה-אמילוב-קליניקה-לאיפור-קבוע-שמדגיש-את-יופיך
120739f2-2f1e-4268-9afb-861a91ab878b,"פן אקספרס ,פן מעכשיו לעכשיו - אודליה",נהריה,no,ChIJdfodbG3PHRUR7WklhoVcsZ0,"Ha-Zamir St 15, Nahariyya, 2226018","הזמיר 15, נהריה",google,2226018,"הזמיר 15, נהריה, 2226018",הזמיר,15,נהריה,2226018,,נהריה,no,,apply,,https://beautyfind.co.il/north/biz/פן-אקספרס-פן-מעכשיו-לעכשיו-אודליה
ca83b4e8-cddf-439a-8dd5-20dd9ed83780,ציפורניים בנהריה,נהריה,no,ChIJe6cqkunPHRURjH-QuAtBxWY,"Sderot HaGa'aton 23, Nahariyya","שדרות הגעתון 23, נהריה",google,,"שדרות הגעתון 23, נהריה",שדרות הגעתון,23,נהריה,,,נהריה,no,,apply,,https://beautyfind.co.il/north/biz/ציפורניים-בנהריה
abe563aa-f7e1-47e5-9b1c-e898c17ec053,קוסמטיקאי מומחה - Sahar Cosmetics,נהריה,no,ChIJVVkSziHPHRURGoUw_nRVXCw,"Herzl St 68, Nahariyya, 2244402","הרצל 68, נהריה",google,2244402,"הרצל 68, נהריה, 2244402",הרצל,68,נהריה,2244402,,נהריה,no,,apply,,https://beautyfind.co.il/north/biz/sahar-cosmetics
64ad1de8-7c3d-419c-a982-3b625c10df3d,קוסמטיקאית בכירה נהריה | ענת | Anat & Co ',נהריה,no,ChIJiRrKkdt0dUARANPHlvhfbSE,"שכ׳ יצחק שמיר, Nahariyya","שכ׳ יצחק שמיר, נהריה",google,,"שכ׳ יצחק שמיר, נהריה",שכ׳ יצחק שמיר,,נהריה,,,נהריה,no,,apply,,https://beautyfind.co.il/north/biz/anat-and-co
c01a4806-3312-4deb-898d-bfd9b421da94,קוסמטיקאית בתיה גדז,נהריה,no,ChIJnfU2YE_OHRUR6KlSudMGO44,"Yavne St 23, Nahariyya","יבנה 23, נהריה",google,,"יבנה 23, נהריה",יבנה,23,נהריה,,,נהריה,no,,apply,,https://beautyfind.co.il/north/biz/קוסמטיקאית-בתיה-גדז
69c1d782-193f-4881-b66a-e2ea4b50052a,קוסמטיקאית שני גת לייזר Shani cosmetics,נהריה,no,ChIJwUqtdwbCoGkRFVZteXHbAFs,"חיים לבב 23, Nahariyya, 2245118","חיים לבב 23, נהריה",google,2245118,"חיים לבב 23, נהריה, 2245118",חיים לבב,23,נהריה,2245118,,נהריה,no,,apply,,https://beautyfind.co.il/north/biz/shani-cosmetics
7fe75393-c4ab-4f02-90ce-af04fb37f700,קוסמטיקאית Genin cosmotology,נהריה,no,ChIJuzhNWIPPHRUReoWhbayIPwE,"Sderot HaGa'aton 28, Nahariyya, 2244789","שדרות הגעתון 28, נהריה",google,2244789,"שדרות הגעתון 28, נהריה, 2244789",שדרות הגעתון,28,נהריה,2244789,,נהריה,no,,apply,,https://beautyfind.co.il/north/biz/genin-cosmotology
b68720d8-e83d-4ffb-95a0-e1c66caf21d4,קרין אטיאס - קליניקה לטיפולי אסתטיקה מתקדמים,נהריה,no,ChIJOT2BAafPHRUREiUdBbObKLU,"Herzl St 89, Nahariyya","הרצל 89, נהריה",google,,"הרצל 89, נהריה",הרצל,89,נהריה,,,נהריה,no,,apply,,https://beautyfind.co.il/north/biz/קרין-אטיאס-קליניקה-לטיפולי-אסתטיקה-מתקדמים
eae39576-cd1d-4f39-b4e5-151e80a1cb2f,רויטל שטאשוילי קוסמטיקאית קלינית בנהריה,נהריה,no,ChIJx_toPeTPHRURmFHHBWndgx0,"Ahad Ha'Am St 12, Nahariyya","אחד העם 12, נהריה",google,,"אחד העם 12, נהריה",אחד העם,12,נהריה,,,נהריה,no,,apply,,https://beautyfind.co.il/north/biz/רויטל-שטאשוילי-קוסמטיקאית-קלינית-בנהריה
673a7dd4-66ca-46e0-bb54-e327c3587207,רחלי קוסמטיקס נהריה,נהריה,no,ChIJw--ncFfOHRUR9LXr0D2z__U,"ש""ד, Sderot HaGa'aton 52\7, Nahariyya","שדרות הגעתון 52\7, נהריה",google,,"ש""ד, שדרות הגעתון 52\7, נהריה",שדרות הגעתון,52\7,נהריה,,,נהריה,no,,apply,,https://beautyfind.co.il/north/biz/רחלי-קוסמטיקס-נהריה
38a765c6-dac9-4985-a6e0-4d4ffc6fa6bc,רינת עיצוב גבות,נהריה,no,ChIJbTPBnz_PHRURypnc2_vPTfc,"Portsei Kele Ako St 5, Nahariyya","פורצי כלא עכו 5, נהריה",google,,"פורצי כלא עכו 5, נהריה",פורצי כלא עכו,5,נהריה,,,נהריה,no,,apply,,https://beautyfind.co.il/north/biz/רינת-עיצוב-גבות
22e6331c-fa28-4e5b-8afd-4561aa1d9f0e,רינת קוסמטיקה ויופי,נהריה,no,ChIJWTxvXZHPHRUR8ar4yRM4kvA,"Sprinzak St 6, Nahariyya, 2221000","שפרינצק 6, נהריה",google,2221000,"שפרינצק 6, נהריה, 2221000",שפרינצק,6,נהריה,2221000,,נהריה,no,,apply,,https://beautyfind.co.il/north/biz/רינת-קוסמטיקה-ויופי
b60cbd40-99eb-4dd3-ba0e-8eb1f4f99288,שרה סטודיו לציפורניים,נהריה,no,ChIJWyY9wPfOHRUR65WPqLnMPLw,"Herzl St 88, Nahariyya","הרצל 88, נהריה",google,,"הרצל 88, נהריה",הרצל,88,נהריה,,,נהריה,no,,apply,,https://beautyfind.co.il/north/biz/שרה-סטודיו-לציפורניים
13dc3d4c-75ae-438d-be70-083a921f4999,שרית אטיאס-עיצוב גבות,נהריה,no,ChIJ8dxO8S_PHRURg5B4OahCpGM,"He-Khaluts St 14, Nahariyya, 2229014","החלוץ 14, נהריה",google,2229014,"החלוץ 14, נהריה, 2229014",החלוץ,14,נהריה,2229014,,נהריה,no,,apply,,https://beautyfind.co.il/north/biz/שרית-אטיאס-עיצוב-גבות
6c8c5be7-3aed-4af7-b030-cb1c36ba0a81,תפארת היופי בניית ציפורניים וקוסמטיקאית,נהריה,no,ChIJd6VOja_PHRURnA42hXElbjU,"Derech Struma 8, Nahariyya","דרך סטרומה 8, נהריה",google,,"דרך סטרומה 8, נהריה",דרך סטרומה,8,נהריה,,,נהריה,no,,apply,,https://beautyfind.co.il/north/biz/תפארת-היופי-בניית-ציפורניים-וקוסמטיקאית
ff559e86-3f3e-4252-ae5d-8810b0eb1050,ADM-אחים ואחיות עד הבית,נהריה,no,ChIJpWRFhSHPHRURVmerJO3yljE,"Weizman St 67, Nahariyya, 2201202","וייצמן 67, נהריה",google,2201202,"וייצמן 67, נהריה, 2201202",וייצמן,67,נהריה,2201202,,נהריה,no,,apply,,https://beautyfind.co.il/north/biz/adm-אחים-ואחיות-עד-הבית
428b9c2b-b87d-4cb3-82d5-83d155ae79c1,ARcosmetolog,נהריה,no,ChIJ_6IOEVnOHRURIwgneStWEgQ,"Sderot HaGa'aton 19, Nahariyya, 2244428","שדרות הגעתון 19, נהריה",google,2244428,"שדרות הגעתון 19, נהריה, 2244428",שדרות הגעתון,19,נהריה,2244428,,נהריה,no,,apply,,https://beautyfind.co.il/north/biz/arcosmetolog
14e6f29b-d0e6-4733-bca8-8f0541f268fe,Barak clinic - קליניקה לאסתטיקה מתקדמת בנהריה,נהריה,no,ChIJt0MM9oTPHRURCK74N2hZo-o,"דולב 15, Nahariyya, 2221257","דולב 15, נהריה",google,2221257,"דולב 15, נהריה, 2221257",דולב,15,נהריה,2221257,,נהריה,no,,apply,,https://beautyfind.co.il/north/biz/barak-clinic
80be9c7f-a966-4f2c-9309-97bbbb8fa10b,Batya Care & Beauty Institute,נהריה,no,ChIJM7KpyOHOHRUREPBXyALlU74,"Hashaqed St 38, Nahariyya","השקד 38, נהריה",google,,"השקד 38, נהריה",השקד,38,נהריה,,,נהריה,no,,apply,,https://beautyfind.co.il/north/biz/batya-care-and-beauty-institute
b5afada9-287f-47af-9a19-2bbd854a7400,BEAUTY OSK,נהריה,no,ChIJ3Xb_MFnOHRURPlW9pIhMGdQ,"Sderot HaGa'aton 1-3, Nahariyya","שדרות הגעתון 1-3, נהריה",google,,"שדרות הגעתון 1-3, נהריה",שדרות הגעתון,1-3,נהריה,,,נהריה,no,,apply,,https://beautyfind.co.il/north/biz/beauty-osk
388a5b73-0aed-4fea-9b38-a28b0b4b0aaa,Glamur G_B,נהריה,no,ChIJXe2Lb7nPHRURcLaY1wD5ZoQ,"ליד שוק פייסל אחרי הקשת, Mazra'a, 2208700",מזרעה,city_only,,"ליד שוק פייסל אחרי הקשת, מזרעה, 2208700",,,מזרעה,2208700,,מזרעה,yes,,apply,,https://beautyfind.co.il/north/biz/glamur-g-b
2ccbad7e-ae74-4814-afcb-89d1d6d34d30,Grace Cosmetology Nahariya,נהריה,no,ChIJ4bvrAGTPHRURVhXRVVnL5Bc,"Herzl St 67, Nahariyya, 2240016","הרצל 67, נהריה",google,2240016,"הרצל 67, נהריה, 2240016",הרצל,67,נהריה,2240016,,נהריה,no,,apply,,https://beautyfind.co.il/north/biz/grace-cosmetology-nahariya
ad544cb8-7e77-4524-9640-0befa25de827,L&Y beauty lab,נהריה,no,ChIJd50p3dbPHRURV06D_ehv_5w,"Sderot HaGa'aton 29, Nahariyya","שדרות הגעתון 29, נהריה",google,,"שדרות הגעתון 29, נהריה",שדרות הגעתון,29,נהריה,,,נהריה,no,,apply,,https://beautyfind.co.il/north/biz/l-and-y-beauty-lab
f519049e-b3ab-4dd0-91c4-b4f944cef39c,LA CLÍNICA,נהריה,no,ChIJVUVgdvvPHRURvK3yeoz_sR4,"Balfour St 8, Nahariyya, 2242212","בלפור 8, נהריה",google,2242212,"בלפור 8, נהריה, 2242212",בלפור,8,נהריה,2242212,,נהריה,no,,apply,,https://beautyfind.co.il/north/biz/la-clinica
dddabe69-f356-4d08-bcd8-1d39cef0d770,Laurence skin care,נהריה,no,ChIJzQHMDgPPHRURxCmCTn1ca8A,"Golomb St 7, Nahariyya, 2240121","גולומב 7, נהריה",google,2240121,"גולומב 7, נהריה, 2240121",גולומב,7,נהריה,2240121,,נהריה,no,,apply,,https://beautyfind.co.il/north/biz/laurence-skin-care
caa416ae-8f10-4aee-ac00-d5f35227bbd0,Lilac Saturn cosmetics and eyebrow shaping,נהריה,no,ChIJg0dQsUy0AhUR1YBisZwcUlo,"Yavne St 09, Nahariyya, 2221200","יבנה 09, נהריה",google,2221200,"יבנה 09, נהריה, 2221200",יבנה,09,נהריה,2221200,,נהריה,no,,apply,,https://beautyfind.co.il/north/biz/lilac-saturn-cosmetics-and-eyebrow-shaping
0dc89d04-4269-4f7c-96ca-df421920dbf1,magical care yaniv azran,נהריה,no,ChIJ_78uFxbPHRURBnBa0L-Gg-w,"שלום הגליל 6, Nahariyya, 2244105","שלום הגליל 6, נהריה",google,2244105,"שלום הגליל 6, נהריה, 2244105",שלום הגליל,6,נהריה,2244105,,נהריה,no,,apply,,https://beautyfind.co.il/north/biz/magical-care-yaniv-azran
8d6eddba-0a9d-466f-84d5-94586d40f31b,Meital Ram professional makeup artist and cosmetologist,נהריה,no,ChIJlRXvSVfOHRUR4ei7okWQNHU,"Pinsker St 7, Nahariyya, 2238028","פינסקר 7, נהריה",google,2238028,"פינסקר 7, נהריה, 2238028",פינסקר,7,נהריה,2238028,,נהריה,no,,apply,,https://beautyfind.co.il/north/biz/meital-ram-professional-makeup-artist-and-cosmetologist
06390e24-6f82-4bb1-8bc5-caecf3f12a37,mimi cosmetics,נהריה,no,ChIJxY4xlO3PHRUR4clNWHiJEhU,"Portsei Kele Ako St 6, Nahariyya","פורצי כלא עכו 6, נהריה",google,,"פורצי כלא עכו 6, נהריה",פורצי כלא עכו,6,נהריה,,,נהריה,no,,apply,,https://beautyfind.co.il/north/biz/mimi-cosmetics
4833e9c5-cb30-4281-906a-ec2a727fecd2,Opal cosmetic - אופל קוסמטיקה מקצועית,נהריה,no,ChIJIVdWx_XPHRURPPfcMVLQ9Os,"Hashaqed St 16, Nahariyya, 2224444","השקד 16, נהריה",google,2224444,"השקד 16, נהריה, 2224444",השקד,16,נהריה,2224444,,נהריה,no,,apply,,https://beautyfind.co.il/north/biz/opal-cosmetic
9df5dfd6-0cbd-410b-8ec1-ffdcb83ec9b4,Osmo Professional רפאל אוסמו,נהריה,no,ChIJiYhF31rOHRURAx5nQNA_AvI,"Herzl St 28, Nahariyya","הרצל 28, נהריה",google,,"הרצל 28, נהריה",הרצל,28,נהריה,,,נהריה,no,,apply,,https://beautyfind.co.il/north/biz/osmo-professional
7ec6706c-f25f-4e12-803e-7f24c0ddd609,Perfection studio,נהריה,no,ChIJRzGs7jXPHRURjtjGpQSrdX4,"Agnon St 2, Nahariyya","עגנון 2, נהריה",google,,"עגנון 2, נהריה",עגנון,2,נהריה,,,נהריה,no,,apply,,https://beautyfind.co.il/north/biz/perfection-studio
046a4123-029b-4df9-aba7-951606c2b568,Permanent makeup & eyelashes Nahariya,נהריה,no,ChIJB-Y5IvPPHRUR7hpM3HdmhNA,"Sderot HaGa'aton 16, Nahariyya, 2240028","שדרות הגעתון 16, נהריה",google,2240028,"שדרות הגעתון 16, נהריה, 2240028",שדרות הגעתון,16,נהריה,2240028,,נהריה,no,,apply,,https://beautyfind.co.il/north/biz/permanent-makeup-and-eyelashes-nahariya
9fb03bc6-cffa-4ac9-aa3b-8cca3c9d9c34,R&R Rina Oren & Roni Shalev,נהריה,no,ChIJ7wXHa-XPHRURUoaObF_osRc,"Herzl St 53ב, Nahariyya, 2240003","הרצל 53ב, נהריה",google,2240003,"הרצל 53ב, נהריה, 2240003",הרצל,53ב,נהריה,2240003,,נהריה,no,,apply,,https://beautyfind.co.il/north/biz/r-and-r-rina-oren-and-roni-shalev
7e8c91ea-4b2e-4e75-b211-194e1188fbce,Sharona Spa,נהריה,no,ChIJEU4Lc_zOHRURDMWfjINn6aI,"Sokolow St 61, Nahariyya","נחום סוקולוב 61, נהריה",google,,"נחום סוקולוב 61, נהריה",נחום סוקולוב,61,נהריה,,,נהריה,no,,apply,,https://beautyfind.co.il/north/biz/sharona-spa
fd8ad20d-1caa-4a2e-aa1a-f2a43a6d80db,Shiran Ben Yehuda איפור קבוע,נהריה,no,ChIJQ-cucC_PHRURJpOAuv6PH0A,"Herzl St 76, Nahariyya, 22444","הרצל 76, נהריה",google,22444,"הרצל 76, נהריה, 22444",הרצל,76,נהריה,22444,,נהריה,no,,apply,,https://beautyfind.co.il/north/biz/shiran-ben-yehuda
e58b2a2e-29a8-4d41-988b-51bab7c40d3b,Tamar Cosmetics - קוסמטיקאית פרא רפואית,נהריה,no,ChIJkRcOv97PHRUR_jD2Omfdtfw,"Weizman St 43, Nahariyya, 2240216","וייצמן 43, נהריה",google,2240216,"וייצמן 43, נהריה, 2240216",וייצמן,43,נהריה,2240216,,נהריה,no,,apply,,https://beautyfind.co.il/north/biz/tamar-cosmetics
5e7d4d4f-5aa6-41f1-b660-3e4cf7c5525f,Victoria Levin Cosmetics,נהריה,no,ChIJS1QX5BXJHRURyVD_PPWcdp0,"Ahad Ha'Am St 41, Nahariyya","אחד העם 41, נהריה",google,,"אחד העם 41, נהריה",אחד העם,41,נהריה,,,נהריה,no,,apply,,https://beautyfind.co.il/north/biz/victoria-levin-cosmetics
c1d074c8-2287-4d62-b421-1ba5f1c08c70,"салон красоты "" DREAM """,נהריה,no,ChIJq1PB6ljOHRURqHS17zAl15o,"Lohamei HaGeta'ot St 13, Nahariyya","לוחמי הגטאות 13, נהריה",google,,"לוחמי הגטאות 13, נהריה",לוחמי הגטאות,13,נהריה,,,נהריה,no,,apply,,https://beautyfind.co.il/north/biz/dream
b407da08-c1a5-4c4b-a6a2-23c92815a3e3,חן קוסמטיקס,נס ציונה,no,ChIJqVkIghq1AhUR6kekwUkCRNA,"מתחם יובלים, בניין A, פרופסור אברהם פצ'ורניק 2, קומה 1, Ness Ziona","פרופסור אברהם פצ׳ורניק 2, מתחם יובלים, קומה 1, נס ציונה",google,,"מתחם יובלים, בניין A, פרופסור אברהם פצ'ורניק 2, קומה 1, Ness Ziona",פרופסור אברהם פצ'ורניק,2,Ness Ziona,,בניין A,נס ציונה,no,,apply,,https://beautyfind.co.il/shfela/biz/חן-קוסמטיקס-ness-ziona
749c9b92-04c4-4187-9846-724ac681c48f,סיל לייזר,נס ציונה,no,ChIJ087jeXa3AhURFqiwMKlUVA8,"HaBanim St 89, Ness Ziona","הבנים 89, נס ציונה",google,,"הבנים 89, נס ציונה",הבנים,89,נס ציונה,,,נס ציונה,no,,apply,,https://beautyfind.co.il/shfela/biz/סיל-לייזר
79a3e972-7790-409b-b609-74c024ac2458,L.A Aesthetics - קליניקה מתקדמת לרפואה אסתטית ד״ר עמית ליבוביץ׳,נס ציונה,no,ChIJJzYAYue3AhURJgSLBL4TpS4,"קמפוס יובלים, פרופסור אברהם פצ'ורניק 4, Ness Ziona","פרופסור אברהם פצ׳ורניק 4, נס ציונה",google,,"קמפוס יובלים, פרופסור אברהם פצ'ורניק 4, Ness Ziona",פרופסור אברהם פצ'ורניק,4,Ness Ziona,,,נס ציונה,no,,apply,,https://beautyfind.co.il/shfela/biz/l-aesthetics
94e895c7-7082-4699-ab4a-bbe8c646ab31,Tom Goldin MEN Salon@Beauty -טום גולדין,נס ציונה,no,ChIJoYgMzaS3AhURoBGYuPHix-s,"שביט 8, Ness Ziona, 7474740","שביט 8, נס ציונה",google,7474740,"שביט 8, נס ציונה, 7474740",שביט,8,נס ציונה,7474740,,נס ציונה,no,,apply,,https://beautyfind.co.il/shfela/biz/tom-goldin-men-salon-beauty
02263231-4b7b-4b95-920a-228edffaf3e4,איילת קוסמטיקה במגע טבעי,נשר,no,ChIJe8I9Vp66HRUR_hbkhS7AHVg,"השקמה 32, Nesher","השקמה 32, נשר",google,,"השקמה 32, נשר",השקמה,32,נשר,,,נשר,no,,apply,,https://beautyfind.co.il/haifa/biz/איילת-קוסמטיקה-במגע-טבעי
9d52f7bd-e06a-4ae2-8fce-c2eb9cbd9cde,לייזר פיטס Laser Fits נשר,נשר,no,ChIJjS6GPea7HRURKN6Cex0Jx_E,"Bar Yehuda Road 147, Nesher, 3688306","דרך בר יהודה 147, נשר",google,3688306,"דרך בר יהודה 147, נשר, 3688306",דרך בר יהודה,147,נשר,3688306,,נשר,no,,apply,,https://beautyfind.co.il/haifa/biz/laser-fits
07fdddec-60fb-4ef4-8900-f28c20a801b7,סטודיו מלי,נשר,no,ChIJLZNo5iW7HRURmP4gesmh8RA,"Amos St 22, Nesher, 3670000","עמוס 22, נשר",google,3670000,"עמוס 22, נשר, 3670000",עמוס,22,נשר,3670000,,נשר,no,,apply,,https://beautyfind.co.il/haifa/biz/סטודיו-מלי
89c7fa70-af17-4802-aa84-776b8131e70a,שרית אטיאס -מומחית לקוסמטיקה קלינית ואסתטיקה מתקדמת,נשר,no,ChIJP2xRr0a7HRURAp-ExDt06rI,"HaAlon St 33, Nesher","האלון 33, נשר",google,,"האלון 33, נשר",האלון,33,נשר,,,נשר,no,,apply,,https://beautyfind.co.il/haifa/biz/שרית-אטיאס-מומחית-לקוסמטיקה-קלינית-ואסתטיקה-מתקדמת
3ce86f6b-3656-4c56-b22c-2f56f53ade4f,Maia Beauty - קוסמטיקה מתקדמת,נשר,no,ChIJn8yv3hS7HRURKyxHBuzYbTY,"Khavatselet St, Nesher","חבצלת, נשר",google,,"חבצלת, נשר",חבצלת,,נשר,,,נשר,no,,apply,,https://beautyfind.co.il/haifa/biz/maia-beauty
2f2a838c-8789-49d4-a47a-726340cf66cc,O’brows- עיצוב גבות בנשר,נשר,no,ChIJBezo6jmxHRURDpO7JHD5joY,"Eshkolot St 5, Nesher, 3668038","אשכולות 5, נשר",google,3668038,"אשכולות 5, נשר, 3668038",אשכולות,5,נשר,3668038,,נשר,no,,apply,,https://beautyfind.co.il/haifa/biz/o-brows
2d3e4463-d4a6-4f88-8cf9-a6bb6616a10d,"""יפה בלבן - סטודיו לשמלות כלה"" // Yafa Belavan",נתניה,no,ChIJp8Ks3vg_HRURAlXEugA0cAI,"Kikar HaAtsmaut 3, קומה א, Netanya","כיכר העצמאות 3, קומה א, נתניה",google,,"כיכר העצמאות 3, קומה א, נתניה",כיכר העצמאות,3,נתניה,,,נתניה,no,,apply,,https://beautyfind.co.il/sharon/biz/yafa-belavan
9feafe57-9c78-486d-abb4-090082598306,אודליה - הסוד ליופי שלך,נתניה,no,ChIJU9U6nalqHRURhl1NFyGxEoA,"מקס נורדאו 22, Netanya","מקס נורדאו 22, נתניה",google,,"מקס נורדאו 22, נתניה",מקס נורדאו,22,נתניה,,,נתניה,no,,apply,,https://beautyfind.co.il/sharon/biz/אודליה-הסוד-ליופי-שלך
17c2bae4-88ac-4721-a86c-5cccf5bebee1,אומנות הלק ג’ל ובניית הציפורניים Nail Art by Mushailov Olga,נתניה,no,ChIJR_tvfoIVHRURFfhW-nKaRgo,"HaRav Reines St 42, Netanya","הרב ריינס 42, נתניה",google,,"הרב ריינס 42, נתניה",הרב ריינס,42,נתניה,,,נתניה,no,,apply,,https://beautyfind.co.il/sharon/biz/nail-art-by-mushailov-olga
e098b7aa-cbf4-45d7-8c41-0deeb8b95fa3,אורטל ציפורניים לק ג'ל מיקרובליידינג שיטת השערה נתניה,נתניה,no,ChIJqyBdw8ZrHRUR-ssG_Cp_Gxo,"Herzl St 5, Netanya, 42400","נהלל 20, תל אביב-יפו",google,6745420,"נהלל 20, תל אביב-יפו, 6745420",נהלל,20,תל אביב-יפו,6745420,,תל אביב-יפו,yes,tel-aviv,apply,,https://beautyfind.co.il/sharon/biz/אורטל-ציפורניים-לק-גל-מיקרובליידינג-שיטת-השערה-נתניה
1944347e-8b37-42a0-84b6-27814bcbc370,אורלי ברטלר - קליניקה לקוסמטיקה ואסתטיקה,נתניה,no,ChIJQxee-fBBHRURUrxV2xkpFsA,"Archi Sherman St 21, Netanya, 4245640","ארצ׳י שרמן 21, נתניה",google,4245640,"ארצ'י שרמן 21, נתניה, 4245640",ארצ'י שרמן,21,נתניה,4245640,,נתניה,no,,apply,,https://beautyfind.co.il/sharon/biz/אורלי-ברטלר-קליניקה-לקוסמטיקה-ואסתטיקה
55223ba6-c200-434d-a13e-6db7caa4816a,איזבלה קוסמטיקאית P.M.E - אגמים נתניה,נתניה,no,ChIJUf0RKDNBHRURSr9Xyn9gWKM,"Agam Kinneret St 8, Netanya","אגם כינרת 8, נתניה",google,,"אגם כינרת 8, נתניה",אגם כינרת,8,נתניה,,,נתניה,no,,apply,,https://beautyfind.co.il/sharon/biz/איזבלה-קוסמטיקאית-p-m-e-אגמים-נתניה
9120b682-67d7-4437-8871-442338e02ec0,אילנה ביתן קוסמטיקאית מוסמכת,נתניה,no,ChIJ74Ge2i9BHRURzqiF8H3B3zo,"Rotem St 51, Netanya, 4201754","רותם 51, נתניה",google,4201754,"רותם 51, נתניה, 4201754",רותם,51,נתניה,4201754,,נתניה,no,,apply,,https://beautyfind.co.il/sharon/biz/אילנה-ביתן-קוסמטיקאית-מוסמכת
07365447-eb03-4c33-8c8a-6c4b60eb2c96,איפור ביוטי-כלה וערב,נתניה,no,ChIJ8W68AMJrHRURwJk0vcRZqEw,"Borokhov St, Netanya, 42266","בורוכוב, נתניה",google,42266,"בורוכוב, נתניה, 42266",בורוכוב,,נתניה,42266,,נתניה,no,,apply,,https://beautyfind.co.il/sharon/biz/איפור-ביוטי-כלה-וערב
d20d8b8e-a2c3-4cdf-9d64-f33e6bf54c24,איפור קבוע בנתניה פאולה לוי,נתניה,no,ChIJw7gFlb5BHRURqfUvln_kgN0,"Irus ha-Argaman St 26, Netanya","אירוס הארגמן 26, נתניה",google,,"אירוס הארגמן 26, נתניה",אירוס הארגמן,26,נתניה,,,נתניה,no,,apply,,https://beautyfind.co.il/sharon/biz/איפור-קבוע-בנתניה-פאולה-לוי
a5419a7c-45bc-47fc-b8f2-a20215b2dd5f,אירינה קוסמטיקס-Irina Cosmetics,נתניה,no,ChIJx9lmE2RrHRURlFgcyBqQfYA,"Meir Bar Ilan St, Netanya, 4243811","מאיר בר אילן, נתניה",google,4243811,"מאיר בר אילן, נתניה, 4243811",מאיר בר אילן,,נתניה,4243811,,נתניה,no,,apply,,https://beautyfind.co.il/sharon/biz/irina-cosmetics
d5f1ad77-8e11-4ec1-8459-6e7bf54beaf9,אירנה- אקדמיה למקצועות היופי גם באינטרנט,נתניה,no,ChIJ3Qa9MYIVHRURpeaM5-JKSgk,"HaZayit St 18, Netanya, 4221518","הזית 18, נתניה",google,4221518,"הזית 18, נתניה, 4221518",הזית,18,נתניה,4221518,,נתניה,no,,apply,,https://beautyfind.co.il/sharon/biz/אירנה-אקדמיה-למקצועות-היופי-גם-באינטרנט
9a8e47a3-17e2-4e05-8743-5f003d934940,אלונה נובה - קוסמטיקאית רפואית | בנתניה,נתניה,no,ChIJSRU47ow_HRURr2rj2duy_rY,דווייט אייזנהאואר 1 נתניה 4209021,"דווייט אייזנהאואר 1 4209021, נתניה",original,,"דווייט אייזנהאואר 1 נתניה 4209021, נתניה",,,נתניה,,,נתניה,no,,apply,,https://beautyfind.co.il/sharon/biz/אלונה-נובה-קוסמטיקאית-רפואית-בנתניה
0bac5bf3-1f9e-4f04-ad84-a2e2446cf22a,אלינה אלבוים - קוסמטיקה מתקדמת,נתניה,no,ChIJpYQ68MZBHRURy0DiYCr_4Lc,"Tom Lantos Blvd. 4, Netanya","שדרות טום לנטוס 4, נתניה",google,,"שדרות טום לנטוס 4, נתניה",שדרות טום לנטוס,4,נתניה,,,נתניה,no,,apply,,https://beautyfind.co.il/sharon/biz/אלינה-אלבוים-קוסמטיקה-מתקדמת
708b1ada-047b-475a-a7d9-9d1f7e33681e,אלינור בכר | קוסמטיקה ורפואה סינית אסתטית מתקדמת,נתניה,no,ChIJXf7VtZNAHRUR040wI-uCapk,"Mishpakhat Malevski St, Netanya, 4249336","משפחת מלבסקי, נתניה",google,4249336,"משפחת מלבסקי, נתניה, 4249336",משפחת מלבסקי,,נתניה,4249336,,נתניה,no,,apply,,https://beautyfind.co.il/sharon/biz/אלינור-בכר-קוסמטיקה-ורפואה-סינית-אסתטית-מתקדמת
59800221-11af-4cf9-95b5-048f9c838c50,אנג'לה קוסמטיקס - Anjela Cosmetics,נתניה,no,ChIJgxrbAbNBHRUR-0kQrYsqAXg,"Uzi Hitman St, Netanya, 4266106","עוזי חיטמן, נתניה",google,4266106,"עוזי חיטמן, נתניה, 4266106",עוזי חיטמן,,נתניה,4266106,,נתניה,no,,apply,,https://beautyfind.co.il/sharon/biz/anjela-cosmetics
d2a0d925-385f-4f30-af03-a66402d8d474,אנה קוסמטיקר - ANAcosmeticare,נתניה,no,ChIJTUjiH4JJHRURH4onqJoKAzQ,"Ben Tsvi Blvd, Netanya","שדרות בן צבי, נתניה",google,,"שדרות בן צבי, נתניה",שדרות בן צבי,,נתניה,,,נתניה,no,,apply,,https://beautyfind.co.il/sharon/biz/anacosmeticare
76f28672-2592-480c-8496-60b0ab6f64c1,אסנקה איפור מקצועי,נתניה,no,ChIJW5gm-khBHRURcGgUsTNM5BU,Netanya,נתניה,city_only,,נתניה,,,נתניה,,,נתניה,no,,apply,,https://beautyfind.co.il/sharon/biz/אסנקה-איפור-מקצועי
231149f6-0672-4876-a110-78b9b6e006e8,בוסטון קליניק,נתניה,no,ChIJy1Judk0_HRURhTryljED6gI,"Naimi Mall, Tom Lantos Blvd. 60, Netanya, 4276019","שדרות טום לנטוס 60, נתניה",google,4276019,"קניון נעימי, שדרות טום לנטוס 60, נתניה, 4276019",שדרות טום לנטוס,60,נתניה,4276019,,נתניה,no,,apply,,https://beautyfind.co.il/sharon/biz/בוסטון-קליניק
e9800d5f-d2d9-4ed6-84a0-7709a73e8123,ביוטי קליניק נתניה,נתניה,no,ChIJJeQMvOFrHRURE4epiSaop_o,"מגדל החלוצים, פתח תקווה 6, פינת אלון צבי 20, חדר 601, קומה 6, Netanya, 4250540","חדר 601, מגדל החלוצים, קומה 6, נתניה",google,4250540,"מגדל החלוצים, פתח תקווה 6, פינת אלון צבי 20, חדר 601, קומה 6, נתניה, 4250540",חדר,601,נתניה,4250540,,נתניה,no,,apply,,https://beautyfind.co.il/sharon/biz/ביוטי-קליניק-נתניה
a74cc21d-86bc-4d3d-a64a-0fc5409c2da3,בניית ציפורניים לק ג'ל פדיקור מניקור נתניה,נתניה,no,ChIJbUrirMoVHRURnYWM9SaSHj8,"Ha-Portsim St 11, Netanya","הפורצים 11, נתניה",google,,"הפורצים 11, נתניה",הפורצים,11,נתניה,,,נתניה,no,,apply,,https://beautyfind.co.il/sharon/biz/בניית-ציפורניים-לק-גל-פדיקור-מניקור-נתניה
76aa7c44-b8de-468c-858e-fc6394f367be,"בר ויכמן נתניה - הסרת שיער בלייזר, פיסול פנים וטיפולי אסתטיקה רפואית",נתניה,no,ChIJTbTK2KM_HRURHzTnbM-nmUg,"אמנון ליפקין שחק 5, Netanya, 4272826","אמנון ליפקין שחק 5, נתניה",google,4272826,"אמנון ליפקין שחק 5, נתניה, 4272826",אמנון ליפקין שחק,5,נתניה,4272826,,נתניה,no,,apply,,https://beautyfind.co.il/sharon/biz/בר-ויכמן-נתניה-הסרת-שיער-בלייזר-פיסול-פנים-וטיפולי-אסתטיקה-ר
45141270-2e22-4554-b8b6-4a20e2dc0120,ג'ואן אטלי Cosmetics Solutions איפור קבוע וקוסמטיקה מתקדמת,נתניה,no,ChIJ3SvBW4JAHRURD7hKmv-4zaA,"מרכז רפואי בית גדי, Khayim Levanon St 1, Netanya","חיים לבנון 1, מרכז רפואי בית גדי, נתניה",google,,"מרכז רפואי בית גדי, חיים לבנון 1, נתניה",חיים לבנון,1,נתניה,,,נתניה,no,,apply,,https://beautyfind.co.il/sharon/biz/cosmetics-solutions
3352bfe1-cc77-40c3-a152-2dde697658be,ג'וליה - לק ג'ל בניית ציפורניים - מניקור ופדיקור בנתניה- טיפול עם נוף לים 😉,נתניה,no,ChIJr-jq60dJHRURR_diVcddU_c,"Sderot Jabotinsky 26, Netanya, 4227803","שדרות ז׳בוטינסקי 26, נתניה",google,4227803,"שדרות ז'בוטינסקי 26, נתניה, 4227803",שדרות ז'בוטינסקי,26,נתניה,4227803,,נתניה,no,,apply,,https://beautyfind.co.il/sharon/biz/גוליה-לק-גל-בניית-ציפורניים-מניקור-ופדיקור-בנתניה-טיפול-עם-נ
4fafb4c6-081c-4afe-8f63-1aadbf36442f,גלית כשריאן,נתניה,no,ChIJ5z847ow_HRURXyL58lU2qPk,"Liber Ze'ev St 1/30, Netanya","ליבר זאב 1/30, נתניה",google,,"ליבר זאב 1/30, נתניה",ליבר זאב,1/30,נתניה,,,נתניה,no,,apply,,https://beautyfind.co.il/sharon/biz/גלית-כשריאן
567dda71-16e6-4711-9b29-f98144c83fef,גלית פורת,נתניה,no,ChIJxRaSrdJBHRURBuP_CTyzQLg,"Khativat Har'el St, Netanya","חטיבת הראל, נתניה",google,,"חטיבת הראל, נתניה",חטיבת הראל,,נתניה,,,נתניה,no,,apply,,https://beautyfind.co.il/sharon/biz/גלית-פורת
7050e53c-e4fb-4ce6-b0cf-07fac3a5738d,"ד""ר אלי שולמן - רפואה אסטתית",נתניה,no,ChIJ3y76X_9BHRUREOJqQDAExA8,"רחוב קרל פופר 7, קומה 2, Netanya, 4209031","קרל פופר 7, קומה 2, נתניה",google,4209031,"רחוב קרל פופר 7, קומה 2, נתניה, 4209031",רחוב קרל פופר,7,נתניה,4209031,,נתניה,no,,apply,,https://beautyfind.co.il/sharon/biz/דר-אלי-שולמן-רפואה-אסטתית
03bdb684-9953-4d1a-bccc-14d01c9dc326,"ד""ר אנה גודוביץ׳ - טיפולי אסתטיקה רפואית",נתניה,no,ChIJF5d-ark5HRURIgX32JBtn4w,"Dr Israel Burgansky St 4, קומה 12, Netanya","דר׳ ישראל בורגנסקי 4, קומה 12, נתניה",google,,"דר' ישראל בורגנסקי 4, קומה 12, נתניה",דר' ישראל בורגנסקי,4,נתניה,,,נתניה,no,,apply,,https://beautyfind.co.il/sharon/biz/דר-אנה-גודוביץ-טיפולי-אסתטיקה-רפואית
029ceb78-43db-4cbd-8036-84657caa5ed3,ד״ר מיכל גלבוע,נתניה,no,ChIJYSAUSB9rHRURXyxwLn8VrJo,"Ussishkin St 26, Netanya","אוסישקין 26, נתניה",google,,"אוסישקין 26, נתניה",אוסישקין,26,נתניה,,,נתניה,no,,apply,,https://beautyfind.co.il/sharon/biz/דר-מיכל-גלבוע
292e812b-f807-4590-ab52-c44b97e6f327,ד״ר שי לי אלמוג - מרפאה אסתטית,נתניה,no,ChIJ4Sp3wzM_HRUR-9HXGQ9FQi4,"Tom Lantos Blvd. 11, Netanya","שדרות טום לנטוס 11, נתניה",google,,"שדרות טום לנטוס 11, נתניה",שדרות טום לנטוס,11,נתניה,,,נתניה,no,,apply,,https://beautyfind.co.il/sharon/biz/דר-שי-לי-אלמוג-מרפאה-אסתטית
14eee6cb-70aa-46ec-8049-c56f5d7bbf9a,דאלי אסתטיק סנטר - דליה ליברמן,נתניה,no,ChIJ5Sd0Rq1rHRUR3u12kieqhbs,"Shmuel HaNatziv St 7, Netanya","שמואל הנציב 7, נתניה",google,,"שמואל הנציב 7, נתניה",שמואל הנציב,7,נתניה,,,נתניה,no,,apply,,https://beautyfind.co.il/sharon/biz/דאלי-אסתטיק-סנטר-דליה-ליברמן
7e5decc5-64a4-44b3-8f84-6c0495dff36c,דוקטור זייגר טטיאנה מילוי והעלמת קמטים בפנים,נתניה,no,ChIJjftBZzRBHRURJnVl3hAq0vc,"קניון אגמים אגם כינרת מספר 6, קומה 3, Netanya, 4272111","קניון אגמים אגם כינרת מספר 6, קומה 3, נתניה",original,,"קניון אגמים אגם כינרת מספר 6, קומה 3, נתניה, 4272111",,,נתניה,4272111,,נתניה,no,,apply,,https://beautyfind.co.il/sharon/biz/דוקטור-זייגר-טטיאנה-מילוי-והעלמת-קמטים-בפנים
55456895-7559-4302-a331-78290bc7c3ee,דורין לק ג׳ל,נתניה,no,ChIJ9e5XxbVBHRURsDNDJxW6RDU,"Efrayim Ahronson St 10, Netanya, 4253610","אפרים אהרונסון 10, נתניה",google,4253610,"אפרים אהרונסון 10, נתניה, 4253610",אפרים אהרונסון,10,נתניה,4253610,,נתניה,no,,apply,,https://beautyfind.co.il/sharon/biz/דורין-לק-גל
a541c3bd-eea0-4585-907b-05f9e42a0c92,דלית אור היופי,נתניה,no,ChIJlTvHntAVHRURyN2voermvWo,"Moshe Glikson St, Netanya, 4239609","משה גליקסון, נתניה",google,4239609,"משה גליקסון, נתניה, 4239609",משה גליקסון,,נתניה,4239609,,נתניה,no,,apply,,https://beautyfind.co.il/sharon/biz/דלית-אור-היופי
a8579c03-d6a8-4836-8b85-4270bf7db8f7,דנה חן- קליניקה לקוסמטיקה מתקדמת,נתניה,no,ChIJMd8gM6hqHRURr8Exm8vJanw,"Yehoshu'a Shtampfer St 15, Netanya","יהושע שטמפפר 15, נתניה",google,,"יהושע שטמפפר 15, נתניה",יהושע שטמפפר,15,נתניה,,,נתניה,no,,apply,,https://beautyfind.co.il/sharon/biz/דנה-חן-קליניקה-לקוסמטיקה-מתקדמת
967c88c0-ad33-4379-be46-717ba3a29d2f,דפנה קוסמטיקס קוסמטיקאית בנתניה,נתניה,no,ChIJP3E-m2o_HRURxNjuCr9J8sI,"1 b, Tse'elon St, Netanya, 4256526","צאלון, נתניה",google,4256526,"1 b, צאלון, נתניה, 4256526",צאלון,,נתניה,4256526,,נתניה,no,,apply,,https://beautyfind.co.il/sharon/biz/דפנה-קוסמטיקס-קוסמטיקאית-בנתניה
f9ef6efa-155d-4d68-907e-8eee85bdff59,הדבקת ריסים,נתניה,no,ChIJuzJL36kVHRURXtPQcEqd09s,"Nitsa Blvd 8, Netanya","שדרות ניצה 8, נתניה",google,,"שדרות ניצה 8, נתניה",שדרות ניצה,8,נתניה,,,נתניה,no,,apply,,https://beautyfind.co.il/sharon/biz/הדבקת-ריסים
c9f380db-8fab-4bb6-90ba-fe437462006e,הודיה מאגרו ציפורניים,נתניה,no,ChIJtXyGtMg_HRURYhlo4aCmZrY,"HaZamir St 21, Netanya","הזמיר 21, נתניה",google,,"הזמיר 21, נתניה",הזמיר,21,נתניה,,,נתניה,no,,apply,,https://beautyfind.co.il/sharon/biz/הודיה-מאגרו-ציפורניים
8eae887a-c463-47c6-b7e1-45664e5995e8,"הילה איילין - איפור קבוע, קורסים לאיפור קבוע",נתניה,no,ChIJC3TvcjM_HRURrf-VEstluSU,"Alonim St 22, Netanya","אלונים 22, נתניה",google,,"אלונים 22, נתניה",אלונים,22,נתניה,,,נתניה,no,,apply,,https://beautyfind.co.il/sharon/biz/הילה-איילין-איפור-קבוע-קורסים-לאיפור-קבוע
3fea4a27-41a5-4498-9e8f-a02d5366f936,"הקליניקה לרפואה אסתטית ד״ר אובול - מגוון טיפולים אסתטיים מתקדמים: מילוי שפתיים, הזרקות לכל האזורים ועוד",נתניה,no,ChIJsYSFwZJrHRURPJEChtOZ5Nw,"Yehoshu'a Shtampfer St 9, קומה 8, Netanya, 4240216","יהושע שטמפפר 9, קומה 8, נתניה",google,4240216,"יהושע שטמפפר 9, קומה 8, נתניה, 4240216",יהושע שטמפפר,9,נתניה,4240216,,נתניה,no,,apply,,https://beautyfind.co.il/sharon/biz/הקליניקה-לרפואה-אסתטית-דר-אובול-מגוון-טיפולים-אסתטיים-מתקדמי
8eb1b361-f1a2-4c26-b2fe-e0711d18ee3b,חדווה בכר HBeauty - קוסמטיקה וטיפולי יופי,נתניה,no,ChIJX00ZPo0_HRUR1LC3IdWM1S8,"Dr Yehuda Perach St 10, Netanya, 4223582","ד״ר יהודה פרח 10, נתניה",google,4223582,"ד""ר יהודה פרח 10, נתניה, 4223582","ד""ר יהודה פרח",10,נתניה,4223582,,נתניה,no,,apply,,https://beautyfind.co.il/sharon/biz/hbeauty
b919ede6-afee-4713-b833-8833f5629014,חלי קרני קוסמטיקאית מוסמכת | Heli Karni Skin Clinic,נתניה,no,ChIJywMJAEY_HRURr7z0BhBSOTM,"Spiegelman St 16, Netanya, 4275808","שפיגלמן 16, נתניה",google,4275808,"שפיגלמן 16, נתניה, 4275808",שפיגלמן,16,נתניה,4275808,,נתניה,no,,apply,,https://beautyfind.co.il/sharon/biz/heli-karni-skin-clinic
a0819a39-fa1e-4ed6-b538-07e686f61493,חן אליאסי - Chen Eliassi Skincare,נתניה,no,ChIJg-EGE7VBHRURoClHtIMzasI,"Uzi Hitman St 3, Netanya","עוזי חיטמן 3, נתניה",google,,"עוזי חיטמן 3, נתניה",עוזי חיטמן,3,נתניה,,,נתניה,no,,apply,,https://beautyfind.co.il/sharon/biz/chen-eliassi-skincare
4c390bea-424c-47d8-b496-1fa861bd367b,חן קוסמטיקס,נתניה,no,ChIJY8FmUO1BHRURdHmv5GTawZ8,"Zalman Aran St 48, Netanya, 4249440","זלמן ארן 48, נתניה",google,4249440,"זלמן ארן 48, נתניה, 4249440",זלמן ארן,48,נתניה,4249440,,נתניה,no,,apply,,https://beautyfind.co.il/sharon/biz/חן-קוסמטיקס
d7044174-e1ea-44f8-9bab-ba8a980e6800,טל עדי הלחמת ריסים איפור שבוע ושיזוף,נתניה,no,ChIJc4IvZI1BHRURUmGUPa1tTyI,"Bnei Binyamin St 25, Netanya","בני בנימין 25, נתניה",google,,"בני בנימין 25, נתניה",בני בנימין,25,נתניה,,,נתניה,no,,apply,,https://beautyfind.co.il/sharon/biz/טל-עדי-הלחמת-ריסים-איפור-שבוע-ושיזוף
3cd147c7-473e-44e3-8b8c-cca5ccca2cfc,טניה בקאי קוסמטיקאית מוסמכת נתניה-אגמים,נתניה,no,ChIJK0O6jCEnHRURHqYxFve3Nmc,"HaAgammim Blvd 11, Netanya","שדרות האגמים 11, נתניה",google,,"שדרות האגמים 11, נתניה",שדרות האגמים,11,נתניה,,,נתניה,no,,apply,,https://beautyfind.co.il/sharon/biz/טניה-בקאי-קוסמטיקאית-מוסמכת-נתניה-אגמים
bca818e1-7d9b-4691-8725-218370aef332,יערית החלקות שיער בנתניה / החלקה אורגנית / מספרה בנתניה,נתניה,no,ChIJYbWR4kBBHRUReeMAhWy9yD8,"Irus ha-Argaman St 55, Netanya, 4201640","אירוס הארגמן 55, נתניה",google,4201640,"אירוס הארגמן 55, נתניה, 4201640",אירוס הארגמן,55,נתניה,4201640,,נתניה,no,,apply,,https://beautyfind.co.il/sharon/biz/יערית-החלקות-שיער-בנתניה-החלקה-אורגנית-מספרה-בנתניה
ce5d1522-2bd4-4b38-b83e-6b6e1453474b,ירדן שלומי - קליניקה לטיפולי עור מתקדמים,נתניה,no,ChIJGRR8EZoVHRURuVVYDCaQqYk,"Derech Dganya 60, Netanya","דרך דגניה 60, נתניה",google,,"דרך דגניה 60, נתניה",דרך דגניה,60,נתניה,,,נתניה,no,,apply,,https://beautyfind.co.il/sharon/biz/ירדן-שלומי-קליניקה-לטיפולי-עור-מתקדמים
febe2422-969f-415b-a570-b808208e89c6,ירין פכטר קוסמטיקס,נתניה,no,ChIJo_wrbqI_HRURsp9QQvbXHeE,"Har Sagi St 4, Netanya, 4275860","הר שגיא 4, נתניה",google,4275860,"הר שגיא 4, נתניה, 4275860",הר שגיא,4,נתניה,4275860,,נתניה,no,,apply,,https://beautyfind.co.il/sharon/biz/ירין-פכטר-קוסמטיקס
6bbc94c6-6975-4221-905e-912677e4b6f0,"כירורג פלסטי בנתניה - ד""ר טנצר",נתניה,no,ChIJZ9d0W4JAHRURyqfC2ux3xfg,"Sderot Giborei Israel 7, Netanya","שדרות גיבורי ישראל 7, נתניה",google,,"שדרות גיבורי ישראל 7, נתניה",שדרות גיבורי ישראל,7,נתניה,,,נתניה,no,,apply,,https://beautyfind.co.il/sharon/biz/כירורג-פלסטי-בנתניה-דר-טנצר
dec88199-1530-484f-91aa-9e4dd0b6920a,ליאורה גבורי קוסמטיקאית,נתניה,no,ChIJwdkO790_HRURDdrUrUDcMS4,"Brosh St 3, Netanya, 4274810","ברוש 3, נתניה",google,4274810,"ברוש 3, נתניה, 4274810",ברוש,3,נתניה,4274810,,נתניה,no,,apply,,https://beautyfind.co.il/sharon/biz/ליאורה-גבורי-קוסמטיקאית
db80de8e-2033-4a02-a976-015e5de74379,ליאל לוי | מכון קוסמטיקה ויופי,נתניה,no,ChIJAR8Fwj1rHRURODQOke2d1HI,"HaRav Maimon St 24, Netanya, 4222344","שדרות בנימין 12, נתניה",google,,"שדרות בנימין 12, נתניה",שדרות בנימין,12,נתניה,,,נתניה,no,,apply,,https://beautyfind.co.il/sharon/biz/ליאל-לוי-מכון-קוסמטיקה-ויופי
24b9a48d-f7a8-45c1-be0b-0abf3336f8e8,ליטל נקב- איפור כלות ואירועים קוסמטיקאית מקצועית,נתניה,no,ChIJj5L-PNU_HRUR8ZF-icIU6Gw,"Rabbi Shalom Ifargan St, Netanya, 4222533","שלום איפרגן, נתניה",google,4222533,"שלום איפרגן, נתניה, 4222533",שלום איפרגן,,נתניה,4222533,,נתניה,no,,apply,,https://beautyfind.co.il/sharon/biz/ליטל-נקב-איפור-כלות-ואירועים-קוסמטיקאית-מקצועית
a3d15045-f65e-4e60-ab93-fc03135d67d8,לייזר פרו,נתניה,no,ChIJx9ahfKhqHRURVmJVOqEkVNs,"Kikar HaAtsmaut, Netanya","כיכר העצמאות, נתניה",google,,"כיכר העצמאות, נתניה",כיכר העצמאות,,נתניה,,,נתניה,no,,apply,,https://beautyfind.co.il/sharon/biz/לייזר-פרו
e435b476-b079-44e1-a3ce-a06c30887bd2,מאפרת מקצועית | איפור כלות | איפור ערב | איפור לעור כהה - אורית פנטה,נתניה,no,ChIJZdBqGW5BHRURwkhON0JpJMw,"נחל עוז 7, Netanya, 4275179","נחל עוז 7, נתניה",google,4275179,"נחל עוז 7, נתניה, 4275179",נחל עוז,7,נתניה,4275179,,נתניה,no,,apply,,https://beautyfind.co.il/sharon/biz/מאפרת-מקצועית-איפור-כלות-איפור-ערב-איפור-לעור-כהה-אורית-פנטה
d6cf79b9-e0d5-4fb8-be87-6abe7cfa6098,מגע של קסם - מכון לקוסמטיקה מתקדמת,נתניה,no,ChIJrVnGnalqHRURZJks8LOrK7o,"Petah Tikva St 6, Netanya","פתח תקווה 6, נתניה",google,,"פתח תקווה 6, נתניה",פתח תקווה,6,נתניה,,,נתניה,no,,apply,,https://beautyfind.co.il/sharon/biz/מגע-קסם-מכון-לקוסמטיקה-מתקדמת
5002c48e-440d-4cd4-838e-78b84ce80faa,מיכל נחאיסי קוסמטיקה,נתניה,no,ChIJQ_BHGTpBHRURvu5BmHBiorQ,"Shmurat Nachal Amud St 1, Netanya","שמורת נחל שניר 1, נתניה",google,,"שמורת נחל שניר 1, נתניה",שמורת נחל שניר,1,נתניה,,,נתניה,no,,apply,,https://beautyfind.co.il/sharon/biz/מיכל-נחאיסי-קוסמטיקה
98067c79-de1f-49ca-99b4-975c49a6b33f,מירב ישראל,נתניה,no,ChIJX__PHcNBHRURgqfmuJB7q9o,"Sderot Oved Ben Ami 2, Netanya","שדרות עובד בן עמי 2, נתניה",google,,"שדרות עובד בן עמי 2, נתניה",שדרות עובד בן עמי,2,נתניה,,,נתניה,no,,apply,,https://beautyfind.co.il/sharon/biz/מירב-ישראל
11e3f9e5-5236-473c-981c-dccab368098d,מעיין שחם רביב,נתניה,no,ChIJW3IEdq0_HRUR4sYzTQEY_eI,"Emek Khefer St 9, Netanya, 4256515","עמק חפר 9, נתניה",google,4256515,"עמק חפר 9, נתניה, 4256515",עמק חפר,9,נתניה,4256515,,נתניה,no,,apply,,https://beautyfind.co.il/sharon/biz/מעיין-שחם-רביב
2fa68a6a-e859-4918-8160-b752bfd4e86b,מרכז לרפואת שיניים אובול,נתניה,no,ChIJ-4V39iZrHRURj7jj2ODIw9c,"Yehoshu'a Shtampfer St 9, Netanya","יהושע שטמפפר 9, נתניה",google,,"יהושע שטמפפר 9, נתניה",יהושע שטמפפר,9,נתניה,,,נתניה,no,,apply,,https://beautyfind.co.il/sharon/biz/מרכז-לרפואת-שיניים-אובול
c5c75f84-9b81-4d07-9ce9-3add023f37a1,מרפאת שיניים בנתניה Les Experts,נתניה,no,ChIJRU4LzWJAHRURFLsH4LVtz-c,"6 agam kineret Canyon, Agam Kinneret St 6, Netanya, 4207845","אגם כינרת 6, נתניה",google,4207845,"6 agam kineret Canyon, אגם כינרת 6, נתניה, 4207845",אגם כינרת,6,נתניה,4207845,,נתניה,no,,apply,,https://beautyfind.co.il/sharon/biz/les-experts
fa378bdd-c0bc-4eb9-abe5-8a0226cd7710,נאיה ביוטי קליניק - Naya beauty clinic,נתניה,no,ChIJfbL-ZCY_HRURfBRvLH-OBHg,"Tom Lantos Blvd. 60, Netanya, 00000","שדרות טום לנטוס 60, נתניה",google,00000,"שדרות טום לנטוס 60, נתניה, 00000",שדרות טום לנטוס,60,נתניה,00000,,נתניה,no,,apply,,https://beautyfind.co.il/sharon/biz/naya-beauty-clinic
471d36d8-75c2-4e1a-9083-429f8930bde5,נועה קוסמטיקה,נתניה,no,ChIJI48zGx1BHRURH3xhEIBAfjc,"Zalman Aran St 24, Netanya, 4234407","זלמן ארן 24, נתניה",google,4234407,"זלמן ארן 24, נתניה, 4234407",זלמן ארן,24,נתניה,4234407,,נתניה,no,,apply,,https://beautyfind.co.il/sharon/biz/נועה-קוסמטיקה
e6dd2f6a-4d1e-47b7-aefd-233c449d67e9,נטלי סטודיו - ספא בנתניה,נתניה,no,ChIJjSGNeapqHRURM2B0h9Zw7fQ,"Akhad ha-Am St 19, Netanya","אחד העם 19, נתניה",google,,"אחד העם 19, נתניה",אחד העם,19,נתניה,,,נתניה,no,,apply,,https://beautyfind.co.il/sharon/biz/נטלי-סטודיו-ספא-בנתניה
9428cd50-595f-430c-a840-f861cb202923,נטלי קוסמטיקה,נתניה,no,ChIJe7OHPihBHRURgXuYReP0AI4,"Uzi Hitman St 1, Netanya, 4266103","עוזי חיטמן 1, נתניה",google,4266103,"עוזי חיטמן 1, נתניה, 4266103",עוזי חיטמן,1,נתניה,4266103,,נתניה,no,,apply,,https://beautyfind.co.il/sharon/biz/נטלי-קוסמטיקה
ee07a520-e599-42d2-8c54-98b53bdae031,סוזן אומנית איפור עיצוב שיער וציפורניים,נתניה,no,ChIJpdt6CN1BHRURcfGecVSGBBs,"Shmurat Nahal Bsur St, Netanya","שמורת נחל בשור, נתניה",google,,"שמורת נחל בשור, נתניה",שמורת נחל בשור,,נתניה,,,נתניה,no,,apply,,https://beautyfind.co.il/sharon/biz/סוזן-אומנית-איפור-עיצוב-שיער-וציפורניים
d9468ad1-4226-4c95-b480-fdc6f8548f9f,סטודיו גבות הילה שרון,נתניה,no,ChIJ134aJLpBHRURPtIMiakN2so,"Ha-Gila St 3, Netanya","הגילה 3, נתניה",google,,"הגילה 3, נתניה",הגילה,3,נתניה,,,נתניה,no,,apply,,https://beautyfind.co.il/sharon/biz/סטודיו-גבות-הילה-שרון
1913d0f4-a159-4324-98a6-7625a0feb019,סיגלית קוסמטיקה מתקדמת,נתניה,no,ChIJnbULKMdBHRURAAaMlC2Cxyk,"Irus ha-Argaman St 55, Netanya","אירוס הארגמן 55, נתניה",google,,"אירוס הארגמן 55, נתניה",אירוס הארגמן,55,נתניה,,,נתניה,no,,apply,,https://beautyfind.co.il/sharon/biz/סיגלית-קוסמטיקה-מתקדמת
d53bed8e-1542-4c4b-b75f-53612b5902f8,סיסטרס ביוטי - קליניקת בוטיק בנתניה,נתניה,no,ChIJy8VrmoNBHRURijLIiulxlNU,"Sderot Ben Gurion 141, Netanya, 42272","שדרות בן גוריון 141, נתניה",google,42272,"שדרות בן גוריון 141, נתניה, 42272",שדרות בן גוריון,141,נתניה,42272,,נתניה,no,,apply,,https://beautyfind.co.il/sharon/biz/סיסטרס-ביוטי-קליניקת-בוטיק-בנתניה
989d3548-16d9-40aa-9448-2403daa71539,סמדר קוסמטיק,נתניה,no,ChIJG5zF0zdBHRURK8liQLcZNv0,"Uzi Hitman St 3, Netanya, 4266103","עוזי חיטמן 3, נתניה",google,4266103,"עוזי חיטמן 3, נתניה, 4266103",עוזי חיטמן,3,נתניה,4266103,,נתניה,no,,apply,,https://beautyfind.co.il/sharon/biz/סמדר-קוסמטיק
0c8a0575-161c-463d-95b1-c30a84b1049f,ספא ניצה,נתניה,no,ChIJ5euQTNtrHRURo4MkeKZkaPA,"מלון עונות, Nitsa Blvd 1, Netanya, 4226230","שדרות ניצה 1, נתניה",google,4226230,"מלון עונות, שדרות ניצה 1, נתניה, 4226230",שדרות ניצה,1,נתניה,4226230,,נתניה,no,,apply,,https://beautyfind.co.il/sharon/biz/ספא-ניצה
84fcf018-961b-4dac-be3c-b1a5887614df,עדי ואת בדרך ליופי,נתניה,no,ChIJ8TuIYxZBHRURU3JT8KbRlwk,"Sderot Binyamin 7, Netanya","שדרות בנימין 7, נתניה",google,,"שדרות בנימין 7, נתניה",שדרות בנימין,7,נתניה,,,נתניה,no,,apply,,https://beautyfind.co.il/sharon/biz/עדי-ואת-בדרך-ליופי
cdb6b14b-405f-4151-a6bf-2a74598a49b7,עיצוב גבות | מיקרובליידינג|קורסים אישיים בנתניה - נוי בדש,נתניה,no,ChIJxyxf3BFBHRUROKaBY4yD9Bc,"Yosef Burg St 8, Netanya, 4350539","יוסף בורג 8, נתניה",google,4350539,"יוסף בורג 8, נתניה, 4350539",יוסף בורג,8,נתניה,4350539,,נתניה,no,,apply,,https://beautyfind.co.il/sharon/biz/עיצוב-גבות-מיקרובליידינג-קורסים-אישיים-בנתניה-נוי-בדש
0ae49eb8-fcf3-40ae-8842-91269cafbfc1,עמי פחימה בוטיק להחלקות ותוספות שיער AP,נתניה,no,ChIJg4J7rfpBHRUR8iFercWPhMw,"Sderot Ben Gurion 2, Netanya","שדרות בן גוריון 2, נתניה",google,,"שדרות בן גוריון 2, נתניה",שדרות בן גוריון,2,נתניה,,,נתניה,no,,apply,,https://beautyfind.co.il/sharon/biz/עמי-פחימה-בוטיק-להחלקות-ותוספות-שיער-ap
9899d99c-7136-4185-b2cb-11a6f561d64c,פיט פלוס - Feet Plus,נתניה,no,ChIJtWuaoQc_HRURQMPUSObxUJw,"Efrayim Ahronson St 28, Netanya, 4238834","אפרים אהרונסון 28, נתניה",google,4238834,"אפרים אהרונסון 28, נתניה, 4238834",אפרים אהרונסון,28,נתניה,4238834,,נתניה,no,,apply,,https://beautyfind.co.il/sharon/biz/feet-plus
82277c2f-90b9-42cc-81df-a0e2422c5b3e,ציפי- הרמת ריסים בנתניה,נתניה,no,ChIJz6sZGANBHRURnyAeflqR58I,"Ha-Shiv'a St 27, Netanya","השבעה 27, נתניה",google,,"השבעה 27, נתניה",השבעה,27,נתניה,,,נתניה,no,,apply,,https://beautyfind.co.il/sharon/biz/ציפי-הרמת-ריסים-בנתניה
2cac38e0-91ac-428e-9eeb-a531c73dfe2f,קוסמטיקאית בנתניה אירית רגב קוסמטיקאית,נתניה,no,ChIJbVWYF2RAHRURxh5KqyMSLSk,"Derech Dganya 78, Netanya, 4237695","דרך דגניה 78, נתניה",google,4237695,"דרך דגניה 78, נתניה, 4237695",דרך דגניה,78,נתניה,4237695,,נתניה,no,,apply,,https://beautyfind.co.il/sharon/biz/קוסמטיקאית-בנתניה-אירית-רגב-קוסמטיקאית
c795a6f4-f3dd-4546-944f-98d9652f861e,קוסמטיקאית פרא רפואית בנתניה - אילנה שוורץ,נתניה,no,ChIJwUou66xBHRURzgI6tZ1Edhc,"Pierre Koenig St 33, Netanya, 4272133","פייר קניג 33, נתניה",google,4272133,"פייר קניג 33, נתניה, 4272133",פייר קניג,33,נתניה,4272133,,נתניה,no,,apply,,https://beautyfind.co.il/sharon/biz/קוסמטיקאית-פרא-רפואית-בנתניה-אילנה-שוורץ
575c76f1-9817-46c8-9183-ed6a2bed5368,קוסמטיקאית רפואית דר' יוליה כץ,נתניה,no,ChIJqWFDfUk_HRUR3DI4_f-5SNY,"עמית מאיר 6, Netanya","עמית מאיר 6, נתניה",google,,"עמית מאיר 6, נתניה",עמית מאיר,6,נתניה,,,נתניה,no,,apply,,https://beautyfind.co.il/sharon/biz/קוסמטיקאית-רפואית-דר-יוליה-כץ
dc3ca778-df30-4a41-99bc-fbe9f45225a6,קוסמטיקה מתקדמת - NÖNY aesthetics,נתניה,no,ChIJQUzxqkJrHRURyVlKwkqF9PQ,"מלכת שבא 3, Netanya","מלכת שבא 3, נתניה",google,,"מלכת שבא 3, נתניה",מלכת שבא,3,נתניה,,,נתניה,no,,apply,,https://beautyfind.co.il/sharon/biz/nony-aesthetics
607eba4e-0098-46eb-a61a-638863abb41e,קטי מולגן - מעצבת שיער Ketty Molgan- Hair design,נתניה,no,ChIJW1ln-QdrHRURrrk4Rc5dkC4,"Смилянски26, Netanya",נתניה,city_only,,"Смилянски26, Netanya",,,Netanya,,,נתניה,no,,apply,,https://beautyfind.co.il/sharon/biz/ketty-molgan-hair-design
72546b1d-cb4c-4833-8733-a5534d6452bb,קליניקה בוטיק - POPULAR,נתניה,no,ChIJP1hCueIVHRURu-L-xbbCeOE,"אמנון ליפקין שחק 5, Netanya","אמנון ליפקין שחק 5, נתניה",google,,"אמנון ליפקין שחק 5, נתניה",אמנון ליפקין שחק,5,נתניה,,,נתניה,no,,apply,,https://beautyfind.co.il/sharon/biz/popular
35f921c0-fa05-431e-a420-9ff627f16f2c,קליניקה הילסקין,נתניה,no,ChIJ4x2zc5lBHRURRrINVBMecA4,"Sderot Giborei Israel 13, Netanya, 42504","שדרות גיבורי ישראל 13, נתניה",google,42504,"שדרות גיבורי ישראל 13, נתניה, 42504",שדרות גיבורי ישראל,13,נתניה,42504,,נתניה,no,,apply,,https://beautyfind.co.il/sharon/biz/קליניקה-הילסקין
0ed0f64c-1a86-4ff1-9a9e-a8d1b429970d,ראל ביוטי,נתניה,no,ChIJ5XSaMVQVHRURcmOH5e7ZTC8,"Moshe Glikson St 22, Netanya","משה גליקסון 22, נתניה",google,,"משה גליקסון 22, נתניה",משה גליקסון,22,נתניה,,,נתניה,no,,apply,,https://beautyfind.co.il/sharon/biz/ראל-ביוטי
f66a90af-7cf5-431e-a203-f1f15c943755,"רונית רפאל - מדע היופי, סניף נתניה",נתניה,no,ChIJu0jjkS1BHRUR58qHc9RTuH0,"Ir Yamim Mall, Beni Berman St 2, Netanya","בני ברמן 2, נתניה",google,,"קניון עיר ימים, בני ברמן 2, נתניה",בני ברמן,2,נתניה,,,נתניה,no,,apply,,https://beautyfind.co.il/sharon/biz/רונית-רפאל-מדע-היופי-סניף-נתניה
3b91356d-a46d-40e8-9715-0956cb7884e9,רות קוסמטיקה - RUTH cosmetics,נתניה,no,ChIJnZ6LDqdLHRURApwZJo29oZM,"Mendele Mokher Sfarim St 10, Netanya, 4234207","מנדלי מוכר ספרים 10, נתניה",google,4234207,"מנדלי מוכר ספרים 10, נתניה, 4234207",מנדלי מוכר ספרים,10,נתניה,4234207,,נתניה,no,,apply,,https://beautyfind.co.il/sharon/biz/ruth-cosmetics
6484b048-98bd-400f-9fda-046026e0ac0b,רחלי גל - אמנית יופי,נתניה,no,ChIJL2RdiCs_HRURtaZ40hc1AaQ,"Iyar St 12, Netanya, 4250341","אייר 12, נתניה",google,4250341,"אייר 12, נתניה, 4250341",אייר,12,נתניה,4250341,,נתניה,no,,apply,,https://beautyfind.co.il/sharon/biz/רחלי-גל-אמנית-יופי
69b8b74c-a513-4c4b-9f00-0cb42eddf4e8,רפאל אסטתיקס - השתלות שיער איכותיות וטיפולים קוסמטיים,נתניה,no,ChIJO31_RyprHRUROnEMkTrU2Ag,"Petah Tikva St 6, Netanya, 4240303","פתח תקווה 6, נתניה",google,4240303,"פתח תקווה 6, נתניה, 4240303",פתח תקווה,6,נתניה,4240303,,נתניה,no,,apply,,https://beautyfind.co.il/sharon/biz/רפאל-אסטתיקס-השתלות-שיער-איכותיות-וטיפולים-קוסמטיים
f68f9d5e-288b-44bb-bd7f-df197f1e15bb,שחר מלסה | לק ג׳ל בנתניה | בניית ציפורניים בנתניה | מבנה אנטומי בנתניה | מניקוריסטית בנתניה | לק גל נתניה | ריינה נתניה,נתניה,no,ChIJHzapCABBHRURTGrohcEVLZ0,"HaKalir St 9, Netanya","הקליר 9, נתניה",google,,"הקליר 9, נתניה",הקליר,9,נתניה,,,נתניה,no,,apply,,https://beautyfind.co.il/sharon/biz/שחר-מלסה-לק-גל-בנתניה-בניית-ציפורניים-בנתניה-מבנה-אנטומי-בנת
4b1705e7-ff33-4296-956b-54c432b27e26,שיראל סעידיאן קוסמטיקס,נתניה,no,ChIJqYrt5jxrHRURs_EkVDu1-jI,"Be'eri St, Netanya, 4225925","בארי, נתניה",google,4225925,"בארי, נתניה, 4225925",בארי,,נתניה,4225925,,נתניה,no,,apply,,https://beautyfind.co.il/sharon/biz/שיראל-סעידיאן-קוסמטיקס
c8a9f2d2-4371-4f93-9067-5c2e4e2db64f,שירה זאבי,נתניה,no,ChIJVR3tPIhAHRURqypLLlRq_CU,"Natan Komoi St 17, Netanya","נתן קומוי 17, נתניה",google,,"נתן קומוי 17, נתניה",נתן קומוי,17,נתניה,,,נתניה,no,,apply,,https://beautyfind.co.il/sharon/biz/שירה-זאבי
a61198cc-8ca9-4af5-9d37-ab3aade47f69,שירי ריפוי היופי,נתניה,no,ChIJ31Dhf_E_HRURaOgPg_k6kAw,"Har Sagi St 4, Netanya","הר שגיא 4, נתניה",google,,"הר שגיא 4, נתניה",הר שגיא,4,נתניה,,,נתניה,no,,apply,,https://beautyfind.co.il/sharon/biz/שירי-ריפוי-היופי
8c680f40-2fd5-44ee-bf44-960330c4577e,שירן כברה עיצוב שיער,נתניה,no,ChIJ3yHoYKlqHRUROLwCGaSFMMY,"Shmuel HaNatziv St 16, Netanya","שמואל הנציב 16, נתניה",google,,"שמואל הנציב 16, נתניה",שמואל הנציב,16,נתניה,,,נתניה,no,,apply,,https://beautyfind.co.il/sharon/biz/שירן-כברה-עיצוב-שיער
86a6edee-8303-44c1-9680-ca0f11a51237,שלומי עיצוב שיער,נתניה,no,ChIJvZgXs9xBHRURjx2eLUuEFvM,"Lilienblum St 6, Netanya","לילינבלום 6, נתניה",google,,"לילינבלום 6, נתניה",לילינבלום,6,נתניה,,,נתניה,no,,apply,,https://beautyfind.co.il/sharon/biz/שלומי-עיצוב-שיער
b0c8e60d-ac45-44f5-97f2-714f687fc6ae,שלי קוסמטיקס,נתניה,no,ChIJ94t1ue1BHRURpjtK5ZFyJ40,"Sderot Pinhas Lavon 43, Netanya","שדרות פנחס לבון 43, נתניה",google,,"שדרות פנחס לבון 43, נתניה",שדרות פנחס לבון,43,נתניה,,,נתניה,no,,apply,,https://beautyfind.co.il/sharon/biz/שלי-קוסמטיקס
3bf354d9-8e47-4f09-80d5-f126438185ff,שני טוב - קוסמטיקאית מומחית,נתניה,no,ChIJ30sXWJ1BHRURRY16YeLuUxs,"Uzi Hitman St 9, Netanya, 4266106","עוזי חיטמן 9, נתניה",google,4266106,"עוזי חיטמן 9, נתניה, 4266106",עוזי חיטמן,9,נתניה,4266106,,נתניה,no,,apply,,https://beautyfind.co.il/sharon/biz/שני-טוב-קוסמטיקאית-מומחית
b66d2eff-7f50-4675-a49e-656287ed53d5,Adva Shoham Pro Makeup & Hair Styling אדוה שוהם איפור ושיער לכלות,נתניה,no,ChIJw1WMKy-3AhURCogSZe3ecWQ,"Khartsit St 33, Netanya","חרצית 33, נתניה",google,,"חרצית 33, נתניה",חרצית,33,נתניה,,,נתניה,no,,apply,,https://beautyfind.co.il/sharon/biz/adva-shoham-pro-makeup-and-hair-styling
4314dabf-e928-4fd4-9074-82f5b74d407c,ALINA ZIABINA,נתניה,no,ChIJ9cF7FkFrHRURS7v8KyKlxRA,"Sokolov St 21, Netanya","נחום סוקולוב 21, נתניה",google,,"נחום סוקולוב 21, נתניה",נחום סוקולוב,21,נתניה,,,נתניה,no,,apply,,https://beautyfind.co.il/sharon/biz/alina-ziabina
6e1e4e46-2a43-47ba-8a83-2c94e6ef36dc,Alisha brows&lashes - Алишка брови и ресницы,נתניה,no,ChIJAWRLHYNBHRURyI--3vO49Ls,"Ussishkin St 22, Netanya, 4227317","אוסישקין 22, נתניה",google,4227317,"אוסישקין 22, נתניה, 4227317",אוסישקין,22,נתניה,4227317,,נתניה,no,,apply,,https://beautyfind.co.il/sharon/biz/alisha-brows-and-lashes
6baaa354-09dd-4a30-9cdd-254aa7dbe477,AN.GEL BEAUTY BOUTIQUE,נתניה,no,ChIJq2RIa39BHRURz4hJPbUpXoM,"Lilienblum St 1, Netanya","לילינבלום 1, נתניה",google,,"לילינבלום 1, נתניה",לילינבלום,1,נתניה,,,נתניה,no,,apply,,https://beautyfind.co.il/sharon/biz/gel-beauty-boutique
1cf814be-5ad7-40f4-aa2d-d0f93760b503,Beauty Salon Esthetics/Салон Красоты Эстетик,נתניה,no,ChIJYdPIAS1rHRURluUfar5AH74,"Shmuel HaNatziv St 7, Netanya, 4228004","שמואל הנציב 7, נתניה",google,4228004,"שמואל הנציב 7, נתניה, 4228004",שמואל הנציב,7,נתניה,4228004,,נתניה,no,,apply,,https://beautyfind.co.il/sharon/biz/beauty-salon-esthetics
e92ddcb2-75b0-4269-9d96-ce33fca8ab47,beauty station,נתניה,no,ChIJ0yaTJ31AHRURsnjBDpXscTQ,"Agam Kinneret St 6, Netanya, 4210001","אגם כינרת 6, נתניה",google,4210001,"אגם כינרת 6, נתניה, 4210001",אגם כינרת,6,נתניה,4210001,,נתניה,no,,apply,,https://beautyfind.co.il/sharon/biz/beauty-station
1c70768a-7366-4ff9-9b4e-1d3666179db3,Belau Beauty,נתניה,no,ChIJQ398AopBHRUR13Gku45mm7I,"Propes St 5, Netanya, 4230413","פרופס 5, נתניה",google,4230413,"פרופס 5, נתניה, 4230413",פרופס,5,נתניה,4230413,,נתניה,no,,apply,,https://beautyfind.co.il/sharon/biz/belau-beauty
71d1919b-712c-447d-80ac-860f63139d12,Black Up Israel,נתניה,no,ChIJHasyJatqHRUR6jcV66BlyPE,"Derech Raziel 5, Netanya","דרך רזיאל 5, נתניה",google,,"דרך רזיאל 5, נתניה",דרך רזיאל,5,נתניה,,,נתניה,no,,apply,,https://beautyfind.co.il/sharon/biz/black-up-israel
414b7465-3a64-44f3-9453-b2e5e9e71b9b,Bright Smile,נתניה,no,ChIJvW06JvdrHRURm8guRFZZP3g,"Sderot Hayim Weizman 61, Netanya","שדרות חיים וייצמן 61, נתניה",google,,"שדרות חיים וייצמן 61, נתניה",שדרות חיים וייצמן,61,נתניה,,,נתניה,no,,apply,,https://beautyfind.co.il/sharon/biz/bright-smile
8a9c4cf4-e594-4f77-9b92-aff2eb1ae229,Clalit Estetika,נתניה,no,ChIJXZ7AJahqHRURXTTS2rYYxPA,"צמוד לקניון, מגדל, Beni Berman St 2, קומה 11, Netanya","בני ברמן 2, מגדל, קומה 11, נתניה",google,,"מגדל, צמוד לקניון, בני ברמן 2, קומה 11, נתניה",בני ברמן,2,נתניה,,,נתניה,no,,apply,,https://beautyfind.co.il/sharon/biz/clalit-estetika
48b8b155-73e3-4503-b2b9-48ca60b44a07,D-Shiny - אסתטיקה מתקדמת - סניף נתניה,נתניה,no,ChIJ5V4y1do_HRURKAearmRpQk8,"Sderot Giborei Israel 5, Netanya, 4250405","שדרות גיבורי ישראל 5, נתניה",google,4250405,"שדרות גיבורי ישראל 5, נתניה, 4250405",שדרות גיבורי ישראל,5,נתניה,4250405,,נתניה,no,,apply,,https://beautyfind.co.il/sharon/biz/d-shiny
86955caf-a40f-4e97-8391-c53ee18343c7,Dr Meir Pomeranz,נתניה,no,ChIJXZ7AJahqHRURG-T_iMMv_yE,"David Remez St 13, Netanya, 4231015","דוד רמז 13, נתניה",google,4231015,"דוד רמז 13, נתניה, 4231015",דוד רמז,13,נתניה,4231015,,נתניה,no,,apply,,https://beautyfind.co.il/sharon/biz/dr-meir-pomeranz
63a4aa2f-f181-4453-8851-098fe3fc2707,Dr. Sharon Porat Dental Clinic מרפאת שיניים דר' שרון פורת,נתניה,no,ChIJFVV5pwVrHRURNYrlXXPie3g,"David Remez St 13, Netanya, 4231000","דוד רמז 13, נתניה",google,4231000,"דוד רמז 13, נתניה, 4231000",דוד רמז,13,נתניה,4231000,,נתניה,no,,apply,,https://beautyfind.co.il/sharon/biz/dr-sharon-porat-dental-clinic
f7b321ea-05f4-484f-b3c8-a546484e8ebe,"Dr. Tatiana Ishai / ד""ר טטיאנה ישי / רפואה אסתטית / קוסמטיקאית נתניה",נתניה,no,ChIJkTP0WOBBHRURoYnqEYa9GIk,"Uzi Hitman St 11, Netanya, 4266107","עוזי חיטמן 11, נתניה",google,4266107,"עוזי חיטמן 11, נתניה, 4266107",עוזי חיטמן,11,נתניה,4266107,,נתניה,no,,apply,,https://beautyfind.co.il/sharon/biz/dr-tatiana-ishai
281a5c15-fb90-4d75-b3a2-df0133abcf65,Dr.Sergey Goykhman Dentist רופא שיניים Стоматолог,נתניה,no,ChIJrxQB1YJrHRURGntQrzV2pHk,"Штампфер 9, Netanya",נתניה,city_only,,"Штампфер 9, Netanya",Штампфер,9,Netanya,,,נתניה,no,,apply,,https://beautyfind.co.il/sharon/biz/dr-sergey-goykhman-dentist
30870fbf-6792-4565-b30d-f9934b59e013,ds cosmetics,נתניה,no,ChIJp5SXMkqhHRURsNQONESPxR0,"לויתן 3, Netanya","לויתן 3, נתניה",google,,"לויתן 3, Netanya",לויתן,3,Netanya,,,נתניה,no,,apply,,https://beautyfind.co.il/sharon/biz/ds-cosmetics
09a35f87-4db7-49cc-a21d-f11872fb2e2c,Ekaterina Goldin- Beauty Salon,נתניה,no,ChIJ48txZMlrHRURS7WBuWPFMN0,"Shmuel HaNatziv St 3, Netanya","שמואל הנציב 3, נתניה",google,,"שמואל הנציב 3, נתניה",שמואל הנציב,3,נתניה,,,נתניה,no,,apply,,https://beautyfind.co.il/sharon/biz/ekaterina-goldin-beauty-salon
24440a02-21c4-40e3-89e3-8e1cf5fa2983,Eleanor Clinic of your beautician,נתניה,no,ChIJpU4JUwRAHRURhgCGX8VaMBo,"Ben Avi 61, Netanya","בן אב״י 61, נתניה",google,,"בן אב""י 61, נתניה","בן אב""י",61,נתניה,,,נתניה,no,,apply,,https://beautyfind.co.il/sharon/biz/eleanor-clinic-of-your-beautician
d5ec765e-7cf3-4162-b9b7-9aeb68bbc38b,ELITE,נתניה,no,ChIJe2PsFkprHRURj5SB00XFzqQ,"Smilanski St 9, Netanya","סמילנסקי 9, נתניה",google,,"סמילנסקי 9, נתניה",סמילנסקי,9,נתניה,,,נתניה,no,,apply,,https://beautyfind.co.il/sharon/biz/elite
c71c7544-c226-489a-bb1b-0e9c7e591985,Ellie clinic קליניקה לפתרון מגוון בעיות עור,נתניה,no,ChIJkegFtntBHRURW_qn_O7Y8LE,"HaAgammim Blvd 3, Netanya, 4209002","שדרות האגמים 3, נתניה",google,4209002,"שדרות האגמים 3, נתניה, 4209002",שדרות האגמים,3,נתניה,4209002,,נתניה,no,,apply,,https://beautyfind.co.il/sharon/biz/ellie-clinic
b4d20139-068b-430d-a18c-e425af019fbd,Esthetic lab,נתניה,no,ChIJKzcFj84_HRUREMhCgNSObA0,"Dr Yehuda Perach St 1, Netanya, 4223573","ד״ר יהודה פרח 1, נתניה",google,4223573,"ד""ר יהודה פרח 1, נתניה, 4223573","ד""ר יהודה פרח",1,נתניה,4223573,,נתניה,no,,apply,,https://beautyfind.co.il/sharon/biz/esthetic-lab
97fef43e-e7d2-4a1d-b181-5c5d9a456c3c,EstheticBar,נתניה,no,ChIJHVGo3VdBHRURvizXhpzNh1k,"Ha-Melakha St 45, Netanya, 4250574","המלאכה 45, נתניה",google,4250574,"המלאכה 45, נתניה, 4250574",המלאכה,45,נתניה,4250574,,נתניה,no,,apply,,https://beautyfind.co.il/sharon/biz/estheticbar
077566ec-8a29-4d64-a8f2-44697bf86151,Helen Make up artist‏,נתניה,no,ChIJgXtK5cvZ4AsR7tHT1XQ3LVM,"מוצקין 09, Netanya","מוצקין 09, נתניה",google,,"מוצקין 09, נתניה",מוצקין,09,נתניה,,,נתניה,no,,apply,,https://beautyfind.co.il/sharon/biz/helen-make-up-artist
29e5782f-f7b0-43a5-ba2c-fc76f8c32f15,Hi Laser הסרת שיער בלייזר וטיפולי אנטי אייג׳ינג,נתניה,no,ChIJ-zOGSLlBHRURQF32FH9DtD4,"Sderot Jabotinsky 17, Netanya","שדרות ז׳בוטינסקי 17, נתניה",google,,"שדרות ז'בוטינסקי 17, נתניה",שדרות ז'בוטינסקי,17,נתניה,,,נתניה,no,,apply,,https://beautyfind.co.il/sharon/biz/hi-laser
f70728fb-8afe-4821-b68e-75621aa741be,HS COSMETICS- הילה שמעון קוסמטיקאית,נתניה,no,ChIJiRjUK_rYpkARnYWlve7lK3k,"אמנון ליפקין שחק 12, Netanya, 4272800","אמנון ליפקין שחק 12, נתניה",google,4272800,"אמנון ליפקין שחק 12, נתניה, 4272800",אמנון ליפקין שחק,12,נתניה,4272800,,נתניה,no,,apply,,https://beautyfind.co.il/sharon/biz/hs-cosmetics
e30d1d91-4b3c-4e68-9fae-d6cc4ab0c3ff,HSecret Beauty,נתניה,no,ChIJd5KqcBtrHRUR5G6xY87fLBU,"A.D. Gordon St 20, Netanya","א.ד. גורדון 20, נתניה",google,,"א.ד. גורדון 20, נתניה",א.ד. גורדון,20,נתניה,,,נתניה,no,,apply,,https://beautyfind.co.il/sharon/biz/hsecret-beauty
7e482149-f6c3-4957-a0f0-3f6193cc0dbd,I.k.Aesthetics,נתניה,no,ChIJdf7Bs39rHRUR5NGoDVc1F90,"David Remez St 13, Netanya, 42310","דוד רמז 13, נתניה",google,42310,"דוד רמז 13, נתניה, 42310",דוד רמז,13,נתניה,42310,,נתניה,no,,apply,,https://beautyfind.co.il/sharon/biz/i-k-aesthetics
c5417d93-b81b-4036-a212-d620668739c4,IDEAL beauty clinic,נתניה,no,ChIJHT1zNkVBHRURaqZNyklspMM,"Golei Kenya St 1, Netanya, 4254714","גולי קניה 1, נתניה",google,4254714,"גולי קניה 1, נתניה, 4254714",גולי קניה,1,נתניה,4254714,,נתניה,no,,apply,,https://beautyfind.co.il/sharon/biz/ideal-beauty-clinic
d2a7ede3-6c74-4058-bf46-0c97454381dc,Jessica Beauty Experiences,נתניה,no,ChIJOx03DR1rHRURTeFqYWhl7sc,"Borokhov St 3, Netanya, 4226603","בורוכוב 3, נתניה",google,4226603,"בורוכוב 3, נתניה, 4226603",בורוכוב,3,נתניה,4226603,,נתניה,no,,apply,,https://beautyfind.co.il/sharon/biz/jessica-beauty-experiences
437e8748-4e4a-43ef-b7a3-d9df57f13276,Larimar Clinic - נתניה,נתניה,no,ChIJH0lqdgdBHRURbp5iiTI9Zvw,"Beni Berman St 2, Netanya, 4249330","בני ברמן 2, נתניה",google,4249330,"בני ברמן 2, נתניה, 4249330",בני ברמן,2,נתניה,4249330,,נתניה,no,,apply,,https://beautyfind.co.il/sharon/biz/larimar-clinic
9548e51a-4e8d-4d27-9631-863d185a4bd7,laser removal,נתניה,no,ChIJjeAXoalBHRURqIVL1D11XBs,"מגדל 1, Netanya, 4250537","מגדל 1, נתניה",google,4250537,"מגדל 1, Netanya, 4250537",מגדל,1,Netanya,4250537,,נתניה,no,,apply,,https://beautyfind.co.il/sharon/biz/laser-removal
ab08e541-6728-4a61-913f-28591b36c478,Lilia Stern - Beauty & Youth - ליליה שטרן,נתניה,no,ChIJ26KkvnJIHRURv03CPTXOTzY,"Nitza Street 8, Netanya, 4226238",נתניה,city_only,,"Nitza Street 8, נתניה, 4226238",Nitza Street,8,נתניה,4226238,,נתניה,no,,apply,,https://beautyfind.co.il/sharon/biz/lilia-stern-beauty-and-youth
ec8ef87a-aa69-4978-958b-0f1ccdae96e4,Lisa Beauty Boutique,נתניה,no,ChIJI8SuVwFAHRURcM-5cHt-fjI,"Yehuda Halevi St 25, Netanya, 4248025","יהודה הלוי 25, נתניה",google,4248025,"יהודה הלוי 25, נתניה, 4248025",יהודה הלוי,25,נתניה,4248025,,נתניה,no,,apply,,https://beautyfind.co.il/sharon/biz/lisa-beauty-boutique
2205e359-d2e7-410a-b77e-d01ac6aeb05b,M.Beauty,נתניה,no,ChIJ_14vNtJrHRURsP1GQY363e8,"Ha-Note'a St 1, Netanya, 4230001","הנוטע 1, נתניה",google,4230001,"הנוטע 1, נתניה, 4230001",הנוטע,1,נתניה,4230001,,נתניה,no,,apply,,https://beautyfind.co.il/sharon/biz/m-beauty
a62f3349-82fc-4766-ad60-d87a3d863b50,M.L Beautique,נתניה,no,ChIJo4qAw94_HRURO1pSdbtVqIA,"מרכז דוד, Derech Dganya 47, Netanya","דרך דגניה 47, מרכז דוד, נתניה",google,,"מרכז דוד, דרך דגניה 47, נתניה",דרך דגניה,47,נתניה,,,נתניה,no,,apply,,https://beautyfind.co.il/sharon/biz/m-l-beautique
1a6f9f24-0b60-4ea7-8b9a-49a42c76023c,MAC Cosmetics Ir Yamim,נתניה,no,ChIJQzvLm6lBHRURQr796s0EofA,"Beni Berman St 2, Netanya, 4249330","בני ברמן 2, נתניה",google,4249330,"בני ברמן 2, נתניה, 4249330",בני ברמן,2,נתניה,4249330,,נתניה,no,,apply,,https://beautyfind.co.il/sharon/biz/mac-cosmetics-ir-yamim
50ffcda7-9f9b-4d06-94b1-1ff207b4a7c3,Medical Beauty Clinic - מדיקל ביוטי קליניק,נתניה,no,ChIJ98HYCuZBHRURl2pffCX1e-I,"Yosef Lapid St 1, Netanya, 4272154","יוסף לפיד 1, נתניה",google,4272154,"יוסף לפיד 1, נתניה, 4272154",יוסף לפיד,1,נתניה,4272154,,נתניה,no,,apply,,https://beautyfind.co.il/sharon/biz/medical-beauty-clinic
4ce7564b-7c3c-4c2c-b98a-4286a0bbce5a,Natalia Shatilo skin expert,נתניה,no,ChIJGZQSL5U_HRURu_q_e1l_ObI,"Том Лантос 8, Netanya",נתניה,city_only,,"Том Лантос 8, Netanya",Том Лантос,8,Netanya,,,נתניה,no,,apply,,https://beautyfind.co.il/sharon/biz/natalia-shatilo-skin-expert
b17bcb62-1be7-4739-816d-f5516cc66a8b,Nava Esthetic | Institut de beauté |,נתניה,no,ChIJFSRIIyhrHRUR7xC4Rb6d4XE,"רחוב קרל פופר, Netanya","קרל פופר, נתניה",google,,"רחוב קרל פופר, נתניה",רחוב קרל פופר,,נתניה,,,נתניה,no,,apply,,https://beautyfind.co.il/sharon/biz/nava-esthetic-institut-de-beaute
d92408a6-38d6-484e-9716-e8bb41613e76,Netanya - institut beauté esthétic ELODERMO,נתניה,no,ChIJ8whyi8BrHRUR_A9tEIzIkFU,"Shmuel HaNatziv St 29, Netanya, 42261","שמואל הנציב 29, נתניה",google,42261,"שמואל הנציב 29, נתניה, 42261",שמואל הנציב,29,נתניה,42261,,נתניה,no,,apply,,https://beautyfind.co.il/sharon/biz/netanya-institut-beaute-esthetic-elodermo
8d3ea3e7-0759-4768-800c-18d410c5a10f,Nicole advanced skin care | קוסמטיקאית בנתניה,נתניה,no,ChIJE0x6y9RrHRURqfkC-6l63VA,"Nitsa Blvd 8, Netanya","שדרות ניצה 8, נתניה",google,,"שדרות ניצה 8, נתניה",שדרות ניצה,8,נתניה,,,נתניה,no,,apply,,https://beautyfind.co.il/sharon/biz/nicole-advanced-skin-care
967b8586-24d7-4a46-b2da-1056eb29d79a,ODYNOKA dental clinic,נתניה,no,ChIJI46wAlxrHRURW3C3jlD-oOQ,"Sderot Hayim Weizman 24, floor 4, office 43, Netanya",נתניה,city_only,,"Sderot Hayim Weizman 24, floor 4, office 43, Netanya",Sderot Hayim Weizman,24,Netanya,,,נתניה,no,,apply,,https://beautyfind.co.il/sharon/biz/odynoka-dental-clinic
19542817-715f-4c6a-a5e4-54fb8550750d,Olga Finkell,נתניה,no,ChIJpYk-poRrHRURyS2ys5Qvacc,"Ha-Note'a St 3, floor 2, Ha-Note'a St 3, קומה 2, Netanya, 4229105","קומה 2, נתניה",original,,"Ha-Note'a St 3, floor 2, Ha-Note'a St 3, קומה 2, Netanya, 4229105",Ha-Note'a Street,3,Netanya,4229105,,נתניה,no,,apply,,https://beautyfind.co.il/sharon/biz/olga-finkell
836eb136-9d0c-47c2-af20-450f77ce79fa,Oron Avidan medical esthetician,נתניה,no,ChIJ30ZiMpRAHRURubMuAQc8k2A,"Arik Lavi St 3, Netanya","אריק לביא 3, נתניה",google,,"אריק לביא 3, נתניה",אריק לביא,3,נתניה,,,נתניה,no,,apply,,https://beautyfind.co.il/sharon/biz/oron-avidan-medical-esthetician
3780a669-3317-42da-bb11-d799ddcc1989,Ortal pahima - skin clinic,נתניה,no,ChIJDzay6khBHRURQDNm3LPMKPQ,"Eli'ezer Ben Yehuda St 24, Netanya","אליעזר בן יהודה 24, נתניה",google,,"אליעזר בן יהודה 24, נתניה",אליעזר בן יהודה,24,נתניה,,,נתניה,no,,apply,,https://beautyfind.co.il/sharon/biz/ortal-pahima-skin-clinic
2c7d157c-1a5f-4d87-ba96-4ee8685246f1,Royal Dent,נתניה,no,ChIJKWLXTSZBHRUR6ODv6Sb5a-4,"פיאנו סנטר, Shoshana Damari St 10, Netanya",נתניה,city_only,,"פיאנו סנטר, Shoshana Damari St 10, Netanya",Shoshana Damari Street,10,Netanya,,,נתניה,no,,apply,,https://beautyfind.co.il/sharon/biz/royal-dent
3ffbc266-46ed-404a-bd65-d35c90b31892,Sagochka beauty,נתניה,no,ChIJPT2vuY5BHRURoWceQ3BvzP8,"Avraham Shapira St 3, Netanya","אברהם שפירא 3, נתניה",google,,"אברהם שפירא 3, נתניה",אברהם שפירא,3,נתניה,,,נתניה,no,,apply,,https://beautyfind.co.il/sharon/biz/sagochka-beauty
a833a17a-1858-4350-8af8-14f7b3c1fc41,Salomé Beauty Institut,נתניה,no,ChIJ4-gVaiRrHRURIYzmTddxaNE,"Nitza 8, Netanya, 41422",נתניה,city_only,,"Nitza 8, Netanya, 41422",Nitza,8,Netanya,41422,,נתניה,no,,apply,,https://beautyfind.co.il/sharon/biz/salome-beauty-institut
6baca901-98d2-45fe-820b-3fc19f564d0b,Sapir einy,נתניה,no,ChIJjwhIcVpBHRURjl4VepSJbzA,"Moshe Glikson St 33, Netanya","משה גליקסון 33, נתניה",google,,"משה גליקסון 33, נתניה",משה גליקסון,33,נתניה,,,נתניה,no,,apply,,https://beautyfind.co.il/sharon/biz/sapir-einy
1371043b-9796-4bfc-b344-c855d20a8fb2,Sarit Cosmetics - עיצוב גבות ואיפור קבוע,נתניה,no,ChIJR7zWjiY_HRURAePIj5unQHY,"A.D. Gordon St 1, Netanya, 4228801","א.ד. גורדון 1, נתניה",google,4228801,"א.ד. גורדון 1, נתניה, 4228801",א.ד. גורדון,1,נתניה,4228801,,נתניה,no,,apply,,https://beautyfind.co.il/sharon/biz/sarit-cosmetics
e9b7bc3e-4bcf-4b38-9290-8def7a841cff,Shiran Aziz Clinic,נתניה,no,ChIJd0MjjVtrHRURPyMG9De7FMk,"Shmuel HaNatziv St 9, Netanya","שמואל הנציב 9, נתניה",google,,"שמואל הנציב 9, נתניה",שמואל הנציב,9,נתניה,,,נתניה,no,,apply,,https://beautyfind.co.il/sharon/biz/shiran-aziz-clinic
9b7e0080-ecfd-4c43-b902-68de109f985c,shop whitesmile,נתניה,no,ChIJvRA0n4s_HRURGQ_FPR9RqRg,"Ha-Khermon St 3/9, Netanya, 4275830","החרמון 3/9, נתניה",google,4275830,"החרמון 3/9, נתניה, 4275830",החרמון,3/9,נתניה,4275830,,נתניה,no,,apply,,https://beautyfind.co.il/sharon/biz/shop-whitesmile
160998f3-bb7e-401d-b624-6b809d124b38,The Beauty Queen,נתניה,no,ChIJDcTgV7trHRURPGgPTNzjuY0,"Shmuel HaNatziv St 9, Netanya","שמואל הנציב 9, נתניה",google,,"שמואל הנציב 9, נתניה",שמואל הנציב,9,נתניה,,,נתניה,no,,apply,,https://beautyfind.co.il/sharon/biz/beauty-queen
76398c26-72db-4546-9456-43c7b4be45c9,The body Institute,נתניה,no,ChIJvexWGzRBHRUR0_9EWa-JjR4,"2 ben gourion Netanya, 4227231",נתניה,city_only,,"2 ben gourion Netanya, נתניה, 4227231",,,נתניה,4227231,,נתניה,no,,apply,,https://beautyfind.co.il/sharon/biz/body-institute
f75a7f80-31e0-4bce-aadd-96948bbce4b3,VIRGINIE institut de beauté וירג'יני קוסמטיקה מתקדמת ליופי ובריאות,נתניה,no,ChIJOcfTyalqHRURH1ZFF9wNdU4,"בוטיק 4, Krauze St 1, Netanya, 4226112","קראוזה 1, נתניה",google,4226112,"בוטיק 4, קראוזה 1, נתניה, 4226112",קראוזה,1,נתניה,4226112,,נתניה,no,,apply,,https://beautyfind.co.il/sharon/biz/virginie-institut-de-beaute
0c072adb-f280-402f-8367-bfc844b9cc16,Vita Derm מכון קוסמטיקה בנתניה,נתניה,no,ChIJ9fxCUpZBHRURC5F0KM3lAGE,"Archi Sherman St 4, Netanya, 4245646","ארצ׳י שרמן 4, נתניה",google,4245646,"ארצ'י שרמן 4, נתניה, 4245646",ארצ'י שרמן,4,נתניה,4245646,,נתניה,no,,apply,,https://beautyfind.co.il/sharon/biz/vita-derm
b185d281-4d2d-44ed-b766-5fd00e7619e9,WinteRoseCo Beauty,נתניה,no,ChIJRwbU40RBHRUR6AuBTEQokZ8,"Sderot Jabotinsky 47, Netanya","שדרות ז׳בוטינסקי 47, נתניה",google,,"שדרות ז'בוטינסקי 47, נתניה",שדרות ז'בוטינסקי,47,נתניה,,,נתניה,no,,apply,,https://beautyfind.co.il/sharon/biz/winteroseco-beauty
e5503311-6f94-4e8e-9123-9e6b30e84739,Yuval Weiss Cosmetics,נתניה,no,ChIJf9YY6zpBHRUR42cytCcpnOs,"Smilanski St 87, Netanya","סמילנסקי 87, נתניה",google,,"סמילנסקי 87, נתניה",סמילנסקי,87,נתניה,,,נתניה,no,,apply,,https://beautyfind.co.il/sharon/biz/yuval-weiss-cosmetics
27c0722b-6bf5-44f2-82ee-ee2bbd00c6cc,Виорика,נתניה,no,ChIJK-Gaw7hrHRUR6H-arMP5CRI,"Шмуэль анацив 14, Netanya",נתניה,city_only,,"Шмуэль анацив 14, Netanya",Шмуэль анацив,14,Netanya,,,נתניה,no,,apply,,https://beautyfind.co.il/sharon/biz/facials-netanya
9656e1e1-7e7c-4ef1-8902-69d4b3629196,Салон красоты Luxor,נתניה,no,ChIJHaCeS6sT1ogRnL-qZYnZ3p4,"А-Маясдим, 4, Netanya",נתניה,city_only,,"А-Маясдим 4, Netanya",А-Маясдим,4,Netanya,,,נתניה,no,,apply,,https://beautyfind.co.il/sharon/biz/luxor
0e665d70-a4cd-4499-bf50-514a2bb29577,איפור ועיצוב שיער - רבקה רחמים,צפת,no,ChIJEb1PgiMjHBUR2DrLlEWT8YQ,"Ha-Tavor St 24, Safed","התבור 24, צפת",google,,"התבור 24, צפת",התבור,24,צפת,,,צפת,no,,apply,,https://beautyfind.co.il/north/biz/איפור-ועיצוב-שיער-רבקה-רחמים
e7a7ede1-2590-4d64-9f3f-ce0893975d6d,פרו אסתטיקס טיפולים אסתטיים מתקדמים צפת,צפת,no,ChIJS0ct0o2b7AcR_iKV3JbTjE4,"מתחם בית הפסנתר, Derech HaShokolad 4, קומה 3, Safed, 1322316","קומה 3, מתחם בית הפסנתר, צפת",original,,"מתחם בית הפסנתר, Derech HaShokolad 4, קומה 3, Safed, 1322316",Derech HaShokolad,4,Safed,1322316,,צפת,no,,apply,,https://beautyfind.co.il/north/biz/פרו-אסתטיקס-טיפולים-אסתטיים-מתקדמים-צפת
bcbde7dc-9a86-447f-940d-a440d716402c,M.B- BARBER SHOP,צפת,no,ChIJJS_OOBIjHBUR9C5psxqdqnQ,"HaShiv'a/Giora Yoseftal, Safed",צפת,city_only,,"HaShiv'a/Giora Yoseftal, Safed",HaShiv'a/Giora Yoseftal,,Safed,,,צפת,no,,apply,,https://beautyfind.co.il/north/biz/m-b-barber-shop
86ec4f42-11cd-4b56-832c-00f97f05ebf0,בני ואתי אמינוב,קריית אונו,no,ChIJ41J1NdVLHRURgOrnErlehyY,"Jabotinsky St 50, Giv'at Shmuel, 5401028","ז׳בוטינסקי 50, גבעת שמואל",google,5401028,"ז'בוטינסקי 50, גבעת שמואל, 5401028",ז'בוטינסקי,50,גבעת שמואל,5401028,,גבעת שמואל,yes,givat-shmuel,apply,,https://beautyfind.co.il/dan/biz/בני-ואתי-אמינוב
05e5d539-54eb-41e2-a3a5-0357b91cfa8c,"""Valery Secret"" ולרי סיקרט - קליניקה ואקדמיה לטיפולים קוסמטיים ורפואיים‬‎",רחובות,no,ChIJ1ZLABRRmAhUR3OJO4vbrHmQ,"Moti Kind St 2, Rehovot","מוטי קינד 2, רחובות",google,,"מוטי קינד 2, רחובות",מוטי קינד,2,רחובות,,,רחובות,no,,apply,,https://beautyfind.co.il/shfela/biz/valery-secret
a2d77ce0-e0e7-4ee9-9bc7-4f1c6cc51dc6,איילת שבתאי מאפרת ומסרקת כלות וערב,רחובות,no,ChIJN32kn3y3AhUR8UEXEisKpfM,"Derekh Yavne 67, Rehovot","דרך יבנה 67, רחובות",google,,"דרך יבנה 67, רחובות",דרך יבנה,67,רחובות,,,רחובות,no,,apply,,https://beautyfind.co.il/shfela/biz/איילת-שבתאי-מאפרת-ומסרקת-כלות-וערב
de2484af-3b05-444a-8ab2-0bb0c9890d1b,איפור קבוע לימור לוין,רחובות,no,ChIJwf52Ouy3AhURLko1-mzfk9o,"Amos Danieli St 23, Rehovot, 7642622","עמוס דניאלי 23, רחובות",google,7642622,"עמוס דניאלי 23, רחובות, 7642622",עמוס דניאלי,23,רחובות,7642622,,רחובות,no,,apply,,https://beautyfind.co.il/shfela/biz/איפור-קבוע-לימור-לוין
a744997d-ef19-4d22-94ae-59f854aa8e2c,איריס פרחן - איריס ניילס - לק ג'ל ונליסה ריו קויו Iris Nails | VENALISA KOYO RIO,רחובות,no,ChIJZwQwHWK3AhURGnStEUJu774,"Zecharya Hatuka St 6, Rehovot, 7653700","זכריה חתוכה 6, רחובות",google,7653700,"זכריה חתוכה 6, רחובות, 7653700",זכריה חתוכה,6,רחובות,7653700,,רחובות,no,,apply,,https://beautyfind.co.il/shfela/biz/iris-nails-venalisa-koyo-rio
9a6aa3be-ed73-4203-b622-a45fa327d4d5,אתי ניילס - אקדמיה לאיפור קבוע ועיצוב גבות,רחובות,no,ChIJnbUWmga3AhURIkKumsj5HV4,"Binyamin St 15, Rehovot, 7624303","בנימין 15, רחובות",google,7624303,"בנימין 15, רחובות, 7624303",בנימין,15,רחובות,7624303,,רחובות,no,,apply,,https://beautyfind.co.il/shfela/biz/אתי-ניילס-אקדמיה-לאיפור-קבוע-ועיצוב-גבות
62d6bd5e-9343-446f-a948-83553b547228,ולריה חייפץ - קוסמטיקאית מוסמכת ומכשור מתקדם ברחובות,רחובות,no,ChIJAdwO8j841ikR0CTO0EcJ97Q,"Sderot Max Ve'Ampro Shein 5, Rehovot, 7666605","שדרות מקס ואמפרו שיין 5, רחובות",google,7666605,"שדרות מקס ואמפרו שיין 5, רחובות, 7666605",שדרות מקס ואמפרו שיין,5,רחובות,7666605,,רחובות,no,,apply,,https://beautyfind.co.il/shfela/biz/ולריה-חייפץ-קוסמטיקאית-מוסמכת-ומכשור-מתקדם-ברחובות
6dab8714-8bfd-4ef0-b4dd-cb2f16104c4c,"טיפול פנים, קוסמטיקה, קוסמטיקאית - מיכל לוי",רחובות,no,ChIJpS7Td863AhURyyIQEYQPIWM,"HaRav David Israel St 32, Rehovot","הרב דוד ישראל 32, רחובות",google,,"הרב דוד ישראל 32, רחובות",הרב דוד ישראל,32,רחובות,,,רחובות,no,,apply,,https://beautyfind.co.il/shfela/biz/טיפול-פנים-קוסמטיקה-קוסמטיקאית-מיכל-לוי
d89a4304-f973-40b2-af6f-50205bc1e795,טליה דגן קוסמטיקה roof top (רחובות),רחובות,no,ChIJZXWSOdC3AhURv7e9AespgaM,"A.D. Gordon St 14, Rehovot, 7629012","א.ד. גורדון 14, רחובות",google,7629012,"א.ד. גורדון 14, רחובות, 7629012",א.ד. גורדון,14,רחובות,7629012,,רחובות,no,,apply,,https://beautyfind.co.il/shfela/biz/roof-top
2b6149cd-c0ca-435a-b5c7-2c86088d40bb,יואל - אומנות השיער,רחובות,no,ChIJd0dDyAO3AhURj8567NXVteA,"Ahad Ha'Am St 26, Rehovot, 76260","אחד העם 26, רחובות",google,76260,"אחד העם 26, רחובות, 76260",אחד העם,26,רחובות,76260,,רחובות,no,,apply,,https://beautyfind.co.il/shfela/biz/יואל-אומנות-השיער
aba6a12f-eb4a-4582-a934-19bb2ae2ba55,"יערה וקיים מאפרת | עיצוב שיער - תסרוקות | תספורות | צבע גוונים ברחובות. ""להדגיש את היופי שבך""",רחובות,no,ChIJw-doVBi3AhURL7WOeVbWCyU,"HaNoter St 12, Rehovot","הנוטר 12, רחובות",google,,"הנוטר 12, רחובות",הנוטר,12,רחובות,,,רחובות,no,,apply,,https://beautyfind.co.il/shfela/biz/יערה-וקיים-מאפרת-עיצוב-שיער-תסרוקות-תספורות-צבע-גוונים-ברחוב
35849ef4-d0a0-4381-8641-e5ced99ed3a1,כרמי קוסמטיקה רפואית,רחובות,no,ChIJq_Q8FhC3AhURFFn30T8D7UI,"Bilu St 17, Rehovot","ביל״ו 17, רחובות",google,,"ביל""ו 17, רחובות","ביל""ו",17,רחובות,,,רחובות,no,,apply,,https://beautyfind.co.il/shfela/biz/כרמי-קוסמטיקה-רפואית
4d562b29-df0b-4422-a0cc-dc59fa59275b,ליאת דנינו- מרכז לאסתטיקה|Liat Danino Aesthetics center,רחובות,no,ChIJpQlf9De3AhURSq0Rhdaqc1M,"David Remez St 61, Rehovot","דוד רמז 61, רחובות",google,,"דוד רמז 61, רחובות",דוד רמז,61,רחובות,,,רחובות,no,,apply,,https://beautyfind.co.il/shfela/biz/liat-danino-aesthetics-center
0a762856-0b16-4a4d-b391-95cbd08c37f8,מירב וחן הכרמלי טיפולים קוסמטיים,רחובות,no,ChIJ33sSEtcpAxURzCtib0CGWik,"Moti Kind St 2, Rehovot","מוטי קינד 2, רחובות",google,,"מוטי קינד 2, רחובות",מוטי קינד,2,רחובות,,,רחובות,no,,apply,,https://beautyfind.co.il/shfela/biz/מירב-וחן-הכרמלי-טיפולים-קוסמטיים
ec9b02d2-61e6-4391-940c-331456759e95,מכון יופי - NINA style salon - נינה סטייל סלון,רחובות,no,ChIJUQCvpwK3AhURcWdE3k60d3s,"Herzl St 217, Rehovot, 7634004","חיים ויצמן 36, רחובות",google,7628222,"חיים ויצמן 36, רחובות, 7628222",חיים ויצמן,36,רחובות,7628222,,רחובות,no,,apply,,https://beautyfind.co.il/shfela/biz/nina-style-salon
f1182006-bc8b-4245-b3b9-2b870a44cb97,מרכז רפואי מדילי,רחובות,no,ChIJtfvV4Qu3AhURPqrvrh19MxE,"Yehuda Halevi St 36, Rehovot","יהודה הלוי 36, רחובות",google,,"יהודה הלוי 36, רחובות",יהודה הלוי,36,רחובות,,,רחובות,no,,apply,,https://beautyfind.co.il/shfela/biz/מרכז-רפואי-מדילי
74724c13-7499-445a-a81a-59be444dd89f,מרפאת ד״ר נייזוב | מרפאת שיניים ברחובות,רחובות,no,ChIJTTfs__y3AhURfMGH7xLW6Mo,"Moti Kind St 2, Rehovot, 7173002","מוטי קינד 2, רחובות",google,7173002,"מוטי קינד 2, רחובות, 7173002",מוטי קינד,2,רחובות,7173002,,רחובות,no,,apply,,https://beautyfind.co.il/shfela/biz/מרפאת-דר-נייזוב-מרפאת-שיניים-ברחובות
0d7324b6-c9f0-449f-bb7a-2cfe6954ef42,נורית בן נתן - בניית ציפורניים ברחובות,רחובות,no,ChIJwww2LP63AhURder4Ej3t52o,"Sderot Max Ve'Ampro Shein 1, Rehovot, 7666601","שדרות מקס ואמפרו שיין 1, רחובות",google,7666601,"שדרות מקס ואמפרו שיין 1, רחובות, 7666601",שדרות מקס ואמפרו שיין,1,רחובות,7666601,,רחובות,no,,apply,,https://beautyfind.co.il/shfela/biz/נורית-בן-נתן-בניית-ציפורניים-ברחובות
c504d2c7-8339-469c-8ba3-4f5b03bc4009,סמדר קוסמטיקה רפואית,רחובות,no,ChIJ5eK_kgW3AhUR3HDnfo0Oi9w,"Derech Sheshet HaYamim 101, Rehovot","דרך ששת הימים 101, רחובות",google,,"דרך ששת הימים 101, רחובות",דרך ששת הימים,101,רחובות,,,רחובות,no,,apply,,https://beautyfind.co.il/shfela/biz/סמדר-קוסמטיקה-רפואית
e792e14a-0e6e-4ecd-a224-2a5b310d697a,עיצוב שיער יניב קלימי,רחובות,no,ChIJE266jiy3AhURiTqxOu7Jvqo,"Herzl St 100, Rehovot","הרצל 100, רחובות",google,,"הרצל 100, רחובות",הרצל,100,רחובות,,,רחובות,no,,apply,,https://beautyfind.co.il/shfela/biz/עיצוב-שיער-יניב-קלימי
c24e37c8-c89c-4577-b88b-08895591589c,ציפורניים - אבי שגיא - קליניקה בריאותית לציפורניים,רחובות,no,ChIJ3WvLe4e3AhURy1mj_DgHNKw,"Moshe Forer St 12, Rehovot","משה פורר 12, רחובות",google,,"משה פורר 12, רחובות",משה פורר,12,רחובות,,,רחובות,no,,apply,,https://beautyfind.co.il/shfela/biz/ציפורניים-אבי-שגיא-קליניקה-בריאותית-לציפורניים
a768b956-706d-47b1-84bc-4b990670a642,קוסמטיקאית ברחובות סיגל שבו מומחית לפתרון בעיות עור,רחובות,no,ChIJC6Ea6KC3AhUR2QASdtOU394,"Levin Epstein St 9, Rehovot","לוין אפשטיין 9, רחובות",google,,"לוין אפשטיין 9, רחובות",לוין אפשטיין,9,רחובות,,,רחובות,no,,apply,,https://beautyfind.co.il/shfela/biz/קוסמטיקאית-ברחובות-סיגל-שבו-מומחית-לפתרון-בעיות-עור
bb3d7841-67cc-47c7-a9ff-86224e1ac302,קוסמטיקאית רחובות טליה בן עטר,רחובות,no,ChIJvb0g_fG3AhURcGM_YbJxzHc,"Derech Jerusalem 15, קומה 1, Rehovot","דרך ירושלים 15, קומה 1, רחובות",google,,"דרך ירושלים 15, קומה 1, רחובות",דרך ירושלים,15,רחובות,,,רחובות,no,,apply,,https://beautyfind.co.il/shfela/biz/קוסמטיקאית-רחובות-טליה-בן-עטר
93538dfa-3813-4695-b1b5-141b40af6d54,קוסמטיקה.טיפוח.טבעי & מיקרובליידינג. איפור קבוע אורגני,רחובות,no,ChIJd-Db0HCzAhURv3Vb60KRGuM,"Nathan Alterman St 2, Rehovot","נתן אלתרמן 2, רחובות",google,,"נתן אלתרמן 2, רחובות",נתן אלתרמן,2,רחובות,,,רחובות,no,,apply,,https://beautyfind.co.il/shfela/biz/קוסמטיקה-טיפוח-טבעי-מיקרובליידינג-איפור-קבוע-אורגני
16c68d36-c44c-4275-b549-963f59b2dcf1,שני וגל קוסמטיקס,רחובות,no,ChIJs3wMaKe3AhUR-x7eF2TRkd4,"Ya'akov Madhala St 34, Rehovot","יעקב מדהלה 34, רחובות",google,,"יעקב מדהלה 34, רחובות",יעקב מדהלה,34,רחובות,,,רחובות,no,,apply,,https://beautyfind.co.il/shfela/biz/שני-וגל-קוסמטיקס
e3743894-d945-47aa-8be5-e1b6794064b7,abiglam,רחובות,no,ChIJ7VQgn9e3AhURNGJydKYU-Oo,"Moti Kind St 2, Rehovot","מוטי קינד 2, רחובות",google,,"מוטי קינד 2, רחובות",מוטי קינד,2,רחובות,,,רחובות,no,,apply,,https://beautyfind.co.il/shfela/biz/abiglam
f3c5dd83-360f-458e-b302-3f43c8ac252e,Duet Family,רחובות,no,ChIJI5ObN763AhURI5KsGCA4AOY,"Israel Teller St 15, Rehovot, 7644415","ישראל טלר 15, רחובות",google,7644415,"ישראל טלר 15, רחובות, 7644415",ישראל טלר,15,רחובות,7644415,,רחובות,no,,apply,,https://beautyfind.co.il/shfela/biz/duet-family
62d946fd-3bbc-4bfc-a895-3dced0660ce2,Efrat Cosmetics,רחובות,no,ChIJZXPDtUq3AhURa3pWBMkBs9w,"Ben Tsiyon Fogel St 12, Rehovot, 7641000","בן ציון פוגל 12, רחובות",google,7641000,"בן ציון פוגל 12, רחובות, 7641000",בן ציון פוגל,12,רחובות,7641000,,רחובות,no,,apply,,https://beautyfind.co.il/shfela/biz/efrat-cosmetics
c491e952-e97a-4f4e-9cf6-d02a340749ca,Hadar nails | | הסרת שיער | לק ג'ל | פדיקור | ציפורן חודרנית | פדיקור טיפולי | פדיקור לגברים | שעווה | שעווה לפנים,רחובות,no,ChIJ3_a5LoG7AhURFXBHYdHk_4Q,"Ha-Nevi'im St 14, Rehovot","הנביאים 14, רחובות",google,,"הנביאים 14, רחובות",הנביאים,14,רחובות,,,רחובות,no,,apply,,https://beautyfind.co.il/shfela/biz/hadar-nails
8afa9d11-2f8d-47a5-884d-839edb6be5bc,Hamam Spa Raphael,רחובות,no,ChIJce4FB6y3AhURJH1T_TjEt40,"Ha-Hagana St 31, Rehovot, 7621302","ההגנה 31, רחובות",google,7621302,"ההגנה 31, רחובות, 7621302",ההגנה,31,רחובות,7621302,,רחובות,no,,apply,,https://beautyfind.co.il/shfela/biz/hamam-spa-raphael
44571512-39d9-432f-b704-052de5f583ad,Ilana Nails - ציפורניים לק ג׳ל,רחובות,no,ChIJf-pjfDK3AhUReEY9o_0CQLE,"Ben Tsiyon Fogel St 12, Rehovot, 7644803","בן ציון פוגל 12, רחובות",google,7644803,"בן ציון פוגל 12, רחובות, 7644803",בן ציון פוגל,12,רחובות,7644803,,רחובות,no,,apply,,https://beautyfind.co.il/shfela/biz/ilana-nails
e1a9d50c-dcc5-4fbe-9a1d-daa8a1b6dff1,Liel Itzhaki • Face & Skin Care,רחובות,no,ChIJFXJw0dq1AhURkToDuATqBUc,"Moti Kind St 1, Rehovot","מוטי קינד 1, רחובות",google,,"מוטי קינד 1, רחובות",מוטי קינד,1,רחובות,,,רחובות,no,,apply,,https://beautyfind.co.il/shfela/biz/liel-itzhaki-face-and-skin-care
0cf10daa-6231-4464-af2f-0c9dad0bdec7,Limor Cosmetics,רחובות,no,ChIJgetuknW3AhURPLv7ghwFrv0,"Shani St 16, Rehovot","שני 16, רחובות",google,,"שני 16, רחובות",שני,16,רחובות,,,רחובות,no,,apply,,https://beautyfind.co.il/shfela/biz/limor-cosmetics
3e75a41a-03f3-4d98-8a56-21a89a4c7225,Liv Beauty Academy,רחובות,no,ChIJb5AzBfzbAhURg354ndd3lm8,"Herzl St 175, Rehovot","הרצל 175, רחובות",google,,"הרצל 175, רחובות",הרצל,175,רחובות,,,רחובות,no,,apply,,https://beautyfind.co.il/shfela/biz/liv-beauty-academy
9814d9be-8073-4222-a5c2-2482f08a1d3a,NK Beauty Lounge,רחובות,no,ChIJs7q-s_-3AhURIsKpUdzEtwQ,"HaAluf Yaakov Peri St 5, Rehovot","האלוף יעקב פרי 5, רחובות",google,,"האלוף יעקב פרי 5, רחובות",האלוף יעקב פרי,5,רחובות,,,רחובות,no,,apply,,https://beautyfind.co.il/shfela/biz/nk-beauty-lounge
736ea499-991d-470b-af2e-bd051277db68,Perfection - Tanning and Beauty Boutique,רחובות,no,ChIJm_cndwS3AhURJzbrwrUpViM,"Beit ha-Po'alim St 7, Rehovot, 7626713","בית הפועלים 7, רחובות",google,7626713,"בית הפועלים 7, רחובות, 7626713",בית הפועלים,7,רחובות,7626713,,רחובות,no,,apply,,https://beautyfind.co.il/shfela/biz/perfection-tanning-and-beauty-boutique
2800d02f-40a7-47ab-8cfa-486fbe2e5775,sk קוסמטיקה מתקדמת ופדיקור רפואי,רחובות,no,ChIJp_LL4_S3AhURfJMUt4HXcmk,"Aharon Eisenberg St 31, Rehovot, 7629103","אהרון אייזנברג 31, רחובות",google,7629103,"אהרון אייזנברג 31, רחובות, 7629103",אהרון אייזנברג,31,רחובות,7629103,,רחובות,no,,apply,,https://beautyfind.co.il/shfela/biz/sk-קוסמטיקה-מתקדמת-ופדיקור-רפואי
967798ad-a15f-4fa3-903a-791e623c5993,Smile Center Dental Clinic Dr. David Attia,רחובות,no,ChIJKciB9wO3AhURsOBRKSm4VYA,"Menucha Venachala St 33, Rehovot","מנוחה ונחלה 33, רחובות",google,,"מנוחה ונחלה 33, רחובות",מנוחה ונחלה,33,רחובות,,,רחובות,no,,apply,,https://beautyfind.co.il/shfela/biz/smile-center-dental-clinic-dr-david-attia
1fb9c05f-5135-47f9-99d7-f7be941bdb74,Stella Beauty,רחובות,no,ChIJd9Nm-QS3AhURJkDwqZr3dos,"Levin Epstein St 14, Rehovot, 7646014","לוין אפשטיין 14, רחובות",google,7646014,"לוין אפשטיין 14, רחובות, 7646014",לוין אפשטיין,14,רחובות,7646014,,רחובות,no,,apply,,https://beautyfind.co.il/shfela/biz/stella-beauty
d95544c9-60e5-45b2-bdac-06abd65ffea8,"Svetlana Iskhakov - סלון יופי, קוסמטיקה וטיפולים משלימים",רחובות,no,ChIJlyI6mwa3AhURWCU6pGyXCo4,"Ya'akov St 9, Rehovot, 7624302","יעקב 9, רחובות",google,7624302,"יעקב 9, רחובות, 7624302",יעקב,9,רחובות,7624302,,רחובות,no,,apply,,https://beautyfind.co.il/shfela/biz/svetlana-iskhakov
396b0f47-4c94-4e45-be30-8b32c5299ccb,"ד""ר ללוש - מדע מוכח ליופי שלך",רמת גן,no,ChIJQVAWpEFKHRURacLt3YwU9ZQ,"Tfutsot Yisra'el St 6 ב, Giv'atayim, 5358325","תפוצות ישראל 6 ב, גבעתיים",google,5358325,"תפוצות ישראל 6 ב, גבעתיים, 5358325",תפוצות ישראל,6 ב,גבעתיים,5358325,,גבעתיים,yes,givatayim,apply,,https://beautyfind.co.il/dan/biz/דר-ללוש-מדע-מוכח-ליופי-שלך
1752138a-ea22-40b5-a591-5e170fe17b37,דר' שי יצחק דובדבני - אף אוזן גרון ניתוחים רפואיים ופלסטיים אסתטיים,רמת גן,no,ChIJm7iYZYpKHRURukmBfAFcuC8,"Emek HaEla St 7, Ramat Gan","עמק האלה 7, רמת גן",google,,"עמק האלה 7, רמת גן",עמק האלה,7,רמת גן,,,רמת גן,no,,apply,,https://beautyfind.co.il/dan/biz/דר-שי-יצחק-דובדבני-אף-אוזן-גרון-ניתוחים-רפואיים-ופלסטיים-אסת
d5826893-7736-4096-84fc-89db7b52ff74,המספרה של אורלי חן עיצוב שיער,רמת גן,no,ChIJi0qSnsZLHRURMklVAgYzK2o,"Bialik St 142, Ramat Gan","ביאליק 142, רמת גן",google,,"ביאליק 142, רמת גן",ביאליק,142,רמת גן,,,רמת גן,no,,apply,,https://beautyfind.co.il/dan/biz/המספרה-אורלי-חן-עיצוב-שיער
83773757-43ad-4a1a-8a32-4838b8ffe3be,מרפאת שיניים אורן באר שבע,רמת גן,no,ChIJeSXVnbZnAhUR0Z8Z0PJmRjE,"Bialik Mall, Ramat Gan",רמת גן,city_only,,"קניון ביאליק, רמת גן",,,רמת גן,,,רמת גן,no,,apply,,https://beautyfind.co.il/dan/biz/מרפאת-שיניים-אורן-באר-שבע
52e347fa-011f-4997-af07-3930f950d548,שירלי פור החלקה יפנית,רמת גן,no,ChIJ0cx9D11LHRURq3UibfCsgq0,"Ha-Hagana St 1, Ramat Gan, 5226201","ההגנה 1, רמת גן",google,5226201,"ההגנה 1, רמת גן, 5226201",ההגנה,1,רמת גן,5226201,,רמת גן,no,,apply,,https://beautyfind.co.il/dan/biz/שירלי-פור-החלקה-יפנית
f6ada3ef-6eb6-49d7-bd74-b8892cb59a33,BorimskyCosmetic Boutique,רמת גן,no,ChIJNThn0dxLHRURom0Ibniy48E,"Zeev Jabotinsky 43, Ramat Gan, 5249137",רמת גן,city_only,,"Zeev Jabotinsky 43, רמת גן, 5249137",Zeev Jabotinsky,43,רמת גן,5249137,,רמת גן,no,,apply,,https://beautyfind.co.il/dan/biz/borimskycosmetic-boutique
04dec9ce-d39f-4baa-835c-d130a34ace71,DANDA דנדה,רמת גן,no,ChIJzVAjcOBLHRURDpOFSwCP0M8,"יוסף טרומפלדור 2, Ramat Gan","יוסף טרומפלדור 2, רמת גן",google,,"יוסף טרומפלדור 2, רמת גן",יוסף טרומפלדור,2,רמת גן,,,רמת גן,no,,apply,,https://beautyfind.co.il/dan/biz/danda
55c8d098-e68e-4f3a-92c2-42e98dd81d91,Deborah Cosmetics,רמת גן,no,ChIJDR7_bUtKHRUR3Ba5-qNxX_8,"Jerusalem Blvd 20, Ramat Gan","שדרות ירושלים 20, רמת גן",google,,"שדרות ירושלים 20, רמת גן",שדרות ירושלים,20,רמת גן,,,רמת גן,no,,apply,,https://beautyfind.co.il/dan/biz/deborah-cosmetics
a47c066a-3ce3-414b-af68-7b6df17c2218,"Dr Meir Cohen, ד""ר מאיר כהן מנתח פלסטי",רמת גן,no,ChIJSX6SjrhLHRURNfgAM1hqHnY,"Jabotinsky St 7, Ramat Gan, 5252003","זאב ז׳בוטינסקי 7, רמת גן",google,5252003,"רחוב זאב ז'בוטינסקי 7, רמת גן, 5252003",רחוב זאב ז'בוטינסקי,7,רמת גן,5252003,,רמת גן,no,,apply,,https://beautyfind.co.il/dan/biz/dr-meir-cohen
2b9aa1e9-5f31-49dc-9ad3-28a450c51ebf,Dr. Eini - Ramat Gan Clinic,רמת גן,no,ChIJG9xsukZKHRURFXkpDmVGciE,"Sderot HaRav Levin 9, Ramat Gan","שדרות הרב לוין 9, רמת גן",google,,"שדרות הרב לוין 9, רמת גן",שדרות הרב לוין,9,רמת גן,,,רמת גן,no,,apply,,https://beautyfind.co.il/dan/biz/dr-eini-ramat-gan-clinic
a2e99842-8291-4be3-b41c-b65feb91c9e4,Leading aesthetic clinic - Dr. Shapiro,רמת גן,no,ChIJrVBQMJRLHRURI9zVD69kjjo,"Abba Hillel Silver Rd 7, Ramat Gan, 5252204","דרך אבא הלל 7, רמת גן",google,5252204,"דרך אבא הלל 7, רמת גן, 5252204",דרך אבא הלל,7,רמת גן,5252204,,רמת גן,no,,apply,,https://beautyfind.co.il/dan/biz/leading-aesthetic-clinic-dr-shapiro
5d770ba5-8f8f-4690-8c95-766b092f9cd8,One by Pini Cohen,רמת גן,no,ChIJAxDWhU5KHRURFz95FWWc6JI,"Haroe St 184, Ramat Gan, 5234320","הרא״ה 184, רמת גן",google,5234320,"הרא""ה 184, רמת גן, 5234320","הרא""ה",184,רמת גן,5234320,,רמת גן,no,,apply,,https://beautyfind.co.il/dan/biz/one-by-pini-cohen
e717d807-4295-49ae-a8db-b8d67868360e,OZ LEVI החלקות שיער,רמת גן,no,ChIJwRV05bJNHRURoCufw6-vYDo,"Yehoshafat St 1, Ramat Gan","יהושפט 1, רמת גן",google,,"יהושפט 1, רמת גן",יהושפט,1,רמת גן,,,רמת גן,no,,apply,,https://beautyfind.co.il/dan/biz/oz-levi
b84a5e6c-be4a-46da-a0a7-a7d6b20fe87b,Por La Vida,רמת גן,no,ChIJX6j7t8tLHRURw9laICjY4kU,"Bialik St 48, Ramat Gan","ביאליק 48, רמת גן",google,,"ביאליק 48, רמת גן",ביאליק,48,רמת גן,,,רמת גן,no,,apply,,https://beautyfind.co.il/dan/biz/por-la-vida
16058a68-8bd4-4746-b087-cfacffe73519,Studio by Michael - Hair Salon רמת גן,רמת גן,no,ChIJ-890e0lKHRUR-yeGbF1-p94,"Sderot Yerushalayim 47, Ramat Gan","שדרות ירושלים 47, רמת גן",google,,"שדרות ירושלים 47, רמת גן",שדרות ירושלים,47,רמת גן,,,רמת גן,no,,apply,,https://beautyfind.co.il/dan/biz/studio-by-michael-hair-salon
5f2f81a4-0f17-4aad-b614-af060b99b052,PrettyRiss Academy קורס הלחמת ריסים | קורס הרמת ריסים,רמת השרון,no,ChIJTWTrUMpJHRUR5EZI96G7AVQ,"Dr Elie Tavin St 9, Tel Aviv-Yafo, 6962909","ד״ר אלי תבין 9, תל אביב-יפו",google,6962909,"ד""ר אלי תבין 9, תל אביב-יפו, 6962909","ד""ר אלי תבין",9,תל אביב-יפו,6962909,,תל אביב-יפו,yes,tel-aviv,apply,,https://beautyfind.co.il/sharon/biz/prettyriss-academy
41b33d29-6986-4758-b382-2bde08d435be,4Man - מכון יופי וטיפוח לגבר בתל אביב,תל אביב–יפו,no,ChIJP1WkuoFMHRUR-nnb9cIf-jQ,"Harav Reines St 18, Tel Aviv-Yafo","ריינס 18, תל אביב–יפו",google,,"ריינס 18, תל אביב-יפו",ריינס,18,תל אביב-יפו,,,תל אביב–יפו,no,,apply,,https://beautyfind.co.il/dan/biz/4man
125f87c2-198c-4366-8112-ec766e68b10a,808 Haircut & Grooming 808TLV Tel Aviv Барбершоп | Barbershop - מספרה,תל אביב–יפו,no,ChIJX9arno9NHRURMpkRDKow1zY,"Chlenov St 6, Tel Aviv-Yafo, 6685903","צ׳לנוב 6, תל אביב–יפו",google,6685903,"צ'לנוב 6, תל אביב-יפו, 6685903",צ'לנוב,6,תל אביב-יפו,6685903,,תל אביב–יפו,no,,apply,,https://beautyfind.co.il/dan/biz/808-haircut-and-grooming-808tlv-tel-aviv-barbershop
ecaaa21f-6402-480b-94a6-f54aeb71b095,אי-קו סלון - Ei-Co Salon,תל אביב–יפו,no,ChIJ4WK-e_VLHRUR8o_iFdfH5nc,"Yirmeyahu St 3, Tel Aviv-Yafo","ירמיהו 3, תל אביב–יפו",google,,"ירמיהו 3, תל אביב-יפו",ירמיהו,3,תל אביב-יפו,,,תל אביב–יפו,no,,apply,,https://beautyfind.co.il/dan/biz/ei-co-salon
39725c0f-27d3-43e2-b215-b440c24530bc,איילת גייר השתלות שיער בישראל וטיפולים מתקדמים,תל אביב–יפו,no,ChIJe3fOmWBJHRURKygTm76SUzM,"HaBarzel St 24 א, קומה 4, Tel Aviv-Yafo, 6971068","הברזל 24 א, קומה 4, תל אביב–יפו",google,6971068,"הברזל 24 א, קומה 4, תל אביב-יפו, 6971068",הברזל,24 א,תל אביב-יפו,6971068,,תל אביב–יפו,no,,apply,,https://beautyfind.co.il/dan/biz/איילת-גייר-השתלות-שיער-בישראל-וטיפולים-מתקדמים
7a042352-928d-45bb-83d9-6d4421779406,אירית גולן קוסמטיקאית -טיפולי פנים והסרת שיער בלייזר,תל אביב–יפו,no,ChIJoXQHjEdJHRURD4mDEpIOeqQ,"מיקדו סנטר, Aharon Becker St 8, קומה 2, Tel Aviv-Yafo","אהרון בקר 8, קומה 2, תל אביב–יפו",google,,"מיקדו סנטר, אהרון בקר 8, קומה 2, תל אביב-יפו",אהרון בקר,8,תל אביב-יפו,,,תל אביב–יפו,no,,apply,,https://beautyfind.co.il/dan/biz/אירית-גולן-קוסמטיקאית-טיפולי-פנים-והסרת-שיער-בלייזר
b8d35e6b-4975-4351-8cdc-efb35b189595,אמריקן לייזר- תל אביב,תל אביב–יפו,no,ChIJ-xBr9YBLHRURfRkq_F0F6LA,"Dizengoff St 50, Tel Aviv-Yafo, 6433268","דיזנגוף 50, תל אביב–יפו",google,6433268,"דיזנגוף 50, תל אביב-יפו, 6433268",דיזנגוף,50,תל אביב-יפו,6433268,,תל אביב–יפו,no,,apply,,https://beautyfind.co.il/dan/biz/אמריקן-לייזר-תל-אביב
10e7985d-1462-400f-bff7-4503254b418e,אנדר פלאנט Another planet,תל אביב–יפו,no,ChIJ3yiI9llNHRURJefDv5iFyo8,"HaRabi MiBachrach St 8, Tel Aviv-Yafo","הרבי מבכרך 8, תל אביב–יפו",google,,"הרבי מבכרך 8, תל אביב-יפו",הרבי מבכרך,8,תל אביב-יפו,,,תל אביב–יפו,no,,apply,,https://beautyfind.co.il/dan/biz/another-planet
4c6fbe8b-f945-4e62-8586-8c94d711366f,אנזו מד Anzo Med,תל אביב–יפו,no,ChIJxV6CwXZLHRURG_WsyrQZ33M,"HaSharon St 14, Tel Aviv-Yafo, 6618507","השרון 14, תל אביב–יפו",google,6618507,"השרון 14, תל אביב-יפו, 6618507",השרון,14,תל אביב-יפו,6618507,,תל אביב–יפו,no,,apply,,https://beautyfind.co.il/dan/biz/anzo-med
2d77cda8-c9e8-4e41-b039-51c7d0edc141,אריאל מספרה נווה אביבים רמת אביב,תל אביב–יפו,no,ChIJ8YE-12lJHRURBJPDQbG7Yv4,"רבינדראנרט, Tagore St 55, Tel Aviv-Yafo, 6934110","רבינדרנת טאגור 55, תל אביב–יפו",google,6934110,"רבינדראנרט, רחוב רבינדרנת טאגור 55, תל אביב-יפו, 6934110",רחוב רבינדרנת טאגור,55,תל אביב-יפו,6934110,,תל אביב–יפו,no,,apply,,https://beautyfind.co.il/dan/biz/אריאל-מספרה-נווה-אביבים-רמת-אביב
e0e7c443-ee21-4be5-8bb3-2568adf37232,אתר דוקטור חן,תל אביב–יפו,no,ChIJyW64W7tLHRURgSCYQ-TPnvc,"HaBarzel St 31, Tel Aviv-Yafo","הברזל 31, תל אביב–יפו",google,,"הברזל 31, תל אביב-יפו",הברזל,31,תל אביב-יפו,,,תל אביב–יפו,no,,apply,,https://beautyfind.co.il/dan/biz/אתר-דוקטור-חן
86dcf669-765a-4931-8ad5-ae4a67f86c38,ביוטי פייס מכון הסרת שיער,תל אביב–יפו,no,ChIJqZ9FYoBLHRUR12zWtyRjo4c,"Yehuda Margoza St 9, Tel Aviv-Yafo","יהודה מרגוזה 9, תל אביב–יפו",google,,"רחוב יהודה מרגוזה 9, תל אביב-יפו",רחוב יהודה מרגוזה,9,תל אביב-יפו,,,תל אביב–יפו,no,,apply,,https://beautyfind.co.il/dan/biz/ביוטי-פייס-מכון-הסרת-שיער
48804575-e784-45c7-a79d-6c087329fe49,גיל דורמן - המרכז לטיפולי פיגמנטציה,תל אביב–יפו,no,ChIJy7SVHG5JHRUReyZukhUnuDg,"HaBarzel St 31, Tel Aviv-Yafo","הברזל 31, תל אביב–יפו",google,,"הברזל 31, תל אביב-יפו",הברזל,31,תל אביב-יפו,,,תל אביב–יפו,no,,apply,,https://beautyfind.co.il/dan/biz/גיל-דורמן-המרכז-לטיפולי-פיגמנטציה
6c599493-1abb-4bb8-bb35-4738572296ca,"ד""ר אבנר בן שושן",תל אביב–יפו,no,ChIJP-tX2rdJHRURJBi4lYnCBOw,"ברודצקי 43, כניסה ב' - קומה 4, Tel Aviv-Yafo, 6905235","ברודצקי 43, כניסה ב׳ - קומה 4, תל אביב–יפו",original,,"ברודצקי 43, כניסה ב' - קומה 4, תל אביב-יפו, 6905235",,,תל אביב-יפו,6905235,,תל אביב–יפו,no,,apply,,https://beautyfind.co.il/dan/biz/דר-אבנר-בן-שושן
45e6545d-12da-4e23-a764-0ea9214e6744,"ד""ר אהרן עמיר -מומחה בינלאומי לכירורגיה פלסטית, אסתטית ומשחזרת",תל אביב–יפו,no,ChIJ83qrmZNLHRUR7c5HrpWBEDs,מנחם בגין 150 בניין We,"מנחם בגין 150 בניין, תל אביב–יפו",original,,"מנחם בגין 150 בניין We, תל אביב-יפו",,,תל אביב-יפו,,,תל אביב–יפו,no,,apply,,https://beautyfind.co.il/dan/biz/דר-אהרן-עמיר-מומחה-בינלאומי-לכירורגיה-פלסטית-אסתטית-ומשחזרת
758de1cc-ed61-4ff7-97b1-0720b36184a0,"ד״ר אודי ארד, מומחה בניתוחים פלסטיים וטיפולים אסתטיים",תל אביב–יפו,no,ChIJG_8Wm4A_HRURLknJEzhhnqA,"HaBarzel St 9a, Tel Aviv-Yafo, 6971009","הברזל 9a, תל אביב–יפו",google,6971009,"הברזל 9a, תל אביב-יפו, 6971009",הברזל,9a,תל אביב-יפו,6971009,,תל אביב–יפו,no,,apply,,https://beautyfind.co.il/dan/biz/דר-אודי-ארד-מומחה-בניתוחים-פלסטיים-וטיפולים-אסתטיים
53c9fbe6-c038-45f0-a742-9c4aa40f82f6,"ד""ר אור פרידמן מומחה לכירורגיה פלסטית משחזרת ואסתטית",תל אביב–יפו,no,ChIJ37fd5Q5JHRURp0wnGhOkaO0,"Sderot Sha'ul HaMelech St 39, Tel Aviv-Yafo, 6492807","שדרות שאול המלך 39, תל אביב–יפו",google,6492807,"שדרות שאול המלך 39, תל אביב-יפו, 6492807",שדרות שאול המלך,39,תל אביב-יפו,6492807,,תל אביב–יפו,no,,apply,,https://beautyfind.co.il/dan/biz/דר-אור-פרידמן-מומחה-לכירורגיה-פלסטית-משחזרת-ואסתטית
7cdcfeb1-e294-4fd3-8c35-6af5e10b5669,"ד""ר אורי שבשין- מנתח פלסטי",תל אביב–יפו,no,ChIJ1UZrPmdJHRURt2aKoBwg8po,"HaBarzel St 28, Tel Aviv-Yafo","הברזל 28, תל אביב–יפו",google,,"הברזל 28, תל אביב-יפו",הברזל,28,תל אביב-יפו,,,תל אביב–יפו,no,,apply,,https://beautyfind.co.il/dan/biz/דר-אורי-שבשין-מנתח-פלסטי
af501a92-5f78-47d4-ac11-d5d30dc6a60c,ד״ר אורן גולדשטיין,תל אביב–יפו,no,ChIJ9VGvJTdJHRURHqsApjrrg6g,"HaBarzel St 11, Tel Aviv-Yafo","הברזל 11, תל אביב–יפו",google,,"הברזל 11, תל אביב-יפו",הברזל,11,תל אביב-יפו,,,תל אביב–יפו,no,,apply,,https://beautyfind.co.il/dan/biz/דר-אורן-גולדשטיין
89213fc9-41cb-45ef-8025-37c7f5d2506a,"ד""ר אידלמן יצחק רופא שיניים",תל אביב–יפו,no,ChIJlY8GXwxLHRURrTrRW50IhSc,"בית רופאים, Shprintsak St 3, Tel Aviv-Yafo","שפרינצק 3, תל אביב–יפו",google,,"בית רופאים, שפרינצק 3, תל אביב-יפו",שפרינצק,3,תל אביב-יפו,,,תל אביב–יפו,no,,apply,,https://beautyfind.co.il/dan/biz/דר-אידלמן-יצחק-רופא-שיניים
cfd78421-587a-4765-9296-85be71ff69d3,ד״ר איתם וייס - מומחה לכירורגיה פלסטית ואסתטית,תל אביב–יפו,no,ChIJ9d6c22NLHRURRiIJB5syzzE,"Weizmann St 14, Tel Aviv-Yafo, 64239","ויצמן‬ 14, תל אביב–יפו",google,64239,"ויצמן‬ 14, תל אביב-יפו, 64239",ויצמן‬,14,תל אביב-יפו,64239,,תל אביב–יפו,no,,apply,,https://beautyfind.co.il/dan/biz/דר-איתם-וייס-מומחה-לכירורגיה-פלסטית-ואסתטית
23ca4a86-1c20-4b51-a8b6-30a5c76f4a95,"ד""ר אכי פרידמן",תל אביב–יפו,no,ChIJ1eMEybxJHRURcmKeayRPHeQ,"Menakhem Begin Rd 150, קומה 5, Tel Aviv-Yafo, 6492105","דרך מנחם בגין 150, קומה 5, תל אביב–יפו",google,6492105,"דרך מנחם בגין 150, קומה 5, תל אביב-יפו, 6492105",דרך מנחם בגין,150,תל אביב-יפו,6492105,,תל אביב–יפו,no,,apply,,https://beautyfind.co.il/dan/biz/דר-אכי-פרידמן
a6205955-18a0-4099-8f66-79ef26092e33,"ד""ר אלון לירן - מנתח פלסטי בכיר | מומחה בכירורגיה פלסטית, אסתטית ומשחזרת",תל אביב–יפו,no,ChIJPQJr36lJHRURRrhQ8eEbPrs,"הנחושת 3, כניסה B, קומה 3, Tel Aviv-Yafo, 6971068","הנחושת 3, כניסה, קומה 3, תל אביב–יפו",original,,"הנחושת 3, כניסה B, קומה 3, Tel Aviv-Yafo, 6971068",,,Tel Aviv-Yafo,6971068,,תל אביב–יפו,no,,apply,,https://beautyfind.co.il/dan/biz/דר-אלון-לירן-מנתח-פלסטי-בכיר-מומחה-בכירורגיה-פלסטית-אסתטית-ו
5583a955-dc96-4c3b-9d44-3a7500bf06ba,"ד""ר אלי כלב - רפואה אסתטית ללא ניתוח",תל אביב–יפו,no,ChIJf9Ek9TZLHRURcq-lu4KFemc,"Harav Reines St 18, Tel Aviv-Yafo, 6438123","ריינס 18, תל אביב–יפו",google,6438123,"ריינס 18, תל אביב-יפו, 6438123",ריינס,18,תל אביב-יפו,6438123,,תל אביב–יפו,no,,apply,,https://beautyfind.co.il/dan/biz/דר-אלי-כלב-רפואה-אסתטית-ללא-ניתוח
1a02e569-909f-430f-82f6-3a144f206baa,"ד""ר דורון אבניאלי, השתלות שיניים, טיפולי שיניים בהרדמה מלאה",תל אביב–יפו,no,ChIJ3Wbua41LHRURXJcevsag3P0,"HaBarzel St 11, כניסה A קומה 3, Tel Aviv-Yafo, 6296202","כניסה קומה 3, תל אביב–יפו",original,,"HaBarzel St 11, כניסה A קומה 3, Tel Aviv-Yafo, 6296202",HaBarzel Street,11,Tel Aviv-Yafo,6296202,,תל אביב–יפו,no,,apply,,https://beautyfind.co.il/dan/biz/דר-דורון-אבניאלי-השתלות-שיניים-טיפולי-שיניים-בהרדמה-מלאה
aa34b022-a476-4b3c-a121-43d9a8a0ab3c,ד״ר דיאא זייד - Dr Diaa zaid,תל אביב–יפו,no,ChIJaTVCV71LHRURy633Alykofs,"HaArba'a St 28, Tel Aviv-Yafo, 22221","הארבעה 28, תל אביב–יפו",google,22221,"הארבעה 28, תל אביב-יפו, 22221",הארבעה,28,תל אביב-יפו,22221,,תל אביב–יפו,no,,apply,,https://beautyfind.co.il/dan/biz/dr-diaa-zaid
733686c9-c4e1-4e6c-84a5-0ad0c95652f7,"ד""ר דנה בוכבוט - רפואת שיער ורפואה אסתטית",תל אביב–יפו,no,ChIJNbalc3BJHRURZhRTtQiBdPw,"בית הרופאים, HaBarzel St 11, Tel Aviv-Yafo, 6323702","הברזל 11, תל אביב–יפו",dictionary,,"בית הרופאים, HaBarzel St 11, Tel Aviv-Yafo, 6323702",HaBarzel Street,11,Tel Aviv-Yafo,6323702,,תל אביב–יפו,no,,apply,,https://beautyfind.co.il/dan/biz/דר-דנה-בוכבוט-רפואת-שיער-ורפואה-אסתטית
73dcc4d5-53ab-492c-847c-0c9ebe462c3d,"ד""ר דרור בן-שלמה רופא שיניים וטיפולים אסתטיים בתל אביב",תל אביב–יפו,no,ChIJJ08hbXhLHRURTQjRWg5Y1UQ,"Malkhi Yisrael St 17, Tel Aviv-Yafo","מלכי ישראל 17, תל אביב–יפו",google,,"מלכי ישראל 17, תל אביב-יפו",מלכי ישראל,17,תל אביב-יפו,,,תל אביב–יפו,no,,apply,,https://beautyfind.co.il/dan/biz/דר-דרור-בן-שלמה-רופא-שיניים-וטיפולים-אסתטיים-בתל-אביב
92c6dd2a-714d-4328-8de6-46744895b9b9,"ד""ר זיידמן אלון יישור שיניים נסתר",תל אביב–יפו,no,ChIJ6UuqIpFLHRURNrjgIg1SfLs,"Weizmann St 14, Tel Aviv-Yafo","ויצמן‬ 14, תל אביב–יפו",google,,"ויצמן‬ 14, תל אביב-יפו",ויצמן‬,14,תל אביב-יפו,,,תל אביב–יפו,no,,apply,,https://beautyfind.co.il/dan/biz/דר-זיידמן-אלון-יישור-שיניים-נסתר
459b4ea6-3f45-44f9-940a-ba6cef88b204,"ד""ר יאיר יוסף",תל אביב–יפו,no,ChIJV6SwVqajAhURUTdq57HcQX4,"Menakhem Begin Rd 156, Tel Aviv-Yafo, 6492108","דרך מנחם בגין 156, תל אביב–יפו",google,6492108,"דרך מנחם בגין 156, תל אביב-יפו, 6492108",דרך מנחם בגין,156,תל אביב-יפו,6492108,,תל אביב–יפו,no,,apply,,https://beautyfind.co.il/dan/biz/דר-יאיר-יוסף
84289740-1be4-4358-96e3-df00978b0e80,ד״ר יוני דללי - רפואה אסתטית,תל אביב–יפו,no,ChIJ6eoJTQhNHRURRgBx1vIDgV4,"מגדל אקרו, Yitzhak Sadeh St 8, Tel Aviv-Yafo","יצחק שדה 8, מגדל אקרו, תל אביב–יפו",google,,"מגדל אקרו, יצחק שדה 8, תל אביב-יפו",יצחק שדה,8,תל אביב-יפו,,,תל אביב–יפו,no,,apply,,https://beautyfind.co.il/dan/biz/דר-יוני-דללי-רפואה-אסתטית
26523da2-0961-4a0e-99f4-fc9a05babf96,"ד""ר יונתן ווגמן",תל אביב–יפו,no,ChIJl41SEvJJHRUR3iLtd0SYShw,"Kehilat Saloniki St 13, קומה 2, Tel Aviv-Yafo","קהילת סלוניקי 13, קומה 2, תל אביב–יפו",google,,"קהילת סלוניקי 13, קומה 2, תל אביב-יפו",קהילת סלוניקי,13,תל אביב-יפו,,,תל אביב–יפו,no,,apply,,https://beautyfind.co.il/dan/biz/דר-יונתן-ווגמן
b88742b2-8f26-47aa-8d62-b36a6d1967e5,"ד""ר כריס השתלת שיער CHOIEXPERT",תל אביב–יפו,no,ChIJkUSCb3VJHRURIv7UYMWFiFM,"בית הרופאים, HaBarzel St 11, Tel Aviv-Yafo, 6971017","הברזל 11, תל אביב–יפו",dictionary,,"בית הרופאים, HaBarzel St 11, Tel Aviv-Yafo, 6971017",HaBarzel Street,11,Tel Aviv-Yafo,6971017,,תל אביב–יפו,no,,apply,,https://beautyfind.co.il/dan/biz/choiexpert
1e8c108d-20ea-4043-bd39-5461c64f0c86,"ד""ר נועם חי | מנתח פלסטי בכיר בתל אביב",תל אביב–יפו,no,ChIJJbtFE5lLHRURISFj1d27wcc,"מגדלי מידטאון, Menakhem Begin Rd 144 א, Tel Aviv-Yafo","דרך מנחם בגין 144 א, תל אביב–יפו",google,,"מגדלי מידטאון, דרך מנחם בגין 144 א, תל אביב-יפו",דרך מנחם בגין,144 א,תל אביב-יפו,,,תל אביב–יפו,no,,apply,,https://beautyfind.co.il/dan/biz/דר-נועם-חי-מנתח-פלסטי-בכיר-בתל-אביב
fbd81ef3-7e3f-4513-ab19-a496a68e22fe,"ד""ר נמרוד פרידמן- ניתוחים פלסטיים וטיפולים אסתטיים",תל אביב–יפו,no,ChIJh1NvSZ9LHRURyTnrGmX9d5I,"HaBarzel St 32, Tel Aviv-Yafo","הברזל 32, תל אביב–יפו",google,,"הברזל 32, תל אביב-יפו",הברזל,32,תל אביב-יפו,,,תל אביב–יפו,no,,apply,,https://beautyfind.co.il/dan/biz/דר-נמרוד-פרידמן-ניתוחים-פלסטיים-וטיפולים-אסתטיים
8848c4aa-e0c4-43eb-b18a-ae99c2a356c4,"ד""ר עומר וולף - המרפאה הפרטית בע״מ",תל אביב–יפו,no,ChIJO2yNBmNKHRURRSniAv_AaOw,"HaBarzel St 9, Tel Aviv-Yafo, 6971013","הברזל 9, תל אביב–יפו",google,6971013,"הברזל 9, תל אביב-יפו, 6971013",הברזל,9,תל אביב-יפו,6971013,,תל אביב–יפו,no,,apply,,https://beautyfind.co.il/dan/biz/דר-עומר-וולף-המרפאה-הפרטית-בעמ
9de5fe8a-48df-47f1-9013-3c5653e3b84a,"ד""ר ערן חדד - מנתח פלסטי, מומחה לכירורגיה פלסטית - כירורג פלסטי",תל אביב–יפו,no,ChIJHQpSvZRJHRURMF1QbDpXB7s,"HaBarzel St 21, Tel Aviv-Yafo, 6971029","הברזל 21, תל אביב–יפו",google,6971029,"הברזל 21, תל אביב-יפו, 6971029",הברזל,21,תל אביב-יפו,6971029,,תל אביב–יפו,no,,apply,,https://beautyfind.co.il/dan/biz/דר-ערן-חדד-מנתח-פלסטי-מומחה-לכירורגיה-פלסטית-כירורג-פלסטי
98bf9648-5e49-4df3-81b3-f68142edcdfd,ד״ר ערן צנציפר- מומחה לשיקום הפה,תל אביב–יפו,no,ChIJ6R42o49LHRUR-6J-iKoPwD0,"Dizengoff St 101, Tel Aviv-Yafo, 6439613","דיזנגוף 101, תל אביב–יפו",google,6439613,"דיזנגוף 101, תל אביב-יפו, 6439613",דיזנגוף,101,תל אביב-יפו,6439613,,תל אביב–יפו,no,,apply,,https://beautyfind.co.il/dan/biz/דר-ערן-צנציפר-מומחה-לשיקום-הפה
84b983eb-e26b-4cee-ac49-3db5cf30cf13,"ד""ר רון יהב - מרפאת אמייזינג סמייל, מרפאת שיניים בתל אביב",תל אביב–יפו,no,ChIJa_mtAexLHRURfoi6urcsor4,"Moshe Sharet St 66, Tel Aviv-Yafo, 6250418","משה שרת 66, תל אביב–יפו",google,6250418,"משה שרת 66, תל אביב-יפו, 6250418",משה שרת,66,תל אביב-יפו,6250418,,תל אביב–יפו,no,,apply,,https://beautyfind.co.il/dan/biz/דר-רון-יהב-מרפאת-אמייזינג-סמייל-מרפאת-שיניים-בתל-אביב
ce18701c-19d9-4b43-a72c-ec1d5a9b3002,"ד""ר תומר פרלוק",תל אביב–יפו,no,ChIJD_sw27izAhURvAbOTJ2HLj8,"Arazi St 18, Tel Aviv-Yafo","ארזי 18, תל אביב–יפו",google,,"ארזי 18, תל אביב-יפו",ארזי,18,תל אביב-יפו,,,תל אביב–יפו,no,,apply,,https://beautyfind.co.il/dan/biz/דר-תומר-פרלוק
cb305c0b-e3b0-4d57-84c6-557f5f3efce0,דוקטור אברי רווה - מנתח פלסטי בכיר I כירורג פלסטי,תל אביב–יפו,no,ChIJE4lkJJJLHRURJQZwzhm0UnA,"תש״ח 2 קומה 5, Tel Aviv-Yafo","תש״ח 2 קומה 5, תל אביב–יפו",original,,"תש״ח 2 קומה 5, Tel Aviv-Yafo",,,Tel Aviv-Yafo,,,תל אביב–יפו,no,,apply,,https://beautyfind.co.il/dan/biz/דוקטור-אברי-רווה-מנתח-פלסטי-בכיר-i-כירורג-פלסטי
b542c385-aad1-4b5d-94af-e485109d570f,דוקטור אילקר - מומחה עולמי להשתלות שיער,תל אביב–יפו,no,ChIJ-RcqwWVJHRURCf9WgJ7UXJc,"Yigal Alon St 94, Tel Aviv-Yafo, 6789139","יגאל אלון 94, תל אביב–יפו",google,6789139,"יגאל אלון 94, תל אביב-יפו, 6789139",יגאל אלון,94,תל אביב-יפו,6789139,,תל אביב–יפו,no,,apply,,https://beautyfind.co.il/dan/biz/דוקטור-אילקר-מומחה-עולמי-להשתלות-שיער
cfedd499-1a35-4c61-a48a-61925886df64,דיאנה - בית הספר לעיצוב שיער ומקצועות היופי,תל אביב–יפו,no,ChIJraP00olLHRURe4LB4vstvj4,"Dizengoff St 190, Tel Aviv-Yafo","דיזנגוף 190, תל אביב–יפו",google,,"דיזנגוף 190, תל אביב-יפו",דיזנגוף,190,תל אביב-יפו,,,תל אביב–יפו,no,,apply,,https://beautyfind.co.il/dan/biz/דיאנה-הספר-לעיצוב-שיער-ומקצועות-היופי
e7d42b0b-f6c3-4a29-a665-1be7b87c0432,דיוויס ואודי סלון ובית ספר לספרות,תל אביב–יפו,no,ChIJ9y1pIfVLHRURPCd2nngPOKo,"Dizengoff St 255, Tel Aviv-Yafo","דיזנגוף 255, תל אביב–יפו",google,,"דיזנגוף 255, תל אביב-יפו",דיזנגוף,255,תל אביב-יפו,,,תל אביב–יפו,no,,apply,,https://beautyfind.co.il/dan/biz/דיוויס-ואודי-סלון-ובית-ספר-לספרות
b0c1e25d-797e-4146-b2c2-175f5d144556,דיתי מסר | מאפרת,תל אביב–יפו,no,ChIJy_GF8HlLHRURzpSK6xRReA0,"Shtulim St 61, Tel Aviv-Yafo, 6762563","שתולים 61, תל אביב–יפו",google,6762563,"שתולים 61, תל אביב-יפו, 6762563",שתולים,61,תל אביב-יפו,6762563,,תל אביב–יפו,no,,apply,,https://beautyfind.co.il/dan/biz/דיתי-מסר-מאפרת
2df2cf51-e69b-482e-9c6c-c609803964af,דר' שיין - מומחה בכירורגיה פלסטית,תל אביב–יפו,no,ChIJU5ftdCFJHRURkn5ggPxOAJY,"רח׳, HaNechoshet St 3, Tel Aviv-Yafo, 6971068","הנחושת 3, תל אביב–יפו",google,6971068,"רח׳, הנחושת 3, תל אביב-יפו, 6971068",הנחושת,3,תל אביב-יפו,6971068,,תל אביב–יפו,no,,apply,,https://beautyfind.co.il/dan/biz/דר-שיין-מומחה-בכירורגיה-פלסטית
1858d488-6e11-4238-acce-2bb62e302490,הזרקות וחומצה בתל אביב | קליניקה לרפואה אסתטית Théa | ד״ר יובל זינגר,תל אביב–יפו,no,ChIJD9kbNNhNHRURUqll__p0sK8,"קומת קרקע, רבינוביץ שפ״ר 1, Tel Aviv-Yafo, 6560349","רבינוביץ שפ״ר 1, קומת קרקע, תל אביב–יפו",google,6560349,"קומת קרקע, רבינוביץ שפ״ר 1, תל אביב-יפו, 6560349",רבינוביץ שפ״ר,1,תל אביב-יפו,6560349,,תל אביב–יפו,no,,apply,,https://beautyfind.co.il/dan/biz/thea
4125d5eb-f414-4c25-b3dd-0e8069a75afa,הסרת נגעי עור | הסרת נקודות חן | הסרת קונדילומה | הסרת שומות | אנגיוקרטומה | קסנטלזמה | נקודות אדומות (המנגיומות) - Medical-C,תל אביב–יפו,no,ChIJn2-ogT9LHRURHQw7jOnbuMI,"Menakhem Begin Rd 150, Tel Aviv-Yafo, 6936468","דרך מנחם בגין 150, תל אביב–יפו",google,6936468,"דרך מנחם בגין 150, תל אביב-יפו, 6936468",דרך מנחם בגין,150,תל אביב-יפו,6936468,,תל אביב–יפו,no,,apply,,https://beautyfind.co.il/dan/biz/medical-c
aded8126-8d8c-49e7-a035-0dc0f889ccba,"הסרת שיער בלייזר , לק ג'ל מניקור פדיקור , טיפולי פנים רמת החייל",תל אביב–יפו,no,ChIJoW5iyX9JHRUR93Gyp_fcegk,"Kam St 87, Tel Aviv-Yafo","ק״ם 87, תל אביב–יפו",google,,"ק""ם 87, תל אביב-יפו","ק""ם",87,תל אביב-יפו,,,תל אביב–יפו,no,,apply,,https://beautyfind.co.il/dan/biz/הסרת-שיער-בלייזר-לק-גל-מניקור-פדיקור-טיפולי-פנים-רמת-החייל
2b8e6318-5a0d-4b4d-aaf3-b52b5d94ccab,הקומה של אהובה,תל אביב–יפו,no,ChIJ_x8IID9JHRURXzJqYAajyZM,"Arthur Rubinstein St 3, Tel Aviv-Yafo","ארתור רובינשטיין 3, תל אביב–יפו",google,,"ארתור רובינשטיין 3, תל אביב-יפו",ארתור רובינשטיין,3,תל אביב-יפו,,,תל אביב–יפו,no,,apply,,https://beautyfind.co.il/dan/biz/הקומה-אהובה
92d8659d-5d9f-459d-8221-c67756d5e310,ורה קליניק,תל אביב–יפו,no,ChIJPW-rkhhNHRUR3x9xrA1wsX0,"Jerusalem Blvd 66, Tel Aviv-Yafo","שדרות ירושלים 66, תל אביב–יפו",google,,"שדרות ירושלים 66, תל אביב-יפו",שדרות ירושלים,66,תל אביב-יפו,,,תל אביב–יפו,no,,apply,,https://beautyfind.co.il/dan/biz/ורה-קליניק
d28ebe09-451a-4ae9-ad6c-da08984ceae1,חד וחלק Pini Eliya,תל אביב–יפו,no,ChIJ_Rp6UoJLHRURGd2K0y6hEMs,"Shlomo Ibn Gabirol St 21, Tel Aviv-Yafo","שלמה אבן גבירול 21, תל אביב–יפו",google,,"שלמה אבן גבירול 21, תל אביב-יפו",שלמה אבן גבירול,21,תל אביב-יפו,,,תל אביב–יפו,no,,apply,,https://beautyfind.co.il/dan/biz/pini-eliya
e31afad1-b3c7-48b0-9817-b761d6e811ce,חיים קפלן,תל אביב–יפו,no,ChIJuaMRYYNLHRURzG8d_a7lCB4,"Dubnov St 10, Tel Aviv-Yafo, 6473209","דובנוב 10, תל אביב–יפו",google,6473209,"דובנוב 10, תל אביב-יפו, 6473209",דובנוב,10,תל אביב-יפו,6473209,,תל אביב–יפו,no,,apply,,https://beautyfind.co.il/dan/biz/חיים-קפלן
7ef56877-6de8-4ee3-85d3-84f2c43fac74,חנה מושייב,תל אביב–יפו,no,ChIJqzO5bSJNHRURBOpF4EUC5wM,"HaRav Yizkhak Yedidya Frenkel 35, Tel Aviv-Yafo","הרב יצחק ידידיה פרנקל 35, תל אביב–יפו",google,,"הרב יצחק ידידיה פרנקל 35, תל אביב-יפו",הרב יצחק ידידיה פרנקל,35,תל אביב-יפו,,,תל אביב–יפו,no,,apply,,https://beautyfind.co.il/dan/biz/חנה-מושייב
1bb5315d-d896-4421-a096-0271d97f0ba0,יגאל ויצמן - החלקה אורגנית | תוספות שיער | צמיד שיער,תל אביב–יפו,no,ChIJ89v5MpFJHRURuNOOHSBHVJc,"Harugei Malkhut St 7א, Tel Aviv-Yafo, 6971407","הרוגי מלכות 7א, תל אביב–יפו",google,6971407,"הרוגי מלכות 7א, תל אביב-יפו, 6971407",הרוגי מלכות,7א,תל אביב-יפו,6971407,,תל אביב–יפו,no,,apply,,https://beautyfind.co.il/dan/biz/יגאל-ויצמן-החלקה-אורגנית-תוספות-שיער-צמיד-שיער
4a91d675-61e9-48c8-94c9-f663c0ad9ff8,יוסי ממן,תל אביב–יפו,no,ChIJW7uJsopLHRURcc-F3__lRTU,"Ben Yehuda St 234, Tel Aviv-Yafo","בן יהודה 234, תל אביב–יפו",google,,"בן יהודה 234, תל אביב-יפו",בן יהודה,234,תל אביב-יפו,,,תל אביב–יפו,no,,apply,,https://beautyfind.co.il/dan/biz/יוסי-ממן
77692c6f-a6bd-4c13-b92b-c41dea986f6d,ירון אזולאי - עיצוב שיער,תל אביב–יפו,no,ChIJf1awQGdJHRURtcMgmkGpeck,"Brodetsky St 43, Tel Aviv-Yafo","ברודצקי 43, תל אביב–יפו",google,,"ברודצקי 43, תל אביב-יפו",ברודצקי,43,תל אביב-יפו,,,תל אביב–יפו,no,,apply,,https://beautyfind.co.il/dan/biz/ירון-אזולאי-עיצוב-שיער
b34e54bc-33f3-4d27-8ae0-3ab122dc7895,"כירורגיה פלסטית ואסתטית | ד""ר אייל שפירא",תל אביב–יפו,no,ChIJ08h-dJpLHRURjyRfKQZaMLw,"HaBarzel St 38, כניסה A, קומה 2, Tel Aviv-Yafo","הברזל 38, קומה 2, תל אביב–יפו",google,,"הברזל 38, כניסה A, קומה 2, תל אביב-יפו",הברזל,38,תל אביב-יפו,,,תל אביב–יפו,no,,apply,,https://beautyfind.co.il/dan/biz/כירורגיה-פלסטית-ואסתטית-דר-אייל-שפירא
c2b50e3b-4b6e-4596-891f-0a0128237b55,כללית אסתטיקה - רמת אביב - תל אביב,תל אביב–יפו,no,ChIJOdxBPmdJHRURCLw_EKAT2xw,"Brazil St 15, קומה 1, Tel Aviv-Yafo","ברזיל 15, קומה 1, תל אביב–יפו",google,,"ברזיל 15, קומה 1, תל אביב-יפו",ברזיל,15,תל אביב-יפו,,,תל אביב–יפו,no,,apply,,https://beautyfind.co.il/dan/biz/כללית-אסתטיקה-רמת-אביב-תל-אביב
75fb76c5-de75-45f0-af66-85d6fb7a8834,"לימור שמואל קוסמטיקאית,פדיקור,מניקור ג׳ל, ליזר ,שעוות ,אפילציה",תל אביב–יפו,no,ChIJRYd3aFlJHRURTf6-yEiD98I,"Tagore St 34-38, Tel Aviv-Yafo, 6920340","רבינדרנת טאגור 34-38, תל אביב–יפו",google,6920340,"רחוב רבינדרנת טאגור 34-38, תל אביב-יפו, 6920340",רחוב רבינדרנת טאגור,34-38,תל אביב-יפו,6920340,,תל אביב–יפו,no,,apply,,https://beautyfind.co.il/dan/biz/לימור-שמואל-קוסמטיקאית-פדיקור-מניקור-גל-ליזר-שעוות-אפילציה
2ea2ab17-1678-4a57-b255-4c4fb620740c,"מאי לי ביוטי - הדגשת תווי פנים: מיקרובליידינג, היפראליזם, מיקרושיידינג, הדגשת שפתיים, אייליינר, הסרת איפור קבוע בלייזר",תל אביב–יפו,no,ChIJmUxpvthLHRUR6NWBzAKFPSQ,"מגדלי הצעירים, Menakhem Begin Rd 160, Tel Aviv-Yafo, 6492129","דרך מנחם בגין 160, תל אביב–יפו",google,6492129,"מגדלי הצעירים, דרך מנחם בגין 160, תל אביב-יפו, 6492129",דרך מנחם בגין,160,תל אביב-יפו,6492129,,תל אביב–יפו,no,,apply,,https://beautyfind.co.il/dan/biz/מאי-לי-ביוטי-הדגשת-תווי-פנים-מיקרובליידינג-היפראליזם-מיקרושי
c32691a2-ca0a-4d69-ac16-370d93db0799,מוסקונה - מרפאות לניתוחים פלסטיים הזרקות וטיפולים משלימים,תל אביב–יפו,no,ChIJ17wJPmdJHRURD1rh7K7uNiw,"Brodetsky St 43, Tel Aviv-Yafo","ברודצקי 43, תל אביב–יפו",google,,"ברודצקי 43, תל אביב-יפו",ברודצקי,43,תל אביב-יפו,,,תל אביב–יפו,no,,apply,,https://beautyfind.co.il/dan/biz/מוסקונה-מרפאות-לניתוחים-פלסטיים-הזרקות-וטיפולים-משלימים
6276b316-e855-4071-bc62-76b30546fcbc,מושלמת האוס אוף ביוטי,תל אביב–יפו,no,ChIJw3d7D8ZLHRURm8lrZc9eT8c,"HaHashmonaim St 113, Tel Aviv-Yafo, 6713324","החשמונאים 113, תל אביב–יפו",google,6713324,"החשמונאים 113, תל אביב-יפו, 6713324",החשמונאים,113,תל אביב-יפו,6713324,,תל אביב–יפו,no,,apply,,https://beautyfind.co.il/dan/biz/מושלמת-האוס-אוף-ביוטי
30c39ad7-486e-4c94-9df4-c7c02f154bc9,מכבי אסתטיקה - סניף תל אביב,תל אביב–יפו,no,ChIJyRsNMsBLHRURHER9E7svr-M,"בניין מלון PLAY, רח' דרך מנחם בגין 144 מגדל מידטאון, קומה 1, Tel Aviv-Yafo","דרך מנחם בגין 144 מגדל מידטאון, בניין מלון, קומה 1, תל אביב–יפו",original,,"רח' דרך מנחם בגין 144 מגדל מידטאון, בניין מלון PLAY, קומה 1, Tel Aviv-Jaffa",,,Tel Aviv-Jaffa,,,תל אביב–יפו,no,,apply,,https://beautyfind.co.il/dan/biz/מכבי-אסתטיקה-סניף-תל-אביב
f0c9803e-0050-45be-8060-19eb1ed9f379,מכון שיזוף בהתזה ׳ספריי׳ - spray tanning salon,תל אביב–יפו,no,ChIJRXPiCiVLHRURTk7eNilxnH0,"Zirelson St 4, Tel Aviv-Yafo, 6230208","צירלסון 4, תל אביב–יפו",google,6230208,"צירלסון 4, תל אביב-יפו, 6230208",צירלסון,4,תל אביב-יפו,6230208,,תל אביב–יפו,no,,apply,,https://beautyfind.co.il/dan/biz/spray-tanning-salon
8af31e3c-a298-4d41-933f-50031782d817,מסודרות,תל אביב–יפו,no,ChIJNQEYvZ1MHRURBcGfe9lC2Zc,"דיזנגוף סנטר, Dizengoff St 50, Tel Aviv-Yafo","דיזנגוף 50, תל אביב–יפו",google,,"דיזנגוף סנטר, דיזנגוף 50, תל אביב-יפו",דיזנגוף,50,תל אביב-יפו,,,תל אביב–יפו,no,,apply,,https://beautyfind.co.il/dan/biz/מסודרות
e29365c5-d113-429a-9a6f-a7469293eb5d,"מספרה Barak Shoshan Hair Design-Keratin,Japanese Treatment",תל אביב–יפו,no,ChIJQ3zCxHhMHRURvdPQQG-Rk4Y,"Frishman St 32, Tel Aviv-Yafo","פרישמן 32, תל אביב–יפו",google,,"פרישמן 32, תל אביב-יפו",פרישמן,32,תל אביב-יפו,,,תל אביב–יפו,no,,apply,,https://beautyfind.co.il/dan/biz/barak-shoshan-hair-design-keratin-japanese-treatment
70143afd-d45c-4eea-90f4-a53804b07168,מספרת שי גדון עיצוב שיער נשים,תל אביב–יפו,no,ChIJub_NyylLHRURikb3z5uay1w,"Sheinkin St 61, Tel Aviv-Yafo","שינקין 61, תל אביב–יפו",google,,"שינקין 61, תל אביב-יפו",שינקין,61,תל אביב-יפו,,,תל אביב–יפו,no,,apply,,https://beautyfind.co.il/dan/biz/מספרת-שי-גדון-עיצוב-שיער-נשים
e2015e53-cb22-4eba-b819-7efea95d1963,מרכז כירורגי שוורץ - ארד,תל אביב–יפו,no,ChIJ1ytYAUpIHRUR8lx96VIQQos,"HaBarzel St 15, Tel Aviv-Yafo","הברזל 15, תל אביב–יפו",google,,"הברזל 15, תל אביב-יפו",הברזל,15,תל אביב-יפו,,,תל אביב–יפו,no,,apply,,https://beautyfind.co.il/dan/biz/מרכז-כירורגי-שוורץ-ארד
08e9db34-039c-4a8b-b288-e390cbb38da2,"מרפאת ד""ר ליבי כרמי, תל אביב",תל אביב–יפו,no,ChIJ75eWsENJHRURpgufNP0eSKc,"מרכז מיניקן, Rodenski St 5, Tel Aviv-Yafo","רודנסקי 5, מרכז מיניקן, תל אביב–יפו",google,,"מרכז מיניקן, רודנסקי 5, תל אביב-יפו",רודנסקי,5,תל אביב-יפו,,,תל אביב–יפו,no,,apply,,https://beautyfind.co.il/dan/biz/מרפאת-דר-ליבי-כרמי-תל-אביב
e54fa942-5742-4408-8cad-cc2019be3403,"מרפאת השיניים והאסטתיקה של ד""ר צבי אבירם",תל אביב–יפו,no,ChIJLSVHbIVLHRUR3PIOlgTDQz0,"Zeitlin St 1, Tel Aviv-Yafo, 6495601","צייטלין 1, תל אביב–יפו",google,6495601,"צייטלין 1, תל אביב-יפו, 6495601",צייטלין,1,תל אביב-יפו,6495601,,תל אביב–יפו,no,,apply,,https://beautyfind.co.il/dan/biz/מרפאת-השיניים-והאסטתיקה-דר-צבי-אבירם
b9090e87-3422-4ae0-8847-4dec673e85a0,נטלי קוסמטיקס,תל אביב–יפו,no,ChIJ98J1MYxLHRUR-aZT63ZxTs0,"Shlomo Ibn Gabirol St 107, Tel Aviv-Yafo","שלמה אבן גבירול 107, תל אביב–יפו",google,,"שלמה אבן גבירול 107, תל אביב-יפו",שלמה אבן גבירול,107,תל אביב-יפו,,,תל אביב–יפו,no,,apply,,https://beautyfind.co.il/dan/biz/נטלי-קוסמטיקס
4fa1f819-6541-45c9-b1d4-0ae3aa4104bd,סלון יפו jaffa salon,תל אביב–יפו,no,ChIJ5-soP7lMHRURv8Ow1Enm9aE,"שוק הפשפשים רבי נחמן 5 שוק הפשפשים, Tel Aviv-Yafo","שוק הפשפשים רבי נחמן 5 שוק הפשפשים, תל אביב–יפו",original,,"שוק הפשפשים רבי נחמן 5 שוק הפשפשים, תל אביב-יפו",,,תל אביב-יפו,,,תל אביב–יפו,no,,apply,,https://beautyfind.co.il/dan/biz/jaffa-salon
15759f8a-3002-4f1d-9b88-e918ff89eb3f,סנס Sense,תל אביב–יפו,no,ChIJwzLCR5lJHRUR-SvfAL-9C-k,"Kehilat Saloniki St 9, Tel Aviv-Yafo","קהילת סלוניקי 9, תל אביב–יפו",google,,"קהילת סלוניקי 9, תל אביב-יפו",קהילת סלוניקי,9,תל אביב-יפו,,,תל אביב–יפו,no,,apply,,https://beautyfind.co.il/dan/biz/sense
462b5fe2-7d50-4c6a-82a9-530f1d0257ae,פרופורציה,תל אביב–יפו,no,ChIJ-cD9a51LHRUR0hNbS3E3By8,"מגדלי הארבעה - מגדל צפוני, HaArba'a St 28, קומה 26, Tel Aviv-Yafo, 6473925","הארבעה 28, קומה 26, תל אביב–יפו",google,6473925,"מגדלי הארבעה - מגדל צפוני, הארבעה 28, קומה 26, תל אביב-יפו, 6473925",הארבעה,28,תל אביב-יפו,6473925,,תל אביב–יפו,no,,apply,,https://beautyfind.co.il/dan/biz/פרופורציה
22574d12-60c6-4a7d-8a02-e1f7da2b9c36,קליניקה כרמל - טיפול בפטרת ציפורניים בתל אביב,תל אביב–יפו,no,ChIJ8_IIYXtLHRURPr5WlgZIjhU,"HaMasger St 20, Tel Aviv-Yafo, 6777675","המסגר 20, תל אביב–יפו",google,6777675,"המסגר 20, תל אביב-יפו, 6777675",המסגר,20,תל אביב-יפו,6777675,,תל אביב–יפו,no,,apply,,https://beautyfind.co.il/dan/biz/קליניקה-כרמל-טיפול-בפטרת-ציפורניים-בתל-אביב
a359b297-0204-413e-b25a-ead4cef6829f,קליניקת ויקה קוסמטיקה מתקדמת | קוסמטיקאית רפואית,תל אביב–יפו,no,ChIJueEvr7dNHRURigzShDYm4NU,"Pinsker St 43, Tel Aviv-Yafo, 6314616","פינסקר 43, תל אביב–יפו",google,6314616,"פינסקר 43, תל אביב-יפו, 6314616",פינסקר,43,תל אביב-יפו,6314616,,תל אביב–יפו,no,,apply,,https://beautyfind.co.il/dan/biz/קליניקת-ויקה-קוסמטיקה-מתקדמת-קוסמטיקאית-רפואית
7ebda09d-9c17-40d7-8f6e-aa8337cc0d6a,קראוס קליניק - Krauss Clinic - ד״ר עומרי קראוס,תל אביב–יפו,no,ChIJ3ynE3KlLHRURANNLw-HLbGo,"Sderot Sha'ul HaMelech St 41, Tel Aviv-Yafo, 6492808","שדרות שאול המלך 41, תל אביב–יפו",google,6492808,"שדרות שאול המלך 41, תל אביב-יפו, 6492808",שדרות שאול המלך,41,תל אביב-יפו,6492808,,תל אביב–יפו,no,,apply,,https://beautyfind.co.il/dan/biz/krauss-clinic
f891816e-6a01-419a-8508-f6bfad688354,קרולין אופק,תל אביב–יפו,no,ChIJncJHSEVLHRUR0WXdyNiiWFA,"Hartglas St 10, Tel Aviv-Yafo","הרטגלס 10, תל אביב–יפו",google,,"הרטגלס 10, תל אביב-יפו",הרטגלס,10,תל אביב-יפו,,,תל אביב–יפו,no,,apply,,https://beautyfind.co.il/dan/biz/קרולין-אופק
46e3c405-f43f-4c54-8e69-3405d446ad25,קרנית מלמד - המרכז לטיפולי קוסמטיקה רפואית,תל אביב–יפו,no,ChIJO-H4Xj1NHRUR3H6FS9PCYAY,"Mapu St 18, Tel Aviv-Yafo","מאפו 18, תל אביב–יפו",google,,"מאפו 18, תל אביב-יפו",מאפו,18,תל אביב-יפו,,,תל אביב–יפו,no,,apply,,https://beautyfind.co.il/dan/biz/קרנית-מלמד-המרכז-לטיפולי-קוסמטיקה-רפואית
2e9b1d49-a617-44d9-a0a1-cb4c51dd3a4f,רונית רפאל מדע היופי - תל אביב,תל אביב–יפו,no,ChIJA6uqY4tLHRUR8ThmnNTJCbc,"Basel St 35, Tel Aviv-Yafo","בזל 35, תל אביב–יפו",google,,"בזל 35, תל אביב-יפו",בזל,35,תל אביב-יפו,,,תל אביב–יפו,no,,apply,,https://beautyfind.co.il/dan/biz/רונית-רפאל-מדע-היופי-תל-אביב
2b6edc19-53a1-4177-af5f-f621c4fd05a3,"רופא שיניים בתל אביב - מרפאת לובנדנט בע""מ",תל אביב–יפו,no,ChIJH7T057hMHRURBhTdG_Sl_4Q,"Yigal Alon St 65, Tel Aviv-Yafo, 67443","יגאל אלון 65, תל אביב–יפו",google,67443,"יגאל אלון 65, תל אביב-יפו, 67443",יגאל אלון,65,תל אביב-יפו,67443,,תל אביב–יפו,no,,apply,,https://beautyfind.co.il/dan/biz/רופא-שיניים-בתל-אביב-מרפאת-לובנדנט-בעמ
31cd10f7-8728-4caf-b8d5-a52fafdfb6bf,רעות ששון – עיצוב גבות ואיפור קבוע בצפון תל אביב,תל אביב–יפו,no,ChIJLftgFDpJHRURN5WiHd7Xu2U,"Refidim St 83, Tel Aviv-Yafo","רפידים 83, תל אביב–יפו",google,,"רפידים 83, תל אביב-יפו",רפידים,83,תל אביב-יפו,,,תל אביב–יפו,no,,apply,,https://beautyfind.co.il/dan/biz/רעות-ששון-עיצוב-גבות-ואיפור-קבוע-בצפון-תל-אביב
6ce6a534-9359-40f3-bfb6-8d631d3724ea,Absolute Esthetics by Andrea,תל אביב–יפו,no,ChIJ-QTXzII5HRURBIpTSNAEP4w,"HaMelech Hiram St 8, Tel Aviv-Yafo, 6802954","המלך חירם 8, תל אביב–יפו",google,6802954,"המלך חירם 8, תל אביב-יפו, 6802954",המלך חירם,8,תל אביב-יפו,6802954,,תל אביב–יפו,no,,apply,,https://beautyfind.co.il/dan/biz/absolute-esthetics-by-andrea
2ed585c3-f1d9-4baf-bedf-32d8d75aec6f,Adis place- עדי בוטיק קוסמטיקאית והסרת שיער בלייזר תל אביב,תל אביב–יפו,no,ChIJq9HK5bxLHRURdSqYIoc88xA,"Arlozorov St 62, Tel Aviv-Yafo","ארלוזורוב 62, תל אביב–יפו",google,,"ארלוזורוב 62, תל אביב-יפו",ארלוזורוב,62,תל אביב-יפו,,,תל אביב–יפו,no,,apply,,https://beautyfind.co.il/dan/biz/adis-place
d5053444-6048-4dec-aa56-9a87c52467ac,Aesthetic Dentistry - ד''ר אילן הכט,תל אביב–יפו,no,ChIJxVawQGdJHRURbKCeoMb3PlY,"Haim HaZaz St 16, Tel Aviv-Yafo, 6967128","חיים הזז 16, תל אביב–יפו",google,6967128,"חיים הזז 16, תל אביב-יפו, 6967128",חיים הזז,16,תל אביב-יפו,6967128,,תל אביב–יפו,no,,apply,,https://beautyfind.co.il/dan/biz/aesthetic-dentistry
c3968672-6116-457f-b3da-24f7aacf2dbb,ĀTO,תל אביב–יפו,no,ChIJ46EEHacNHRURjc2Ie43svKQ,"Ashtori HaFarhi St 18, Tel Aviv-Yafo","אשתורי הפרחי 18, תל אביב–יפו",google,,"אשתורי הפרחי 18, תל אביב-יפו",אשתורי הפרחי,18,תל אביב-יפו,,,תל אביב–יפו,no,,apply,,https://beautyfind.co.il/dan/biz/to
e82c7cf7-1eca-4b89-ac42-4846b53f53c8,be studio תל-אביב - בי סטודיו,תל אביב–יפו,no,ChIJk7aYGshLHRURCIskLCJjM7w,"Menakhem Begin Rd 53, קומה 2, Tel Aviv-Yafo","דרך מנחם בגין 53, קומה 2, תל אביב–יפו",google,,"דרך מנחם בגין 53, קומה 2, תל אביב-יפו",דרך מנחם בגין,53,תל אביב-יפו,,,תל אביב–יפו,no,,apply,,https://beautyfind.co.il/dan/biz/be-studio
f70ad100-5e81-4531-8b98-3fde4a60573d,Beautique by Poly,תל אביב–יפו,no,ChIJ_9ZoSAFJHRUROyTlfvDVzkg,"Kehilat Varsha St 107, Tel Aviv-Yafo","קהילת ורשה 107, תל אביב–יפו",google,,"קהילת ורשה 107, תל אביב-יפו",קהילת ורשה,107,תל אביב-יפו,,,תל אביב–יפו,no,,apply,,https://beautyfind.co.il/dan/biz/beautique-by-poly
3a64ca0d-70ab-47a7-861b-a36f920413c2,Beauty Time Salon,תל אביב–יפו,no,ChIJD4iEtohLHRURijbfpxCvpC8,"Yirmeyahu St 33, Tel Aviv-Yafo, 6259423","ירמיהו 33, תל אביב–יפו",google,6259423,"ירמיהו 33, תל אביב-יפו, 6259423",ירמיהו,33,תל אביב-יפו,6259423,,תל אביב–יפו,no,,apply,,https://beautyfind.co.il/dan/biz/beauty-time-salon
bac3185f-909b-482e-8fd5-1484b426acd0,BUBA beauty space,תל אביב–יפו,no,ChIJm0xcz_o3HRURhQx_qBdWN18,"Herzl St 85, Tel Aviv-Yafo, 5959252","הרצל 85, תל אביב–יפו",google,5959252,"הרצל 85, תל אביב-יפו, 5959252",הרצל,85,תל אביב-יפו,5959252,,תל אביב–יפו,no,,apply,,https://beautyfind.co.il/dan/biz/buba-beauty-space
e7f4f6f5-896d-43dc-8ec8-6f800b29887c,Cosmetology Tel-Aviv קוסמטיקאית תל אביב,תל אביב–יפו,no,ChIJ80CGTplLHRURbvHOG8xM8ds,"Harav Reines St 18, Tel Aviv-Yafo","ריינס 18, תל אביב–יפו",google,,"ריינס 18, תל אביב-יפו",ריינס,18,תל אביב-יפו,,,תל אביב–יפו,no,,apply,,https://beautyfind.co.il/dan/biz/cosmetology-tel-aviv
fbb4d1ed-8c4f-4d5e-a866-a86104204fa4,couture hair barbershop NYC New York,תל אביב–יפו,no,ChIJO2CVB-lLHRURtZoaxsmMA8A,"Yehuda HaMakkabbi St 87, Tel Aviv-Yafo","יהודה המכבי 87, תל אביב–יפו",google,,"יהודה המכבי 87, תל אביב-יפו",יהודה המכבי,87,תל אביב-יפו,,,תל אביב–יפו,no,,apply,,https://beautyfind.co.il/dan/biz/couture-hair-barbershop-nyc-new-york
9016d4c1-c7f3-4da5-89b5-62689cc58321,CUT THE BULLSHIT BarberShop,תל אביב–יפו,no,ChIJ1_-kGcxJHRUR-kbCmeg47zQ,"Chlenov St 32, Tel Aviv-Yafo, 6604816","צ׳לנוב 32, תל אביב–יפו",google,6604816,"צ'לנוב 32, תל אביב-יפו, 6604816",צ'לנוב,32,תל אביב-יפו,6604816,,תל אביב–יפו,no,,apply,,https://beautyfind.co.il/dan/biz/cut-bullshit-barbershop
54ee89bb-3240-4ccd-bf88-bdcdb2dd189e,Doctor Ram Silfen - Tel Aviv Plastic,תל אביב–יפו,no,ChIJg6IF6l1JHRURBsWod320IF8,"HaBarzel St 9 A, Tel Aviv-Yafo","הברזל 9 A, תל אביב–יפו",google,,"הברזל 9 A, תל אביב-יפו",הברזל,9 A,תל אביב-יפו,,,תל אביב–יפו,no,,apply,,https://beautyfind.co.il/dan/biz/doctor-ram-silfen-tel-aviv-plastic
73b348b3-79f0-49e4-9a0f-69019ab3b7f2,Dr. Mor-expert Aesthetic Plastic Lcirogih,תל אביב–יפו,no,ChIJ3yVlPmdJHRURBXrPw_pKDF0,"Brodetsky St 43, רמת אביב, 6905234","ברודצקי 43, רמת אביב",google,6905234,"ברודצקי 43, רמת אביב, 6905234",ברודצקי,43,רמת אביב,6905234,,רמת אביב,yes,,apply,,https://beautyfind.co.il/dan/biz/dr-mor-expert-aesthetic-plastic-lcirogih
a0f49337-6233-424f-a268-5c0450c7f411,Dr. Tali Friedman - International Center for Body Shaping,תל אביב–יפו,no,ChIJf1awQGdJHRURloQIyn-oilk,"Brodetsky St 43, Tel Aviv-Yafo, 6905234","ברודצקי 43, תל אביב–יפו",google,6905234,"ברודצקי 43, תל אביב-יפו, 6905234",ברודצקי,43,תל אביב-יפו,6905234,,תל אביב–יפו,no,,apply,,https://beautyfind.co.il/dan/biz/dr-tali-friedman-international-center-for-body-shaping
409bfe62-4056-4144-804a-aa1821b63992,Dreamboat,תל אביב–יפו,no,ChIJ32qnhYNMHRURkLBMfGBOksM,"Rambam St 8, Tel Aviv-Yafo","רמב״ם 8, תל אביב–יפו",google,,"רמב""ם 8, תל אביב-יפו","רמב""ם",8,תל אביב-יפו,,,תל אביב–יפו,no,,apply,,https://beautyfind.co.il/dan/biz/dreamboat
142e0ef4-d3fe-47ab-803c-a44e2e6e6825,Éclat beauty space,תל אביב–יפו,no,ChIJYWMwO95NHRURmaAPbqF_gVQ,"Frishman St 18, Tel Aviv-Yafo","פרישמן 18, תל אביב–יפו",google,,"פרישמן 18, תל אביב-יפו",פרישמן,18,תל אביב-יפו,,,תל אביב–יפו,no,,apply,,https://beautyfind.co.il/dan/biz/eclat-beauty-space
9d70917d-d54a-45f9-b71f-1531509ecf2b,emi lee beauty salon – Nail & Beauty Tel Aviv,תל אביב–יפו,no,ChIJDW4zkgNLHRURcOxAZ1L0Ams,"Frug St 18, Tel Aviv-Yafo, 6341718","פרוג 18, תל אביב–יפו",google,6341718,"פרוג 18, תל אביב-יפו, 6341718",פרוג,18,תל אביב-יפו,6341718,,תל אביב–יפו,no,,apply,,https://beautyfind.co.il/dan/biz/emi-lee-beauty-salon-nail-and-beauty-tel-aviv
7e9708d2-4d30-49f7-9ecc-739a226463be,Eran Yaniv Katsav,תל אביב–יפו,no,ChIJU9fUwvJLHRURkirnX1wyV-A,"Shlomo Ibn Gabirol St 168, Tel Aviv-Yafo","שלמה אבן גבירול 168, תל אביב–יפו",google,,"שלמה אבן גבירול 168, תל אביב-יפו",שלמה אבן גבירול,168,תל אביב-יפו,,,תל אביב–יפו,no,,apply,,https://beautyfind.co.il/dan/biz/eran-yaniv-katsav
325eefa4-9a5e-4b94-ac44-43a7ef3ab21e,Express Spray Tan in Tel Aviv and Lash Extensions שיזוף בהתזה בתל אביב,תל אביב–יפו,no,ChIJA1jWHopLHRURi4z3LL8iqJU,"Dizengoff St 218, Tel Aviv-Yafo","דיזנגוף 218, תל אביב–יפו",google,,"דיזנגוף 218, תל אביב-יפו",דיזנגוף,218,תל אביב-יפו,,,תל אביב–יפו,no,,apply,,https://beautyfind.co.il/dan/biz/express-spray-tan-in-tel-aviv-and-lash-extensions
e41cb1e0-4dba-4c0a-9ae9-62d4b07e7cfd,Gorgeous,תל אביב–יפו,no,ChIJN5tbqWdLHRURA8RknfYAlBY,"Dizengoff St 50, Tel Aviv-Yafo, 6433222","דיזנגוף 50, תל אביב–יפו",google,6433222,"דיזנגוף 50, תל אביב-יפו, 6433222",דיזנגוף,50,תל אביב-יפו,6433222,,תל אביב–יפו,no,,apply,,https://beautyfind.co.il/dan/biz/gorgeous
b4da1f26-c7b3-444b-a71c-ee0f6f082877,H.Clinic | לייזר ואסתטיקה,תל אביב–יפו,no,ChIJ_WxGKZhJHRURAYym4uGw52s,"HaNechoshet St 3, Tel Aviv-Yafo, 6971068","הנחושת 3, תל אביב–יפו",google,6971068,"הנחושת 3, תל אביב-יפו, 6971068",הנחושת,3,תל אביב-יפו,6971068,,תל אביב–יפו,no,,apply,,https://beautyfind.co.il/dan/biz/h-clinic
e4e613ba-3131-4b3c-b1df-7dcbdd6465c9,Happy hour דיזנגוף,תל אביב–יפו,no,ChIJW7u2-4BLHRURTN6rgXxB-2o,"King George St 75, Tel Aviv-Yafo","המלך ג׳ורג׳ 75, תל אביב–יפו",google,,"המלך ג'ורג' 75, תל אביב-יפו",המלך ג'ורג',75,תל אביב-יפו,,,תל אביב–יפו,no,,apply,,https://beautyfind.co.il/dan/biz/happy-hour
800087b3-e648-4bb1-9f81-439a1022feda,Happy Hour TLV,תל אביב–יפו,no,ChIJk1NJ-yRLHRURTaG2x-hfYII,"Leonardo da Vinci St 2, Tel Aviv-Yafo, 6713320","ליאונרדו דה וינצ׳י 2, תל אביב–יפו",google,6713320,"ליאונרדו דה וינצ'י 2, תל אביב-יפו, 6713320",ליאונרדו דה וינצ'י,2,תל אביב-יפו,6713320,,תל אביב–יפו,no,,apply,,https://beautyfind.co.il/dan/biz/happy-hour-tlv
960f825a-daf1-4751-833f-e798cc293459,Horizon Spa,תל אביב–יפו,no,ChIJ9xnUydtNHRUR_k3ZfDalceA,"HaYarkon St 115, Tel Aviv-Yafo","הירקון 115, תל אביב–יפו",google,,"הירקון 115, תל אביב-יפו",הירקון,115,תל אביב-יפו,,,תל אביב–יפו,no,,apply,,https://beautyfind.co.il/dan/biz/horizon-spa
90c397d2-b22b-47e1-81db-bc814a5ec773,Ida eyebrows and Hair Removal,תל אביב–יפו,no,ChIJb1c_tH5MHRURJ5qqmTl9w5w,"Ben Yehuda St 32, Tel Aviv-Yafo","בן יהודה 32, תל אביב–יפו",google,,"בן יהודה 32, תל אביב-יפו",בן יהודה,32,תל אביב-יפו,,,תל אביב–יפו,no,,apply,,https://beautyfind.co.il/dan/biz/ida-eyebrows-and-hair-removal
2a8ef746-7ca8-4823-a72f-f9341fa5a7cd,Jordan beauty,תל אביב–יפו,no,ChIJ4zLerNdNHRURkNQCIhI-V4Q,"Lilienblum St 3, Tel Aviv-Yafo, 6513105","לילינבלום 3, תל אביב–יפו",google,6513105,"לילינבלום 3, תל אביב-יפו, 6513105",לילינבלום,3,תל אביב-יפו,6513105,,תל אביב–יפו,no,,apply,,https://beautyfind.co.il/dan/biz/jordan-beauty
e6d2762c-590a-4790-a561-f10f3a3fce4f,KEDEM SPA HOUSE קדם ספא וחמאם ביפו Spa in Jaffa,תל אביב–יפו,no,ChIJsRT3rhZPsE4RkFSu166gEaE,"כיכר קדומים 5, Kikar Kedumim 5 st, Tel Aviv-Yafo, 6803784","כיכר קדומים 5, תל אביב–יפו",original,,"כיכר קדומים 5, Kikar Kedumim 5 st, תל אביב-יפו, 6803784",Kikar Kedumim,5 st,תל אביב-יפו,6803784,,תל אביב–יפו,no,,apply,,https://beautyfind.co.il/dan/biz/kedem-spa-house-spa-in-jaffa
0ebe5101-7451-4419-a0d6-41cb7b7dae84,L'Occitane ל'אוקסיטן ספא עזריאלי שרונה,תל אביב–יפו,no,ChIJiebS4pxLHRURphoe1hTqgqY,"Menakhem Begin Rd 121, Tel Aviv-Yafo, 6473975","דרך מנחם בגין 121, תל אביב–יפו",google,6473975,"דרך מנחם בגין 121, תל אביב-יפו, 6473975",דרך מנחם בגין,121,תל אביב-יפו,6473975,,תל אביב–יפו,no,,apply,,https://beautyfind.co.il/dan/biz/l-occitane
7cbf57bc-682f-4799-adb8-f07fcd7faf8c,Lavic Beauty & Advanced Cosmetology,תל אביב–יפו,no,ChIJ67bdA9RNHRURyyx5PX0fU6I,"Kaufmann St 2, Tel Aviv-Yafo, 63473","פרופסור יחזקאל קויפמן 2, תל אביב–יפו",google,63473,"פרופסור יחזקאל קויפמן 2, תל אביב-יפו, 63473",פרופסור יחזקאל קויפמן,2,תל אביב-יפו,63473,,תל אביב–יפו,no,,apply,,https://beautyfind.co.il/dan/biz/lavic-beauty-and-advanced-cosmetology
b14d94eb-53eb-43ce-ae27-0e3b7c7ecdb4,Lilly Kai רמת אביב,תל אביב–יפו,no,ChIJRQV-df1JHRURXHI4aeamiv4,"student compound, Dr George Wise St 26 st, Tel Aviv-Yafo",תל אביב–יפו,city_only,,"student compound, Dr George Wise St 26 st, Tel Aviv-Yafo",Doctor George Wise Street,26 st,Tel Aviv-Yafo,,,תל אביב–יפו,no,,apply,,https://beautyfind.co.il/dan/biz/lilly-kai
38ba7202-3c4f-4444-a4ee-48c19deb0937,Lily & Nina skin care and nail beauty salon,תל אביב–יפו,no,ChIJ3TK7w4lLHRURCNfVn_OVbUI,"Dizengoff St 202, Tel Aviv-Yafo","דיזנגוף 202, תל אביב–יפו",google,,"דיזנגוף 202, תל אביב-יפו",דיזנגוף,202,תל אביב-יפו,,,תל אביב–יפו,no,,apply,,https://beautyfind.co.il/dan/biz/lily-and-nina-skin-care-and-nail-beauty-salon
8dff0752-72ef-4f8e-8b12-13fd11e2d96e,Love is in the Hair By Ram Solan,תל אביב–יפו,no,ChIJm94nUYBLHRUR7mWjfNz8o-k,"Dizengoff St 46, Tel Aviv-Yafo","דיזנגוף 46, תל אביב–יפו",google,,"דיזנגוף 46, תל אביב-יפו",דיזנגוף,46,תל אביב-יפו,,,תל אביב–יפו,no,,apply,,https://beautyfind.co.il/dan/biz/love-is-in-hair-by-ram-solan
33ac1e19-50b8-4836-8854-7c6ea5f0a763,Luck Nail Boutique,תל אביב–יפו,no,ChIJ77xJxjNLHRURNttMxGOOwpA,"Dizengoff St 290, Tel Aviv-Yafo","דיזנגוף 290, תל אביב–יפו",google,,"דיזנגוף 290, תל אביב-יפו",דיזנגוף,290,תל אביב-יפו,,,תל אביב–יפו,no,,apply,,https://beautyfind.co.il/dan/biz/luck-nail-boutique
b31e7964-7cb9-420e-86ad-9b8a746d6975,myclinic Lillienblum,תל אביב–יפו,no,ChIJxwn6CItLHRURuizTuM5QLT0,"Lilienblum St 17, Tel Aviv-Yafo, 6513206","לילינבלום 17, תל אביב–יפו",google,6513206,"לילינבלום 17, תל אביב-יפו, 6513206",לילינבלום,17,תל אביב-יפו,6513206,,תל אביב–יפו,no,,apply,,https://beautyfind.co.il/dan/biz/myclinic-lillienblum
feac125f-51d1-472c-b7d2-89a6d79eefb1,Nails by the Sea TLV,תל אביב–יפו,no,ChIJTYCxMsBNHRURCYnsHOoPqK4,"Zrubavel St 12, Tel Aviv-Yafo","זרובבל 12, תל אביב–יפו",google,,"זרובבל 12, תל אביב-יפו",זרובבל,12,תל אביב-יפו,,,תל אביב–יפו,no,,apply,,https://beautyfind.co.il/dan/biz/nails-by-sea-tlv
05b89bca-a6d1-406e-946b-44228d4e71dd,Nailtov,תל אביב–יפו,no,ChIJT0lGqc-zAhUROHh5-eN_-e0,"Yegi'a Kapayim St 2, Tel Aviv-Yafo, 6777886","יגיע כפיים 2, תל אביב–יפו",google,6777886,"יגיע כפיים 2, תל אביב-יפו, 6777886",יגיע כפיים,2,תל אביב-יפו,6777886,,תל אביב–יפו,no,,apply,,https://beautyfind.co.il/dan/biz/nailtov
1ba63936-05d0-4eb6-922e-17a870f09728,New York Barbershop TlV,תל אביב–יפו,no,ChIJ1QC6t3dMHRUReEQO6L_hvas,"Ben Yehuda St 138, Tel Aviv-Yafo","בן יהודה 138, תל אביב–יפו",google,,"בן יהודה 138, תל אביב-יפו",בן יהודה,138,תל אביב-יפו,,,תל אביב–יפו,no,,apply,,https://beautyfind.co.il/dan/biz/new-york-barbershop-tlv
c97ce44a-ce4d-412a-adeb-44258f3ca251,Or medical cosmetic treatments,תל אביב–יפו,no,ChIJWaKyYYBLHRURfonMm0Nf7Yc,"Dizengoff St 50, Tel Aviv-Yafo","דיזנגוף 50, תל אביב–יפו",google,,"תל־אביב (בתוך דיזנגוף סנטר, בניין B, דיזנגוף 50, קומה 3, תל אביב-יפו",דיזנגוף,50,תל אביב-יפו,,בניין B,תל אביב–יפו,no,,apply,,https://beautyfind.co.il/dan/biz/or-medical-cosmetic-treatments
428f7a54-124c-4b2c-917a-1c0772906303,"PRPclinic - טיפולי PRP, IPRF ו-CGF לנשירת שיער ואסתטיקה רפואית",תל אביב–יפו,no,ChIJ4S3DTPVJHRURXdP3jCxMQLs,"Brodetsky St 43, Tel Aviv-Yafo, 6905233","ברודצקי 43, תל אביב–יפו",google,6905233,"ברודצקי 43, תל אביב-יפו, 6905233",ברודצקי,43,תל אביב-יפו,6905233,,תל אביב–יפו,no,,apply,,https://beautyfind.co.il/dan/biz/prpclinic-prp-iprf-cgf
0a3536e4-1b46-4988-82cb-e3eb38374c53,Renée Cosmetics,תל אביב–יפו,no,ChIJpWvME1Q4HRURBcUBBtcPOA8,"Wissotsky St 12, Tel Aviv-Yafo, 6233804","ויסוצקי 12, תל אביב–יפו",google,6233804,"ויסוצקי 12, תל אביב-יפו, 6233804",ויסוצקי,12,תל אביב-יפו,6233804,,תל אביב–יפו,no,,apply,,https://beautyfind.co.il/dan/biz/renee-cosmetics
1983207e-fcbc-44a1-88d5-ed9821777dfa,Sharoomba Cosmetics שרומבה קוסמטיקה,תל אביב–יפו,no,ChIJvdVZ6WJLHRURMwkV-keffBc,"HaHashmal St 12, Tel Aviv-Yafo, 6618906","החשמל 12, תל אביב–יפו",google,6618906,"החשמל 12, תל אביב-יפו, 6618906",החשמל,12,תל אביב-יפו,6618906,,תל אביב–יפו,no,,apply,,https://beautyfind.co.il/dan/biz/sharoomba-cosmetics
596ba9f5-fd64-4973-a164-a5c73ca72f1c,Shooshka,תל אביב–יפו,no,ChIJb-Op5H5LHRUR5Bu6x-tozUo,"Ahad Ha'Am St 79, Tel Aviv-Yafo","אחד העם 79, תל אביב–יפו",google,,"אחד העם 79, תל אביב-יפו",אחד העם,79,תל אביב-יפו,,,תל אביב–יפו,no,,apply,,https://beautyfind.co.il/dan/biz/shooshka
9c5b8ef0-27c9-4930-a164-4f47352d6053,Shosh Medical Pedicure,תל אביב–יפו,no,ChIJ2fjKB3ZMHRUR0NLqVhv8hpk,"Ha-Kalir St 15, Tel Aviv-Yafo","הקליר 15, תל אביב–יפו",google,,"הקליר 15, תל אביב-יפו",הקליר,15,תל אביב-יפו,,,תל אביב–יפו,no,,apply,,https://beautyfind.co.il/dan/biz/shosh-medical-pedicure
22769a43-e52e-43a2-b880-a4953adfa60c,STIKA Beauty TLV,תל אביב–יפו,no,ChIJIZlt7hNNHRUR5ktEPgCcpMU,"Pinsker St 66, Tel Aviv-Yafo","פינסקר 66, תל אביב–יפו",google,,"פינסקר 66, תל אביב-יפו",פינסקר,66,תל אביב-יפו,,,תל אביב–יפו,no,,apply,,https://beautyfind.co.il/dan/biz/stika-beauty-tlv
23aa6881-bebf-4804-982d-727428129ef1,TALETSKY ROOM TLV,תל אביב–יפו,no,ChIJTfyWbdxLHRURKJPuV3-kYLQ,"מיגדלי הצעירים, Menakhem Begin Rd 158, Tel Aviv-Yafo, 6492109","דרך מנחם בגין 158, תל אביב–יפו",dictionary,,"מיגדלי הצעירים, Menakhem Begin Rd 158, Tel Aviv-Yafo, 6492109",Menakhem Begin Road,158,Tel Aviv-Yafo,6492109,,תל אביב–יפו,no,,apply,,https://beautyfind.co.il/dan/biz/taletsky-room-tlv
64b5961c-3884-407b-8737-9b72f855f632,The Beauty Lounge,תל אביב–יפו,no,ChIJP_YjmeZLHRURq9N5ThC5XEY,"Aba Akhime'ir St 19, Tel Aviv-Yafo","אבא אחימאיר 19, תל אביב–יפו",google,,"אבא אחימאיר 19, תל אביב-יפו",אבא אחימאיר,19,תל אביב-יפו,,,תל אביב–יפו,no,,apply,,https://beautyfind.co.il/dan/biz/beauty-lounge
315529a9-a10b-410b-8791-83c50658470f,ViVi TELAViVi NAiLS ויוי תלאביבי ניילס,תל אביב–יפו,no,ChIJK5JylkJNHRURoshG06vj0B0,"Dizengoff St 159, Tel Aviv-Yafo, 6346136","דיזנגוף 159, תל אביב–יפו",google,6346136,"דיזנגוף 159, תל אביב-יפו, 6346136",דיזנגוף,159,תל אביב-יפו,6346136,,תל אביב–יפו,no,,apply,,https://beautyfind.co.il/dan/biz/vivi-telavivi-nails
b471583e-01ec-4a83-82f2-82912addd521,Winkler Clinic - Prof. Eyal Winkler,תל אביב–יפו,no,ChIJqd65U2dJHRURt4KZHyYLlw8,"Brazil St 17, Tel Aviv-Yafo, 6946027","ברזיל 17, תל אביב–יפו",google,6946027,"ברזיל 17, תל אביב-יפו, 6946027",ברזיל,17,תל אביב-יפו,6946027,,תל אביב–יפו,no,,apply,,https://beautyfind.co.il/dan/biz/winkler-clinic-prof-eyal-winkler
dacc8de0-1f8e-4477-87a2-0a4963319ac2,Yullia,תל אביב–יפו,no,ChIJXVNfW5xMHRURECTYghtR3dA,"Yehuda ha-Levi St 20, Tel Aviv-Yafo, 6513714","יהודה הלוי 20, תל אביב–יפו",google,6513714,"יהודה הלוי 20, תל אביב-יפו, 6513714",יהודה הלוי,20,תל אביב-יפו,6513714,,תל אביב–יפו,no,,apply,,https://beautyfind.co.il/dan/biz/yullia
976d943f-892f-4dc3-a180-0a45663580f5,yullia King George,תל אביב–יפו,no,ChIJExIJn3hMHRURvLySbSxMEvA,"פינת, King George St 51, Tel Aviv-Yafo, 6329918","המלך ג׳ורג׳ 51, תל אביב–יפו",dictionary,,"פינת, King George St 51, Tel Aviv-Yafo, 6329918",King George Street,51,Tel Aviv-Yafo,6329918,,תל אביב–יפו,no,,apply,,https://beautyfind.co.il/dan/biz/yullia-king-george
ab1d8481-8948-4cac-8955-7bd1c4e630f1,yullia Tzahala - מומחים בהסרת שיער בלייזר | הזרקות | טיפול פנים | מניקור | פדיקור רפואי,תל אביב–יפו,no,ChIJE-AGBaRJHRURO6oTpRgXueQ,"צומת הפיל, Bnei Ephraim St 280, Tel Aviv-Yafo, 6941435",תל אביב–יפו,city_only,,"צומת הפיל, Bnei Ephraim St 280, Tel Aviv-Yafo, 6941435",Bnei Ephraim Street,280,Tel Aviv-Yafo,6941435,,תל אביב–יפו,no,,apply,,https://beautyfind.co.il/dan/biz/yullia-tzahala
38f43de7-2cc4-47ed-8683-9f8031c3eb42,yullia Yirmeyahu,תל אביב–יפו,no,ChIJbbdcbfVLHRURUZGcYhwQ08k,"ירמיהו 24 פינת, Ben Yehuda St, Tel Aviv-Yafo","בן יהודה, תל אביב–יפו",google,,"ירמיהו 24 פינת, בן יהודה, תל אביב-יפו",בן יהודה,,תל אביב-יפו,,,תל אביב–יפו,no,,apply,,https://beautyfind.co.il/dan/biz/yullia-yirmeyahu
2bfb8414-092f-460d-86f5-6e60f0a007ba,ZOI Med Aesthetics - מרפאת זוי,תל אביב–יפו,no,ChIJ4wokI_BLHRUR1RdgiRaW_Yw,"הארבעה 28 מגדל צפוני, קומה 1, Tel Aviv-Yafo, 6473925","הארבעה 28 מגדל צפוני, קומה 1, תל אביב–יפו",original,,"הארבעה 28 מגדל צפוני, קומה 1, תל אביב-יפו, 6473925",,,תל אביב-יפו,6473925,,תל אביב–יפו,no,,apply,,https://beautyfind.co.il/dan/biz/zoi-med-aesthetics
