treatment_id,branch_id,business,city,region,name,problem,category,price_type,price_nis,source,admin_href
a45f9fc7-9122-4d05-9934-c3681d7526cc,b2db1fc9-6730-44c8-8c10-bb10167e3bb2,מאי בטש - עיצוב גבות וריסים,אשדוד,south,Alma Skin Therapist | עלמא טיפולי פנים,sentence,facials,on_request,,website,/ops/businesses?branch=b2db1fc9-6730-44c8-8c10-bb10167e3bb2
c0d0b122-0635-49e3-a7ec-7c8b48a6fc9d,2a6fe4cb-d410-4847-8e1e-7682d37879e3,Glam42 גלאם42 אשדוד,אשדוד,south,Chloe Chloe Edp 75Ml בושם קלואה לאישה,sentence,,fixed,269,website,/ops/businesses?branch=2a6fe4cb-d410-4847-8e1e-7682d37879e3
0d12afff-d100-4272-98f3-b19f29a6134c,2a6fe4cb-d410-4847-8e1e-7682d37879e3,Glam42 גלאם42 אשדוד,אשדוד,south,Daily Calm Makeup Balm קליניק מייקאפ באלם,sentence,makeup,on_request,,website,/ops/businesses?branch=2a6fe4cb-d410-4847-8e1e-7682d37879e3
2a974bc2-f68b-4373-9bca-d2e3d895edb0,2a6fe4cb-d410-4847-8e1e-7682d37879e3,Glam42 גלאם42 אשדוד,אשדוד,south,Double Wear Sheer Long-Wear Makeup Spf 20 Matte אסתי לאודר מייקאפ בגימור מאט,sentence,makeup,fixed,151.99,website,/ops/businesses?branch=2a6fe4cb-d410-4847-8e1e-7682d37879e3
6237639f-3dd3-447f-9d87-cc1b85edaab6,1017cfc5-88bd-4c8d-a363-b20bc967a003,IBrener - קוסמטיקאית פרא רפואית,אשדוד,south,IPL эпиляция-это фотоэпиляция инновационной технологией удаления волос,sentence,,on_request,,website,/ops/businesses?branch=1017cfc5-88bd-4c8d-a363-b20bc967a003
b772c6cb-9141-4157-ba79-74caca29372a,2a6fe4cb-d410-4847-8e1e-7682d37879e3,Glam42 גלאם42 אשדוד,אשדוד,south,Liquid Facial Soap Mild קליניק סבון נוזלי לפנים המתאים לעור יבש עד מעורב,sentence,facials,fixed,86.99,website,/ops/businesses?branch=2a6fe4cb-d410-4847-8e1e-7682d37879e3
1860b800-bce4-4ee8-a94f-715dac3e56d4,2a6fe4cb-d410-4847-8e1e-7682d37879e3,Glam42 גלאם42 אשדוד,אשדוד,south,Mascara Lash Sensational Black מייבלין מסקרה שחורה לאש סנסשיונאל להענקת נפח לריס,sentence,brows-lashes,fixed,32.25,website,/ops/businesses?branch=2a6fe4cb-d410-4847-8e1e-7682d37879e3
2406c0e6-e309-4b21-9186-9506e572dfa9,b2db1fc9-6730-44c8-8c10-bb10167e3bb2,מאי בטש - עיצוב גבות וריסים,אשדוד,south,Maxymova - מסקרת ג׳ל קרטין ועידוד צמיחה,sentence,,on_request,,website,/ops/businesses?branch=b2db1fc9-6730-44c8-8c10-bb10167e3bb2
ea4ca4e7-0623-4047-b692-dea838ad4bb3,b2db1fc9-6730-44c8-8c10-bb10167e3bb2,מאי בטש - עיצוב גבות וריסים,אשדוד,south,May batash - Eyebrows | Eyelashes,sentence,brows-lashes,on_request,,website,/ops/businesses?branch=b2db1fc9-6730-44c8-8c10-bb10167e3bb2
2f988815-591a-4cdb-9885-40ec40be3e55,b2db1fc9-6730-44c8-8c10-bb10167e3bb2,מאי בטש - עיצוב גבות וריסים,אשדוד,south,Mora - Skin Care By Mor,sentence,facials,on_request,,website,/ops/businesses?branch=b2db1fc9-6730-44c8-8c10-bb10167e3bb2
3f08b61f-d9f2-4b75-9f34-51399e88b7c9,2a6fe4cb-d410-4847-8e1e-7682d37879e3,Glam42 גלאם42 אשדוד,אשדוד,south,Smart Clinical Repair Wrinkle Correcting Serum קליניק סרום טיפולי לתיקון קמטים ו,product,,fixed,250.99,website,/ops/businesses?branch=2a6fe4cb-d410-4847-8e1e-7682d37879e3
8b5c69ca-9d6c-4c87-ac7f-d196d110312f,2a6fe4cb-d410-4847-8e1e-7682d37879e3,Glam42 גלאם42 אשדוד,אשדוד,south,Studio Fix Fluid SPF 15 24HR Matte Foundation + Oil Control 30ml מאק מייקאפ בגימ,sentence,,fixed,146.99,website,/ops/businesses?branch=2a6fe4cb-d410-4847-8e1e-7682d37879e3
e414771f-c34d-4bcc-ba8c-bb44a987f9d3,2a6fe4cb-d410-4847-8e1e-7682d37879e3,Glam42 גלאם42 אשדוד,אשדוד,south,Take It Away 200ML אסתי לאודר תחליב להסרת איפור,product,makeup,on_request,,website,/ops/businesses?branch=2a6fe4cb-d410-4847-8e1e-7682d37879e3
80eb38dc-b211-412c-9e94-854ce0ae8b1f,2a6fe4cb-d410-4847-8e1e-7682d37879e3,Glam42 גלאם42 אשדוד,אשדוד,south,Take The Day Off Balm קליניק מסיר איפור,sentence,makeup,on_request,,website,/ops/businesses?branch=2a6fe4cb-d410-4847-8e1e-7682d37879e3
a3a31438-63f8-4d1a-a1d8-e6776ea9c0ca,d058bd6d-ae57-4b8f-bf56-768e7e1e4e3a,מרפאת נרקיסיה,אשדוד,south,UpLift - מתיחת פנים בלייזר שמבטלת צורך בניתוח - רפואה פלסטית בלייזר,sentence,plastic-surgery,fixed,4500,website,/ops/businesses?branch=d058bd6d-ae57-4b8f-bf56-768e7e1e4e3a
fa9c5c7a-3940-4d1c-8d47-123268074fd3,d058bd6d-ae57-4b8f-bf56-768e7e1e4e3a,מרפאת נרקיסיה,אשדוד,south,UpLift – מתיחת פנים בלייזר שמבטלת צורך בניתוח,sentence,plastic-surgery,fixed,4500,website,/ops/businesses?branch=d058bd6d-ae57-4b8f-bf56-768e7e1e4e3a
7e354c0f-87ee-43b8-9a4e-c81b5ec854f4,d058bd6d-ae57-4b8f-bf56-768e7e1e4e3a,מרפאת נרקיסיה,אשדוד,south,"title=""UpLift – מתיחת פנים בלייזר שמבטלת צורך בניתוח""",sentence,plastic-surgery,on_request,,website,/ops/businesses?branch=d058bd6d-ae57-4b8f-bf56-768e7e1e4e3a
ef821819-1999-4b11-b376-d5128dfe3b58,d058bd6d-ae57-4b8f-bf56-768e7e1e4e3a,מרפאת נרקיסיה,אשדוד,south,"title=""ניתוח אף בלייזר בלי הרדמה כללית""",sentence,plastic-surgery,on_request,,website,/ops/businesses?branch=d058bd6d-ae57-4b8f-bf56-768e7e1e4e3a
a484e937-d85f-4d15-930e-be9a7de75943,d058bd6d-ae57-4b8f-bf56-768e7e1e4e3a,מרפאת נרקיסיה,אשדוד,south,Акция — UpLift — процедура моментальной подтяжки лица,sentence,,fixed,4500,website,/ops/businesses?branch=d058bd6d-ae57-4b8f-bf56-768e7e1e4e3a
6551e018-c8e1-4c6a-b05a-ffc0097b1384,72c6c43d-735d-48ec-898d-e1b3e5725612,קסם קוסמטיקס,אשדוד,south,косметолог,function_word,,on_request,,website,/ops/businesses?branch=72c6c43d-735d-48ec-898d-e1b3e5725612
1d05f03e-0b7f-41e0-adee-714bfc72746c,ba06eadd-da6a-48f7-a153-0539410dc72c,נופר קפורי - איפור שיער לכלות וערב,אשדוד,south,"איפור ועיצוב שיער: נופר קפורי היופי שלך,",sentence,makeup,on_request,,website,/ops/businesses?branch=ba06eadd-da6a-48f7-a153-0539410dc72c
0f4d83cf-882f-46b7-b327-de43bb3c7cc0,ba06eadd-da6a-48f7-a153-0539410dc72c,נופר קפורי - איפור שיער לכלות וערב,אשדוד,south,איפור ושיער לכלה.,sentence,makeup,on_request,,website,/ops/businesses?branch=ba06eadd-da6a-48f7-a153-0539410dc72c
0d2aadcb-7ebc-4f38-b045-c56dce3ac5e3,ba06eadd-da6a-48f7-a153-0539410dc72c,נופר קפורי - איפור שיער לכלות וערב,אשדוד,south,איפור ושיער שמספרים את הסיפור שלך.,sentence,makeup,on_request,,website,/ops/businesses?branch=ba06eadd-da6a-48f7-a153-0539410dc72c
7ed535dc-2db4-4cd6-b455-5ffc16db42c2,1d0f041a-c407-4b4c-a04b-02701289e3e6,יעל תמם - איפור כלות ואיפור ערב,אשדוד,south,"איפור מקצועי לפורים איפור לפורים באשדוד, תחפושות ואפקטים לסרטים",sentence,makeup,on_request,,website,/ops/businesses?branch=1d0f041a-c407-4b4c-a04b-02701289e3e6
6ff7e378-72be-42c9-81f0-60daf97b53b6,1d0f041a-c407-4b4c-a04b-02701289e3e6,יעל תמם - איפור כלות ואיפור ערב,אשדוד,south,איפור ערב מקצועי איפור ערב באשדוד - יעל תמם,sentence,makeup,on_request,,website,/ops/businesses?branch=1d0f041a-c407-4b4c-a04b-02701289e3e6
86fea78c-bab9-4d8c-b222-3b074aeccdd6,5b57d49d-51e2-45ac-a992-c7dff7c1ca02,Sk cosmetics,אשדוד,south,בלבד,function_word,,fixed,50,website,/ops/businesses?branch=5b57d49d-51e2-45ac-a992-c7dff7c1ca02
b054b01c-042f-4ddd-98ac-1bc780f6fe65,5560ee57-7861-48b5-9e78-cdf9f102e1a3,רנטה מילבסקי || קורס איפור קבוע והדגשת שפתיים למתחילות ולמתקדמות - Renata Permanent Makeup,אשדוד,south,בתחום המיקרופיגמנטציה.,sentence,permanent-makeup,on_request,,website,/ops/businesses?branch=5560ee57-7861-48b5-9e78-cdf9f102e1a3
e65cabb6-cb9b-4ca6-84de-7313586ca92a,2a6fe4cb-d410-4847-8e1e-7682d37879e3,Glam42 גלאם42 אשדוד,אשדוד,south,הטבות מיוחדות - איפור • טיפוח • שיער,sentence,makeup,on_request,,website,/ops/businesses?branch=2a6fe4cb-d410-4847-8e1e-7682d37879e3
70914844-a63c-440b-ab3a-3f3f280d073e,5560ee57-7861-48b5-9e78-cdf9f102e1a3,רנטה מילבסקי || קורס איפור קבוע והדגשת שפתיים למתחילות ולמתקדמות - Renata Permanent Makeup,אשדוד,south,הטיפול הראשון לוקח 3 שעות והטיפול השני לוקח שעה בלבד. מה שאומר,sentence,,fixed,1600,website,/ops/businesses?branch=5560ee57-7861-48b5-9e78-cdf9f102e1a3
3c5943a3-0b86-4866-9b9b-afd68ff90fc6,d058bd6d-ae57-4b8f-bf56-768e7e1e4e3a,מרפאת נרקיסיה,אשדוד,south,הכתמים התת עוריים יוצאים החוצה ונראים מפחידים,sentence,facials,on_request,,website,/ops/businesses?branch=d058bd6d-ae57-4b8f-bf56-768e7e1e4e3a
832e1615-7f6e-46ab-8cf3-f9ff44c31d09,d7d1292a-9dbf-42ca-8910-64a8934831f3,"ד״ר אלינה גרמן, רופאת שיניים",אשדוד,south,הלבנת שיניים (70 דק׳ או פחות),sentence,dental-aesthetics,fixed,990,website,/ops/businesses?branch=d7d1292a-9dbf-42ca-8910-64a8934831f3
576d7a14-e0b7-4cc1-9b7c-ba385ed3a470,0a8d75fb-8562-449c-945b-c22599fb2b6e,ד״ר סוזנה דורפמן - מרפאת שיניים לכירורגיה ואסתטיקה Dr. Susana Dorfman - Dental Surgery clinic,אשדוד,south,הלבנת שיניים באשדוד | מרפאת דר סוזנה דורפמן,sentence,dental-aesthetics,on_request,,website,/ops/businesses?branch=0a8d75fb-8562-449c-945b-c22599fb2b6e
8d4b607e-e3e6-426e-a04a-0ffdb66b014b,0a8d75fb-8562-449c-945b-c22599fb2b6e,ד״ר סוזנה דורפמן - מרפאת שיניים לכירורגיה ואסתטיקה Dr. Susana Dorfman - Dental Surgery clinic,אשדוד,south,הלבנת שיניים ניתן לבצע כבר מגיל 15-15 בהתאם לצורך.,sentence,dental-aesthetics,on_request,,website,/ops/businesses?branch=0a8d75fb-8562-449c-945b-c22599fb2b6e
31094867-0251-47f9-bc2c-a9bf403e7c7c,5560ee57-7861-48b5-9e78-cdf9f102e1a3,רנטה מילבסקי || קורס איפור קבוע והדגשת שפתיים למתחילות ולמתקדמות - Renata Permanent Makeup,אשדוד,south,הם המובילות כיום בעולם בתחום המיקרופיגמנטציה.,sentence,permanent-makeup,on_request,,website,/ops/businesses?branch=5560ee57-7861-48b5-9e78-cdf9f102e1a3
b4c9ef6e-72da-49c8-8088-69ffe20455ed,d058bd6d-ae57-4b8f-bf56-768e7e1e4e3a,מרפאת נרקיסיה,אשדוד,south,"המחיר המקורי היה: 2,500 ₪. 1,250 ₪ המחיר הנוכחי הוא: 1,250 ₪.",sentence,,fixed,2500,website,/ops/businesses?branch=d058bd6d-ae57-4b8f-bf56-768e7e1e4e3a
4c255fbf-772c-43b0-b848-890a77770ff8,d058bd6d-ae57-4b8f-bf56-768e7e1e4e3a,מרפאת נרקיסיה,אשדוד,south,"המחיר המקורי היה: 4,500 ₪. 2,150 ₪ המחיר הנוכחי הוא: 2,150 ₪.",sentence,,fixed,4500,website,/ops/businesses?branch=d058bd6d-ae57-4b8f-bf56-768e7e1e4e3a
42cc450f-8323-4bc8-be93-ea14ffc8bb51,d058bd6d-ae57-4b8f-bf56-768e7e1e4e3a,מרפאת נרקיסיה,אשדוד,south,העלמת קמטוטים ושיוף קמטים וכתמים קשים בלייזר שטחי ממוקד,sentence,facials,on_request,,website,/ops/businesses?branch=d058bd6d-ae57-4b8f-bf56-768e7e1e4e3a
3162dddc-4d3a-4557-b8f3-30dd19f2176e,d058bd6d-ae57-4b8f-bf56-768e7e1e4e3a,מרפאת נרקיסיה,אשדוד,south,הצעת מחיר אחראית ואישית תוכל לקבל אך ורק לאחר פגישת אבחון וייעוץ איתי בעלות של,sentence,,fixed,350,website,/ops/businesses?branch=d058bd6d-ae57-4b8f-bf56-768e7e1e4e3a
1e9bf451-50ce-43cc-b33d-ae4b3425f79c,472b592c-ca69-4284-be03-c0bf42a850e8,הרמת ריסים וגבות | עיצוב גבות | מיקרובליידינג | מלי מויאל,אשדוד,south,הקורס המשולב - הרמת ריסים והרמת גבות,sentence,brows-lashes,on_request,,website,/ops/businesses?branch=472b592c-ca69-4284-be03-c0bf42a850e8
ee0d184f-acd1-4982-973e-18bd3c4f283e,b2db1fc9-6730-44c8-8c10-bb10167e3bb2,מאי בטש - עיצוב גבות וריסים,אשדוד,south,הרמת גבות + עיצוב גבות טבעיות,sentence,brows-lashes,on_request,,website,/ops/businesses?branch=b2db1fc9-6730-44c8-8c10-bb10167e3bb2
82c5c125-1219-4589-a662-1267e1cd2934,d058bd6d-ae57-4b8f-bf56-768e7e1e4e3a,מרפאת נרקיסיה,אשדוד,south,הרמת עפעפיים ועיגולים מתחת לעיניים כדרך לבריאות העיניים,sentence,plastic-surgery,on_request,,website,/ops/businesses?branch=d058bd6d-ae57-4b8f-bf56-768e7e1e4e3a
0e6e9de7-592d-4bc7-9c05-2d49798e9d39,b2db1fc9-6730-44c8-8c10-bb10167e3bb2,מאי בטש - עיצוב גבות וריסים,אשדוד,south,הרמת ריסים + עיצוב גבות טבעיות,sentence,brows-lashes,on_request,,website,/ops/businesses?branch=b2db1fc9-6730-44c8-8c10-bb10167e3bb2
6e74da70-bd9c-4621-9619-d79c7757f16f,b2db1fc9-6730-44c8-8c10-bb10167e3bb2,מאי בטש - עיצוב גבות וריסים,אשדוד,south,הרמת ריסים + עיצוב גבות טבעיות + הרמת גבות,sentence,brows-lashes,on_request,,website,/ops/businesses?branch=b2db1fc9-6730-44c8-8c10-bb10167e3bb2
423bec88-1f9f-4efa-ad4c-fabc37871683,d7d1292a-9dbf-42ca-8910-64a8934831f3,"ד״ר אלינה גרמן, רופאת שיניים",אשדוד,south,"חבילה היגיינת פה בסיסית, BASIC (30 דק׳ או פחות)",package,,fixed,240,website,/ops/businesses?branch=d7d1292a-9dbf-42ca-8910-64a8934831f3
546eb7c7-a381-426f-9649-7b15cb1855ea,d7d1292a-9dbf-42ca-8910-64a8934831f3,"ד״ר אלינה גרמן, רופאת שיניים",אשדוד,south,"חבילת היגיינת פה מקצועית, PRO (50 דק׳ או פחות)",package,,fixed,290,website,/ops/businesses?branch=d7d1292a-9dbf-42ca-8910-64a8934831f3
1cd28be1-0956-4b7e-bd90-3c5c62ec8f9a,d7d1292a-9dbf-42ca-8910-64a8934831f3,"ד״ר אלינה גרמן, רופאת שיניים",אשדוד,south,"חבילת היגיינת פה פרימיום, PREMIUM (60 דק׳ או פחות)",package,,fixed,330,website,/ops/businesses?branch=d7d1292a-9dbf-42ca-8910-64a8934831f3
e340a220-ae23-48cc-ba77-ac7aacabe2f9,472b592c-ca69-4284-be03-c0bf42a850e8,הרמת ריסים וגבות | עיצוב גבות | מיקרובליידינג | מלי מויאל,אשדוד,south,חוסך לך זמן יקר באיפור בבוקר ובהסרה בלילה,sentence,makeup,on_request,,website,/ops/businesses?branch=472b592c-ca69-4284-be03-c0bf42a850e8
63937658-5845-4b89-9858-b42bfcb678a6,df8f55ef-7b98-4965-9480-3cad55198155,אושר בן חמו קליניקה לטיפוח,אשדוד,south,חנות מוצרי פדיקור מניקור,product,nails,on_request,,website,/ops/businesses?branch=df8f55ef-7b98-4965-9480-3cad55198155
aec3044c-d621-4ff9-824a-14a3166dc945,d058bd6d-ae57-4b8f-bf56-768e7e1e4e3a,מרפאת נרקיסיה,אשדוד,south,טיפול ב לייזר עם תוצאה אלגנטית משל ניתוח אף,sentence,plastic-surgery,on_request,,website,/ops/businesses?branch=d058bd6d-ae57-4b8f-bf56-768e7e1e4e3a
79ba3254-6998-4591-9718-c8b35668cec2,ec6a50ae-40d6-49c0-a3b3-a0f89462dfdf,"סמדג׳ה משה - המרכז להחלקות שיער אשדוד | החלקה אורגנית, החלקת קרטין | הסרת שיער בלייזר | טיפולי פנים",אשדוד,south,"טיפול זוהר לפני אירוע הכולל ניקוי פנים, פילינג, מסיכות ועיסוי (מחיר",sentence,spa-massage,fixed,250,website,/ops/businesses?branch=ec6a50ae-40d6-49c0-a3b3-a0f89462dfdf
f93b5e59-7a17-4a88-ab26-9657a464d323,d058bd6d-ae57-4b8f-bf56-768e7e1e4e3a,מרפאת נרקיסיה,אשדוד,south,טיפול יופי ובריאות מס׳ 1 בעולם – Pink Dragon,sentence,,fixed,333,website,/ops/businesses?branch=d058bd6d-ae57-4b8f-bf56-768e7e1e4e3a
3daa34da-07e4-4031-a7c1-717b6914c231,d058bd6d-ae57-4b8f-bf56-768e7e1e4e3a,מרפאת נרקיסיה,אשדוד,south,טיפול מתקדם יותר מניתוח אף כירורגי מ-2016,sentence,plastic-surgery,on_request,,website,/ops/businesses?branch=d058bd6d-ae57-4b8f-bf56-768e7e1e4e3a
b9c7c24b-5a6a-4793-b6a2-597df63e515f,d7d1292a-9dbf-42ca-8910-64a8934831f3,"ד״ר אלינה גרמן, רופאת שיניים",אשדוד,south,טיפול נגד קמטי פנים בהזרקת בוטוקס,sentence,medical-aesthetics,fixed,330,website,/ops/businesses?branch=d7d1292a-9dbf-42ca-8910-64a8934831f3
082f3ffe-7e6a-4873-b11e-2c7c66e6dfdc,d058bd6d-ae57-4b8f-bf56-768e7e1e4e3a,מרפאת נרקיסיה,אשדוד,south,טיפול נחירות שפותר בעיה | ע״י אף אוזן וגרון | בלייזר רפואי - רפואה פלסטית בלייזר,sentence,,on_request,,website,/ops/businesses?branch=d058bd6d-ae57-4b8f-bf56-768e7e1e4e3a
f8e7ca14-f7e1-4414-af85-5aaabb4660de,b2db1fc9-6730-44c8-8c10-bb10167e3bb2,מאי בטש - עיצוב גבות וריסים,אשדוד,south,טיפול עיצוב גבות מתבצע בשעווה ♥,sentence,hair-removal,fixed,60,website,/ops/businesses?branch=b2db1fc9-6730-44c8-8c10-bb10167e3bb2
d7ce445f-9a6f-45c0-b8e2-f0ba5fb48bc4,d058bd6d-ae57-4b8f-bf56-768e7e1e4e3a,מרפאת נרקיסיה,אשדוד,south,טיפול פנים המומלץ ביותר שלנו מ-2016,sentence,facials,on_request,,website,/ops/businesses?branch=d058bd6d-ae57-4b8f-bf56-768e7e1e4e3a
31038200-70ce-4df4-a041-1811eee11c37,d058bd6d-ae57-4b8f-bf56-768e7e1e4e3a,מרפאת נרקיסיה,אשדוד,south,יישור מחיצת האף עם לייזר וחובת ניתוח כירורגי,sentence,plastic-surgery,fixed,2000,website,/ops/businesses?branch=d058bd6d-ae57-4b8f-bf56-768e7e1e4e3a
fb720bbb-bd42-4e57-8be2-a30cbe0356a7,d7d1292a-9dbf-42ca-8910-64a8934831f3,"ד״ר אלינה גרמן, רופאת שיניים",אשדוד,south,"יישור שיניים (ייעוץ, 40 דק׳ או פחות)",sentence,dental-aesthetics,on_request,,website,/ops/businesses?branch=d7d1292a-9dbf-42ca-8910-64a8934831f3
7e06d85b-79da-4e92-b1e4-7aee4f54c653,f9330707-df6e-4201-a959-5f264cbbb4ef,"ד""ר טל שניידר חירום אשדוד",אשדוד,south,יישור שיניים על ידי סדים שקופים,sentence,dental-aesthetics,on_request,,website,/ops/businesses?branch=f9330707-df6e-4201-a959-5f264cbbb4ef
b5668b4d-e902-420c-bdc4-93e86c2ca79f,5560ee57-7861-48b5-9e78-cdf9f102e1a3,רנטה מילבסקי || קורס איפור קבוע והדגשת שפתיים למתחילות ולמתקדמות - Renata Permanent Makeup,אשדוד,south,כל הבונוסים שלך עומדים על שווי של,sentence,,fixed,6400,website,/ops/businesses?branch=5560ee57-7861-48b5-9e78-cdf9f102e1a3
feafa074-7806-4ec1-8c54-adea0ffe1e78,5560ee57-7861-48b5-9e78-cdf9f102e1a3,רנטה מילבסקי || קורס איפור קבוע והדגשת שפתיים למתחילות ולמתקדמות - Renata Permanent Makeup,אשדוד,south,כל לקוחה מגיעה ל-2 טיפולים ומשלמת לך על זה בממוצע,sentence,,package,1600,website,/ops/businesses?branch=5560ee57-7861-48b5-9e78-cdf9f102e1a3
3ac18cc7-5854-4da0-bdf6-fc80e1153376,472b592c-ca69-4284-be03-c0bf42a850e8,הרמת ריסים וגבות | עיצוב גבות | מיקרובליידינג | מלי מויאל,אשדוד,south,כל מי שאוהבת את המראה הבובתי והמורם בריסים,sentence,brows-lashes,on_request,,website,/ops/businesses?branch=472b592c-ca69-4284-be03-c0bf42a850e8
ed4af350-f18c-42e7-8cf6-3c42ea4157c8,d058bd6d-ae57-4b8f-bf56-768e7e1e4e3a,מרפאת נרקיסיה,אשדוד,south,כתמי פיגמנטציה שלא יוצאים בשום שיטה,sentence,facials,on_request,,website,/ops/businesses?branch=d058bd6d-ae57-4b8f-bf56-768e7e1e4e3a
33e33003-d4e6-4fc8-8879-e3cb41ba09a8,0a8d75fb-8562-449c-945b-c22599fb2b6e,ד״ר סוזנה דורפמן - מרפאת שיניים לכירורגיה ואסתטיקה Dr. Susana Dorfman - Dental Surgery clinic,אשדוד,south,"כתרים | מרפאת סוזנה ד""ר דורפמן",sentence,dental-aesthetics,on_request,,website,/ops/businesses?branch=0a8d75fb-8562-449c-945b-c22599fb2b6e
ae38b7f3-b758-4581-9e93-3dee21ba86ce,472b592c-ca69-4284-be03-c0bf42a850e8,הרמת ריסים וגבות | עיצוב גבות | מיקרובליידינג | מלי מויאל,אשדוד,south,למי מותר ולמי אסור לבצע הרמת ריסים,sentence,brows-lashes,on_request,,website,/ops/businesses?branch=472b592c-ca69-4284-be03-c0bf42a850e8
b933d5dc-791e-44bb-979a-9a18a1cd69aa,472b592c-ca69-4284-be03-c0bf42a850e8,הרמת ריסים וגבות | עיצוב גבות | מיקרובליידינג | מלי מויאל,אשדוד,south,למי מותר ולמי אסור לבצע הרמת ריסים וגבות,sentence,brows-lashes,on_request,,website,/ops/businesses?branch=472b592c-ca69-4284-be03-c0bf42a850e8
39f04d49-9811-4f03-97c9-f8b730bd00e4,b2db1fc9-6730-44c8-8c10-bb10167e3bb2,מאי בטש - עיצוב גבות וריסים,אשדוד,south,מאי בטש - עיצוב גבות וריסים,sentence,brows-lashes,on_request,,website,/ops/businesses?branch=b2db1fc9-6730-44c8-8c10-bb10167e3bb2
a7bc79c1-50ac-4ecc-88b1-157b452576a3,1d0f041a-c407-4b4c-a04b-02701289e3e6,יעל תמם - איפור כלות ואיפור ערב,אשדוד,south,מאפרת כלות מקצועית איפור כלות באשדוד - יעל תמם,sentence,makeup,on_request,,website,/ops/businesses?branch=1d0f041a-c407-4b4c-a04b-02701289e3e6
e13ae321-99a4-40b2-a030-fcb90d3ee066,e2d519f3-24c3-4b02-bb52-447305d046cf,אוראל שאלתיאל מאפרת ומסרקת כלות וערב,אשדוד,south,"מאפרת מסרקת כלות וערב, סירוק פאות ⚜️החלקות אורגנית מינרלית",sentence,makeup,on_request,,website,/ops/businesses?branch=e2d519f3-24c3-4b02-bb52-447305d046cf
123c036d-85f8-4550-b344-162c202752d0,ec6a50ae-40d6-49c0-a3b3-a0f89462dfdf,"סמדג׳ה משה - המרכז להחלקות שיער אשדוד | החלקה אורגנית, החלקת קרטין | הסרת שיער בלייזר | טיפולי פנים",אשדוד,south,מארז של 100 כובעי רחצה,product,,fixed,49,website,/ops/businesses?branch=ec6a50ae-40d6-49c0-a3b3-a0f89462dfdf
817386cd-03ac-4108-87b1-7c3034188bcb,ec6a50ae-40d6-49c0-a3b3-a0f89462dfdf,"סמדג׳ה משה - המרכז להחלקות שיער אשדוד | החלקה אורגנית, החלקת קרטין | הסרת שיער בלייזר | טיפולי פנים",אשדוד,south,מבצע!! - 6 טיפולי פנים בהתאמה אישית,sentence,facials,fixed,1500,website,/ops/businesses?branch=ec6a50ae-40d6-49c0-a3b3-a0f89462dfdf
03917c5f-7406-43d0-9295-5ef478f8e43b,b2db1fc9-6730-44c8-8c10-bb10167e3bb2,מאי בטש - עיצוב גבות וריסים,אשדוד,south,מברשת מיוחדת לסירוק ולעיצוב חזק ועמיד לאורך זמן.,sentence,,fixed,30,website,/ops/businesses?branch=b2db1fc9-6730-44c8-8c10-bb10167e3bb2
12c0627f-0a95-4784-a458-8c2dcac956fb,472b592c-ca69-4284-be03-c0bf42a850e8,הרמת ריסים וגבות | עיצוב גבות | מיקרובליידינג | מלי מויאל,אשדוד,south,מדגיש ומעגל את הריסים לתקופה ארוכה,sentence,brows-lashes,on_request,,website,/ops/businesses?branch=472b592c-ca69-4284-be03-c0bf42a850e8
8c700dd6-aadc-45a8-aa64-0ba4a1b4ec0d,d058bd6d-ae57-4b8f-bf56-768e7e1e4e3a,מרפאת נרקיסיה,אשדוד,south,"מהפכה ב תחום ניתוחי אף, כבר מ-2016",sentence,plastic-surgery,on_request,,website,/ops/businesses?branch=d058bd6d-ae57-4b8f-bf56-768e7e1e4e3a
7fa68c22-7a2b-4b64-a8fa-ac3b94e16d39,2a6fe4cb-d410-4847-8e1e-7682d37879e3,Glam42 גלאם42 אשדוד,אשדוד,south,מוצר מעולה מסיר את האיפור ולא מייבש את העור.,product,makeup,on_request,,website,/ops/businesses?branch=2a6fe4cb-d410-4847-8e1e-7682d37879e3
78fb10df-c6fb-4a6c-bb82-bacc4ce0816c,d058bd6d-ae57-4b8f-bf56-768e7e1e4e3a,מרפאת נרקיסיה,אשדוד,south,מחיר שלנו,sentence,,fixed,4500,website,/ops/businesses?branch=d058bd6d-ae57-4b8f-bf56-768e7e1e4e3a
7bceb61b-2a44-45b0-8a42-28d1518e3a70,d058bd6d-ae57-4b8f-bf56-768e7e1e4e3a,מרפאת נרקיסיה,אשדוד,south,מטפל באנשים עם דרגת נחירות ש״מחייבת כבר ניתוח״,sentence,plastic-surgery,on_request,,website,/ops/businesses?branch=d058bd6d-ae57-4b8f-bf56-768e7e1e4e3a
46abf3f6-6923-43b3-971d-7de305ff8293,472b592c-ca69-4284-be03-c0bf42a850e8,הרמת ריסים וגבות | עיצוב גבות | מיקרובליידינג | מלי מויאל,אשדוד,south,מי שיש לה ריסים קצרים ורוצה להדגיש אותם,sentence,brows-lashes,on_request,,website,/ops/businesses?branch=472b592c-ca69-4284-be03-c0bf42a850e8
553abf9c-4258-41e6-b95a-8edcb6ba909e,472b592c-ca69-4284-be03-c0bf42a850e8,הרמת ריסים וגבות | עיצוב גבות | מיקרובליידינג | מלי מויאל,אשדוד,south,מי שסובלת משיער קשיח/מקורזל בריסים ולא מסתדרת איתו,sentence,brows-lashes,on_request,,website,/ops/businesses?branch=472b592c-ca69-4284-be03-c0bf42a850e8
3210eee3-4249-4e3d-a698-3bc97a75c4da,ec6a50ae-40d6-49c0-a3b3-a0f89462dfdf,"סמדג׳ה משה - המרכז להחלקות שיער אשדוד | החלקה אורגנית, החלקת קרטין | הסרת שיער בלייזר | טיפולי פנים",אשדוד,south,מייבש שיער מקצועי למספרות של המותג M.S.K,sentence,,fixed,590,website,/ops/businesses?branch=ec6a50ae-40d6-49c0-a3b3-a0f89462dfdf
de81c5fa-3475-44d6-999e-893bf35513bb,7bc36af9-950c-49b9-8483-82644ef65045,"מד אסתטיק - ד""ר פרייב מיכאל",אשדוד,south,מילוי ועיצוב שפתיים עם חומצה היאלורונית,sentence,medical-aesthetics,on_request,,website,/ops/businesses?branch=7bc36af9-950c-49b9-8483-82644ef65045
0fcd613c-65e4-475c-9624-278c8d14109d,2a6fe4cb-d410-4847-8e1e-7682d37879e3,Glam42 גלאם42 אשדוד,אשדוד,south,מסיר איפור take the day off מתנה,sentence,makeup,on_request,,website,/ops/businesses?branch=2a6fe4cb-d410-4847-8e1e-7682d37879e3
894112ce-286f-402a-ab16-417b511298dd,d058bd6d-ae57-4b8f-bf56-768e7e1e4e3a,מרפאת נרקיסיה,אשדוד,south,"מצב גוף חלש (לאחר ניתוח, מחלה אוטואימונית ועוד)",sentence,plastic-surgery,on_request,,website,/ops/businesses?branch=d058bd6d-ae57-4b8f-bf56-768e7e1e4e3a
2d1cd9c3-bc37-43f6-b60e-7a27bbf030c9,d058bd6d-ae57-4b8f-bf56-768e7e1e4e3a,מרפאת נרקיסיה,אשדוד,south,משוואה מנצחת לפנים צעירות 5D Light,sentence,,fixed,12500,website,/ops/businesses?branch=d058bd6d-ae57-4b8f-bf56-768e7e1e4e3a
36819e14-49b5-42fc-9516-a81bb3a72b00,d058bd6d-ae57-4b8f-bf56-768e7e1e4e3a,מרפאת נרקיסיה,אשדוד,south,משוואה מנצחת לפנים צעירות 5D Light - רפואה פלסטית בלייזר,sentence,,fixed,12500,website,/ops/businesses?branch=d058bd6d-ae57-4b8f-bf56-768e7e1e4e3a
9404f12c-15c9-4e9b-94ae-885055078d9b,2a6fe4cb-d410-4847-8e1e-7682d37879e3,Glam42 גלאם42 אשדוד,אשדוד,south,משלוח אקספרס לנקודת חלוקה רק ב,sentence,,fixed,15,website,/ops/businesses?branch=2a6fe4cb-d410-4847-8e1e-7682d37879e3
3752d6f9-ddf0-42b8-845e-f780fb1dc7c4,d058bd6d-ae57-4b8f-bf56-768e7e1e4e3a,מרפאת נרקיסיה,אשדוד,south,מתיחת פנים ע״י חיזוק שרירים ומיצוק שכבות סחוסיות,sentence,plastic-surgery,on_request,,website,/ops/businesses?branch=d058bd6d-ae57-4b8f-bf56-768e7e1e4e3a
bf1c2a19-d89e-4b8f-a3be-724fdaf67db0,472b592c-ca69-4284-be03-c0bf42a850e8,הרמת ריסים וגבות | עיצוב גבות | מיקרובליידינג | מלי מויאל,אשדוד,south,נוסחאות למריחת החומרים בצורה הנכונה (לריסים ולגבות),sentence,brows-lashes,on_request,,website,/ops/businesses?branch=472b592c-ca69-4284-be03-c0bf42a850e8
9301cefb-fd3a-48bb-b84f-c5835a6eef03,d058bd6d-ae57-4b8f-bf56-768e7e1e4e3a,מרפאת נרקיסיה,אשדוד,south,"ניקיון של כל המיותר: נימים, כתמים, הכרשות, חסימות, חיידקים",sentence,facials,on_request,,website,/ops/businesses?branch=d058bd6d-ae57-4b8f-bf56-768e7e1e4e3a
7747b768-8105-4273-86cc-647e93ef599d,d058bd6d-ae57-4b8f-bf56-768e7e1e4e3a,מרפאת נרקיסיה,אשדוד,south,ניתוח אף בלייזר בלי הרדמה כללית,sentence,plastic-surgery,on_request,,website,/ops/businesses?branch=d058bd6d-ae57-4b8f-bf56-768e7e1e4e3a
2b1f1b12-5738-428f-9428-f2df21454b4b,d058bd6d-ae57-4b8f-bf56-768e7e1e4e3a,מרפאת נרקיסיה,אשדוד,south,ניתוח אף ללא ניתוח בלייזר רפואי,sentence,plastic-surgery,on_request,,website,/ops/businesses?branch=d058bd6d-ae57-4b8f-bf56-768e7e1e4e3a
06810c50-0b96-4907-8452-29fea3464b41,d058bd6d-ae57-4b8f-bf56-768e7e1e4e3a,מרפאת נרקיסיה,אשדוד,south,ניתוחים קטנים לשכנים בבית עם לייזר ביתי קל,sentence,plastic-surgery,on_request,,website,/ops/businesses?branch=d058bd6d-ae57-4b8f-bf56-768e7e1e4e3a
a5026f88-b9c8-4308-abff-271359ca992c,1eed952a-7af9-4875-9dc6-572d9167a83a,RN laser cosmetic,אשדוד,south,סדרת 6 טיפולים — חומרים ומכשור מתקדמים. לפרטים →,package,,package,2500,website,/ops/businesses?branch=1eed952a-7af9-4875-9dc6-572d9167a83a
1f451f26-b193-4e93-b939-1c4e293d0381,1eed952a-7af9-4875-9dc6-572d9167a83a,RN laser cosmetic,אשדוד,south,"ספא ראש ,טיפולי פנים ,הסרת סרחי עור ,הסרת שיער בלייזר",sentence,hair-removal,on_request,,website,/ops/businesses?branch=1eed952a-7af9-4875-9dc6-572d9167a83a
63ee112c-3a5a-4f4b-aa7d-4934477a3cd9,d7d1292a-9dbf-42ca-8910-64a8934831f3,"ד״ר אלינה גרמן, רופאת שיניים",אשדוד,south,"סתימות, שחזורים, טיפולי שורש, כתרים, עקירות, שתלים, גשרים ועוד.",sentence,dental-aesthetics,on_request,,website,/ops/businesses?branch=d7d1292a-9dbf-42ca-8910-64a8934831f3
6ed7f5f3-ef40-4354-b015-128fee08472d,b2db1fc9-6730-44c8-8c10-bb10167e3bb2,מאי בטש - עיצוב גבות וריסים,אשדוד,south,עיצוב גבות טבעיות + שפם + צבע עמיד לשבוע,sentence,brows-lashes,on_request,,website,/ops/businesses?branch=b2db1fc9-6730-44c8-8c10-bb10167e3bb2
ea250f9b-0521-4eec-a379-ca78ccb406c3,2a6fe4cb-d410-4847-8e1e-7682d37879e3,Glam42 גלאם42 אשדוד,אשדוד,south,עכשיו ב-71 גוונים המיועדים לכל גוני ומרקמי העור.,sentence,hair-salons,on_request,,website,/ops/businesses?branch=2a6fe4cb-d410-4847-8e1e-7682d37879e3
70dcef6b-1f06-4de3-b84e-36bbe6a4ba38,d058bd6d-ae57-4b8f-bf56-768e7e1e4e3a,מרפאת נרקיסיה,אשדוד,south,על הטיפול ה חדש ל מתיחת פנים,sentence,plastic-surgery,on_request,,website,/ops/businesses?branch=d058bd6d-ae57-4b8f-bf56-768e7e1e4e3a
b065947b-f1a8-44aa-bff2-d76d9b44765f,472b592c-ca69-4284-be03-c0bf42a850e8,הרמת ריסים וגבות | עיצוב גבות | מיקרובליידינג | מלי מויאל,אשדוד,south,ערכה מלאה להרמת ריסים מבית Elleebana,product,brows-lashes,on_request,,website,/ops/businesses?branch=472b592c-ca69-4284-be03-c0bf42a850e8
1c76da50-c429-47bc-9c1c-6602970acaec,ec6a50ae-40d6-49c0-a3b3-a0f89462dfdf,"סמדג׳ה משה - המרכז להחלקות שיער אשדוד | החלקה אורגנית, החלקת קרטין | הסרת שיער בלייזר | טיפולי פנים",אשדוד,south,ערכה פוואר אלמנט,product,,fixed,300,website,/ops/businesses?branch=ec6a50ae-40d6-49c0-a3b3-a0f89462dfdf
40173383-7c98-416d-9068-838b7ae09668,2a6fe4cb-d410-4847-8e1e-7682d37879e3,Glam42 גלאם42 אשדוד,אשדוד,south,"פעמיים ביום, על עור נקי מאיפור",sentence,makeup,on_request,,website,/ops/businesses?branch=2a6fe4cb-d410-4847-8e1e-7682d37879e3
c97a63a2-1986-47cf-82b2-bee96039e962,d058bd6d-ae57-4b8f-bf56-768e7e1e4e3a,מרפאת נרקיסיה,אשדוד,south,פרוטוקול הבסיס של טיפול פנים 5D,sentence,facials,on_request,,website,/ops/businesses?branch=d058bd6d-ae57-4b8f-bf56-768e7e1e4e3a
1823ef0b-ad04-4448-bc49-a6c767d33f4b,d7d1292a-9dbf-42ca-8910-64a8934831f3,"ד״ר אלינה גרמן, רופאת שיניים",אשדוד,south,"ציפויים (ייעוץ, 30 דק׳ או פחות)",sentence,,on_request,,website,/ops/businesses?branch=d7d1292a-9dbf-42ca-8910-64a8934831f3
806aa54b-2826-43ee-9b8e-136c665eb86b,472b592c-ca69-4284-be03-c0bf42a850e8,הרמת ריסים וגבות | עיצוב גבות | מיקרובליידינג | מלי מויאל,אשדוד,south,קורס הרמת גבות,package,,on_request,,website,/ops/businesses?branch=472b592c-ca69-4284-be03-c0bf42a850e8
e31fd3a0-92f5-4a3c-8234-4e32b348ef63,472b592c-ca69-4284-be03-c0bf42a850e8,הרמת ריסים וגבות | עיצוב גבות | מיקרובליידינג | מלי מויאל,אשדוד,south,קורס הרמת ריסים,package,brows-lashes,on_request,,website,/ops/businesses?branch=472b592c-ca69-4284-be03-c0bf42a850e8
741c397d-6ef3-4901-85a6-252a152b4def,472b592c-ca69-4284-be03-c0bf42a850e8,הרמת ריסים וגבות | עיצוב גבות | מיקרובליידינג | מלי מויאל,אשדוד,south,קורס הרמת ריסים וגבות,package,brows-lashes,on_request,,website,/ops/businesses?branch=472b592c-ca69-4284-be03-c0bf42a850e8
24b5163c-d4d2-4f95-93d6-445708de0fae,df8f55ef-7b98-4965-9480-3cad55198155,אושר בן חמו קליניקה לטיפוח,אשדוד,south,קורסים והשתלמויות,package,,on_request,,website,/ops/businesses?branch=df8f55ef-7b98-4965-9480-3cad55198155
0380495a-53b8-4b46-9ed8-786be9dee391,0a8d75fb-8562-449c-945b-c22599fb2b6e,ד״ר סוזנה דורפמן - מרפאת שיניים לכירורגיה ואסתטיקה Dr. Susana Dorfman - Dental Surgery clinic,אשדוד,south,קיימות מספר דרכים לבצע הלבנת שיניים,sentence,dental-aesthetics,on_request,,website,/ops/businesses?branch=0a8d75fb-8562-449c-945b-c22599fb2b6e
0eeb8b89-5117-4cdc-821f-4c6111723311,472b592c-ca69-4284-be03-c0bf42a850e8,הרמת ריסים וגבות | עיצוב גבות | מיקרובליידינג | מלי מויאל,אשדוד,south,קליניקה לקורסים מקצועיים להרמת ריסים וגבות,sentence,brows-lashes,on_request,,website,/ops/businesses?branch=472b592c-ca69-4284-be03-c0bf42a850e8
096a1e69-3d1d-4b15-b156-760d9bdf0317,5560ee57-7861-48b5-9e78-cdf9f102e1a3,רנטה מילבסקי || קורס איפור קבוע והדגשת שפתיים למתחילות ולמתקדמות - Renata Permanent Makeup,אשדוד,south,שיטת ההצללות/ Powder brows /Aquarelle lips,sentence,permanent-makeup,on_request,,website,/ops/businesses?branch=5560ee57-7861-48b5-9e78-cdf9f102e1a3
78dc3e38-21a6-4eb8-ba93-1b139b9a68ea,5b57d49d-51e2-45ac-a992-c7dff7c1ca02,Sk cosmetics,אשדוד,south,שמרית הסרת שיער בלייזר – טיפולי הסרת שיער בלייזר,sentence,hair-removal,on_request,,website,/ops/businesses?branch=5b57d49d-51e2-45ac-a992-c7dff7c1ca02
56c47888-31df-4845-bfde-dff42bd13de0,b2db1fc9-6730-44c8-8c10-bb10167e3bb2,מאי בטש - עיצוב גבות וריסים,אשדוד,south,שפם בעיצוב גבות.,sentence,brows-lashes,free,0,website,/ops/businesses?branch=b2db1fc9-6730-44c8-8c10-bb10167e3bb2
ed2ca56e-801d-4fab-a785-47437353936a,d7d1292a-9dbf-42ca-8910-64a8934831f3,"ד״ר אלינה גרמן, רופאת שיניים",אשדוד,south,"שתלים, יעוץ (30 דק׳ או פחות)",sentence,,on_request,,website,/ops/businesses?branch=d7d1292a-9dbf-42ca-8910-64a8934831f3
e846b877-6cc7-43e3-be22-147c235814db,5560ee57-7861-48b5-9e78-cdf9f102e1a3,רנטה מילבסקי || קורס איפור קבוע והדגשת שפתיים למתחילות ולמתקדמות - Renata Permanent Makeup,אשדוד,south,שתקבלי מאיתנו במתנה שיחסכו לך לפחות,sentence,,fixed,5000,website,/ops/businesses?branch=5560ee57-7861-48b5-9e78-cdf9f102e1a3
840febf3-8e61-4f39-aa4c-16be35cef46f,d058bd6d-ae57-4b8f-bf56-768e7e1e4e3a,מרפאת נרקיסיה,אשדוד,south,תיקון אף לאחר נזק ניתוחי או תאונה,sentence,plastic-surgery,on_request,,website,/ops/businesses?branch=d058bd6d-ae57-4b8f-bf56-768e7e1e4e3a
7a90885f-e3c1-4437-922a-25757aca978a,472b592c-ca69-4284-be03-c0bf42a850e8,הרמת ריסים וגבות | עיצוב גבות | מיקרובליידינג | מלי מויאל,אשדוד,south,תקבלי תוצאה מושלמת ששום איפור לא יוכל להעניק לך,sentence,makeup,on_request,,website,/ops/businesses?branch=472b592c-ca69-4284-be03-c0bf42a850e8
a2caf9f4-1cf7-4731-9bf0-0a10cac29327,a57a1329-5ad6-4d1f-9e1e-9b61c67e490b,ביוטי שופ,בני ברק,dan,Gold medium cream – תכשיר לחות במרקם קל לאנטיאייג׳ינג.,product,facials,on_request,,website,/ops/businesses?branch=a57a1329-5ad6-4d1f-9e1e-9b61c67e490b
9cf44444-7374-44ee-94d5-8e1514d63049,a57a1329-5ad6-4d1f-9e1e-9b61c67e490b,ביוטי שופ,בני ברק,dan,Yumi Lashes - ביוטי שופ - Beauty Shop,sentence,brows-lashes,on_request,,website,/ops/businesses?branch=a57a1329-5ad6-4d1f-9e1e-9b61c67e490b
e078951b-407b-4fed-a40b-807db3bf1969,d752b52e-4786-4ee7-9399-4ca9cf95dbce,יפה מקסימוב מרכזי אסתטיקה,בני ברק,dan,איזה טיפול הכי יעיל לפיגמנטציה בפנים,sentence,facials,on_request,,website,/ops/businesses?branch=d752b52e-4786-4ee7-9399-4ca9cf95dbce
cee118be-e18e-4631-a172-117cf35bd8e3,d752b52e-4786-4ee7-9399-4ca9cf95dbce,יפה מקסימוב מרכזי אסתטיקה,בני ברק,dan,איך מטפלים בפיגמנטציה בפנים,article,facials,on_request,,website,/ops/businesses?branch=d752b52e-4786-4ee7-9399-4ca9cf95dbce
81438e58-e4c0-42a6-a44d-91f0d5ef384d,2061ad51-e86d-40ca-b4ee-a0e8557cf719,רבקה זיידה - המרכז לטיפול באקנה ופוסט אקנה,בני ברק,dan,אקנה ואיפור – המדריך המלא לעור בעייתי,sentence,,on_request,,website,/ops/businesses?branch=2061ad51-e86d-40ca-b4ee-a0e8557cf719
65d73389-4120-471f-b934-c6fe03ad9350,fa33a3ec-6f06-4db0-928b-f4923a5fd985,Nelly Davidov,בני ברק,dan,אקסטרקט רטינול בשילוב מדכאי מלנין – 15ml,sentence,,fixed,180,website,/ops/businesses?branch=fa33a3ec-6f06-4db0-928b-f4923a5fd985
8a98c12c-0357-43d6-a03e-14073fb771cd,1078a5f6-3eea-4596-9f92-529340285f7f,"ד""ר צחי שלקוביץ' רופא עור",בני ברק,dan,בדרך כלל תוך 3–6 שבועות בהתאם לסוג הכתמים והעומק.,sentence,facials,on_request,,website,/ops/businesses?branch=1078a5f6-3eea-4596-9f92-529340285f7f
c227b35e-a423-4419-8eb8-b17f22651415,f4498f47-9e11-4acc-8c1e-ec0263c29d39,Queens Clinic,בני ברק,dan,בוטוקס חומצה היאלורונית פיסול קו לסת עיצוב סנטר,sentence,medical-aesthetics,on_request,,website,/ops/businesses?branch=f4498f47-9e11-4acc-8c1e-ec0263c29d39
b6d6bb72-30fc-4e94-a0e5-7b842cbd10e6,f4498f47-9e11-4acc-8c1e-ec0263c29d39,Queens Clinic,בני ברק,dan,בוטוקס חומצה היאלורונית פיסול קו לסת קמטי נזולביאל,sentence,medical-aesthetics,on_request,,website,/ops/businesses?branch=f4498f47-9e11-4acc-8c1e-ec0263c29d39
4227fe00-f4c8-4071-b627-5d62d10dffdd,f4498f47-9e11-4acc-8c1e-ec0263c29d39,Queens Clinic,בני ברק,dan,בוטוקס חומצה היאלורונית קמטי נזולביאל עיצוב סנטר,sentence,medical-aesthetics,on_request,,website,/ops/businesses?branch=f4498f47-9e11-4acc-8c1e-ec0263c29d39
b17b181a-2252-4fda-9b19-a8784284ca98,f4498f47-9e11-4acc-8c1e-ec0263c29d39,Queens Clinic,בני ברק,dan,בוטוקס פיסול קו לסת קמטי נזולביאל עיצוב סנטר,sentence,medical-aesthetics,on_request,,website,/ops/businesses?branch=f4498f47-9e11-4acc-8c1e-ec0263c29d39
ac4a31df-0334-4129-a4d4-d60940589b82,a57a1329-5ad6-4d1f-9e1e-9b61c67e490b,ביוטי שופ,בני ברק,dan,ביוט שופ – לק ג'ל ברמת גן,sentence,nails,on_request,,website,/ops/businesses?branch=a57a1329-5ad6-4d1f-9e1e-9b61c67e490b
4ad0ff38-2ba0-4579-a2ab-981a6e7d98f4,a57a1329-5ad6-4d1f-9e1e-9b61c67e490b,ביוטי שופ,בני ברק,dan,ביוטי שופ | Beauty Shop | טיפולי פנים,sentence,facials,on_request,,website,/ops/businesses?branch=a57a1329-5ad6-4d1f-9e1e-9b61c67e490b
cc366f72-c6f5-4502-ba57-8ccb2e6f5ab6,9bc84eac-f163-4082-93f7-e8e35dd67a5c,אריאלה ביוטי,בני ברק,dan,בשיטה שלנו ניתן לטפל באקנה גם באיזור הישבן והגב.,sentence,facials,on_request,,website,/ops/businesses?branch=9bc84eac-f163-4082-93f7-e8e35dd67a5c
9791de33-8acc-4c06-ac89-b08fe79ff603,1078a5f6-3eea-4596-9f92-529340285f7f,"ד""ר צחי שלקוביץ' רופא עור",בני ברק,dan,"דלקות, פצעים וצלקות — פיגמנטציה פוסט-אינפלמטורית (PIH)",sentence,facials,on_request,,website,/ops/businesses?branch=1078a5f6-3eea-4596-9f92-529340285f7f
0e27b24a-95c4-4799-bf9f-11c5555a4830,d752b52e-4786-4ee7-9399-4ca9cf95dbce,יפה מקסימוב מרכזי אסתטיקה,בני ברק,dan,דף הבית » אנטי אייג'ינג » LED לטיפולי VIP,sentence,facials,on_request,,website,/ops/businesses?branch=d752b52e-4786-4ee7-9399-4ca9cf95dbce
dfc20578-fb69-44c4-989f-521a81767565,fa33a3ec-6f06-4db0-928b-f4923a5fd985,Nelly Davidov,בני ברק,dan,דף הבית » הטיפולים של נלי » טיפולי מיקרונידלינג,sentence,facials,on_request,,website,/ops/businesses?branch=fa33a3ec-6f06-4db0-928b-f4923a5fd985
d0c27ad7-6015-4cf3-991e-5a321f914755,151893ab-a3c3-4c07-a749-7f79b3988516,צביה וקוסמטיקה - קוסמטיקאית ברמת גן,בני ברק,dan,דף הבית » טיפול אנטי אייג'ינג,sentence,facials,on_request,,website,/ops/businesses?branch=151893ab-a3c3-4c07-a749-7f79b3988516
fb259f41-c049-4622-8228-9c3708b2e903,d752b52e-4786-4ee7-9399-4ca9cf95dbce,יפה מקסימוב מרכזי אסתטיקה,בני ברק,dan,דף הבית » טיפול בפיגמנטציה העלמת כתמים בפנים,sentence,facials,on_request,,website,/ops/businesses?branch=d752b52e-4786-4ee7-9399-4ca9cf95dbce
d25bcfc3-63a9-4e58-9186-528831ebdad6,d752b52e-4786-4ee7-9399-4ca9cf95dbce,יפה מקסימוב מרכזי אסתטיקה,בני ברק,dan,דף הבית » טיפול פנים קלאסי,sentence,facials,on_request,,website,/ops/businesses?branch=d752b52e-4786-4ee7-9399-4ca9cf95dbce
93f451ed-9906-4e41-a354-45f399abf4c3,f4498f47-9e11-4acc-8c1e-ec0263c29d39,Queens Clinic,בני ברק,dan,דף הבית בוטוקס הזרקות בוטוקס חדשניות למראה טבעי,sentence,medical-aesthetics,on_request,,website,/ops/businesses?branch=f4498f47-9e11-4acc-8c1e-ec0263c29d39
41a18b21-a3f2-41bc-975c-debf04045d95,f4498f47-9e11-4acc-8c1e-ec0263c29d39,Queens Clinic,בני ברק,dan,דף הבית עיצוב סנטר פיסול ועיצוב סנטר בחומצה היאלורונית,sentence,medical-aesthetics,on_request,,website,/ops/businesses?branch=f4498f47-9e11-4acc-8c1e-ec0263c29d39
025c8b1d-dd38-4f31-8144-7e2e6ea50e22,d752b52e-4786-4ee7-9399-4ca9cf95dbce,יפה מקסימוב מרכזי אסתטיקה,בני ברק,dan,האם ניתן לטפל בפיגמנטציה גם בקיץ,article,facials,on_request,,website,/ops/businesses?branch=d752b52e-4786-4ee7-9399-4ca9cf95dbce
9db15720-3c63-4892-8b5f-c50f234c131c,fa33a3ec-6f06-4db0-928b-f4923a5fd985,Nelly Davidov,בני ברק,dan,הבא טיפול פנים בפוסט אקנה / צלקות קשות הבא,sentence,facials,on_request,,website,/ops/businesses?branch=fa33a3ec-6f06-4db0-928b-f4923a5fd985
655902d3-b907-4d54-807a-0e1554edda59,d752b52e-4786-4ee7-9399-4ca9cf95dbce,יפה מקסימוב מרכזי אסתטיקה,בני ברק,dan,הזרקת בוטוקס או מזובוטוקס למתיחה קלה באזור העיניים,sentence,medical-aesthetics,on_request,,website,/ops/businesses?branch=d752b52e-4786-4ee7-9399-4ca9cf95dbce
b161512c-6449-4422-8b0c-fed1fefef531,f4498f47-9e11-4acc-8c1e-ec0263c29d39,Queens Clinic,בני ברק,dan,הזרקת חומצה היאלורונית ישירות לתוך קפל הנזולביאל למילוי והחלקה,sentence,medical-aesthetics,on_request,,website,/ops/businesses?branch=f4498f47-9e11-4acc-8c1e-ec0263c29d39
1fe5844d-7b46-40de-978e-b93de0287d22,a57a1329-5ad6-4d1f-9e1e-9b61c67e490b,ביוטי שופ,בני ברק,dan,הטיפול המהפכני להבהרת כתמי פוסט אקנה (אדומים),sentence,facials,on_request,,website,/ops/businesses?branch=a57a1329-5ad6-4d1f-9e1e-9b61c67e490b
8aaf91ea-73b6-46fc-aa6d-35fcd7b8f36e,a57a1329-5ad6-4d1f-9e1e-9b61c67e490b,ביוטי שופ,בני ברק,dan,הייתי בטיפול פנים מושקע ומושלם.,sentence,facials,on_request,,website,/ops/businesses?branch=a57a1329-5ad6-4d1f-9e1e-9b61c67e490b
0ae3c4fe-ef0a-4a4d-ae5f-0f0722a656a7,d752b52e-4786-4ee7-9399-4ca9cf95dbce,יפה מקסימוב מרכזי אסתטיקה,בני ברק,dan,המדריך להסרת שיער,article,hair-removal,on_request,,website,/ops/businesses?branch=d752b52e-4786-4ee7-9399-4ca9cf95dbce
68a2dbf3-f92b-4ce9-a581-efae6c647fd1,1078a5f6-3eea-4596-9f92-529340285f7f,"ד""ר צחי שלקוביץ' רופא עור",בני ברק,dan,המהפכה בטיפול בנשירת שיער: שיקום ביולוגי טבעי עם אקסוזומים,sentence,hair-restoration,on_request,,website,/ops/businesses?branch=1078a5f6-3eea-4596-9f92-529340285f7f
5e4288fc-a8bf-46b5-a7ce-2b4c4cdf8461,9bc84eac-f163-4082-93f7-e8e35dd67a5c,אריאלה ביוטי,בני ברק,dan,המחיר המקורי היה: ₪840. ₪ 714 המחיר הנוכחי הוא: ₪714.,sentence,,fixed,840,website,/ops/businesses?branch=9bc84eac-f163-4082-93f7-e8e35dd67a5c
8e2057d7-e876-4bc6-8798-5c5247fd76e9,151893ab-a3c3-4c07-a749-7f79b3988516,צביה וקוסמטיקה - קוסמטיקאית ברמת גן,בני ברק,dan,המשך קריאה על טיפול אנטי אייג'ינג,sentence,facials,on_request,,website,/ops/businesses?branch=151893ab-a3c3-4c07-a749-7f79b3988516
db4fc033-d67f-43b0-8992-9a8ee5defcf7,151893ab-a3c3-4c07-a749-7f79b3988516,צביה וקוסמטיקה - קוסמטיקאית ברמת גן,בני ברק,dan,המשך קריאה על טיפול טיפול מזותרפיה - מיקרונידלינג,sentence,medical-aesthetics,on_request,,website,/ops/businesses?branch=151893ab-a3c3-4c07-a749-7f79b3988516
603e1e8b-337c-4335-abf9-08cc89cc3904,d752b52e-4786-4ee7-9399-4ca9cf95dbce,יפה מקסימוב מרכזי אסתטיקה,בני ברק,dan,הסרת כתמים בפנים: טיפול בפיגמנטציה | יפה מקסימוב,sentence,facials,on_request,,website,/ops/businesses?branch=d752b52e-4786-4ee7-9399-4ca9cf95dbce
9ca06bec-05dd-4cd1-b886-5b342db853d7,d752b52e-4786-4ee7-9399-4ca9cf95dbce,יפה מקסימוב מרכזי אסתטיקה,בני ברק,dan,הסרת שיער IPL – הטיפול המתאים ביותר לאזור הפנים,sentence,hair-removal,on_request,,website,/ops/businesses?branch=d752b52e-4786-4ee7-9399-4ca9cf95dbce
859f37c3-f05b-4fca-9418-6e8c34bf78a8,151893ab-a3c3-4c07-a749-7f79b3988516,צביה וקוסמטיקה - קוסמטיקאית ברמת גן,בני ברק,dan,הסרת שיער באינפרא אדום - IPL,sentence,,on_request,,website,/ops/businesses?branch=151893ab-a3c3-4c07-a749-7f79b3988516
03cabca7-6559-4755-aec6-3e1bbeaa3e71,d752b52e-4786-4ee7-9399-4ca9cf95dbce,יפה מקסימוב מרכזי אסתטיקה,בני ברק,dan,הסרת שיער בפנים ללא גילוח: מדריך להבנת האפשרויות והשיקולים,sentence,hair-removal,on_request,,website,/ops/businesses?branch=d752b52e-4786-4ee7-9399-4ca9cf95dbce
876d51ee-e723-4d97-b2d9-82572eaf3b3d,f4498f47-9e11-4acc-8c1e-ec0263c29d39,Queens Clinic,בני ברק,dan,הרמת הגבה באופן עדין ללא ניתוח,sentence,plastic-surgery,on_request,,website,/ops/businesses?branch=f4498f47-9e11-4acc-8c1e-ec0263c29d39
483b67e8-215f-4319-89cb-211582d8cb1b,f4498f47-9e11-4acc-8c1e-ec0263c29d39,Queens Clinic,בני ברק,dan,חומצה היאלורונית היא חומר שקיים בגוף באופן טבעי,sentence,medical-aesthetics,on_request,,website,/ops/businesses?branch=f4498f47-9e11-4acc-8c1e-ec0263c29d39
759ac521-652c-4599-935b-c984bbbb8fba,d752b52e-4786-4ee7-9399-4ca9cf95dbce,יפה מקסימוב מרכזי אסתטיקה,בני ברק,dan,חומצה היאלורונית מתחת לעיניים: מידע כללי לפני בחינת טיפול,sentence,medical-aesthetics,on_request,,website,/ops/businesses?branch=d752b52e-4786-4ee7-9399-4ca9cf95dbce
f2450089-8ef3-4209-aead-1c872c814532,f4498f47-9e11-4acc-8c1e-ec0263c29d39,Queens Clinic,בני ברק,dan,חומצה היאלורונית ניתנת להמסה בכל עת,sentence,medical-aesthetics,on_request,,website,/ops/businesses?branch=f4498f47-9e11-4acc-8c1e-ec0263c29d39
1d039508-2c23-45d8-a07c-4d134d0eae4c,f4498f47-9e11-4acc-8c1e-ec0263c29d39,Queens Clinic,בני ברק,dan,חומצה היאלורונית פיסול קו לסת קמטי נזולביאל עיצוב סנטר,sentence,medical-aesthetics,on_request,,website,/ops/businesses?branch=f4498f47-9e11-4acc-8c1e-ec0263c29d39
1f95a8fd-c359-4a36-8031-09f15c41f30c,f4498f47-9e11-4acc-8c1e-ec0263c29d39,Queens Clinic,בני ברק,dan,חלופה בטוחה לניתוח פלסטי עם תוצאות מרשימות,sentence,plastic-surgery,on_request,,website,/ops/businesses?branch=f4498f47-9e11-4acc-8c1e-ec0263c29d39
bc52a53b-e1ca-4167-b2d6-958550c1ed76,fa33a3ec-6f06-4db0-928b-f4923a5fd985,Nelly Davidov,בני ברק,dan,טיפול אזורי קטן (כמו צד אף/סנטר),sentence,,range,250,website,/ops/businesses?branch=fa33a3ec-6f06-4db0-928b-f4923a5fd985
6a70133c-f5bd-4a80-9fb4-42487d69fcf1,151893ab-a3c3-4c07-a749-7f79b3988516,צביה וקוסמטיקה - קוסמטיקאית ברמת גן,בני ברק,dan,טיפול אנטי אייג'ינג - צביה וקוסמטיקה,sentence,facials,on_request,,website,/ops/businesses?branch=151893ab-a3c3-4c07-a749-7f79b3988516
99da4d33-b281-433b-aea2-7d10afb2ec0e,fa33a3ec-6f06-4db0-928b-f4923a5fd985,Nelly Davidov,בני ברק,dan,טיפול בודד נע לרוב בין 400 ל‑,sentence,,fixed,1500,website,/ops/businesses?branch=fa33a3ec-6f06-4db0-928b-f4923a5fd985
37c3ef18-3ac3-459d-9a5b-0e27c2d6913e,d752b52e-4786-4ee7-9399-4ca9cf95dbce,יפה מקסימוב מרכזי אסתטיקה,בני ברק,dan,טיפול בכתמי פיגמנטציה - שיטת אור IPL,sentence,facials,on_request,,website,/ops/businesses?branch=d752b52e-4786-4ee7-9399-4ca9cf95dbce
fd2e7d03-095b-481b-8d72-f70177250ffe,151893ab-a3c3-4c07-a749-7f79b3988516,צביה וקוסמטיקה - קוסמטיקאית ברמת גן,בני ברק,dan,טיפול מזותרפיה לעור הפנים עם מכשיר מיקרונידלינג,sentence,medical-aesthetics,on_request,,website,/ops/businesses?branch=151893ab-a3c3-4c07-a749-7f79b3988516
35e49e4e-db30-49c5-a59d-d29fb0b5d359,d752b52e-4786-4ee7-9399-4ca9cf95dbce,יפה מקסימוב מרכזי אסתטיקה,בני ברק,dan,טיפול סימני מתיחה ומיצוק עור עודף,sentence,,on_request,,website,/ops/businesses?branch=d752b52e-4786-4ee7-9399-4ca9cf95dbce
61998ada-a5d2-4d93-807c-d1ea58d267f6,fa33a3ec-6f06-4db0-928b-f4923a5fd985,Nelly Davidov,בני ברק,dan,טיפול פנים בפוסט אקנה / צלקות קשות,sentence,facials,on_request,,website,/ops/businesses?branch=fa33a3ec-6f06-4db0-928b-f4923a5fd985
5d044ef2-49c6-4296-a00e-ec20548ee56f,a57a1329-5ad6-4d1f-9e1e-9b61c67e490b,ביוטי שופ,בני ברק,dan,טיפול ציפורניים ברמת גן – ביוטי שופ,sentence,nails,on_request,,website,/ops/businesses?branch=a57a1329-5ad6-4d1f-9e1e-9b61c67e490b
efa472c0-4bc0-409e-87af-13ce40c3593c,fa33a3ec-6f06-4db0-928b-f4923a5fd985,Nelly Davidov,בני ברק,dan,טיפולי מיקרונידלינג | הטיפולים של נלי דוידוב | nelly-davidov,sentence,facials,on_request,,website,/ops/businesses?branch=fa33a3ec-6f06-4db0-928b-f4923a5fd985
2c169900-0dd0-449e-84c8-8e43b69e3045,fa33a3ec-6f06-4db0-928b-f4923a5fd985,Nelly Davidov,בני ברק,dan,"טיפולי מיקרונידלינג – התחדשות מבפנים, תוצאה שרואים בחוץ",sentence,facials,on_request,,website,/ops/businesses?branch=fa33a3ec-6f06-4db0-928b-f4923a5fd985
3839625a-ccb1-4e5d-9ee2-79b722ddc593,a57a1329-5ad6-4d1f-9e1e-9b61c67e490b,ביוטי שופ,בני ברק,dan,טיפולי פילינג חורפי ועוד.,sentence,facials,on_request,,website,/ops/businesses?branch=a57a1329-5ad6-4d1f-9e1e-9b61c67e490b
773a3bf4-56d7-4fcd-844f-3e604c175441,fa33a3ec-6f06-4db0-928b-f4923a5fd985,Nelly Davidov,בני ברק,dan,טיפולים נקודתיים במכשור (כמו LED) – ניתן לשלב בתוספת,sentence,,range,50,website,/ops/businesses?branch=fa33a3ec-6f06-4db0-928b-f4923a5fd985
addf44fb-72fd-4bd0-af16-04dd46108e42,f4498f47-9e11-4acc-8c1e-ec0263c29d39,Queens Clinic,בני ברק,dan,ייעוץ סקולפטרה עכשיו לשיחה עם נציג,sentence,medical-aesthetics,on_request,,website,/ops/businesses?branch=f4498f47-9e11-4acc-8c1e-ec0263c29d39
42b8af71-4b21-41c0-b1db-50e83fa08393,151893ab-a3c3-4c07-a749-7f79b3988516,צביה וקוסמטיקה - קוסמטיקאית ברמת גן,בני ברק,dan,ירוק – מסדיר סינתזת מלנין ופיגמנטציה של העור,sentence,facials,on_request,,website,/ops/businesses?branch=151893ab-a3c3-4c07-a749-7f79b3988516
c7ec523e-ca24-40cc-b40c-ed85f33c0d78,1078a5f6-3eea-4596-9f92-529340285f7f,"ד""ר צחי שלקוביץ' רופא עור",בני ברק,dan,יתרונות טיפול PRP במרפאת ד״ר שלקוביץ,sentence,medical-aesthetics,on_request,,website,/ops/businesses?branch=1078a5f6-3eea-4596-9f92-529340285f7f
9b3caf5c-2877-4799-b743-44823890e492,2061ad51-e86d-40ca-b4ee-a0e8557cf719,רבקה זיידה - המרכז לטיפול באקנה ופוסט אקנה,בני ברק,dan,כיצד אקנה מושפע מסטרס ולחץ נפשי,article,facials,on_request,,website,/ops/businesses?branch=2061ad51-e86d-40ca-b4ee-a0e8557cf719
619cc3b3-4794-4d9a-af9f-7eee8c082813,1078a5f6-3eea-4596-9f92-529340285f7f,"ד""ר צחי שלקוביץ' רופא עור",בני ברק,dan,כתמים חומים המופיעים בעיקר לאחר שנים של חשיפה לשמש.,sentence,facials,on_request,,website,/ops/businesses?branch=1078a5f6-3eea-4596-9f92-529340285f7f
73149c0b-7424-46a6-8e33-eba5f7c46106,1078a5f6-3eea-4596-9f92-529340285f7f,"ד""ר צחי שלקוביץ' רופא עור",בני ברק,dan,"כתמים כהים שנשארים לאחר דלקת, פצע או טיפול אגרסיבי.",sentence,facials,on_request,,website,/ops/businesses?branch=1078a5f6-3eea-4596-9f92-529340285f7f
4b95bb04-7478-4007-98e6-0451497f87b5,1078a5f6-3eea-4596-9f92-529340285f7f,"ד""ר צחי שלקוביץ' רופא עור",בני ברק,dan,"כתמים מפושטים, לרוב סימטריים — מושפעים משינויים הורמונליים ושמש.",sentence,facials,on_request,,website,/ops/businesses?branch=1078a5f6-3eea-4596-9f92-529340285f7f
3c52814a-76c7-4dd2-9dad-d1b82d48a829,fa33a3ec-6f06-4db0-928b-f4923a5fd985,Nelly Davidov,בני ברק,dan,"לא להשתמש באיפור, פילינג או סרומים חזקים ביומיים הראשונים",product,,on_request,,website,/ops/businesses?branch=fa33a3ec-6f06-4db0-928b-f4923a5fd985
102e8011-b2ef-48c5-a829-508734f7c9f5,d752b52e-4786-4ee7-9399-4ca9cf95dbce,יפה מקסימוב מרכזי אסתטיקה,בני ברק,dan,להאיר את העור – 4 שיטות להעלמת פיגמנטציה בפנים,sentence,facials,on_request,,website,/ops/businesses?branch=d752b52e-4786-4ee7-9399-4ca9cf95dbce
95304c4e-b2ef-4409-a29b-704e281d0016,f4498f47-9e11-4acc-8c1e-ec0263c29d39,Queens Clinic,בני ברק,dan,להגיע עם פנים נקיות ללא איפור,sentence,,on_request,,website,/ops/businesses?branch=f4498f47-9e11-4acc-8c1e-ec0263c29d39
b3819fd3-b594-44bf-a49a-ef90276380ec,2061ad51-e86d-40ca-b4ee-a0e8557cf719,רבקה זיידה - המרכז לטיפול באקנה ופוסט אקנה,בני ברק,dan,לטיפים על טיפול נכון באקנה שלכם »,sentence,facials,on_request,,website,/ops/businesses?branch=2061ad51-e86d-40ca-b4ee-a0e8557cf719
62d20bfa-404d-4c28-9da2-503e34a58f9e,1078a5f6-3eea-4596-9f92-529340285f7f,"ד""ר צחי שלקוביץ' רופא עור",בני ברק,dan,"למי שמעוניינים בפתרון טבעי, ללא תרופות וללא ניתוח",sentence,plastic-surgery,on_request,,website,/ops/businesses?branch=1078a5f6-3eea-4596-9f92-529340285f7f
24d25bce-60d7-44c3-ad63-b70e439efcb1,151893ab-a3c3-4c07-a749-7f79b3988516,צביה וקוסמטיקה - קוסמטיקאית ברמת גן,בני ברק,dan,לפגישת ייעוץ דרך הוואטסאפ לחצו כאן,sentence,,free,0,website,/ops/businesses?branch=151893ab-a3c3-4c07-a749-7f79b3988516
03d1ac60-da67-49c8-b022-921a2608b766,151893ab-a3c3-4c07-a749-7f79b3988516,צביה וקוסמטיקה - קוסמטיקאית ברמת גן,בני ברק,dan,לפגישת ייעוץ דרך הוואצאפ לחצו כאן,sentence,,free,0,website,/ops/businesses?branch=151893ab-a3c3-4c07-a749-7f79b3988516
224b84df-83ee-4615-8e8b-794ba71e842c,d752b52e-4786-4ee7-9399-4ca9cf95dbce,יפה מקסימוב מרכזי אסתטיקה,בני ברק,dan,לפרטים נוספים ותיאום פגישת ייעוץ ואבחון &gt;,sentence,,free,0,website,/ops/businesses?branch=d752b52e-4786-4ee7-9399-4ca9cf95dbce
0d68d0dd-1c51-4328-8444-20fea4405efb,a57a1329-5ad6-4d1f-9e1e-9b61c67e490b,ביוטי שופ,בני ברק,dan,לק ג'ל - ביוטי שופ - Beauty Shop,sentence,nails,on_request,,website,/ops/businesses?branch=a57a1329-5ad6-4d1f-9e1e-9b61c67e490b
28dd1ad5-c6c2-4ff8-b5d7-a75f3f24c13d,151893ab-a3c3-4c07-a749-7f79b3988516,צביה וקוסמטיקה - קוסמטיקאית ברמת גן,בני ברק,dan,לקביעת פגישת ייעוץ דרך הוואטסאפ לחצו כאן,sentence,,free,0,website,/ops/businesses?branch=151893ab-a3c3-4c07-a749-7f79b3988516
c08f44a3-6cc2-4a42-ad13-848760279f74,d752b52e-4786-4ee7-9399-4ca9cf95dbce,יפה מקסימוב מרכזי אסתטיקה,בני ברק,dan,מאיץ שיקום לאחר פילינגים עמוקים ופרוצדורות רפואיות,sentence,facials,on_request,,website,/ops/businesses?branch=d752b52e-4786-4ee7-9399-4ca9cf95dbce
c208b103-a8ce-4a71-9023-e662119ce4ed,9bc84eac-f163-4082-93f7-e8e35dd67a5c,אריאלה ביוטי,בני ברק,dan,מברשת להגנה מהשמש עם אבקה מינרלית פיגמנטטיבית,sentence,,fixed,270,website,/ops/businesses?branch=9bc84eac-f163-4082-93f7-e8e35dd67a5c
e4166d0f-2f43-4193-a59d-a2e214e2918c,d752b52e-4786-4ee7-9399-4ca9cf95dbce,יפה מקסימוב מרכזי אסתטיקה,בני ברק,dan,מהי פיגמנטציה בפנים ולמה היא נוצרת,article,facials,on_request,,website,/ops/businesses?branch=d752b52e-4786-4ee7-9399-4ca9cf95dbce
b40aa9ea-c1b9-4a51-831a-03934b36168f,1078a5f6-3eea-4596-9f92-529340285f7f,"ד""ר צחי שלקוביץ' רופא עור",בני ברק,dan,מובילים בתחום התקרחות ונשירת שיער כבר 30 שנה,sentence,hair-restoration,on_request,,website,/ops/businesses?branch=1078a5f6-3eea-4596-9f92-529340285f7f
a81fe2ab-e6c8-46ec-8ca6-b1d177c93782,9bc84eac-f163-4082-93f7-e8e35dd67a5c,אריאלה ביוטי,בני ברק,dan,מוצרי אנטי אייג׳ינג,product,facials,on_request,,website,/ops/businesses?branch=9bc84eac-f163-4082-93f7-e8e35dd67a5c
f8bde2f3-2d13-4e3e-bf6e-c9dde5078e54,9bc84eac-f163-4082-93f7-e8e35dd67a5c,אריאלה ביוטי,בני ברק,dan,מוצרי הבהרה וטיפול בפיגמנטציה,product,hair-salons,on_request,,website,/ops/businesses?branch=9bc84eac-f163-4082-93f7-e8e35dd67a5c
c8be4adf-428b-4080-a415-0c9e25bd9961,151893ab-a3c3-4c07-a749-7f79b3988516,צביה וקוסמטיקה - קוסמטיקאית ברמת גן,בני ברק,dan,מוצרים מבית BIOFOR,product,,on_request,,website,/ops/businesses?branch=151893ab-a3c3-4c07-a749-7f79b3988516
8e7b0bff-4b27-4142-910f-6e2cebe61a34,151893ab-a3c3-4c07-a749-7f79b3988516,צביה וקוסמטיקה - קוסמטיקאית ברמת גן,בני ברק,dan,מוצרים מבית DOCTOR BABOR,product,,on_request,,website,/ops/businesses?branch=151893ab-a3c3-4c07-a749-7f79b3988516
6898bbea-c571-485c-a7a0-936aa62d6a51,151893ab-a3c3-4c07-a749-7f79b3988516,צביה וקוסמטיקה - קוסמטיקאית ברמת גן,בני ברק,dan,מוצרים מבית Dermalosophy,product,,on_request,,website,/ops/businesses?branch=151893ab-a3c3-4c07-a749-7f79b3988516
ea0d816a-1cc3-4b72-b24a-aca50a90f9b5,151893ab-a3c3-4c07-a749-7f79b3988516,צביה וקוסמטיקה - קוסמטיקאית ברמת גן,בני ברק,dan,מוצרים מבית YONKA,product,,on_request,,website,/ops/businesses?branch=151893ab-a3c3-4c07-a749-7f79b3988516
13246ca4-dad8-4ca2-b275-007ff5aefe31,151893ab-a3c3-4c07-a749-7f79b3988516,צביה וקוסמטיקה - קוסמטיקאית ברמת גן,בני ברק,dan,מוצרים מבית biopeptix,product,,on_request,,website,/ops/businesses?branch=151893ab-a3c3-4c07-a749-7f79b3988516
8d980613-63ae-4f39-b760-fae001fa0e6a,f4498f47-9e11-4acc-8c1e-ec0263c29d39,Queens Clinic,בני ברק,dan,מחפשים חלופה לא ניתוחית לעיצוב הפנים,sentence,plastic-surgery,on_request,,website,/ops/businesses?branch=f4498f47-9e11-4acc-8c1e-ec0263c29d39
98f0506e-c607-498b-ae6f-7bc4c92dd165,151893ab-a3c3-4c07-a749-7f79b3988516,צביה וקוסמטיקה - קוסמטיקאית ברמת גן,בני ברק,dan,"מטפל בקמטים, רפיון העור ,צלקות פוסט אקנה,",sentence,facials,on_request,,website,/ops/businesses?branch=151893ab-a3c3-4c07-a749-7f79b3988516
15d1388b-e84f-4dfa-ac55-038af42b346e,151893ab-a3c3-4c07-a749-7f79b3988516,צביה וקוסמטיקה - קוסמטיקאית ברמת גן,בני ברק,dan,מסכת זהב 24 קארט תורמת לטיפול הפילינג,sentence,facials,on_request,,website,/ops/businesses?branch=151893ab-a3c3-4c07-a749-7f79b3988516
802be4ce-0d23-4c21-8e44-824be0ac77ab,2061ad51-e86d-40ca-b4ee-a0e8557cf719,רבקה זיידה - המרכז לטיפול באקנה ופוסט אקנה,בני ברק,dan,מעבדות רבקה זיידה | המרכז הגדול לטיפול באקנה,sentence,facials,on_request,,website,/ops/businesses?branch=2061ad51-e86d-40ca-b4ee-a0e8557cf719
666bbc38-1cfc-4860-8c20-4b082d25d83c,a57a1329-5ad6-4d1f-9e1e-9b61c67e490b,ביוטי שופ,בני ברק,dan,מקלחון שיזוף פתוח החל מהשעה 12-19,sentence,tanning,on_request,,website,/ops/businesses?branch=a57a1329-5ad6-4d1f-9e1e-9b61c67e490b
7e7234aa-b0f9-4d5e-9b56-ccea80f3eb24,9bc84eac-f163-4082-93f7-e8e35dd67a5c,אריאלה ביוטי,בני ברק,dan,סבון מוס לניקוי יומי של העור,sentence,,fixed,220,website,/ops/businesses?branch=9bc84eac-f163-4082-93f7-e8e35dd67a5c
84c02516-c3c7-4458-a376-37ace0a2d2a5,9bc84eac-f163-4082-93f7-e8e35dd67a5c,אריאלה ביוטי,בני ברק,dan,סרום אנטי אייג'ינג על בסיס פפטידים,product,facials,fixed,540,website,/ops/businesses?branch=9bc84eac-f163-4082-93f7-e8e35dd67a5c
a61bdd2a-3cc7-4a00-b3a4-efde27b7b90d,9bc84eac-f163-4082-93f7-e8e35dd67a5c,אריאלה ביוטי,בני ברק,dan,סרום ויטמין C טהור,product,,fixed,540,website,/ops/businesses?branch=9bc84eac-f163-4082-93f7-e8e35dd67a5c
bed1a66b-b4c5-4a7c-af22-734eb2da3307,9bc84eac-f163-4082-93f7-e8e35dd67a5c,אריאלה ביוטי,בני ברק,dan,סרום מדכא מלנין המתאים גם לאיזון עור שומני,product,,fixed,499,website,/ops/businesses?branch=9bc84eac-f163-4082-93f7-e8e35dd67a5c
ba8fd10d-8cb5-4328-b7fe-adb92ac837a3,fa33a3ec-6f06-4db0-928b-f4923a5fd985,Nelly Davidov,בני ברק,dan,עבודה במכשיר המיקרונידלינג (כמו דרמה פן) על האזור המטופל,sentence,facials,on_request,,website,/ops/businesses?branch=fa33a3ec-6f06-4db0-928b-f4923a5fd985
192ed5bb-0731-43c4-a551-bd3569d80d35,1078a5f6-3eea-4596-9f92-529340285f7f,"ד""ר צחי שלקוביץ' רופא עור",בני ברק,dan,עומק הכתם – האם מדובר בפיגמנטציה שטחית או עמוקה,sentence,facials,on_request,,website,/ops/businesses?branch=1078a5f6-3eea-4596-9f92-529340285f7f
f8970d03-b1b8-4030-8363-fbc282620380,a57a1329-5ad6-4d1f-9e1e-9b61c67e490b,ביוטי שופ,בני ברק,dan,עיסוי פנים עם קרמים מיוחדים,product,,on_request,,website,/ops/businesses?branch=a57a1329-5ad6-4d1f-9e1e-9b61c67e490b
c2779c68-e0c1-4175-b7af-273effd163f7,fa33a3ec-6f06-4db0-928b-f4923a5fd985,Nelly Davidov,בני ברק,dan,עיצוב ושיקום גבות בחוט בשיטת נלי דוידוב,sentence,brows-lashes,on_request,,website,/ops/businesses?branch=fa33a3ec-6f06-4db0-928b-f4923a5fd985
ec6cfa26-87f2-4843-bae9-414789a56064,9bc84eac-f163-4082-93f7-e8e35dd67a5c,אריאלה ביוטי,בני ברק,dan,ערכת ביוטי לטיפוח עור הפנים,product,,fixed,1320,website,/ops/businesses?branch=9bc84eac-f163-4082-93f7-e8e35dd67a5c
c55fd0c4-39f6-499e-b012-b534fbde29d3,d752b52e-4786-4ee7-9399-4ca9cf95dbce,יפה מקסימוב מרכזי אסתטיקה,בני ברק,dan,"פיגמנטציה בפנים, הדרך הטובה ביותר להעלמת כתמים",sentence,facials,on_request,,website,/ops/businesses?branch=d752b52e-4786-4ee7-9399-4ca9cf95dbce
a99df9da-e0bc-4fe9-b464-799d5ebb18cd,1078a5f6-3eea-4596-9f92-529340285f7f,"ד""ר צחי שלקוביץ' רופא עור",בני ברק,dan,פיגמנטציה היא הצטברות מלאנין בשכבות העור השונות.,sentence,facials,on_request,,website,/ops/businesses?branch=1078a5f6-3eea-4596-9f92-529340285f7f
ef00617e-5e1b-4544-ad3a-e2f94aff4965,f4498f47-9e11-4acc-8c1e-ec0263c29d39,Queens Clinic,בני ברק,dan,קבעי ייעוץ בסניף שלנו ב רמת גן או ב עפולה .,sentence,,free,0,website,/ops/businesses?branch=f4498f47-9e11-4acc-8c1e-ec0263c29d39
9a6aff90-90ff-4898-ae75-1a48ca0a0726,fa33a3ec-6f06-4db0-928b-f4923a5fd985,Nelly Davidov,בני ברק,dan,קודם הקודם הסרת איפור קבוע ופגמנט כושל,sentence,permanent-makeup,on_request,,website,/ops/businesses?branch=fa33a3ec-6f06-4db0-928b-f4923a5fd985
c1991c7d-0fb2-42ec-a9be-2ca613092931,9bc84eac-f163-4082-93f7-e8e35dd67a5c,אריאלה ביוטי,בני ברק,dan,קרם אנטי אייג'ינג לטשטוש קמטים בצידי העיניים,product,facials,fixed,499,website,/ops/businesses?branch=9bc84eac-f163-4082-93f7-e8e35dd67a5c
4a356606-1270-4d15-966b-dd6e1d0e956f,9bc84eac-f163-4082-93f7-e8e35dd67a5c,אריאלה ביוטי,בני ברק,dan,קרם הבהרה ליום ומדכא מלנין,product,hair-salons,fixed,540,website,/ops/businesses?branch=9bc84eac-f163-4082-93f7-e8e35dd67a5c
791b1c82-164d-40a3-9d42-2dd4558f1d6d,9bc84eac-f163-4082-93f7-e8e35dd67a5c,אריאלה ביוטי,בני ברק,dan,קרם הבהרה ללילה,product,hair-salons,fixed,520,website,/ops/businesses?branch=9bc84eac-f163-4082-93f7-e8e35dd67a5c
04ef34aa-f6d3-440d-ba7f-e790194c064c,9bc84eac-f163-4082-93f7-e8e35dd67a5c,אריאלה ביוטי,בני ברק,dan,קרם חומצה לקטית לעור זוהר וחלק,product,,fixed,520,website,/ops/businesses?branch=9bc84eac-f163-4082-93f7-e8e35dd67a5c
9053efb0-bded-4236-8b37-605baf5cb331,fa33a3ec-6f06-4db0-928b-f4923a5fd985,Nelly Davidov,בני ברק,dan,קרם לחות והגנה SPF50 מינרלי – 120ml,product,,fixed,140,website,/ops/businesses?branch=fa33a3ec-6f06-4db0-928b-f4923a5fd985
8e6de30b-8703-483c-8a41-8bd2635c6754,9bc84eac-f163-4082-93f7-e8e35dd67a5c,אריאלה ביוטי,בני ברק,dan,קרם לחות והרגעה לעור,product,,fixed,440,website,/ops/businesses?branch=9bc84eac-f163-4082-93f7-e8e35dd67a5c
73e94dad-cf4d-45e9-b528-561c972f070c,9bc84eac-f163-4082-93f7-e8e35dd67a5c,אריאלה ביוטי,בני ברק,dan,קרם פפטידים אנטי אייג'ינג,product,facials,fixed,580,website,/ops/businesses?branch=9bc84eac-f163-4082-93f7-e8e35dd67a5c
91e9b9c8-7ae2-4035-9bd0-8046f03d01d2,d752b52e-4786-4ee7-9399-4ca9cf95dbce,יפה מקסימוב מרכזי אסתטיקה,בני ברק,dan,שיטת YMAX PRO הסרת שיער בפנים,sentence,hair-removal,on_request,,website,/ops/businesses?branch=d752b52e-4786-4ee7-9399-4ca9cf95dbce
1dbf55a7-2cfb-479d-aea8-5b637dced630,f4498f47-9e11-4acc-8c1e-ec0263c29d39,Queens Clinic,בני ברק,dan,תוצאות שנשמרות לטווח ארוך בהרבה מפילרים סטנדרטיים.,sentence,medical-aesthetics,on_request,,website,/ops/businesses?branch=f4498f47-9e11-4acc-8c1e-ec0263c29d39
41ebe2e8-cb11-4a98-baa6-886ed7b2c02d,a57a1329-5ad6-4d1f-9e1e-9b61c67e490b,ביוטי שופ,בני ברק,dan,‏ירדן כהן‏ הסרת שיער בלייזר SHR,sentence,hair-removal,on_request,,website,/ops/businesses?branch=a57a1329-5ad6-4d1f-9e1e-9b61c67e490b
d0acff73-5882-4bea-8cf8-6c774ffbfd9d,fa33a3ec-6f06-4db0-928b-f4923a5fd985,Nelly Davidov,בני ברק,dan,✅ התאמה אישית לפי סוג העור והאקנה,sentence,facials,on_request,,website,/ops/businesses?branch=fa33a3ec-6f06-4db0-928b-f4923a5fd985
83ddf87a-c923-4108-a63a-0d798a70c4f8,fa33a3ec-6f06-4db0-928b-f4923a5fd985,Nelly Davidov,בני ברק,dan,✅ ניתן לשלב עם חומצה היאלורונית או פלזמה (PRP),sentence,medical-aesthetics,on_request,,website,/ops/businesses?branch=fa33a3ec-6f06-4db0-928b-f4923a5fd985
55def3d0-c4ac-4621-83ed-9cdf19f91319,fa33a3ec-6f06-4db0-928b-f4923a5fd985,Nelly Davidov,בני ברק,dan,️ בני נוער עם אקנה הורמונלי,sentence,facials,on_request,,website,/ops/businesses?branch=fa33a3ec-6f06-4db0-928b-f4923a5fd985
4ac2eb97-aa51-49a0-a80d-644e88e99069,fa33a3ec-6f06-4db0-928b-f4923a5fd985,Nelly Davidov,בני ברק,dan,️ גברים עם אקנה בעור שומני,sentence,facials,on_request,,website,/ops/businesses?branch=fa33a3ec-6f06-4db0-928b-f4923a5fd985
7bf29335-986d-4e35-8f9a-79d7b8ba1cef,fa33a3ec-6f06-4db0-928b-f4923a5fd985,Nelly Davidov,בני ברק,dan,️ מבוגרים שסובלים מאקנה מאוחר או אקנה קוסמטי,sentence,facials,on_request,,website,/ops/businesses?branch=fa33a3ec-6f06-4db0-928b-f4923a5fd985
3cdaa9b4-2b4a-4f7e-af9b-25b45c09ed2c,fa33a3ec-6f06-4db0-928b-f4923a5fd985,Nelly Davidov,בני ברק,dan,"️ עור עם כתמים, צלקות אקנה, נקבוביות פתוחות",sentence,facials,on_request,,website,/ops/businesses?branch=fa33a3ec-6f06-4db0-928b-f4923a5fd985
5b6b6de3-e289-4a8e-afa2-9f182e5ace42,fa33a3ec-6f06-4db0-928b-f4923a5fd985,Nelly Davidov,בני ברק,dan,"️ קמטוטים, עור רפוי או פיגמנטציה",sentence,facials,on_request,,website,/ops/businesses?branch=fa33a3ec-6f06-4db0-928b-f4923a5fd985
671789a3-c88f-4e8a-a6b0-aca1d1754ab6,8a0ee01f-dcd5-4570-9f80-6b4389ea28db,"מרפאת שיניים ד""ר נעים דנט | מרפאת שיניים בגבעת שמואל",גבעת שמואל,dan,הלבנת שיניים מתקדמת – מכשיר ההלבנה ZOOM,sentence,dental-aesthetics,on_request,,website,/ops/businesses?branch=8a0ee01f-dcd5-4570-9f80-6b4389ea28db
1a5068a7-4881-4bcd-9933-f5dfe6f7dc72,8a0ee01f-dcd5-4570-9f80-6b4389ea28db,"מרפאת שיניים ד""ר נעים דנט | מרפאת שיניים בגבעת שמואל",גבעת שמואל,dan,השתלות שיניים ושיקום ביום אחד בלבד,sentence,dental-aesthetics,on_request,,website,/ops/businesses?branch=8a0ee01f-dcd5-4570-9f80-6b4389ea28db
f02dd270-2260-4ada-a6a4-ff5fb5c9eaa6,8a0ee01f-dcd5-4570-9f80-6b4389ea28db,"מרפאת שיניים ד""ר נעים דנט | מרפאת שיניים בגבעת שמואל",גבעת שמואל,dan,השתלות שיניים – השתלת מספר שתלים בסשן אחד,sentence,dental-aesthetics,on_request,,website,/ops/businesses?branch=8a0ee01f-dcd5-4570-9f80-6b4389ea28db
745fb71d-ec3f-4173-a666-07dba035ef74,3e087faf-1fd9-4dd0-8f61-cb4031836849,Cosmetics Institute of Ronit Segev,גבעת שמואל,dan,"ונכניס בקרוב מכשור נוסף חדיש לעיסוי למפתי, המכשור ישולב בטיפול נוספת",sentence,spa-massage,free,0,website,/ops/businesses?branch=3e087faf-1fd9-4dd0-8f61-cb4031836849
bbcc0162-ac0b-470a-ae43-83ce154783cc,3e087faf-1fd9-4dd0-8f61-cb4031836849,Cosmetics Institute of Ronit Segev,גבעת שמואל,dan,מעוניינות? מוזמנות לפגישת אבחון וייעוץ - אצל רונית 0547767697.,sentence,,free,0,website,/ops/businesses?branch=3e087faf-1fd9-4dd0-8f61-cb4031836849
42075c84-c4f2-405e-9d4a-354f114f4039,6611c0e4-07de-4fd4-9942-698577a5bcc5,Dr. Yosef Ben Yosef,גבעת שמואל,dan,מרפאת שיניים.כל סוגי טיפולי השיניים תחת קורת גג אחת בדגש על אסתטיקה דנטלית,sentence,,on_request,,website,/ops/businesses?branch=6611c0e4-07de-4fd4-9942-698577a5bcc5
e459665b-3b1d-4c04-aced-c4fcbc432830,6611c0e4-07de-4fd4-9942-698577a5bcc5,Dr. Yosef Ben Yosef,גבעת שמואל,dan,ניקוי אבנית על ידי שיננית. טיפולי פלואוריד לשיניים,sentence,,on_request,,website,/ops/businesses?branch=6611c0e4-07de-4fd4-9942-698577a5bcc5
b3b97d1d-55aa-47b6-bf68-536520e943c8,8a0ee01f-dcd5-4570-9f80-6b4389ea28db,"מרפאת שיניים ד""ר נעים דנט | מרפאת שיניים בגבעת שמואל",גבעת שמואל,dan,ניקוי עמוק (Scaling & Root Planing),sentence,facials,on_request,,website,/ops/businesses?branch=8a0ee01f-dcd5-4570-9f80-6b4389ea28db
64210629-2e8c-484b-9312-a93c4ace7472,aaed9ee8-abef-4d3e-a74e-ce9c8611e658,בית ספר לעיצוב שיער - מוטיה רובין - MOTIE RUBIN,גבעתיים,dan,Hair Extension – תוספות והארכת שיער,sentence,hair-salons,on_request,,website,/ops/businesses?branch=aaed9ee8-abef-4d3e-a74e-ce9c8611e658
6fb15468-4b30-4d68-a549-27e774d18a55,61a6b949-be55-4270-9e99-09995c9c57fc,BeautIX - Beauty Salon,גבעתיים,dan,איך להתמודד עם צמיחה הפוכה בציפורניים,article,nails,on_request,,website,/ops/businesses?branch=61a6b949-be55-4270-9e99-09995c9c57fc
2bc0f848-526a-4a1a-a9f2-8230a1968e12,61a6b949-be55-4270-9e99-09995c9c57fc,BeautIX - Beauty Salon,גבעתיים,dan,איך לשמור על ציפורניים ארוכות ובריאות,article,nails,on_request,,website,/ops/businesses?branch=61a6b949-be55-4270-9e99-09995c9c57fc
65ede1b7-dbb1-4f07-b542-a68040a2ac82,61a6b949-be55-4270-9e99-09995c9c57fc,BeautIX - Beauty Salon,גבעתיים,dan,אמנית הציפורן - לק ג'ל מושלם בכל פעם,sentence,nails,on_request,,website,/ops/businesses?branch=61a6b949-be55-4270-9e99-09995c9c57fc
898f92b1-db6b-4876-a044-2ebd44dd583d,61a6b949-be55-4270-9e99-09995c9c57fc,BeautIX - Beauty Salon,גבעתיים,dan,אמנית הציפורן | בניית ציפורניים וטיפולי ביוטי,sentence,nails,on_request,,website,/ops/businesses?branch=61a6b949-be55-4270-9e99-09995c9c57fc
71d42fc7-36d1-4290-8583-9d6c0fc1b2ff,61a6b949-be55-4270-9e99-09995c9c57fc,BeautIX - Beauty Salon,גבעתיים,dan,אפילציה הסרת שיער במחט חשמלית גם לשיער לבן,sentence,hair-removal,on_request,,website,/ops/businesses?branch=61a6b949-be55-4270-9e99-09995c9c57fc
5ca2950f-6261-4a61-a410-e13f67f9520d,5c9a3fb2-101d-46fd-8f24-a1271f32a8b8,דר אלה אגוזי ריינמן- רופאה מומחית ברפואת עור ובטיפולי אסתטיקה רפואית,גבעתיים,dan,"באופן כללי טווח המחירים נע בדרך כלל בטווח שבין 10,000 ל",sentence,,fixed,20000,website,/ops/businesses?branch=5c9a3fb2-101d-46fd-8f24-a1271f32a8b8
63d5eadc-54b0-455d-a426-6120c6b7cebb,61a6b949-be55-4270-9e99-09995c9c57fc,BeautIX - Beauty Salon,גבעתיים,dan,"בשימוש נכון, לק ג’ל אינו פוגע בציפורניים.",sentence,nails,on_request,,website,/ops/businesses?branch=61a6b949-be55-4270-9e99-09995c9c57fc
bf67ec28-c504-4626-bf96-e128812ea305,4d1dad4a-6df4-4298-848f-1f166188681f,בוטיק הקוסמטיקה של מרינה,גבעתיים,dan,דף הבית &raquo; גלריות &raquo; טיפולי פנים,sentence,facials,on_request,,website,/ops/businesses?branch=4d1dad4a-6df4-4298-848f-1f166188681f
c39d3f28-d149-438e-9460-b4f8002f1f75,4d1dad4a-6df4-4298-848f-1f166188681f,בוטיק הקוסמטיקה של מרינה,גבעתיים,dan,דף הבית &raquo; טיפולי אנטי אייג'ינג חידוש עור פנים,sentence,facials,on_request,,website,/ops/businesses?branch=4d1dad4a-6df4-4298-848f-1f166188681f
0bda1894-71fe-4bf4-ac62-3197dc1a56d4,4d1dad4a-6df4-4298-848f-1f166188681f,בוטיק הקוסמטיקה של מרינה,גבעתיים,dan,דף הבית &raquo; טיפולי אקנה,sentence,facials,on_request,,website,/ops/businesses?branch=4d1dad4a-6df4-4298-848f-1f166188681f
6b2598d2-d963-44fd-a20f-a7cb2f86a8c4,4d1dad4a-6df4-4298-848f-1f166188681f,בוטיק הקוסמטיקה של מרינה,גבעתיים,dan,דף הבית &raquo; טיפולי פלזמה,sentence,medical-aesthetics,on_request,,website,/ops/businesses?branch=4d1dad4a-6df4-4298-848f-1f166188681f
34d832ff-63a3-44a7-af93-af01f0f1388f,4d1dad4a-6df4-4298-848f-1f166188681f,בוטיק הקוסמטיקה של מרינה,גבעתיים,dan,דף הבית &raquo; טיפולי פנים,sentence,facials,on_request,,website,/ops/businesses?branch=4d1dad4a-6df4-4298-848f-1f166188681f
03e76864-4628-4f47-a630-67231f9a0b8c,4d1dad4a-6df4-4298-848f-1f166188681f,בוטיק הקוסמטיקה של מרינה,גבעתיים,dan,דף הבית &raquo; טיפולים בנשירת שיער,sentence,hair-restoration,on_request,,website,/ops/businesses?branch=4d1dad4a-6df4-4298-848f-1f166188681f
a292558b-5e03-46b8-9821-1afb90b53cf7,aaed9ee8-abef-4d3e-a74e-ce9c8611e658,בית ספר לעיצוב שיער - מוטיה רובין - MOTIE RUBIN,גבעתיים,dan,"החלקת שיער אורגנית ע""י בוגרי ביה""ס",sentence,,on_request,,website,/ops/businesses?branch=aaed9ee8-abef-4d3e-a74e-ce9c8611e658
8aa1a3ec-023f-41a1-b29d-0a03ee53e812,61a6b949-be55-4270-9e99-09995c9c57fc,BeautIX - Beauty Salon,גבעתיים,dan,היגיינה לקויה – העדר טיפול נכון בציפורניים ובכפות הרגליים,sentence,nails,on_request,,website,/ops/businesses?branch=61a6b949-be55-4270-9e99-09995c9c57fc
7d30dd91-9c42-49ad-992b-6ae6443e94e6,61a6b949-be55-4270-9e99-09995c9c57fc,BeautIX - Beauty Salon,גבעתיים,dan,המדריך לסוגי בניית ציפורניים,article,nails,on_request,,website,/ops/businesses?branch=61a6b949-be55-4270-9e99-09995c9c57fc
6033360e-2091-45fd-b907-799ddbc36bbb,61a6b949-be55-4270-9e99-09995c9c57fc,BeautIX - Beauty Salon,גבעתיים,dan,הסרת שיער בטכנולוגיה המתקדמת ידית קרח DPC,sentence,hair-removal,on_request,,website,/ops/businesses?branch=61a6b949-be55-4270-9e99-09995c9c57fc
524458e2-2332-4ccb-b5b4-161f83ea09e7,4d1dad4a-6df4-4298-848f-1f166188681f,בוטיק הקוסמטיקה של מרינה,גבעתיים,dan,"טיפול באקנה, טיפול בעזרת תכשירים קוסמטיים טבעיים",sentence,facials,on_request,,website,/ops/businesses?branch=4d1dad4a-6df4-4298-848f-1f166188681f
07cff405-eaff-403f-987c-e444e43dce02,a8b1cf9c-72c8-42a2-bdbf-3a8d979b5cc8,שרי ארז - מרכז לאסתטיקה טכנולוגית וקוסמטיקה רפואית,גבעתיים,dan,טיפול פיגמנטציה - הבהרה וכתמי עור,sentence,,on_request,,website,/ops/businesses?branch=a8b1cf9c-72c8-42a2-bdbf-3a8d979b5cc8
5f12e390-8b94-4815-8688-6871417d90f8,a8b1cf9c-72c8-42a2-bdbf-3a8d979b5cc8,שרי ארז - מרכז לאסתטיקה טכנולוגית וקוסמטיקה רפואית,גבעתיים,dan,טיפול פלזמה - הרמת עפעפיים ללא ניתוח,sentence,medical-aesthetics,on_request,,website,/ops/businesses?branch=a8b1cf9c-72c8-42a2-bdbf-3a8d979b5cc8
4ef348a4-8032-4504-97a4-394c0314b487,4d1dad4a-6df4-4298-848f-1f166188681f,בוטיק הקוסמטיקה של מרינה,גבעתיים,dan,טיפולי אנטי אייג'ינג חידוש עור פנים,sentence,facials,on_request,,website,/ops/businesses?branch=4d1dad4a-6df4-4298-848f-1f166188681f
0af7ee2a-99f6-4819-82fa-09bd598ddaae,4d1dad4a-6df4-4298-848f-1f166188681f,בוטיק הקוסמטיקה של מרינה,גבעתיים,dan,טיפולי אקנה - בוטיק הקוסמטיקה של מרינה,sentence,facials,on_request,,website,/ops/businesses?branch=4d1dad4a-6df4-4298-848f-1f166188681f
01ae01b3-a836-4068-bbdc-57a11aeef1d4,4d1dad4a-6df4-4298-848f-1f166188681f,בוטיק הקוסמטיקה של מרינה,גבעתיים,dan,טיפולי פלזמה - בוטיק הקוסמטיקה של מרינה,sentence,medical-aesthetics,on_request,,website,/ops/businesses?branch=4d1dad4a-6df4-4298-848f-1f166188681f
caec2ade-42d0-4b01-a2a0-9566f2ce96da,4d1dad4a-6df4-4298-848f-1f166188681f,בוטיק הקוסמטיקה של מרינה,גבעתיים,dan,טיפולי פנים - בוטיק הקוסמטיקה של מרינה,sentence,facials,on_request,,website,/ops/businesses?branch=4d1dad4a-6df4-4298-848f-1f166188681f
f8e95cc4-b999-4277-a3ca-8e71e6fc0f2d,4d1dad4a-6df4-4298-848f-1f166188681f,בוטיק הקוסמטיקה של מרינה,גבעתיים,dan,טיפולים בנשירת שיער - בוטיק הקוסמטיקה של מרינה,sentence,hair-restoration,on_request,,website,/ops/businesses?branch=4d1dad4a-6df4-4298-848f-1f166188681f
6122660a-be6f-4f48-a573-1b49c34d74e6,61a6b949-be55-4270-9e99-09995c9c57fc,BeautIX - Beauty Salon,גבעתיים,dan,טיפים לציפורניים יפות ובריאות,article,nails,on_request,,website,/ops/businesses?branch=61a6b949-be55-4270-9e99-09995c9c57fc
3283a79e-bd4e-4410-b3b3-8ace0f78de84,61a6b949-be55-4270-9e99-09995c9c57fc,BeautIX - Beauty Salon,גבעתיים,dan,טיפים לשמירה על צורת הציפורניים לאורך זמן,article,nails,on_request,,website,/ops/businesses?branch=61a6b949-be55-4270-9e99-09995c9c57fc
68a8c6b8-0605-4e8c-ac4c-0b864090bc2b,aaed9ee8-abef-4d3e-a74e-ce9c8611e658,בית ספר לעיצוב שיער - מוטיה רובין - MOTIE RUBIN,גבעתיים,dan,לימודי ברברינג באקדמיית Motie Rubin – להפוך לאמן תספורות,sentence,hair-salons,on_request,,website,/ops/businesses?branch=aaed9ee8-abef-4d3e-a74e-ce9c8611e658
ab0296af-01fa-4587-b7dc-d6940df0b7c3,aaed9ee8-abef-4d3e-a74e-ce9c8611e658,בית ספר לעיצוב שיער - מוטיה רובין - MOTIE RUBIN,גבעתיים,dan,מגמת איפור | מסלולי מקצועות האיפור,sentence,makeup,on_request,,website,/ops/businesses?branch=aaed9ee8-abef-4d3e-a74e-ce9c8611e658
6a835879-28f6-4871-85de-74d1ac60eba9,aaed9ee8-abef-4d3e-a74e-ce9c8611e658,בית ספר לעיצוב שיער - מוטיה רובין - MOTIE RUBIN,גבעתיים,dan,מגמת איפור קורס איפור קלאסי מורחב,package,makeup,on_request,,website,/ops/businesses?branch=aaed9ee8-abef-4d3e-a74e-ce9c8611e658
04a83008-57e5-4d0a-9f46-68d3796503f4,61a6b949-be55-4270-9e99-09995c9c57fc,BeautIX - Beauty Salon,גבעתיים,dan,סיכום – בחירת צורת הציפורניים המושלמת עבורך,sentence,nails,on_request,,website,/ops/businesses?branch=61a6b949-be55-4270-9e99-09995c9c57fc
7210691b-69c7-4f5a-8a3b-ff2c77b1154d,aaed9ee8-abef-4d3e-a74e-ce9c8611e658,בית ספר לעיצוב שיער - מוטיה רובין - MOTIE RUBIN,גבעתיים,dan,"עיצוב שיער בפן ע""י בוגרים ותלמידי ביה""ס",sentence,,on_request,,website,/ops/businesses?branch=aaed9ee8-abef-4d3e-a74e-ce9c8611e658
d3927bbb-cdba-4871-b921-85f01d0666cd,61a6b949-be55-4270-9e99-09995c9c57fc,BeautIX - Beauty Salon,גבעתיים,dan,פגיעה בעור כף הרגל או ציפורניים שמאפשרת חדירת פטריות,sentence,nails,on_request,,website,/ops/businesses?branch=61a6b949-be55-4270-9e99-09995c9c57fc
971e5659-954c-46ff-a628-abc4849f7959,61a6b949-be55-4270-9e99-09995c9c57fc,BeautIX - Beauty Salon,גבעתיים,dan,צורות ציפורניים – מדריך מקיף לבחירת הצורה המושלמת,sentence,nails,on_request,,website,/ops/businesses?branch=61a6b949-be55-4270-9e99-09995c9c57fc
f49c2c73-3f1f-434a-b141-21dbbba485c6,aaed9ee8-abef-4d3e-a74e-ce9c8611e658,בית ספר לעיצוב שיער - מוטיה רובין - MOTIE RUBIN,גבעתיים,dan,קורס איפור אישי - Selphy,package,makeup,on_request,,website,/ops/businesses?branch=aaed9ee8-abef-4d3e-a74e-ce9c8611e658
d1e07424-4adc-4fa6-98e7-4861ecb1383a,aaed9ee8-abef-4d3e-a74e-ce9c8611e658,בית ספר לעיצוב שיער - מוטיה רובין - MOTIE RUBIN,גבעתיים,dan,קורס איפור בשיטת התזה AIR BRUSH,package,makeup,on_request,,website,/ops/businesses?branch=aaed9ee8-abef-4d3e-a74e-ce9c8611e658
88a424a7-3e68-4435-b01f-bd7848d536cf,aaed9ee8-abef-4d3e-a74e-ce9c8611e658,בית ספר לעיצוב שיער - מוטיה רובין - MOTIE RUBIN,גבעתיים,dan,קורס איפור כלות ואופנה למאפרים,package,makeup,on_request,,website,/ops/businesses?branch=aaed9ee8-abef-4d3e-a74e-ce9c8611e658
0c51ed1c-7338-4f8f-88d3-8c504b5ba762,aaed9ee8-abef-4d3e-a74e-ce9c8611e658,בית ספר לעיצוב שיער - מוטיה רובין - MOTIE RUBIN,גבעתיים,dan,קורס איפור לקולנוע ולבמה,package,makeup,on_request,,website,/ops/businesses?branch=aaed9ee8-abef-4d3e-a74e-ce9c8611e658
0e4878cf-c067-4fe0-9265-1f29566a633e,61a6b949-be55-4270-9e99-09995c9c57fc,BeautIX - Beauty Salon,גבעתיים,dan,קורס אפילציה -מחט חשמלית להסרת שיער.,package,hair-removal,on_request,,website,/ops/businesses?branch=61a6b949-be55-4270-9e99-09995c9c57fc
0da984ba-7298-4810-902d-a5511ddfe2e5,aaed9ee8-abef-4d3e-a74e-ce9c8611e658,בית ספר לעיצוב שיער - מוטיה רובין - MOTIE RUBIN,גבעתיים,dan,קורס בלונדים וכימיה מתקדמת,package,hair-salons,on_request,,website,/ops/businesses?branch=aaed9ee8-abef-4d3e-a74e-ce9c8611e658
12ae9db9-c48a-4e31-ba72-2d3610e4ada4,61a6b949-be55-4270-9e99-09995c9c57fc,BeautIX - Beauty Salon,גבעתיים,dan,קורס בניית ציפורניים,package,nails,on_request,,website,/ops/businesses?branch=61a6b949-be55-4270-9e99-09995c9c57fc
19cc0e78-6a86-40fd-933a-adc627d153cb,61a6b949-be55-4270-9e99-09995c9c57fc,BeautIX - Beauty Salon,גבעתיים,dan,קורס בניית ציפורניים בשיטות מתקדמות,package,nails,on_request,,website,/ops/businesses?branch=61a6b949-be55-4270-9e99-09995c9c57fc
ed2afee1-f277-4ee8-b692-90724e4bd527,aaed9ee8-abef-4d3e-a74e-ce9c8611e658,בית ספר לעיצוב שיער - מוטיה רובין - MOTIE RUBIN,גבעתיים,dan,קורס החלקות | החלקות אורגניות - החלקות קרטין,package,hair-salons,on_request,,website,/ops/businesses?branch=aaed9ee8-abef-4d3e-a74e-ce9c8611e658
afd9d6d3-1ce5-4055-99ee-a3a5860a3de8,aaed9ee8-abef-4d3e-a74e-ce9c8611e658,בית ספר לעיצוב שיער - מוטיה רובין - MOTIE RUBIN,גבעתיים,dan,קורס החלקות שיער אורגנית / קרטין,package,hair-salons,on_request,,website,/ops/businesses?branch=aaed9ee8-abef-4d3e-a74e-ce9c8611e658
e42445a7-6828-4539-9990-80ac99ed18bb,aaed9ee8-abef-4d3e-a74e-ce9c8611e658,בית ספר לעיצוב שיער - מוטיה רובין - MOTIE RUBIN,גבעתיים,dan,קורס יסודות גזירה | לימודי תספורות נשים,package,hair-salons,on_request,,website,/ops/businesses?branch=aaed9ee8-abef-4d3e-a74e-ce9c8611e658
55e30f98-5f86-4e04-8b2f-dfc058dd02b2,aaed9ee8-abef-4d3e-a74e-ce9c8611e658,בית ספר לעיצוב שיער - מוטיה רובין - MOTIE RUBIN,גבעתיים,dan,קורס יסודות הגזירה תספורות נשים,package,hair-salons,on_request,,website,/ops/businesses?branch=aaed9ee8-abef-4d3e-a74e-ce9c8611e658
49810fec-9319-4897-85f0-c63106543e48,61a6b949-be55-4270-9e99-09995c9c57fc,BeautIX - Beauty Salon,גבעתיים,dan,קורס מניקור פרימיום(מבנה אנטומי והשלמת ציפורן),package,nails,on_request,,website,/ops/businesses?branch=61a6b949-be55-4270-9e99-09995c9c57fc
74273765-09d9-4d50-9b41-dd807e1d2be0,61a6b949-be55-4270-9e99-09995c9c57fc,BeautIX - Beauty Salon,גבעתיים,dan,קורס ניהול עסקי.,package,,on_request,,website,/ops/businesses?branch=61a6b949-be55-4270-9e99-09995c9c57fc
4b3f2bdf-4bd7-4e9d-9f7e-7342b25416dc,61a6b949-be55-4270-9e99-09995c9c57fc,BeautIX - Beauty Salon,גבעתיים,dan,קורס עיצוב גבות ושעוות,package,hair-removal,on_request,,website,/ops/businesses?branch=61a6b949-be55-4270-9e99-09995c9c57fc
0f1c8949-df60-4c6c-a002-1d6402275c3b,aaed9ee8-abef-4d3e-a74e-ce9c8611e658,בית ספר לעיצוב שיער - מוטיה רובין - MOTIE RUBIN,גבעתיים,dan,קורס עיצוב תסרוקות פנטזיה,package,hair-salons,on_request,,website,/ops/businesses?branch=aaed9ee8-abef-4d3e-a74e-ce9c8611e658
e9fadf16-e106-4bd5-984a-d5cd3d89b727,61a6b949-be55-4270-9e99-09995c9c57fc,BeautIX - Beauty Salon,גבעתיים,dan,קורס פדיקור מניקור,package,nails,on_request,,website,/ops/businesses?branch=61a6b949-be55-4270-9e99-09995c9c57fc
465269ec-6825-405b-8a0e-94470fd91d0b,61a6b949-be55-4270-9e99-09995c9c57fc,BeautIX - Beauty Salon,גבעתיים,dan,קורס פדיקור קוסמטי כולל לק ג׳ל,package,nails,on_request,,website,/ops/businesses?branch=61a6b949-be55-4270-9e99-09995c9c57fc
2183c76f-805a-455f-bbd0-d50a650a6fd9,aaed9ee8-abef-4d3e-a74e-ce9c8611e658,בית ספר לעיצוב שיער - מוטיה רובין - MOTIE RUBIN,גבעתיים,dan,קורס תספורות גברים - ברבינג,package,hair-salons,on_request,,website,/ops/businesses?branch=aaed9ee8-abef-4d3e-a74e-ce9c8611e658
375e011d-588c-4318-9786-d8ee276facd6,aaed9ee8-abef-4d3e-a74e-ce9c8611e658,בית ספר לעיצוב שיער - מוטיה רובין - MOTIE RUBIN,גבעתיים,dan,קורס תסרוקות במוטיה רובין,package,hair-salons,on_request,,website,/ops/businesses?branch=aaed9ee8-abef-4d3e-a74e-ce9c8611e658
8a17c465-a6b9-4016-9ec1-010b035a5bac,aaed9ee8-abef-4d3e-a74e-ce9c8611e658,בית ספר לעיצוב שיער - מוטיה רובין - MOTIE RUBIN,גבעתיים,dan,קורס תסרוקות למתקדמים | למתחילים,package,hair-salons,on_request,,website,/ops/businesses?branch=aaed9ee8-abef-4d3e-a74e-ce9c8611e658
42cca88c-3b79-45c4-81bc-2093ca4a1afa,aaed9ee8-abef-4d3e-a74e-ce9c8611e658,בית ספר לעיצוב שיער - מוטיה רובין - MOTIE RUBIN,גבעתיים,dan,קורס תסרוקות רמה א',package,hair-salons,on_request,,website,/ops/businesses?branch=aaed9ee8-abef-4d3e-a74e-ce9c8611e658
df265d52-c3d7-4e94-8e50-1db8869f0451,aaed9ee8-abef-4d3e-a74e-ce9c8611e658,בית ספר לעיצוב שיער - מוטיה רובין - MOTIE RUBIN,גבעתיים,dan,"שירותי מספרה במחירים מוזלים ע""י בוגרי ותלמידי בית הספר",sentence,,on_request,,website,/ops/businesses?branch=aaed9ee8-abef-4d3e-a74e-ce9c8611e658
f396ae8c-abbd-4e1e-846b-feafab194d4b,782d97ce-4746-42bd-bb43-19dab6e989aa,יופי קורן,חולון,dan,ארכיון פוסטים &ndash; טיפול באקנה,sentence,facials,on_request,,website,/ops/businesses?branch=782d97ce-4746-42bd-bb43-19dab6e989aa
617e16a2-d5bd-4a33-971f-584147af7480,5fbda2de-a49c-4278-bf0f-6164e39d950a,מספרת אבן ספיר - מספרה בחולון | ספר גברים ילדים | עיצוב זקן | הסרת שיער בלייזר | טיפול פנים לגבר,חולון,dan,בלונד | חום | שחור | שחור טבעי,sentence,hair-salons,on_request,,website,/ops/businesses?branch=5fbda2de-a49c-4278-bf0f-6164e39d950a
1b687737-7b6f-4dd0-b140-2473f49ba896,782d97ce-4746-42bd-bb43-19dab6e989aa,יופי קורן,חולון,dan,דף הבית » טיפול בצלקות אקנה,sentence,facials,on_request,,website,/ops/businesses?branch=782d97ce-4746-42bd-bb43-19dab6e989aa
c56b91eb-8fdc-4c1d-bd46-d2adcb4da6f3,782d97ce-4746-42bd-bb43-19dab6e989aa,יופי קורן,חולון,dan,דף הבית » טיפול פנים ביתי,sentence,facials,on_request,,website,/ops/businesses?branch=782d97ce-4746-42bd-bb43-19dab6e989aa
f7b50289-50bd-402c-800a-46cd439884d2,5fbda2de-a49c-4278-bf0f-6164e39d950a,מספרת אבן ספיר - מספרה בחולון | ספר גברים ילדים | עיצוב זקן | הסרת שיער בלייזר | טיפול פנים לגבר,חולון,dan,דף הבית » מחירון הסרת שיער בלייזר,sentence,hair-removal,on_request,,website,/ops/businesses?branch=5fbda2de-a49c-4278-bf0f-6164e39d950a
912f857d-f0ef-4a50-8826-e0ad70818535,5fbda2de-a49c-4278-bf0f-6164e39d950a,מספרת אבן ספיר - מספרה בחולון | ספר גברים ילדים | עיצוב זקן | הסרת שיער בלייזר | טיפול פנים לגבר,חולון,dan,דף הבית » מחירון הסרת שיער בשעווה,sentence,hair-removal,on_request,,website,/ops/businesses?branch=5fbda2de-a49c-4278-bf0f-6164e39d950a
b3399e88-2d3c-4b49-a7f7-4ca6fe8d909e,5fbda2de-a49c-4278-bf0f-6164e39d950a,מספרת אבן ספיר - מספרה בחולון | ספר גברים ילדים | עיצוב זקן | הסרת שיער בלייזר | טיפול פנים לגבר,חולון,dan,דף הבית » מחירון טיפולי פנים,sentence,facials,on_request,,website,/ops/businesses?branch=5fbda2de-a49c-4278-bf0f-6164e39d950a
d172f40f-616d-47d6-8109-bfcb03e1cc14,5fbda2de-a49c-4278-bf0f-6164e39d950a,מספרת אבן ספיר - מספרה בחולון | ספר גברים ילדים | עיצוב זקן | הסרת שיער בלייזר | טיפול פנים לגבר,חולון,dan,הסרת שיער בכל הגוף בטכנולוגיה המתקדמת בעולם,sentence,hair-removal,on_request,,website,/ops/businesses?branch=5fbda2de-a49c-4278-bf0f-6164e39d950a
82f96db9-481c-45be-a672-293c9c3c0753,782d97ce-4746-42bd-bb43-19dab6e989aa,יופי קורן,חולון,dan,טיפול בצלקות אקנה - Yofi Koren,sentence,facials,on_request,,website,/ops/businesses?branch=782d97ce-4746-42bd-bb43-19dab6e989aa
0a428351-a976-463d-99a3-e84898addb56,782d97ce-4746-42bd-bb43-19dab6e989aa,יופי קורן,חולון,dan,טיפול בצלקות אקנה ואמנות כיבוי השריפות,sentence,facials,on_request,,website,/ops/businesses?branch=782d97ce-4746-42bd-bb43-19dab6e989aa
607b836d-1589-4088-b2f3-7ddd8aae2e6b,782d97ce-4746-42bd-bb43-19dab6e989aa,יופי קורן,חולון,dan,טיפול בצלקות אקנה עם גלי רדיו,sentence,facials,on_request,,website,/ops/businesses?branch=782d97ce-4746-42bd-bb43-19dab6e989aa
f2578714-bfd5-428e-9998-4550f324aa52,782d97ce-4746-42bd-bb43-19dab6e989aa,יופי קורן,חולון,dan,טיפול פנים ביתי - Yofi Koren,sentence,facials,on_request,,website,/ops/businesses?branch=782d97ce-4746-42bd-bb43-19dab6e989aa
e902b711-c8cc-4000-8af3-7511494a47e2,5fbda2de-a49c-4278-bf0f-6164e39d950a,מספרת אבן ספיר - מספרה בחולון | ספר גברים ילדים | עיצוב זקן | הסרת שיער בלייזר | טיפול פנים לגבר,חולון,dan,"יחס אישי,דיוק,התאמת התספורת למבנה הפנים.",sentence,hair-salons,on_request,,website,/ops/businesses?branch=5fbda2de-a49c-4278-bf0f-6164e39d950a
afca3104-d398-4525-93cb-872a4d89561b,782d97ce-4746-42bd-bb43-19dab6e989aa,יופי קורן,חולון,dan,כמה עולה טיפול פנים ומהו הקשר שבין קוסמטיקה לרפואה,article,facials,on_request,,website,/ops/businesses?branch=782d97ce-4746-42bd-bb43-19dab6e989aa
9109ec5f-c6f4-45b2-9dbb-3d2a61ab5e93,5fbda2de-a49c-4278-bf0f-6164e39d950a,מספרת אבן ספיר - מספרה בחולון | ספר גברים ילדים | עיצוב זקן | הסרת שיער בלייזר | טיפול פנים לגבר,חולון,dan,כמובן שכל זה בנוסף לתספורת מדוייקת וגורפת מחמאות.,sentence,hair-salons,on_request,,website,/ops/businesses?branch=5fbda2de-a49c-4278-bf0f-6164e39d950a
3b2fc63c-7fd6-46e3-bb77-eff5470f0f4c,782d97ce-4746-42bd-bb43-19dab6e989aa,יופי קורן,חולון,dan,מומחית בטיפולי אקנה ואנטי אייג’ינג.,sentence,facials,on_request,,website,/ops/businesses?branch=782d97ce-4746-42bd-bb43-19dab6e989aa
f6baf477-fe1e-46dd-949f-5fd7defe2d55,5fbda2de-a49c-4278-bf0f-6164e39d950a,מספרת אבן ספיר - מספרה בחולון | ספר גברים ילדים | עיצוב זקן | הסרת שיער בלייזר | טיפול פנים לגבר,חולון,dan,מספרת גברים בחולון - One Stop BarberShop,sentence,hair-salons,on_request,,website,/ops/businesses?branch=5fbda2de-a49c-4278-bf0f-6164e39d950a
2355628e-cce5-44af-a5d1-2fb5d6e54cfe,5fbda2de-a49c-4278-bf0f-6164e39d950a,מספרת אבן ספיר - מספרה בחולון | ספר גברים ילדים | עיצוב זקן | הסרת שיער בלייזר | טיפול פנים לגבר,חולון,dan,עיצוב זקן ברמה גבוהה.,sentence,hair-salons,on_request,,website,/ops/businesses?branch=5fbda2de-a49c-4278-bf0f-6164e39d950a
55eee62a-56dd-4775-a5e5-a67adea5f7c4,e4bb2fd2-4791-4d00-b881-b972d91ae9a8,"מרפאת שיניים ד""ר אבייב - יישור שיניים שקוף Invisalign בחולון",חולון,dan,"עשיתי יישור שיניים, יצא מושלם.",sentence,dental-aesthetics,on_request,,website,/ops/businesses?branch=e4bb2fd2-4791-4d00-b881-b972d91ae9a8
40e4f9ce-387f-47fa-b75f-8f6ba75188f4,5fbda2de-a49c-4278-bf0f-6164e39d950a,מספרת אבן ספיר - מספרה בחולון | ספר גברים ילדים | עיצוב זקן | הסרת שיער בלייזר | טיפול פנים לגבר,חולון,dan,קיצוץ זקן / עיצוב זקן 20 ש”ח,sentence,hair-salons,on_request,,website,/ops/businesses?branch=5fbda2de-a49c-4278-bf0f-6164e39d950a
0a70c501-0eea-40b1-a6db-62f85a7c7301,782d97ce-4746-42bd-bb43-19dab6e989aa,יופי קורן,חולון,dan,"תודה על טיפול פנים מפנק, השירות והיחס האישי",sentence,facials,on_request,,website,/ops/businesses?branch=782d97ce-4746-42bd-bb43-19dab6e989aa
ca9e2ab0-be4d-4c4e-82a4-be605b17b75e,5fbda2de-a49c-4278-bf0f-6164e39d950a,מספרת אבן ספיר - מספרה בחולון | ספר גברים ילדים | עיצוב זקן | הסרת שיער בלייזר | טיפול פנים לגבר,חולון,dan,תספורת ילד ברברשופ (עד גיל 10),sentence,hair-salons,fixed,80,website,/ops/businesses?branch=5fbda2de-a49c-4278-bf0f-6164e39d950a
dabba724-6084-48d9-a5fa-6b2908a4d01e,5fbda2de-a49c-4278-bf0f-6164e39d950a,מספרת אבן ספיר - מספרה בחולון | ספר גברים ילדים | עיצוב זקן | הסרת שיער בלייזר | טיפול פנים לגבר,חולון,dan,תספורת ילד קלאסית (עד גיל 10),sentence,hair-salons,fixed,70,website,/ops/businesses?branch=5fbda2de-a49c-4278-bf0f-6164e39d950a
54a56185-049d-4199-a0c1-c00e53cca995,1b021794-8031-4d50-9e8b-9d4d275f483d,Clinic Dr. Eran Bar-Meir,חיפה,haifa,&gt; הגדלת חזה,sentence,plastic-surgery,on_request,,website,/ops/businesses?branch=1b021794-8031-4d50-9e8b-9d4d275f483d
0a02efe8-3b2e-466d-a008-913872db062d,1b021794-8031-4d50-9e8b-9d4d275f483d,Clinic Dr. Eran Bar-Meir,חיפה,haifa,&gt; הקטנת חזה,sentence,plastic-surgery,on_request,,website,/ops/businesses?branch=1b021794-8031-4d50-9e8b-9d4d275f483d
f0a5291a-2e11-48f4-b00f-75a1992c8843,1b021794-8031-4d50-9e8b-9d4d275f483d,Clinic Dr. Eran Bar-Meir,חיפה,haifa,&gt; הרמת חזה,sentence,plastic-surgery,on_request,,website,/ops/businesses?branch=1b021794-8031-4d50-9e8b-9d4d275f483d
baf1a305-5a3c-4988-8eea-aca0977b51de,4f317565-8ae0-41af-833f-9fd5e87a67c0,"Oly Cosmetics - מרכז לטיפולי פנים וגוף, מוצרי קוסמטיקה",חיפה,haifa,(50 מ”ל) BB CREAM SPF 30,product,,fixed,195,website,/ops/businesses?branch=4f317565-8ae0-41af-833f-9fd5e87a67c0
00fc5711-fb7b-4115-af38-bd904894c74d,9f0933ee-94c6-42cd-b69c-d61d71d5bf37,Salon boutique Paradise,חיפה,haifa,A service center. Barak Ltd. (garage Barak),sentence,,on_request,,website,/ops/businesses?branch=9f0933ee-94c6-42cd-b69c-d61d71d5bf37
8368c358-b038-4308-93c1-dc8904907be1,0be91073-5b5b-4a84-868b-472c142d59e2,פיור סקין – טיפולי קוסמטיקה מתקדמים,חיפה,haifa,ART ✦ PEDICURE ✦ SKIN CARE ✦ PURE SKIN,sentence,nails,on_request,,website,/ops/businesses?branch=0be91073-5b5b-4a84-868b-472c142d59e2
15340ef7-88dc-4c4e-a28e-4dd735738e3e,4f317565-8ae0-41af-833f-9fd5e87a67c0,"Oly Cosmetics - מרכז לטיפולי פנים וגוף, מוצרי קוסמטיקה",חיפה,haifa,BB קרם לחות פעיל דמי מייק אפ 25-SPF,product,,fixed,256,website,/ops/businesses?branch=4f317565-8ae0-41af-833f-9fd5e87a67c0
e0fde9d7-6ebf-471b-89c1-1a5bfeafb033,c8355290-2cb6-419c-87ac-2a57570a2d58,Dr. Thaer Clinic - Alchemy 22,חיפה,haifa,"Breast lifting, augmentation and combined approaches",sentence,plastic-surgery,on_request,,website,/ops/businesses?branch=c8355290-2cb6-419c-87ac-2a57570a2d58
42f71a98-4ffc-44d3-b92d-687888114207,4f5ef12c-b42c-4fd8-9e0a-90910d247056,"ד""ר צבי גוטמכר - מומחה לשיקום הפה",חיפה,haifa,Bruxism (Teeth Grinding) Diagnosis & Treatment,sentence,,on_request,,website,/ops/businesses?branch=4f5ef12c-b42c-4fd8-9e0a-90910d247056
e32f3daf-40b3-45ea-b212-36bf1e3cb26a,4f317565-8ae0-41af-833f-9fd5e87a67c0,"Oly Cosmetics - מרכז לטיפולי פנים וגוף, מוצרי קוסמטיקה",חיפה,haifa,ESTER C – סבון ניקוי לפנים,sentence,,fixed,178,website,/ops/businesses?branch=4f317565-8ae0-41af-833f-9fd5e87a67c0
50af4030-232d-44fd-8057-61b3548f0653,4f317565-8ae0-41af-833f-9fd5e87a67c0,"Oly Cosmetics - מרכז לטיפולי פנים וגוף, מוצרי קוסמטיקה",חיפה,haifa,ESTER C – קרם הבהרה,product,hair-salons,fixed,370,website,/ops/businesses?branch=4f317565-8ae0-41af-833f-9fd5e87a67c0
22415f4b-fb42-43aa-939a-e815fe04a874,4f317565-8ae0-41af-833f-9fd5e87a67c0,"Oly Cosmetics - מרכז לטיפולי פנים וגוף, מוצרי קוסמטיקה",חיפה,haifa,ESTER C – קרם לחות לעור יבש SPF 20,product,,fixed,220,website,/ops/businesses?branch=4f317565-8ae0-41af-833f-9fd5e87a67c0
19161b1a-8fdf-49da-b516-a51020360e30,4f317565-8ae0-41af-833f-9fd5e87a67c0,"Oly Cosmetics - מרכז לטיפולי פנים וגוף, מוצרי קוסמטיקה",חיפה,haifa,ESTER C – קרם לילה משקם,product,,fixed,210,website,/ops/businesses?branch=4f317565-8ae0-41af-833f-9fd5e87a67c0
be4ab2e5-5d7f-43ae-ab19-c5ef6d9cdf93,c8355290-2cb6-419c-87ac-2a57570a2d58,Dr. Thaer Clinic - Alchemy 22,חיפה,haifa,Explore 101 Filler ↗ 04 Clinical systems,sentence,medical-aesthetics,on_request,,website,/ops/businesses?branch=c8355290-2cb6-419c-87ac-2a57570a2d58
cc482359-239c-4319-a8ea-0f5f168bce20,0be91073-5b5b-4a84-868b-472c142d59e2,פיור סקין – טיפולי קוסמטיקה מתקדמים,חיפה,haifa,GEL POLISH ✦ FACIAL TREATMENTS ✦,sentence,nails,on_request,,website,/ops/businesses?branch=0be91073-5b5b-4a84-868b-472c142d59e2
f658b08d-97c7-4eed-981d-17b00fae9b08,4f317565-8ae0-41af-833f-9fd5e87a67c0,"Oly Cosmetics - מרכז לטיפולי פנים וגוף, מוצרי קוסמטיקה",חיפה,haifa,Illuminating White קרם הבהרה,product,hair-salons,fixed,420,website,/ops/businesses?branch=4f317565-8ae0-41af-833f-9fd5e87a67c0
eb558c44-c634-4ab0-9e40-0d239f45696e,c8355290-2cb6-419c-87ac-2a57570a2d58,Dr. Thaer Clinic - Alchemy 22,חיפה,haifa,Individualized surgical planning across breast and body contouring,sentence,,on_request,,website,/ops/businesses?branch=c8355290-2cb6-419c-87ac-2a57570a2d58
b18e3899-4c4a-42fa-b45a-64da2bb81c22,9f0933ee-94c6-42cd-b69c-d61d71d5bf37,Salon boutique Paradise,חיפה,haifa,KIA Service Center Ashdod - Сервисный центр КИА в Ашдоде - מרכז שירות קיה אשדוד ,sentence,,on_request,,website,/ops/businesses?branch=9f0933ee-94c6-42cd-b69c-d61d71d5bf37
600865a2-56ff-4bec-9367-3af1b19afa7b,9f0933ee-94c6-42cd-b69c-d61d71d5bf37,Salon boutique Paradise,חיפה,haifa,OPEL Service Center Herzliya - Сервисный центр ОПЕЛЬ в Герцлии - מרכז שירות קמק,sentence,,on_request,,website,/ops/businesses?branch=9f0933ee-94c6-42cd-b69c-d61d71d5bf37
e99068db-f8ea-4530-97ee-b2e03ef747d0,9f0933ee-94c6-42cd-b69c-d61d71d5bf37,Salon boutique Paradise,חיפה,haifa,OPEL Service Center Petah Tikva - מרכז שירות דניאל בראל,sentence,,on_request,,website,/ops/businesses?branch=9f0933ee-94c6-42cd-b69c-d61d71d5bf37
fe565bd8-f58f-4afe-aad1-5501c652531a,9f0933ee-94c6-42cd-b69c-d61d71d5bf37,Salon boutique Paradise,חיפה,haifa,OPEL Service Center Tel Aviv - Сервисный центр ОПЕЛЬ в Тель-Авиве - מרכז שירות א,sentence,,on_request,,website,/ops/businesses?branch=9f0933ee-94c6-42cd-b69c-d61d71d5bf37
9a7423e6-3b50-470b-88c0-449b80c6a5d2,9f0933ee-94c6-42cd-b69c-d61d71d5bf37,Salon boutique Paradise,חיפה,haifa,OPEL Service Center Yehud - מרכז שירות מוסך אייקאר,sentence,,on_request,,website,/ops/businesses?branch=9f0933ee-94c6-42cd-b69c-d61d71d5bf37
db3bd946-a773-4bd9-9bc2-2b0b146dd1d4,c8355290-2cb6-419c-87ac-2a57570a2d58,Dr. Thaer Clinic - Alchemy 22,חיפה,haifa,Open 101 Filler ↗ 04 Coming next,sentence,medical-aesthetics,on_request,,website,/ops/businesses?branch=c8355290-2cb6-419c-87ac-2a57570a2d58
fb347fca-a40e-4bc5-9160-a5d9415fa379,c8355290-2cb6-419c-87ac-2a57570a2d58,Dr. Thaer Clinic - Alchemy 22,חיפה,haifa,Pioneering Levantine facial rejuvenation.,sentence,facials,on_request,,website,/ops/businesses?branch=c8355290-2cb6-419c-87ac-2a57570a2d58
d23dfca0-a37f-43a3-9a7b-e20ebcb71e1b,4f317565-8ae0-41af-833f-9fd5e87a67c0,"Oly Cosmetics - מרכז לטיפולי פנים וגוף, מוצרי קוסמטיקה",חיפה,haifa,RETIN A – סרום הבהרה,product,hair-salons,fixed,458,website,/ops/businesses?branch=4f317565-8ae0-41af-833f-9fd5e87a67c0
bc838916-62a8-44a6-9fac-9383b2535405,71ec6c62-0e51-4344-b8bd-cfb947b777bc,Irina Nikolenko,חיפה,haifa,Shampoo & conditioning,product,,on_request,,website,/ops/businesses?branch=71ec6c62-0e51-4344-b8bd-cfb947b777bc
d69cae09-d305-4f9f-9a42-9995756fa21d,2f33a115-db5f-4848-9b0c-2c2508110d13,PYON BEAUTY ZONE,חיפה,haifa,Shampoo & conditioning,product,,on_request,,website,/ops/businesses?branch=2f33a115-db5f-4848-9b0c-2c2508110d13
04e78656-bab5-4420-bc30-00a4eda4d90a,477fabbc-5ea5-4a6f-8055-8c6ed7dbc925,המספריים של אנג'י,חיפה,haifa,Shampoo & conditioning,product,,on_request,,website,/ops/businesses?branch=477fabbc-5ea5-4a6f-8055-8c6ed7dbc925
2a7392a9-2e32-49c4-9eef-a6c7f9e19677,7f01f930-97a5-4bc9-a4ec-bac6e01cb8f0,Premium Beauty,חיפה,haifa,Shampoo & conditioning,product,,on_request,,website,/ops/businesses?branch=7f01f930-97a5-4bc9-a4ec-bac6e01cb8f0
0fd2d4e5-12c6-4f40-92b4-dd15ea66149d,c8355290-2cb6-419c-87ac-2a57570a2d58,Dr. Thaer Clinic - Alchemy 22,חיפה,haifa,Ventures LAMA Academy Alchemy 22 101 Filler,sentence,medical-aesthetics,on_request,,website,/ops/businesses?branch=c8355290-2cb6-419c-87ac-2a57570a2d58
1106ac67-2ec8-4e6f-b03a-a7da9baceef7,f5f9510a-f30f-4fda-ac5d-ed82c839117e,Epilution Haifa | Салон красоты | Beauty Salon,חיפה,haifa,Биоревитализация /Скинбустеры RRS Eyes(Биоревитализация /Скинбустеры  RRS Eyes),sentence,,fixed,500,website,/ops/businesses?branch=f5f9510a-f30f-4fda-ac5d-ed82c839117e
fcb74ab7-99c6-442e-8b92-681477c230c0,f5f9510a-f30f-4fda-ac5d-ed82c839117e,Epilution Haifa | Салон красоты | Beauty Salon,חיפה,haifa,Ботулинотерапия Лицо зона(Ботулинотерапия Лицо 1 зона),sentence,,fixed,500,website,/ops/businesses?branch=f5f9510a-f30f-4fda-ac5d-ed82c839117e
c5e2672a-bcdb-4349-bb86-d9ec8d73233d,f5f9510a-f30f-4fda-ac5d-ed82c839117e,Epilution Haifa | Салон красоты | Beauty Salon,חיפה,haifa,Ботулинотерапия Лицо зоны(Ботулинотерапия Лицо 2 зоны),sentence,,fixed,900,website,/ops/businesses?branch=f5f9510a-f30f-4fda-ac5d-ed82c839117e
a95ed9f7-b7e5-46f9-a240-70afaaca931b,d7744b88-2c1a-4b54-bfaa-29c598488716,"קוסמטיקאית, אלקטרולוג, עיסוי פנים Косметология, массаж лица, World_tali",חיפה,haifa,Карбокситерапия (не инвазивная - без уколов),sentence,,fixed,250,website,/ops/businesses?branch=d7744b88-2c1a-4b54-bfaa-29c598488716
7376fee8-abe5-47f7-bdae-563b5ba74308,f5f9510a-f30f-4fda-ac5d-ed82c839117e,Epilution Haifa | Салон красоты | Beauty Salon,חיפה,haifa,Консультация,function_word,,fixed,90,website,/ops/businesses?branch=f5f9510a-f30f-4fda-ac5d-ed82c839117e
ee57bf91-759a-42f4-a18d-022f21bc590b,f5f9510a-f30f-4fda-ac5d-ed82c839117e,Epilution Haifa | Салон красоты | Beauty Salon,חיפה,haifa,Лазер Лицо ( зона)(Лазер Лицо (1 зона)),sentence,,fixed,80,website,/ops/businesses?branch=f5f9510a-f30f-4fda-ac5d-ed82c839117e
ccf6349d-62bb-41c6-8ec7-785d0dd16f8f,f5f9510a-f30f-4fda-ac5d-ed82c839117e,Epilution Haifa | Салон красоты | Beauty Salon,חיפה,haifa,Лицо ( зона) (ж) Воск/Шугаринг(Лицо (1 зона) (ж) Воск/Шугаринг),sentence,,fixed,40,website,/ops/businesses?branch=f5f9510a-f30f-4fda-ac5d-ed82c839117e
3d9add40-e2d0-4f0b-9382-191557ee13ff,752f7ed8-64d5-4ddc-969b-63849c18b5d6,Liya Hanukaev - ליה חנוכייב קוסמטיקאית בכירה,חיפה,haifa,"Лицо,живот,спина,руки,ноги",function_word,,on_request,,website,/ops/businesses?branch=752f7ed8-64d5-4ddc-969b-63849c18b5d6
870c18dd-5d74-4014-8a41-eb33818bbd8d,f01c0d3e-f6ae-46b3-820b-fc1ecc424158,ValentinaCosmetic,חיפה,haifa,"Массаж лица, шеи и зоны декольте",sentence,,fixed,150,website,/ops/businesses?branch=f01c0d3e-f6ae-46b3-820b-fc1ecc424158
26f31b5e-c8f0-4e4b-8b33-f601d19abaf5,77c3fddc-e5fc-4bdd-b9d6-153eb4a0b4c0,CULT | סטודיו ליופי והכשרה | מניקור • פדיקור • ריסים • גבות • הסרת שיער | חיפה,חיפה,haifa,Мастер,function_word,,on_request,,website,/ops/businesses?branch=77c3fddc-e5fc-4bdd-b9d6-153eb4a0b4c0
28d85210-54a8-4060-b27f-c52b0c1518cc,4124e0af-651e-4e9e-8638-9535ace3bcd3,DK The Hair Lounge,חיפה,haifa,Мелирование,function_word,,on_request,,website,/ops/businesses?branch=4124e0af-651e-4e9e-8638-9535ace3bcd3
549dca0d-1431-4f25-bf6f-10660a7265f0,d7744b88-2c1a-4b54-bfaa-29c598488716,"קוסמטיקאית, אלקטרולוג, עיסוי פנים Косметология, массаж лица, World_tali",חיפה,haifa,Микронидлинг,function_word,,fixed,270,website,/ops/businesses?branch=d7744b88-2c1a-4b54-bfaa-29c598488716
c93a1a7c-4bf9-4fc1-a377-572716ee95ce,7f01f930-97a5-4bc9-a4ec-bac6e01cb8f0,Premium Beauty,חיפה,haifa,Наращивание ресниц 4D - 5D - 6D,sentence,,fixed,300,website,/ops/businesses?branch=7f01f930-97a5-4bc9-a4ec-bac6e01cb8f0
e998c88d-6fd9-4088-b55c-97ce8ee80907,f5f9510a-f30f-4fda-ac5d-ed82c839117e,Epilution Haifa | Салон красоты | Beauty Salon,חיפה,haifa,"Подмышки+Гл.Бикини+Руки до локтя+Голени ""Хэци"" (ж) Воск/Шугаринг",sentence,,fixed,450,website,/ops/businesses?branch=f5f9510a-f30f-4fda-ac5d-ed82c839117e
f73d2750-43db-428c-8503-4c29ec7235b8,f5f9510a-f30f-4fda-ac5d-ed82c839117e,Epilution Haifa | Салон красоты | Beauty Salon,חיפה,haifa,"Подмышки+гл.Бикини ""Мини"" (ж) Воск/Шугаринг",sentence,,fixed,260,website,/ops/businesses?branch=f5f9510a-f30f-4fda-ac5d-ed82c839117e
88e756b2-5548-445a-8feb-4742679fbdf0,f5f9510a-f30f-4fda-ac5d-ed82c839117e,Epilution Haifa | Салон красоты | Beauty Salon,חיפה,haifa,"Подмышки+гл.Бикини+Ноги полностью ""Макси"" (ж) Воск/Шугаринг",sentence,,fixed,460,website,/ops/businesses?branch=f5f9510a-f30f-4fda-ac5d-ed82c839117e
64a5cd37-df06-49d2-85fc-91efa6d55b95,f5f9510a-f30f-4fda-ac5d-ed82c839117e,Epilution Haifa | Салон красоты | Beauty Salon,חיפה,haifa,"Подмышки+гл.Бикини+Ноги полностью+Руки полностью ""Тотал"" (ж) Воск/Шугаринг",sentence,,fixed,560,website,/ops/businesses?branch=f5f9510a-f30f-4fda-ac5d-ed82c839117e
a70c9c46-f18e-4fc7-a207-35904cfbfe8d,f5f9510a-f30f-4fda-ac5d-ed82c839117e,Epilution Haifa | Салон красоты | Beauty Salon,חיפה,haifa,"Подмышки+гл.Бикини+голени ""Хит"" (ж) Воск/Шугаринг",sentence,,fixed,380,website,/ops/businesses?branch=f5f9510a-f30f-4fda-ac5d-ed82c839117e
9a75d928-cca8-4817-9b8f-1696f2b5ca25,19983aee-b4dd-4e71-b29f-a26bab9a53df,Sol Clinics,חיפה,haifa,Прессотерапия,function_word,,on_request,,website,/ops/businesses?branch=19983aee-b4dd-4e71-b29f-a26bab9a53df
a431dc87-a096-4061-9e50-74c1d583487b,d7744b88-2c1a-4b54-bfaa-29c598488716,"קוסמטיקאית, אלקטרולוג, עיסוי פנים Косметология, массаж лица, World_tali",חיפה,haifa,"Релакс процедура - массаж лица, головы, зоны декольте",sentence,,fixed,230,website,/ops/businesses?branch=d7744b88-2c1a-4b54-bfaa-29c598488716
ac635062-cf64-4157-bc83-b35bd333b7f8,88e75f55-627d-4d56-8562-d31e9dab09a3,Studio French (nail and cosmetic) סטודיו פרנץ- סלון ציפורניים בחיפה,חיפה,haifa,"Салон маникюра ""Студия Френч"" - ""' סטודיו לציפורניים ""פרנץ",sentence,nails,on_request,,website,/ops/businesses?branch=88e75f55-627d-4d56-8562-d31e9dab09a3
461517b6-5846-49fc-b051-9ccf0ced663f,752f7ed8-64d5-4ddc-969b-63849c18b5d6,Liya Hanukaev - ליה חנוכייב קוסמטיקאית בכירה,חיפה,haifa,"Свадебный макияж,вечерний макияж,лифтинг макияж,арабский макияж",sentence,,on_request,,website,/ops/businesses?branch=752f7ed8-64d5-4ddc-969b-63849c18b5d6
cbbf487c-621d-4b8a-a656-2a3920f92786,cfbed9e7-b435-4986-bbee-1f7a0b991dba,אברמסקי - המרכז לבריאות השיער בחיפה,חיפה,haifa,Трихолог,function_word,,fixed,100,website,/ops/businesses?branch=cfbed9e7-b435-4986-bbee-1f7a0b991dba
cdf93984-343c-42a9-a8dd-b684f5ac2176,f01c0d3e-f6ae-46b3-820b-fc1ecc424158,ValentinaCosmetic,חיפה,haifa,Фотоомоложение,function_word,,fixed,400,website,/ops/businesses?branch=f01c0d3e-f6ae-46b3-820b-fc1ecc424158
7041e656-fd1e-4eae-b600-52e9e57b8082,f01c0d3e-f6ae-46b3-820b-fc1ecc424158,ValentinaCosmetic,חיפה,haifa,Фотоэпиляция,function_word,,fixed,50,website,/ops/businesses?branch=f01c0d3e-f6ae-46b3-820b-fc1ecc424158
1dc26f67-4ade-48b2-b2d9-e3e9621da64d,d7744b88-2c1a-4b54-bfaa-29c598488716,"קוסמטיקאית, אלקטרולוג, עיסוי פנים Косметология, массаж лица, World_tali",חיפה,haifa,ЭлектроЭпиляция,function_word,,fixed,5,website,/ops/businesses?branch=d7744b88-2c1a-4b54-bfaa-29c598488716
99db0b2e-ca03-451f-a34e-a362984f6269,d7744b88-2c1a-4b54-bfaa-29c598488716,"קוסמטיקאית, אלקטרולוג, עיסוי פנים Косметология, массаж лица, World_tali",חיפה,haifa,"глубокое увлажнение, питание сухой, взрослой, уставшей кожи",sentence,,fixed,300,website,/ops/businesses?branch=d7744b88-2c1a-4b54-bfaa-29c598488716
81948ba6-8fc7-485f-9f30-c988a6a2b5c0,b62b3b28-e109-48f6-ae9b-57b9c437d7d1,Premium Beauty Center,חיפה,haifa,косметолог,function_word,,on_request,,website,/ops/businesses?branch=b62b3b28-e109-48f6-ae9b-57b9c437d7d1
eb143e02-989b-4e07-9ed4-3771dcbc9770,be45a69e-2984-49e5-9fd3-56d5795dc77c,נטוראלייזר,חיפה,haifa,אבל חשוב להבין גם מה בוטוקס לא עושה,sentence,medical-aesthetics,on_request,,website,/ops/businesses?branch=be45a69e-2984-49e5-9fd3-56d5795dc77c
61388654-1532-4a06-89ad-5299d2816a50,4f317565-8ae0-41af-833f-9fd5e87a67c0,"Oly Cosmetics - מרכז לטיפולי פנים וגוף, מוצרי קוסמטיקה",חיפה,haifa,אזלוטריט קרם לעור בעייתי,product,,fixed,350,website,/ops/businesses?branch=4f317565-8ae0-41af-833f-9fd5e87a67c0
d4bebd06-8789-4f2b-bbdc-6acedde3d419,cfbed9e7-b435-4986-bbee-1f7a0b991dba,אברמסקי - המרכז לבריאות השיער בחיפה,חיפה,haifa,איך נשירת שיער נראית בפועל,article,hair-restoration,on_request,,website,/ops/businesses?branch=cfbed9e7-b435-4986-bbee-1f7a0b991dba
5ab19713-8305-4dd2-aa45-7674697e1d10,cfbed9e7-b435-4986-bbee-1f7a0b991dba,אברמסקי - המרכז לבריאות השיער בחיפה,חיפה,haifa,איך עובדים עם נשירת שיער במרכז בריאות השיער בחיפה,article,hair-restoration,on_request,,website,/ops/businesses?branch=cfbed9e7-b435-4986-bbee-1f7a0b991dba
7c58fa5c-1d05-4280-8143-97663127060b,4f317565-8ae0-41af-833f-9fd5e87a67c0,"Oly Cosmetics - מרכז לטיפולי פנים וגוף, מוצרי קוסמטיקה",חיפה,haifa,אלפא בטא רטינול מארז התחדשות,product,,fixed,890,website,/ops/businesses?branch=4f317565-8ae0-41af-833f-9fd5e87a67c0
6d0b43fa-8ad9-4e9d-b53a-731b02ee83bd,fbf7b660-ab28-41a7-9061-b21e2685803e,Ruchla Cosmetics,חיפה,haifa,אנו מזמינים אותך להתקשר עוד היום לתיאום פגישת ייעוץ .,sentence,,free,0,website,/ops/businesses?branch=fbf7b660-ab28-41a7-9061-b21e2685803e
36fe2e54-789c-4e07-850b-7212bb18c2ec,0be91073-5b5b-4a84-868b-472c142d59e2,פיור סקין – טיפולי קוסמטיקה מתקדמים,חיפה,haifa,אקנה ואנטי-אייג’ינג למראה עור חלק וזוהר.,sentence,facials,on_request,,website,/ops/businesses?branch=0be91073-5b5b-4a84-868b-472c142d59e2
50f6d1d3-62e4-4b63-92a0-86683d6b852d,1b021794-8031-4d50-9e8b-9d4d275f483d,Clinic Dr. Eran Bar-Meir,חיפה,haifa,את הניתוח ניתן לבצע באחת משלוש גישות,sentence,plastic-surgery,on_request,,website,/ops/businesses?branch=1b021794-8031-4d50-9e8b-9d4d275f483d
dc396321-dff4-456a-b141-86e73e3b96cb,4f317565-8ae0-41af-833f-9fd5e87a67c0,"Oly Cosmetics - מרכז לטיפולי פנים וגוף, מוצרי קוסמטיקה",חיפה,haifa,באלנסר קרם,product,,fixed,87,website,/ops/businesses?branch=4f317565-8ae0-41af-833f-9fd5e87a67c0
42b64a1c-bf44-45c0-900f-79e6ec09236c,1ff8a60d-8ab5-4879-9dbf-6d2862b30cc5,דר' מריה שרפוב - קליניקה לרפואה אסתטית,חיפה,haifa,בוטוקס - טיפול להעלמת קמטי הבעה,sentence,medical-aesthetics,on_request,,website,/ops/businesses?branch=1ff8a60d-8ab5-4879-9dbf-6d2862b30cc5
1696938c-8447-4692-9ecb-85cac123e9a8,b00a083f-d8a8-4b23-84c4-f76e955d1576,"ד""ר רוני מוסקונה - מרפאות ניתוחים פלסטיים וטיפולי אסתטיקה",חיפה,haifa,בוטוקס / דיספורט / קסיאומין לגבר,sentence,medical-aesthetics,on_request,,website,/ops/businesses?branch=b00a083f-d8a8-4b23-84c4-f76e955d1576
6fe8b1df-4866-4543-b903-8432ea8b3963,be45a69e-2984-49e5-9fd3-56d5795dc77c,נטוראלייזר,חיפה,haifa,בוטוקס בגישה הוליסטית - תוצאות הטיפול,sentence,medical-aesthetics,on_request,,website,/ops/businesses?branch=be45a69e-2984-49e5-9fd3-56d5795dc77c
7bd1b7a3-fe0d-4349-84fc-6c5bdda906e8,be45a69e-2984-49e5-9fd3-56d5795dc77c,נטוראלייזר,חיפה,haifa,בוטוקס לא משפר את איכות העור,sentence,medical-aesthetics,on_request,,website,/ops/businesses?branch=be45a69e-2984-49e5-9fd3-56d5795dc77c
3d0aafca-39cd-42ba-8ac0-c338ae6947df,1b021794-8031-4d50-9e8b-9d4d275f483d,Clinic Dr. Eran Bar-Meir,חיפה,haifa,בידור הבהרה המקובל את רבה.,sentence,,on_request,,website,/ops/businesses?branch=1b021794-8031-4d50-9e8b-9d4d275f483d
80ed1b21-8246-4d48-a3c4-fa7ac1046d8c,b00a083f-d8a8-4b23-84c4-f76e955d1576,"ד""ר רוני מוסקונה - מרפאות ניתוחים פלסטיים וטיפולי אסתטיקה",חיפה,haifa,בייעוץ הקדם ניתוחי חשוב להתרשם משלושה נושאים,sentence,plastic-surgery,on_request,,website,/ops/businesses?branch=b00a083f-d8a8-4b23-84c4-f76e955d1576
e41f1425-0eef-47d1-84ca-5a8ea9e21bbb,b00a083f-d8a8-4b23-84c4-f76e955d1576,"ד""ר רוני מוסקונה - מרפאות ניתוחים פלסטיים וטיפולי אסתטיקה",חיפה,haifa,ביצוע מוקפד של הניתוח.,sentence,plastic-surgery,on_request,,website,/ops/businesses?branch=b00a083f-d8a8-4b23-84c4-f76e955d1576
2daaf9e5-53de-45cd-b649-c6f15d15c7c8,bcb35f73-9991-4cc0-9150-141bc3dc5b47,Carmella Spa | כרמלה ספא בחיפה,חיפה,haifa,"במלון יש חניה מקורה פרטית ומסודרת, בעלות של",sentence,,fixed,40,website,/ops/businesses?branch=bcb35f73-9991-4cc0-9150-141bc3dc5b47
f26acc71-fccb-4833-b360-fc30eb996341,be45a69e-2984-49e5-9fd3-56d5795dc77c,נטוראלייזר,חיפה,haifa,"במקרים נדירים – שלפוחיות, גלדים או פיגמנטציה ממושכת",sentence,facials,on_request,,website,/ops/businesses?branch=be45a69e-2984-49e5-9fd3-56d5795dc77c
41aa7acd-ee7e-450b-8c10-f2756db8b431,88e75f55-627d-4d56-8562-d31e9dab09a3,Studio French (nail and cosmetic) סטודיו פרנץ- סלון ציפורניים בחיפה,חיפה,haifa,בניית ציפורניים עם פרנץ' קבוע לבן/צבעוני/נצנצים,sentence,nails,on_request,,website,/ops/businesses?branch=88e75f55-627d-4d56-8562-d31e9dab09a3
9a480d51-f469-412c-ab7a-4a28c3378edb,1b021794-8031-4d50-9e8b-9d4d275f483d,Clinic Dr. Eran Bar-Meir,חיפה,haifa,בניתוחי הקטנת חזה עשויה להישאר צלקת במספר צורות,sentence,plastic-surgery,on_request,,website,/ops/businesses?branch=1b021794-8031-4d50-9e8b-9d4d275f483d
79086dd6-26db-434a-bb2a-6ef786a91c6a,4f317565-8ae0-41af-833f-9fd5e87a67c0,"Oly Cosmetics - מרכז לטיפולי פנים וגוף, מוצרי קוסמטיקה",חיפה,haifa,ג'יל הבהרה של העור באזורים אינטימיים ורגישים,sentence,hair-salons,on_request,,website,/ops/businesses?branch=4f317565-8ae0-41af-833f-9fd5e87a67c0
a7ddff5d-3ba3-4db0-81d6-43d80e23718d,fbf7b660-ab28-41a7-9061-b21e2685803e,Ruchla Cosmetics,חיפה,haifa,גרין פיל לחידוש מיצוק והבהרה של העור,sentence,,on_request,,website,/ops/businesses?branch=fbf7b660-ab28-41a7-9061-b21e2685803e
695de393-ab31-4978-8dac-852b4eb86e83,4f317565-8ae0-41af-833f-9fd5e87a67c0,"Oly Cosmetics - מרכז לטיפולי פנים וגוף, מוצרי קוסמטיקה",חיפה,haifa,ג’ל לחות – מג’יק מויסט / H2O,sentence,,fixed,150,website,/ops/businesses?branch=4f317565-8ae0-41af-833f-9fd5e87a67c0
2ab811c2-aab4-47c1-ab1a-3003c4d9f564,4f317565-8ae0-41af-833f-9fd5e87a67c0,"Oly Cosmetics - מרכז לטיפולי פנים וגוף, מוצרי קוסמטיקה",חיפה,haifa,ג’ל ניקוי על עם חומצות וויטמין C,sentence,,fixed,138,website,/ops/businesses?branch=4f317565-8ae0-41af-833f-9fd5e87a67c0
e12f210e-f8ea-4851-b12a-f26caf8eaa52,4f317565-8ae0-41af-833f-9fd5e87a67c0,"Oly Cosmetics - מרכז לטיפולי פנים וגוף, מוצרי קוסמטיקה",חיפה,haifa,ג’ל ניקוי עמוק לעור שמן ובעייתי,sentence,facials,fixed,163,website,/ops/businesses?branch=4f317565-8ae0-41af-833f-9fd5e87a67c0
87542e8e-4f21-4fd9-b012-769d27f054a4,1b021794-8031-4d50-9e8b-9d4d275f483d,Clinic Dr. Eran Bar-Meir,חיפה,haifa,דף בית &gt; ניתוחי חזה וגוף,sentence,plastic-surgery,on_request,,website,/ops/businesses?branch=1b021794-8031-4d50-9e8b-9d4d275f483d
691c4c98-b27f-4abd-97a6-82200345fa61,1b021794-8031-4d50-9e8b-9d4d275f483d,Clinic Dr. Eran Bar-Meir,חיפה,haifa,דף בית &gt; ניתוחי פנים,sentence,plastic-surgery,on_request,,website,/ops/businesses?branch=1b021794-8031-4d50-9e8b-9d4d275f483d
41137372-fff7-4091-a41d-40e26b090c82,9652a052-c1e2-4ad8-8251-75eee658e7ef,"ד""ר תמיר גיל - מומחה בכירורגיה פלסטית בחיפה ובקריות",חיפה,haifa,דר' גיל מומחה בניתוחים ובטיפולים הבאים,sentence,plastic-surgery,on_request,,website,/ops/businesses?branch=9652a052-c1e2-4ad8-8251-75eee658e7ef
4e8eef39-ea33-4a50-9788-9e0e0d54e33b,1b021794-8031-4d50-9e8b-9d4d275f483d,Clinic Dr. Eran Bar-Meir,חיפה,haifa,הגדלת חזה - ד”ר ערן בר מאיר,sentence,plastic-surgery,on_request,,website,/ops/businesses?branch=1b021794-8031-4d50-9e8b-9d4d275f483d
53bbbad2-f22e-4c6c-9493-cc306bfd1f7d,9c7c2244-996d-45b2-88a2-9160cd872e80,ד״ר מנאר קעואר - מומחה בכירורגיה פלסטית ואסתטית,חיפה,haifa,הגדלת חזה בהתאמה אישית לכל מטופלת,sentence,plastic-surgery,on_request,,website,/ops/businesses?branch=9c7c2244-996d-45b2-88a2-9160cd872e80
caf8ba50-c9d5-43b1-98a4-d7fbdb0bfb01,9652a052-c1e2-4ad8-8251-75eee658e7ef,"ד""ר תמיר גיל - מומחה בכירורגיה פלסטית בחיפה ובקריות",חיפה,haifa,הגדלת חזה בשינוי מגדר מגבר לאישה M2F,sentence,plastic-surgery,on_request,,website,/ops/businesses?branch=9652a052-c1e2-4ad8-8251-75eee658e7ef
29bb22df-aa1a-42b6-8782-83ff4fd02153,9c7c2244-996d-45b2-88a2-9160cd872e80,ד״ר מנאר קעואר - מומחה בכירורגיה פלסטית ואסתטית,חיפה,haifa,הגדלת חזה – כל האמת על השתלים,sentence,plastic-surgery,on_request,,website,/ops/businesses?branch=9c7c2244-996d-45b2-88a2-9160cd872e80
a0bd2cf6-b130-4270-93cd-fbda60df068f,be45a69e-2984-49e5-9fd3-56d5795dc77c,נטוראלייזר,חיפה,haifa,"הגישה שלנו: בוטוקס כחלק מתוכנית, לא כפתרון יחיד",sentence,medical-aesthetics,on_request,,website,/ops/businesses?branch=be45a69e-2984-49e5-9fd3-56d5795dc77c
f63584e1-7f50-407c-9b41-80cbc64c50e6,be45a69e-2984-49e5-9fd3-56d5795dc77c,נטוראלייזר,חיפה,haifa,הזרקות חומצה היאלורונית - יתרונות הטיפול,sentence,medical-aesthetics,on_request,,website,/ops/businesses?branch=be45a69e-2984-49e5-9fd3-56d5795dc77c
3700c715-2018-4d86-8ba5-21c0ef6b2250,cfbed9e7-b435-4986-bbee-1f7a0b991dba,אברמסקי - המרכז לבריאות השיער בחיפה,חיפה,haifa,הטיפול בנשירת שיער יכול להיות יעיל במקרים של,sentence,hair-restoration,on_request,,website,/ops/businesses?branch=cfbed9e7-b435-4986-bbee-1f7a0b991dba
6d7a7552-02e2-403d-821a-0813b874d017,be45a69e-2984-49e5-9fd3-56d5795dc77c,נטוראלייזר,חיפה,haifa,"הימנעות מעיסוי, שפשוף או כל לחץ באזור ההזרקה",sentence,,on_request,,website,/ops/businesses?branch=be45a69e-2984-49e5-9fd3-56d5795dc77c
78411f75-66c0-4b8a-8bf1-a306a57ee4df,fbf7b660-ab28-41a7-9061-b21e2685803e,Ruchla Cosmetics,חיפה,haifa,היתרונות בטיפולי מזותרפיה בחיפה,article,medical-aesthetics,on_request,,website,/ops/businesses?branch=fbf7b660-ab28-41a7-9061-b21e2685803e
2bbc8ef7-7d25-4fe4-9234-66c275218bd8,9c7c2244-996d-45b2-88a2-9160cd872e80,ד״ר מנאר קעואר - מומחה בכירורגיה פלסטית ואסתטית,חיפה,haifa,היתרונות הבולטים שבהליך הקטנת חזה,article,plastic-surgery,on_request,,website,/ops/businesses?branch=9c7c2244-996d-45b2-88a2-9160cd872e80
68c6f36f-6b79-4917-9504-50a27d8aba65,b32e1d35-cd2b-4934-bf95-628243ad36f1,דר מואיד אבו בכר - גשר שקוף בחיפה,חיפה,haifa,הכירו את הטיפולים המתקדמים שלנו ליישור שיניים,sentence,dental-aesthetics,on_request,,website,/ops/businesses?branch=b32e1d35-cd2b-4934-bf95-628243ad36f1
bc067912-579d-4921-a895-a2337e6fe159,be45a69e-2984-49e5-9fd3-56d5795dc77c,נטוראלייזר,חיפה,haifa,הכנה לטיפול בחומצה היאלורונית - כל מה צריך לדעת,sentence,medical-aesthetics,on_request,,website,/ops/businesses?branch=be45a69e-2984-49e5-9fd3-56d5795dc77c
5047eadf-6d23-4e22-867c-d45a369c0cc8,b00a083f-d8a8-4b23-84c4-f76e955d1576,"ד""ר רוני מוסקונה - מרפאות ניתוחים פלסטיים וטיפולי אסתטיקה",חיפה,haifa,הכנות חשובות לפני ניתוח הגדלת חזה,sentence,plastic-surgery,on_request,,website,/ops/businesses?branch=b00a083f-d8a8-4b23-84c4-f76e955d1576
eaaaf69b-1b9a-4e7e-8f1f-10e5e8a938d3,aab223b1-d1c3-4a0d-ba25-8fec61522274,מרפאת שיניים נווה שאנן,חיפה,haifa,הלבנת שיניים תוך 40 דקות במרפאה,sentence,dental-aesthetics,on_request,,website,/ops/businesses?branch=aab223b1-d1c3-4a0d-ba25-8fec61522274
e83c3823-0f1a-409d-9234-9460185d3b04,9652a052-c1e2-4ad8-8251-75eee658e7ef,"ד""ר תמיר גיל - מומחה בכירורגיה פלסטית בחיפה ובקריות",חיפה,haifa,המאמר הבא ניתוח מאמי מייקאובר: מדריך מקיף הבא,sentence,plastic-surgery,on_request,,website,/ops/businesses?branch=9652a052-c1e2-4ad8-8251-75eee658e7ef
9b461f34-ab30-483c-a9aa-684aaa1daa17,4f317565-8ae0-41af-833f-9fd5e87a67c0,"Oly Cosmetics - מרכז לטיפולי פנים וגוף, מוצרי קוסמטיקה",חיפה,haifa,המחיר המקורי היה: 228.00 ₪. 208.00 ₪ המחיר הנוכחי הוא: 208.00 ₪.,sentence,,fixed,228,website,/ops/businesses?branch=4f317565-8ae0-41af-833f-9fd5e87a67c0
0fa32715-1dd6-4191-9556-8ffa7e763d39,4f317565-8ae0-41af-833f-9fd5e87a67c0,"Oly Cosmetics - מרכז לטיפולי פנים וגוף, מוצרי קוסמטיקה",חיפה,haifa,המחיר המקורי היה: 328.00 ₪. 300.00 ₪ המחיר הנוכחי הוא: 300.00 ₪.,sentence,,fixed,328,website,/ops/businesses?branch=4f317565-8ae0-41af-833f-9fd5e87a67c0
7952b260-dcbe-4ff8-b839-0f97ef7c1ef1,89576520-5f79-4723-b1a2-636045227830,Dr.raanan segev. ד״ר רענן שגב,חיפה,haifa,הסוד הגדול של הנשים – הזרקת בוטוקס,article,medical-aesthetics,on_request,,website,/ops/businesses?branch=89576520-5f79-4723-b1a2-636045227830
0dc03eef-dd65-4eed-b141-f1139e9543b5,fbf7b660-ab28-41a7-9061-b21e2685803e,Ruchla Cosmetics,חיפה,haifa,הסרת סרחי עור טיפול ממוקד בפלזמה,sentence,medical-aesthetics,on_request,,website,/ops/businesses?branch=fbf7b660-ab28-41a7-9061-b21e2685803e
47153502-19ee-4cd6-b2e7-f23377d641ad,1b021794-8031-4d50-9e8b-9d4d275f483d,Clinic Dr. Eran Bar-Meir,חיפה,haifa,הקטנת חזה - ד”ר ערן בר מאיר,sentence,plastic-surgery,on_request,,website,/ops/businesses?branch=1b021794-8031-4d50-9e8b-9d4d275f483d
a472455f-a987-4b12-b88d-f83654161d78,0be91073-5b5b-4a84-868b-472c142d59e2,פיור סקין – טיפולי קוסמטיקה מתקדמים,חיפה,haifa,הקפדה על טיפוח נכון של הציפורניים,sentence,nails,on_request,,website,/ops/businesses?branch=0be91073-5b5b-4a84-868b-472c142d59e2
92e9fd21-a0c6-4f10-a503-a7bcf58f333c,0be91073-5b5b-4a84-868b-472c142d59e2,פיור סקין – טיפולי קוסמטיקה מתקדמים,חיפה,haifa,"הרגל, כולל ציפורן חודרנית ופטרת ציפורניים.",sentence,nails,on_request,,website,/ops/businesses?branch=0be91073-5b5b-4a84-868b-472c142d59e2
b16fb4e7-4cd4-4e78-bb2e-23889abeeefc,1b021794-8031-4d50-9e8b-9d4d275f483d,Clinic Dr. Eran Bar-Meir,חיפה,haifa,הרמה והגדלת חזה באמצעות הזרקות שומן,sentence,plastic-surgery,on_request,,website,/ops/businesses?branch=1b021794-8031-4d50-9e8b-9d4d275f483d
3f2fa8fc-dcc1-411b-822c-73c2c17f79a7,89576520-5f79-4723-b1a2-636045227830,Dr.raanan segev. ד״ר רענן שגב,חיפה,haifa,הרמוניקה רדיאס אסטפיל סקולפטרה מיקרונידלינג,sentence,medical-aesthetics,on_request,,website,/ops/businesses?branch=89576520-5f79-4723-b1a2-636045227830
63147c34-808a-4e8c-8619-167ae4820a6f,1b021794-8031-4d50-9e8b-9d4d275f483d,Clinic Dr. Eran Bar-Meir,חיפה,haifa,הרמת חזה - ד”ר ערן בר מאיר,sentence,plastic-surgery,on_request,,website,/ops/businesses?branch=1b021794-8031-4d50-9e8b-9d4d275f483d
4e58df55-290d-432f-8a42-e87ffda8ee91,be45a69e-2984-49e5-9fd3-56d5795dc77c,נטוראלייזר,חיפה,haifa,התפרצות אקנה קלה או גירוי זמני בזקיקים.,sentence,facials,on_request,,website,/ops/businesses?branch=be45a69e-2984-49e5-9fd3-56d5795dc77c
d7938df8-ec19-4e60-a64f-b3b93dd59a77,4f317565-8ae0-41af-833f-9fd5e87a67c0,"Oly Cosmetics - מרכז לטיפולי פנים וגוף, מוצרי קוסמטיקה",חיפה,haifa,וואן סולושיין סרום,product,,fixed,442,website,/ops/businesses?branch=4f317565-8ae0-41af-833f-9fd5e87a67c0
df472146-1be4-4add-8f38-b6a798d09db5,4f317565-8ae0-41af-833f-9fd5e87a67c0,"Oly Cosmetics - מרכז לטיפולי פנים וגוף, מוצרי קוסמטיקה",חיפה,haifa,ווייט ברייט קרם הבהרה – סחלב,product,hair-salons,on_request,,website,/ops/businesses?branch=4f317565-8ae0-41af-833f-9fd5e87a67c0
d0773ff5-90f4-4580-ac27-168b8357c8a7,5a0248fb-8abb-4cd6-9c86-c0658445b9e3,פלמינגו ספא בחיפה ️ | חבילות ספא בחיפה ובצפון | עיסוי בחיפה | ספא ראש |אמבטיית קרח | Flamingo Spa Haifa‏,חיפה,haifa,חבילות בפלמינגו ספא חיפה,package,spa-massage,on_request,,website,/ops/businesses?branch=5a0248fb-8abb-4cd6-9c86-c0658445b9e3
2756de0a-6e6f-4521-ae8d-dbebe8894743,5a0248fb-8abb-4cd6-9c86-c0658445b9e3,פלמינגו ספא בחיפה ️ | חבילות ספא בחיפה ובצפון | עיסוי בחיפה | ספא ראש |אמבטיית קרח | Flamingo Spa Haifa‏,חיפה,haifa,חבילות לינה,package,,on_request,,website,/ops/businesses?branch=5a0248fb-8abb-4cd6-9c86-c0658445b9e3
4a9c1973-8d53-4454-8bb4-38797bdb4e2e,5a0248fb-8abb-4cd6-9c86-c0658445b9e3,פלמינגו ספא בחיפה ️ | חבילות ספא בחיפה ובצפון | עיסוי בחיפה | ספא ראש |אמבטיית קרח | Flamingo Spa Haifa‏,חיפה,haifa,חבילות ספא,package,spa-massage,on_request,,website,/ops/businesses?branch=5a0248fb-8abb-4cd6-9c86-c0658445b9e3
c2f21865-4e2a-4f24-8e70-35b627bc6519,bcb35f73-9991-4cc0-9150-141bc3dc5b47,Carmella Spa | כרמלה ספא בחיפה,חיפה,haifa,חבילות ספא במלון כרמלה,package,spa-massage,on_request,,website,/ops/businesses?branch=bcb35f73-9991-4cc0-9150-141bc3dc5b47
8779e5b6-2763-491c-bc4d-2d74ab802f4c,bcb35f73-9991-4cc0-9150-141bc3dc5b47,Carmella Spa | כרמלה ספא בחיפה,חיפה,haifa,חבילות עיסויים במלון כרמלה,package,spa-massage,on_request,,website,/ops/businesses?branch=bcb35f73-9991-4cc0-9150-141bc3dc5b47
062bdd60-6b8a-4209-a3fa-8a5124f43330,5a0248fb-8abb-4cd6-9c86-c0658445b9e3,פלמינגו ספא בחיפה ️ | חבילות ספא בחיפה ובצפון | עיסוי בחיפה | ספא ראש |אמבטיית קרח | Flamingo Spa Haifa‏,חיפה,haifa,חבילות פלמינגו ספא,package,spa-massage,on_request,,website,/ops/businesses?branch=5a0248fb-8abb-4cd6-9c86-c0658445b9e3
31222e59-5f76-4e64-ad52-477d62f29bfb,9652a052-c1e2-4ad8-8251-75eee658e7ef,"ד""ר תמיר גיל - מומחה בכירורגיה פלסטית בחיפה ובקריות",חיפה,haifa,חבילת אנטי אייג'ינג,package,facials,on_request,,website,/ops/businesses?branch=9652a052-c1e2-4ad8-8251-75eee658e7ef
dc1f3b84-9cdd-434f-ae83-209d9f83a51b,5a0248fb-8abb-4cd6-9c86-c0658445b9e3,פלמינגו ספא בחיפה ️ | חבילות ספא בחיפה ובצפון | עיסוי בחיפה | ספא ראש |אמבטיית קרח | Flamingo Spa Haifa‏,חיפה,haifa,חבילת לינה,package,,on_request,,website,/ops/businesses?branch=5a0248fb-8abb-4cd6-9c86-c0658445b9e3
1ec61322-53cf-4e49-96d3-f4cefb50ede3,5a0248fb-8abb-4cd6-9c86-c0658445b9e3,פלמינגו ספא בחיפה ️ | חבילות ספא בחיפה ובצפון | עיסוי בחיפה | ספא ראש |אמבטיית קרח | Flamingo Spa Haifa‏,חיפה,haifa,חדר ליום,product,,on_request,,website,/ops/businesses?branch=5a0248fb-8abb-4cd6-9c86-c0658445b9e3
d0928f7f-077d-4e0f-84fe-2d2a4a0a7665,be45a69e-2984-49e5-9fd3-56d5795dc77c,נטוראלייזר,חיפה,haifa,חומצה היאלורונית – המדע שמזין את העור מבפנים,sentence,medical-aesthetics,on_request,,website,/ops/businesses?branch=be45a69e-2984-49e5-9fd3-56d5795dc77c
9b34595b-2617-4103-a3dc-5679fdfb956c,b96bf50f-33ad-4b56-9572-f26696b96130,"ד""ר אור שבתאי | מילוי שפתיים טבעי | בוטוקס | טיפול זרע הסלמון | רדיאס | סקולפטרה | אסתטיקה רפואית",חיפה,haifa,חומצה היאלורונית – הפתרון המושלם למראה צעיר וטבעי,sentence,medical-aesthetics,on_request,,website,/ops/businesses?branch=b96bf50f-33ad-4b56-9572-f26696b96130
d41d6264-c328-47bb-aa64-13616520235e,4f317565-8ae0-41af-833f-9fd5e87a67c0,"Oly Cosmetics - מרכז לטיפולי פנים וגוף, מוצרי קוסמטיקה",חיפה,haifa,טיפוח ביתי מושלם עם חומצה היאלורונית,sentence,medical-aesthetics,on_request,,website,/ops/businesses?branch=4f317565-8ae0-41af-833f-9fd5e87a67c0
23ce90f1-974f-481f-bb0c-40c5babbe1c4,fbf7b660-ab28-41a7-9061-b21e2685803e,Ruchla Cosmetics,חיפה,haifa,טיפול באקנה אקנה פעיל בכל גיל,sentence,facials,on_request,,website,/ops/businesses?branch=fbf7b660-ab28-41a7-9061-b21e2685803e
f6f06142-409a-4fc2-a4fe-30c2f5e5ff91,4f317565-8ae0-41af-833f-9fd5e87a67c0,"Oly Cosmetics - מרכז לטיפולי פנים וגוף, מוצרי קוסמטיקה",חיפה,haifa,טיפול באקנה מומלץ - Oly Cosmetics,sentence,facials,on_request,,website,/ops/businesses?branch=4f317565-8ae0-41af-833f-9fd5e87a67c0
1c2e625f-6a76-4c71-8d4a-54ac9e3b7da9,c9f4ae2a-778e-4a53-88c5-2fffaca11e04,"מלכת השפתיים ד""ר מריה זלטקובסקי MEDICAL AESTHETICS",חיפה,haifa,טיפול בוטקס בהזעת יתר בכפות ידיים,sentence,,on_request,,website,/ops/businesses?branch=c9f4ae2a-778e-4a53-88c5-2fffaca11e04
5a1e2995-d33c-401a-80a0-3d610b46b56b,fbf7b660-ab28-41a7-9061-b21e2685803e,Ruchla Cosmetics,חיפה,haifa,טיפול בידיות פלזמה SoftPlasma למיצוק וחידוש,sentence,medical-aesthetics,on_request,,website,/ops/businesses?branch=fbf7b660-ab28-41a7-9061-b21e2685803e
163a9d95-e694-49de-89f8-e47c46c75731,aab223b1-d1c3-4a0d-ba25-8fec61522274,מרפאת שיניים נווה שאנן,חיפה,haifa,טיפול בנחירות ודום נשימה בעזרת התקן דנטלי,sentence,,on_request,,website,/ops/businesses?branch=aab223b1-d1c3-4a0d-ba25-8fec61522274
2cbb5aba-4902-428e-b7c1-9781267feabf,fbf7b660-ab28-41a7-9061-b21e2685803e,Ruchla Cosmetics,חיפה,haifa,טיפול גלי רדיו פרקשנל ומיקרופלזמה (אקסנט פרו),sentence,medical-aesthetics,on_request,,website,/ops/businesses?branch=fbf7b660-ab28-41a7-9061-b21e2685803e
adbf48bb-3ed9-482f-83e0-0941d45be30c,4f317565-8ae0-41af-833f-9fd5e87a67c0,"Oly Cosmetics - מרכז לטיפולי פנים וגוף, מוצרי קוסמטיקה",חיפה,haifa,טיפול מושלם בשלושה שלבים כיצד להיפטר בפצעי אקנה,sentence,facials,on_request,,website,/ops/businesses?branch=4f317565-8ae0-41af-833f-9fd5e87a67c0
99868d84-aee0-40cd-b853-8d544ca3ba9e,88e75f55-627d-4d56-8562-d31e9dab09a3,Studio French (nail and cosmetic) סטודיו פרנץ- סלון ציפורניים בחיפה,חיפה,haifa,"טיפול מפנק הכולל פילינג, מסיכת הזנה,אמבט פאראפין ומניקור מלא",sentence,nails,on_request,,website,/ops/businesses?branch=88e75f55-627d-4d56-8562-d31e9dab09a3
10351e0d-3c91-4cb2-9abd-43bc861aab21,9cb3af26-74dc-4270-bf98-73acd6081711,אסתי-סלון יופי. קוסמטיקאית מוסמכת בחיפה,חיפה,haifa,"טיפול פנים (כל סוג עור: יבש, שומני, מעורב)",sentence,facials,on_request,,website,/ops/businesses?branch=9cb3af26-74dc-4270-bf98-73acd6081711
952dac06-a16c-4227-8cf0-c0b99bb61428,fbf7b660-ab28-41a7-9061-b21e2685803e,Ruchla Cosmetics,חיפה,haifa,טיפול פנים לגבר מותאם לעור של גברים,sentence,facials,on_request,,website,/ops/businesses?branch=fbf7b660-ab28-41a7-9061-b21e2685803e
51fe9756-aaad-45d5-b94b-d746d8837aa4,fbf7b660-ab28-41a7-9061-b21e2685803e,Ruchla Cosmetics,חיפה,haifa,"טיפול פנים קלאסי ניקוי, הזנה והחזרת זוהר",sentence,facials,on_request,,website,/ops/businesses?branch=fbf7b660-ab28-41a7-9061-b21e2685803e
2abdc51b-de1f-42e5-b9c6-b9c75f7d64a5,aab223b1-d1c3-4a0d-ba25-8fec61522274,מרפאת שיניים נווה שאנן,חיפה,haifa,טיפול שורש סתימה לבנה כתר חרסינה זרקוניה הלבנת שיניים שיננית,sentence,dental-aesthetics,on_request,,website,/ops/businesses?branch=aab223b1-d1c3-4a0d-ba25-8fec61522274
ee4c2cd4-4cf1-411c-8ce0-f9117ff556d7,b96bf50f-33ad-4b56-9572-f26696b96130,"ד""ר אור שבתאי | מילוי שפתיים טבעי | בוטוקס | טיפול זרע הסלמון | רדיאס | סקולפטרה | אסתטיקה רפואית",חיפה,haifa,טיפולי בוטוקס – הדרך למראה צעיר ורענן,sentence,medical-aesthetics,on_request,,website,/ops/businesses?branch=b96bf50f-33ad-4b56-9572-f26696b96130
dc1017bc-539c-43b7-b596-c1a50056d808,b96bf50f-33ad-4b56-9572-f26696b96130,"ד""ר אור שבתאי | מילוי שפתיים טבעי | בוטוקס | טיפול זרע הסלמון | רדיאס | סקולפטרה | אסתטיקה רפואית",חיפה,haifa,טיפולי בוטוקס: לא רק למראה צעיר,sentence,medical-aesthetics,on_request,,website,/ops/businesses?branch=b96bf50f-33ad-4b56-9572-f26696b96130
92a34cb7-c40b-48b9-a8e1-248d9d8a92b3,b96bf50f-33ad-4b56-9572-f26696b96130,"ד""ר אור שבתאי | מילוי שפתיים טבעי | בוטוקס | טיפול זרע הסלמון | רדיאס | סקולפטרה | אסתטיקה רפואית",חיפה,haifa,טיפולי ביוטי רפואיים - חומצה היאלורונית,sentence,medical-aesthetics,on_request,,website,/ops/businesses?branch=b96bf50f-33ad-4b56-9572-f26696b96130
8ef3b3fe-c850-4b28-abf4-8120b8727ab1,fbf7b660-ab28-41a7-9061-b21e2685803e,Ruchla Cosmetics,חיפה,haifa,טיפולי מזותרפיה רפואית עושים בידי מומחים,sentence,medical-aesthetics,on_request,,website,/ops/businesses?branch=fbf7b660-ab28-41a7-9061-b21e2685803e
0dd60477-67fe-45f5-a732-ad9aa503d190,4f317565-8ae0-41af-833f-9fd5e87a67c0,"Oly Cosmetics - מרכז לטיפולי פנים וגוף, מוצרי קוסמטיקה",חיפה,haifa,טיפולי פנים וגוף טיפול מזוטרפיה ללא מחטים,sentence,facials,on_request,,website,/ops/businesses?branch=4f317565-8ae0-41af-833f-9fd5e87a67c0
abfbe927-129d-4cf1-bdbc-1e9c68a5a6af,486cc530-40df-4493-8f64-76f0ab942df7,Hagar shitrit holistic cosmetics,חיפה,haifa,טיפולי פסיכותרפוטיים - ייעוץ והכוונה בכלים רוחניים,sentence,,on_request,,website,/ops/businesses?branch=486cc530-40df-4493-8f64-76f0ab942df7
fe3891f2-3c80-49d9-a12b-76f156fc4f60,b96bf50f-33ad-4b56-9572-f26696b96130,"ד""ר אור שבתאי | מילוי שפתיים טבעי | בוטוקס | טיפול זרע הסלמון | רדיאס | סקולפטרה | אסתטיקה רפואית",חיפה,haifa,טיפולי רדיאס – חידוש העור ומיצוק טבעי,sentence,medical-aesthetics,on_request,,website,/ops/businesses?branch=b96bf50f-33ad-4b56-9572-f26696b96130
17fd2812-2e78-4bdf-86c3-f5ba4ad1826b,b96bf50f-33ad-4b56-9572-f26696b96130,"ד""ר אור שבתאי | מילוי שפתיים טבעי | בוטוקס | טיפול זרע הסלמון | רדיאס | סקולפטרה | אסתטיקה רפואית",חיפה,haifa,טיפולי רדיאס – לחידוש העור ועידוד ייצור קולגן טבעי,sentence,medical-aesthetics,on_request,,website,/ops/businesses?branch=b96bf50f-33ad-4b56-9572-f26696b96130
6e22ab99-af9e-4833-8c8c-9035cd2dee2b,aab223b1-d1c3-4a0d-ba25-8fec61522274,מרפאת שיניים נווה שאנן,חיפה,haifa,טיפולי שורש סתימות כתרים זרקוניה השתלות שיניים שיקום שיניים,sentence,dental-aesthetics,on_request,,website,/ops/businesses?branch=aab223b1-d1c3-4a0d-ba25-8fec61522274
d178705c-93a0-4233-9ed7-868c0a5ede6a,8ef4648e-8cdf-490b-b36d-d41ed0d1a0b3,"ד""ר אוהד בן-נון",חיפה,haifa,"טיפולים אסתטיים, ניתוחי עיצוב הגוף, טיפול בגידולי עור, שחזור שד",sentence,plastic-surgery,on_request,,website,/ops/businesses?branch=8ef4648e-8cdf-490b-b36d-d41ed0d1a0b3
d3f420d4-71e2-4e7a-bb03-d75cda7d0bf6,9652a052-c1e2-4ad8-8251-75eee658e7ef,"ד""ר תמיר גיל - מומחה בכירורגיה פלסטית בחיפה ובקריות",חיפה,haifa,"טיפולים וניתוחים אסתטיים - ד""ר תמיר גיל",sentence,plastic-surgery,on_request,,website,/ops/businesses?branch=9652a052-c1e2-4ad8-8251-75eee658e7ef
82509a9e-112f-45dc-9dbb-fb7427ef1c37,b32e1d35-cd2b-4934-bf95-628243ad36f1,דר מואיד אבו בכר - גשר שקוף בחיפה,חיפה,haifa,טכנולוגיות מתקדמות ליישור שיניים: מבט לעתיד,sentence,dental-aesthetics,on_request,,website,/ops/businesses?branch=b32e1d35-cd2b-4934-bf95-628243ad36f1
8d5e639a-3874-478a-959c-7515c8df6fd3,fbf7b660-ab28-41a7-9061-b21e2685803e,Ruchla Cosmetics,חיפה,haifa,"טשטוש צלקות, וסימני מתיחה כולל צלקות פוסט-אקנה",sentence,facials,on_request,,website,/ops/businesses?branch=fbf7b660-ab28-41a7-9061-b21e2685803e
bd4a0ec7-2a51-4a79-8cd6-1a3b9d8d5942,cfbed9e7-b435-4986-bbee-1f7a0b991dba,אברמסקי - המרכז לבריאות השיער בחיפה,חיפה,haifa,יתרונות פילינג לקרקפת עבור השיער שלך,sentence,facials,on_request,,website,/ops/businesses?branch=cfbed9e7-b435-4986-bbee-1f7a0b991dba
0e782ff8-03ef-45f4-8211-87262d09bd3f,b96bf50f-33ad-4b56-9572-f26696b96130,"ד""ר אור שבתאי | מילוי שפתיים טבעי | בוטוקס | טיפול זרע הסלמון | רדיאס | סקולפטרה | אסתטיקה רפואית",חיפה,haifa,כל מה שצריך לדעת על טיפולי חומצה היאלורונית,sentence,medical-aesthetics,on_request,,website,/ops/businesses?branch=b96bf50f-33ad-4b56-9572-f26696b96130
ddd564b7-1c3a-44b0-a4cb-106f997a0f8a,b96bf50f-33ad-4b56-9572-f26696b96130,"ד""ר אור שבתאי | מילוי שפתיים טבעי | בוטוקס | טיפול זרע הסלמון | רדיאס | סקולפטרה | אסתטיקה רפואית",חיפה,haifa,כל מה שצריך לדעת על טיפולי סקולפטרה ורדיאס,sentence,medical-aesthetics,on_request,,website,/ops/businesses?branch=b96bf50f-33ad-4b56-9572-f26696b96130
a69cd1c3-c636-4cde-a7ec-b7d9e7116133,9c7c2244-996d-45b2-88a2-9160cd872e80,ד״ר מנאר קעואר - מומחה בכירורגיה פלסטית ואסתטית,חיפה,haifa,"כל מה שצריך לקרוא על ניתוחים פלסטיים, וטיפולים אסתטיים",sentence,plastic-surgery,on_request,,website,/ops/businesses?branch=9c7c2244-996d-45b2-88a2-9160cd872e80
5ba0c7a9-8ff5-4f11-a6ce-4ba8540bad55,bcb35f73-9991-4cc0-9150-141bc3dc5b47,Carmella Spa | כרמלה ספא בחיפה,חיפה,haifa,כרמלה ספא בחיפה – חוויה מדהימה לכל החושים,sentence,spa-massage,on_request,,website,/ops/businesses?branch=bcb35f73-9991-4cc0-9150-141bc3dc5b47
988af468-7bb8-45dc-9c3e-597c00f95e92,9652a052-c1e2-4ad8-8251-75eee658e7ef,"ד""ר תמיר גיל - מומחה בכירורגיה פלסטית בחיפה ובקריות",חיפה,haifa,כשבוחנים טיפולי לייזר לפנים מחירים בישראל נעים לרוב בין,sentence,,per_area,3500,website,/ops/businesses?branch=9652a052-c1e2-4ad8-8251-75eee658e7ef
324f1074-fb11-4999-a6f6-16659055e8b7,be45a69e-2984-49e5-9fd3-56d5795dc77c,נטוראלייזר,חיפה,haifa,כשבוטוקס מרגיש כאילו הוא “הפסיק לעבוד”,sentence,medical-aesthetics,on_request,,website,/ops/businesses?branch=be45a69e-2984-49e5-9fd3-56d5795dc77c
05dadf92-1cd5-4aa2-85f7-d34f492c1b99,aab223b1-d1c3-4a0d-ba25-8fec61522274,מרפאת שיניים נווה שאנן,חיפה,haifa,כתר על שתל תותבת על שתל,sentence,,on_request,,website,/ops/businesses?branch=aab223b1-d1c3-4a0d-ba25-8fec61522274
a79e0990-e0e9-4652-97aa-b08ffafb69de,aab223b1-d1c3-4a0d-ba25-8fec61522274,מרפאת שיניים נווה שאנן,חיפה,haifa,כתרים זרקוניה חרסינה מבנה על שתל שתל דנטלי,sentence,dental-aesthetics,on_request,,website,/ops/businesses?branch=aab223b1-d1c3-4a0d-ba25-8fec61522274
a4ff5ff1-f9a3-496b-94a8-46dd28a29f2d,be45a69e-2984-49e5-9fd3-56d5795dc77c,נטוראלייזר,חיפה,haifa,לא לחשוף את העור לשמש ישירה או שיזוף מלאכותי,sentence,,on_request,,website,/ops/businesses?branch=be45a69e-2984-49e5-9fd3-56d5795dc77c
ca3957ec-3ca8-413b-bd99-d435446baec0,cfbed9e7-b435-4986-bbee-1f7a0b991dba,אברמסקי - המרכז לבריאות השיער בחיפה,חיפה,haifa,לאחר צביעת שיער או החלקה כימית,sentence,hair-salons,on_request,,website,/ops/businesses?branch=cfbed9e7-b435-4986-bbee-1f7a0b991dba
30ed711f-392f-4ba7-83e6-7134e982b97d,cfbed9e7-b435-4986-bbee-1f7a0b991dba,אברמסקי - המרכז לבריאות השיער בחיפה,חיפה,haifa,למה נשירת שיער בישראל נפוצה כל כך,article,hair-restoration,on_request,,website,/ops/businesses?branch=cfbed9e7-b435-4986-bbee-1f7a0b991dba
139d95c9-c3e9-4da8-b2f4-5a43738fc51e,77c3fddc-e5fc-4bdd-b9d6-153eb4a0b4c0,CULT | סטודיו ליופי והכשרה | מניקור • פדיקור • ריסים • גבות • הסרת שיער | חיפה,חיפה,haifa,לק ג׳ל / ג׳ל על ציפורניים טבעיות,sentence,nails,on_request,,website,/ops/businesses?branch=77c3fddc-e5fc-4bdd-b9d6-153eb4a0b4c0
290a345a-bc2f-4adc-b472-1d0eb38250f6,be45a69e-2984-49e5-9fd3-56d5795dc77c,נטוראלייזר,חיפה,haifa,מאפשר שיפור מיידי במראה מבלי לעבור ניתוח,sentence,,on_request,,website,/ops/businesses?branch=be45a69e-2984-49e5-9fd3-56d5795dc77c
c32e1b97-df30-473b-a046-cf9be65bf2ef,4f317565-8ae0-41af-833f-9fd5e87a67c0,"Oly Cosmetics - מרכז לטיפולי פנים וגוף, מוצרי קוסמטיקה",חיפה,haifa,מארז טיפוח ביתי לעור שמן אקנתי,product,,fixed,280,website,/ops/businesses?branch=4f317565-8ae0-41af-833f-9fd5e87a67c0
f8b93880-587d-4e62-a53a-e03341d1b1fe,9c7c2244-996d-45b2-88a2-9160cd872e80,ד״ר מנאר קעואר - מומחה בכירורגיה פלסטית ואסתטית,חיפה,haifa,מהם שלבי הפעולה של ניתוח הזרקת שומן,article,plastic-surgery,on_request,,website,/ops/businesses?branch=9c7c2244-996d-45b2-88a2-9160cd872e80
1a1805a0-90cd-42e5-bf6f-1bf4fa628013,1b021794-8031-4d50-9e8b-9d4d275f483d,Clinic Dr. Eran Bar-Meir,חיפה,haifa,"מומחה בכירורגיה פלסטית, ניתוחים אסתטיים ושחזוריים",sentence,plastic-surgery,on_request,,website,/ops/businesses?branch=1b021794-8031-4d50-9e8b-9d4d275f483d
053be685-9105-4482-8bd5-a247ab032b93,4f317565-8ae0-41af-833f-9fd5e87a67c0,"Oly Cosmetics - מרכז לטיפולי פנים וגוף, מוצרי קוסמטיקה",חיפה,haifa,מוצרי אנטי אייג'ינג,product,facials,on_request,,website,/ops/businesses?branch=4f317565-8ae0-41af-833f-9fd5e87a67c0
485ec265-5a68-4e4a-a067-68c490afd587,247ecf73-334d-4f3b-b705-2ebe6202db68,Dolev Beauty Clinic And Academy,חיפה,haifa,מוצרים לעיצוב גבות,product,brows-lashes,on_request,,website,/ops/businesses?branch=247ecf73-334d-4f3b-b705-2ebe6202db68
a0c5d497-2081-4c9f-a267-a942c9fbbccb,fbf7b660-ab28-41a7-9061-b21e2685803e,Ruchla Cosmetics,חיפה,haifa,מזותרפיה בחיפה – על ידי קוסמטיקאיות מומחיות,sentence,medical-aesthetics,on_request,,website,/ops/businesses?branch=fbf7b660-ab28-41a7-9061-b21e2685803e
16ae436b-bc3d-4280-90fe-5c904eaa55bd,be45a69e-2984-49e5-9fd3-56d5795dc77c,נטוראלייזר,חיפה,haifa,מחליק ומעדן צלקות – כולל צלקות אקנה ישנות,sentence,facials,on_request,,website,/ops/businesses?branch=be45a69e-2984-49e5-9fd3-56d5795dc77c
dd0c2f35-4396-47a4-a11f-c85ffa136e19,be45a69e-2984-49e5-9fd3-56d5795dc77c,נטוראלייזר,חיפה,haifa,"מטשטש צלקות אקנה, צלקות ניתוח ופגמים טקסטורליים",sentence,,on_request,,website,/ops/businesses?branch=be45a69e-2984-49e5-9fd3-56d5795dc77c
22376993-ce5b-4c58-aeba-c753084ddba5,be45a69e-2984-49e5-9fd3-56d5795dc77c,נטוראלייזר,חיפה,haifa,"מטשטש קמטוטים, נקבוביות מורחבות ופיגמנטציה",sentence,facials,on_request,,website,/ops/businesses?branch=be45a69e-2984-49e5-9fd3-56d5795dc77c
a57bf00d-6c29-411b-94bc-5bd17b134aba,9652a052-c1e2-4ad8-8251-75eee658e7ef,"ד""ר תמיר גיל - מומחה בכירורגיה פלסטית בחיפה ובקריות",חיפה,haifa,מינונים: טיפול ממוקד (1CC) לעומת טיפול פנים מלא (2CC).,sentence,facials,on_request,,website,/ops/businesses?branch=9652a052-c1e2-4ad8-8251-75eee658e7ef
baffb690-0f0f-42c5-ac5e-384f922219e4,88e75f55-627d-4d56-8562-d31e9dab09a3,Studio French (nail and cosmetic) סטודיו פרנץ- סלון ציפורניים בחיפה,חיפה,haifa,"מניקור, פדירור, בניית ציפורניים בחיפה, מחירון",sentence,nails,on_request,,website,/ops/businesses?branch=88e75f55-627d-4d56-8562-d31e9dab09a3
41ebbcce-1661-4447-aba0-43acc20b4edd,88e75f55-627d-4d56-8562-d31e9dab09a3,Studio French (nail and cosmetic) סטודיו פרנץ- סלון ציפורניים בחיפה,חיפה,haifa,"מניקור, פדירור, בניית ציפורניים בחיפה, מחירון - Studio French",sentence,nails,on_request,,website,/ops/businesses?branch=88e75f55-627d-4d56-8562-d31e9dab09a3
4c2005d1-3a79-4167-9baf-7f2698328569,b00a083f-d8a8-4b23-84c4-f76e955d1576,"ד""ר רוני מוסקונה - מרפאות ניתוחים פלסטיים וטיפולי אסתטיקה",חיפה,haifa,מרפאות מוסקונה &raquo; ניתוחי חזה,sentence,plastic-surgery,on_request,,website,/ops/businesses?branch=b00a083f-d8a8-4b23-84c4-f76e955d1576
d84b70b1-6dfe-4ba0-a6c3-ab968a5b956c,b00a083f-d8a8-4b23-84c4-f76e955d1576,"ד""ר רוני מוסקונה - מרפאות ניתוחים פלסטיים וטיפולי אסתטיקה",חיפה,haifa,מרפאות מוסקונה &raquo; ניתוחי חזה &raquo; הגדלת חזה,sentence,plastic-surgery,on_request,,website,/ops/businesses?branch=b00a083f-d8a8-4b23-84c4-f76e955d1576
9d3e7c56-66e3-4265-a396-c1c79a318e2c,b00a083f-d8a8-4b23-84c4-f76e955d1576,"ד""ר רוני מוסקונה - מרפאות ניתוחים פלסטיים וטיפולי אסתטיקה",חיפה,haifa,מרפאות מוסקונה &raquo; ניתוחי חזה &raquo; הרמת חזה,sentence,plastic-surgery,on_request,,website,/ops/businesses?branch=b00a083f-d8a8-4b23-84c4-f76e955d1576
0951ce19-c76a-425f-90b4-acd25dbbcfc9,b00a083f-d8a8-4b23-84c4-f76e955d1576,"ד""ר רוני מוסקונה - מרפאות ניתוחים פלסטיים וטיפולי אסתטיקה",חיפה,haifa,מרפאות מוסקונה ניתוחים פלסטיים וטיפולי אסתטיקה,sentence,plastic-surgery,on_request,,website,/ops/businesses?branch=b00a083f-d8a8-4b23-84c4-f76e955d1576
3c10171c-a9a0-448d-bf0e-ad8c0c577203,88e75f55-627d-4d56-8562-d31e9dab09a3,Studio French (nail and cosmetic) סטודיו פרנץ- סלון ציפורניים בחיפה,חיפה,haifa,מתאים לשימוש גם לבעלות ציפורניים מלאכותיות -בניה,sentence,nails,on_request,,website,/ops/businesses?branch=88e75f55-627d-4d56-8562-d31e9dab09a3
930b4792-138b-457f-9376-bb1f5307d9c8,b00a083f-d8a8-4b23-84c4-f76e955d1576,"ד""ר רוני מוסקונה - מרפאות ניתוחים פלסטיים וטיפולי אסתטיקה",חיפה,haifa,מתיחת פנים ללא ניתוח באמצעות חוטים,sentence,plastic-surgery,on_request,,website,/ops/businesses?branch=b00a083f-d8a8-4b23-84c4-f76e955d1576
ceea0bcd-d932-4f48-b902-271bae0975bc,be45a69e-2984-49e5-9fd3-56d5795dc77c,נטוראלייזר,חיפה,haifa,נטוראלייזר Naturalaser: רפואה אסתטית מתקדמת - בוטוקס לקמטי הבעה,sentence,medical-aesthetics,on_request,,website,/ops/businesses?branch=be45a69e-2984-49e5-9fd3-56d5795dc77c
6507b1b1-e973-4b43-bf22-7e072aae8e28,be45a69e-2984-49e5-9fd3-56d5795dc77c,נטוראלייזר,חיפה,haifa,נטוראלייזר Naturalaser: רפואה אסתטית מתקדמת - טיפולי חומצה היאלורונית,sentence,medical-aesthetics,on_request,,website,/ops/businesses?branch=be45a69e-2984-49e5-9fd3-56d5795dc77c
53b650f8-c483-41c6-87d9-8fd07a8c7d7c,9c7c2244-996d-45b2-88a2-9160cd872e80,ד״ר מנאר קעואר - מומחה בכירורגיה פלסטית ואסתטית,חיפה,haifa,"ניתוח הגדלת / הקטנת שדיים - ד""ר מנאר קעואר",sentence,plastic-surgery,on_request,,website,/ops/businesses?branch=9c7c2244-996d-45b2-88a2-9160cd872e80
1eb8d003-e122-4322-b07e-47a54e7e6089,b00a083f-d8a8-4b23-84c4-f76e955d1576,"ד""ר רוני מוסקונה - מרפאות ניתוחים פלסטיים וטיפולי אסתטיקה",חיפה,haifa,ניתוח הרמת חזה – המראה החדש,sentence,plastic-surgery,on_request,,website,/ops/businesses?branch=b00a083f-d8a8-4b23-84c4-f76e955d1576
20873507-648d-4ddd-8e1a-966eddfd93ff,b00a083f-d8a8-4b23-84c4-f76e955d1576,"ד""ר רוני מוסקונה - מרפאות ניתוחים פלסטיים וטיפולי אסתטיקה",חיפה,haifa,ניתוח הרמת חזה – תופעות לוואי וסיבוכים,sentence,plastic-surgery,on_request,,website,/ops/businesses?branch=b00a083f-d8a8-4b23-84c4-f76e955d1576
1e05cb5b-3c30-49f7-b088-c0b60b621b11,b00a083f-d8a8-4b23-84c4-f76e955d1576,"ד""ר רוני מוסקונה - מרפאות ניתוחים פלסטיים וטיפולי אסתטיקה",חיפה,haifa,ניתוח סנטר משולב עם ניתוח אף,sentence,plastic-surgery,on_request,,website,/ops/businesses?branch=b00a083f-d8a8-4b23-84c4-f76e955d1576
bec2311f-c694-4637-b368-558b88de85dd,9c7c2244-996d-45b2-88a2-9160cd872e80,ד״ר מנאר קעואר - מומחה בכירורגיה פלסטית ואסתטית,חיפה,haifa,"ניתוח שאיבת שומן - ד""ר מנאר קעואר",sentence,plastic-surgery,on_request,,website,/ops/businesses?branch=9c7c2244-996d-45b2-88a2-9160cd872e80
85ed8a58-e5d5-47f6-9596-3bee1141929c,b00a083f-d8a8-4b23-84c4-f76e955d1576,"ד""ר רוני מוסקונה - מרפאות ניתוחים פלסטיים וטיפולי אסתטיקה",חיפה,haifa,ניתוחי חזה Archives &ndash; מרפאות מוסקונה,sentence,plastic-surgery,on_request,,website,/ops/businesses?branch=b00a083f-d8a8-4b23-84c4-f76e955d1576
5b436a70-91f1-422d-958d-c1d3b967088f,9c7c2244-996d-45b2-88a2-9160cd872e80,ד״ר מנאר קעואר - מומחה בכירורגיה פלסטית ואסתטית,חיפה,haifa,ניתוחי עיצוב גוף – לחיטוב המושלם,sentence,plastic-surgery,on_request,,website,/ops/businesses?branch=9c7c2244-996d-45b2-88a2-9160cd872e80
2a963bf1-5e26-4917-bd56-d5f42b08ab82,1b021794-8031-4d50-9e8b-9d4d275f483d,Clinic Dr. Eran Bar-Meir,חיפה,haifa,ניתוחי פנים Archives - ד”ר ערן בר מאיר,sentence,plastic-surgery,on_request,,website,/ops/businesses?branch=1b021794-8031-4d50-9e8b-9d4d275f483d
182c1237-e86a-41be-a9e4-837b610fa805,5a0248fb-8abb-4cd6-9c86-c0658445b9e3,פלמינגו ספא בחיפה ️ | חבילות ספא בחיפה ובצפון | עיסוי בחיפה | ספא ראש |אמבטיית קרח | Flamingo Spa Haifa‏,חיפה,haifa,ניתן לשדרג את משך העיסוי כפי שמפורט מטה.,sentence,spa-massage,on_request,,website,/ops/businesses?branch=5a0248fb-8abb-4cd6-9c86-c0658445b9e3
f65c3554-c746-423e-a3e9-b8fe361cad00,cfbed9e7-b435-4986-bbee-1f7a0b991dba,אברמסקי - המרכז לבריאות השיער בחיפה,חיפה,haifa,נשירת שיער בישראל: למה זה קורה ומה באמת עוזר,sentence,hair-restoration,on_request,,website,/ops/businesses?branch=cfbed9e7-b435-4986-bbee-1f7a0b991dba
70e2eadf-8dd1-4798-a5ad-bcdd896a9b72,4f317565-8ae0-41af-833f-9fd5e87a67c0,"Oly Cosmetics - מרכז לטיפולי פנים וגוף, מוצרי קוסמטיקה",חיפה,haifa,סט טיפולי להבהרה אינטימית,product,hair-salons,on_request,,website,/ops/businesses?branch=4f317565-8ae0-41af-833f-9fd5e87a67c0
39653226-333b-469e-9046-fc0e43b55c73,4f317565-8ae0-41af-833f-9fd5e87a67c0,"Oly Cosmetics - מרכז לטיפולי פנים וגוף, מוצרי קוסמטיקה",חיפה,haifa,סט טיפולי עם חומצה היאלורונית,product,medical-aesthetics,on_request,,website,/ops/businesses?branch=4f317565-8ae0-41af-833f-9fd5e87a67c0
fd4899a9-f25e-4eef-8a90-a9641dfa5f5a,b00a083f-d8a8-4b23-84c4-f76e955d1576,"ד""ר רוני מוסקונה - מרפאות ניתוחים פלסטיים וטיפולי אסתטיקה",חיפה,haifa,סיכונים וסיבוכים בעקבות ניתוח הגדלת חזה,sentence,plastic-surgery,on_request,,website,/ops/businesses?branch=b00a083f-d8a8-4b23-84c4-f76e955d1576
bf6dbf80-4b0b-486f-951d-1f19e819cc7f,bcb35f73-9991-4cc0-9150-141bc3dc5b47,Carmella Spa | כרמלה ספא בחיפה,חיפה,haifa,ספא כרמלה בוטיק – פינוק לכל החושים,sentence,spa-massage,on_request,,website,/ops/businesses?branch=bcb35f73-9991-4cc0-9150-141bc3dc5b47
344a4ad9-991e-484a-984d-4ef7976c6b94,b00a083f-d8a8-4b23-84c4-f76e955d1576,"ד""ר רוני מוסקונה - מרפאות ניתוחים פלסטיים וטיפולי אסתטיקה",חיפה,haifa,סקולפטרה (Sculptra) – עיכוב תהליך ההזדקנות,sentence,medical-aesthetics,on_request,,website,/ops/businesses?branch=b00a083f-d8a8-4b23-84c4-f76e955d1576
3a7b6eee-6e17-4962-945b-bacba15a495f,b96bf50f-33ad-4b56-9572-f26696b96130,"ד""ר אור שבתאי | מילוי שפתיים טבעי | בוטוקס | טיפול זרע הסלמון | רדיאס | סקולפטרה | אסתטיקה רפואית",חיפה,haifa,סקולפטרה ורדיאס – חידוש עור הפנים בצורה טבעית,sentence,medical-aesthetics,on_request,,website,/ops/businesses?branch=b96bf50f-33ad-4b56-9572-f26696b96130
a5aced87-fffb-4b1e-991a-985284c8095b,4f317565-8ae0-41af-833f-9fd5e87a67c0,"Oly Cosmetics - מרכז לטיפולי פנים וגוף, מוצרי קוסמטיקה",חיפה,haifa,סרום מרוכז לטיפול בכתמים וחוסר אחידות בגוון העור,product,facials,on_request,,website,/ops/businesses?branch=4f317565-8ae0-41af-833f-9fd5e87a67c0
9e867a54-2b48-405f-8735-8d36595ece87,9652a052-c1e2-4ad8-8251-75eee658e7ef,"ד""ר תמיר גיל - מומחה בכירורגיה פלסטית בחיפה ובקריות",חיפה,haifa,עובדות בסיסיות שעליך להבין טרם הניתוח,sentence,plastic-surgery,on_request,,website,/ops/businesses?branch=9652a052-c1e2-4ad8-8251-75eee658e7ef
acbf7ef5-5cd7-44f7-a471-8ae795a75ec2,5a0248fb-8abb-4cd6-9c86-c0658445b9e3,פלמינגו ספא בחיפה ️ | חבילות ספא בחיפה ובצפון | עיסוי בחיפה | ספא ראש |אמבטיית קרח | Flamingo Spa Haifa‏,חיפה,haifa,"עיסוי אבנים חמות בחיפה | חבילות, מחירון ומבצעים",sentence,spa-massage,on_request,,website,/ops/businesses?branch=5a0248fb-8abb-4cd6-9c86-c0658445b9e3
ec10b9fd-0d05-4e11-9bb3-19179e60b9d7,9c7c2244-996d-45b2-88a2-9160cd872e80,ד״ר מנאר קעואר - מומחה בכירורגיה פלסטית ואסתטית,חיפה,haifa,עיצוב אף עם / בלי ניתוח,sentence,plastic-surgery,on_request,,website,/ops/businesses?branch=9c7c2244-996d-45b2-88a2-9160cd872e80
037f93b1-9585-4ca2-b61d-7ca983625734,9c7c2244-996d-45b2-88a2-9160cd872e80,ד״ר מנאר קעואר - מומחה בכירורגיה פלסטית ואסתטית,חיפה,haifa,עיצוב אף עם / ללא ניתוח,sentence,plastic-surgery,on_request,,website,/ops/businesses?branch=9c7c2244-996d-45b2-88a2-9160cd872e80
8626fbe3-5c4c-4f40-b62d-38b0b845e310,9c7c2244-996d-45b2-88a2-9160cd872e80,ד״ר מנאר קעואר - מומחה בכירורגיה פלסטית ואסתטית,חיפה,haifa,עיצוב גוף – אילו סוגי עיצוב קיימים,sentence,body-contouring,on_request,,website,/ops/businesses?branch=9c7c2244-996d-45b2-88a2-9160cd872e80
3628a53d-6d30-4384-9196-d6772168cb0f,9652a052-c1e2-4ad8-8251-75eee658e7ef,"ד""ר תמיר גיל - מומחה בכירורגיה פלסטית בחיפה ובקריות",חיפה,haifa,עיצוב הגוף לאחר ירידה דרסטית במשקל,sentence,body-contouring,on_request,,website,/ops/businesses?branch=9652a052-c1e2-4ad8-8251-75eee658e7ef
cd109c97-d579-4559-9bd3-125b2d8feced,9652a052-c1e2-4ad8-8251-75eee658e7ef,"ד""ר תמיר גיל - מומחה בכירורגיה פלסטית בחיפה ובקריות",חיפה,haifa,עיצוב והצערת הפנים באמצעות מילויים ובוטוקס,sentence,medical-aesthetics,on_request,,website,/ops/businesses?branch=9652a052-c1e2-4ad8-8251-75eee658e7ef
a11675b8-0c31-49fe-a09c-d3b803275517,1b021794-8031-4d50-9e8b-9d4d275f483d,Clinic Dr. Eran Bar-Meir,חיפה,haifa,עישון הוכח כמפריע בריפוי פצע ומעלה סיבוכים לאחר הניתוח.,sentence,plastic-surgery,on_request,,website,/ops/businesses?branch=1b021794-8031-4d50-9e8b-9d4d275f483d
b2577f3a-4842-40ff-b359-65a80d376ed9,4f317565-8ae0-41af-833f-9fd5e87a67c0,"Oly Cosmetics - מרכז לטיפולי פנים וגוף, מוצרי קוסמטיקה",חיפה,haifa,ערכת הבהרה אינטימית,product,hair-salons,on_request,,website,/ops/businesses?branch=4f317565-8ae0-41af-833f-9fd5e87a67c0
6e2f1d42-e17d-47dc-8da8-251ee6a97620,88e75f55-627d-4d56-8562-d31e9dab09a3,Studio French (nail and cosmetic) סטודיו פרנץ- סלון ציפורניים בחיפה,חיפה,haifa,פדיקור אקספרס עם ג'ל לק - 170,sentence,nails,on_request,,website,/ops/businesses?branch=88e75f55-627d-4d56-8562-d31e9dab09a3
b214d1f9-f64e-4d4d-b0a5-4820a813c5a9,fbf7b660-ab28-41a7-9061-b21e2685803e,Ruchla Cosmetics,חיפה,haifa,"פיגמנטציה וכתמי עור כתמי שמש, גיל והורמונים",sentence,facials,on_request,,website,/ops/businesses?branch=fbf7b660-ab28-41a7-9061-b21e2685803e
5b452238-55c1-4fcd-8ce0-4d10a2cae0f6,be45a69e-2984-49e5-9fd3-56d5795dc77c,נטוראלייזר,חיפה,haifa,"פיגמנטציה שטחית, כתמי שמש וגוון עור לא אחיד",sentence,facials,on_request,,website,/ops/businesses?branch=be45a69e-2984-49e5-9fd3-56d5795dc77c
d62d1730-44f8-4ade-aa53-2ab1acd8a346,a9019875-9dcd-4a06-8c84-1a2367d44d5c,מנתח פלסטי בכיר - דר יצחק רמון,חיפה,haifa,"פילינג - קילוף עור הפנים - ד""ר רמון",sentence,facials,on_request,,website,/ops/businesses?branch=a9019875-9dcd-4a06-8c84-1a2367d44d5c
c98e80b2-9126-47b7-8b14-ccf4e2fa3d6e,b00a083f-d8a8-4b23-84c4-f76e955d1576,"ד""ר רוני מוסקונה - מרפאות ניתוחים פלסטיים וטיפולי אסתטיקה",חיפה,haifa,פילינג PRX-T33 – גירוי ושיקום עור ללא זמן החלמה,sentence,facials,on_request,,website,/ops/businesses?branch=b00a083f-d8a8-4b23-84c4-f76e955d1576
021a81cc-b397-4e63-96ef-a32a498fa98b,5a0248fb-8abb-4cd6-9c86-c0658445b9e3,פלמינגו ספא בחיפה ️ | חבילות ספא בחיפה ובצפון | עיסוי בחיפה | ספא ראש |אמבטיית קרח | Flamingo Spa Haifa‏,חיפה,haifa,פילינג גוף מפנק או פוט מסאז',sentence,spa-massage,on_request,,website,/ops/businesses?branch=5a0248fb-8abb-4cd6-9c86-c0658445b9e3
8e957705-8491-496e-83b7-523565d7fb9d,fbf7b660-ab28-41a7-9061-b21e2685803e,Ruchla Cosmetics,חיפה,haifa,"פילינג ירוק ד""ר שראמק חידוש עור מהיסוד",sentence,facials,on_request,,website,/ops/businesses?branch=fbf7b660-ab28-41a7-9061-b21e2685803e
95682bad-8347-40fb-8d79-e6fbfe1a9f54,cfbed9e7-b435-4986-bbee-1f7a0b991dba,אברמסקי - המרכז לבריאות השיער בחיפה,חיפה,haifa,פילינג לקרקפת מומלץ לאנשים הסובלים מ,sentence,facials,on_request,,website,/ops/businesses?branch=cfbed9e7-b435-4986-bbee-1f7a0b991dba
97f32439-7552-451e-9aac-510671c86aa5,cfbed9e7-b435-4986-bbee-1f7a0b991dba,אברמסקי - המרכז לבריאות השיער בחיפה,חיפה,haifa,פילינג לקרקפת: שיקום יעיל של שיער ועור הקרקפת בחיפה,sentence,facials,on_request,,website,/ops/businesses?branch=cfbed9e7-b435-4986-bbee-1f7a0b991dba
afe91eaa-6c7a-4e7d-8a96-3aca70d86c6b,89576520-5f79-4723-b1a2-636045227830,Dr.raanan segev. ד״ר רענן שגב,חיפה,haifa,"פיסול פנים עם חומצה היאלורונית – ד""ר רענן שגב",sentence,medical-aesthetics,on_request,,website,/ops/businesses?branch=89576520-5f79-4723-b1a2-636045227830
eb73a7b9-1074-4ddd-8eeb-e39dc9cbc347,fbf7b660-ab28-41a7-9061-b21e2685803e,Ruchla Cosmetics,חיפה,haifa,פלזמה להרמת עפעפיים וטיפול בקמטים וצלקות,sentence,medical-aesthetics,on_request,,website,/ops/businesses?branch=fbf7b660-ab28-41a7-9061-b21e2685803e
f9b62097-7cae-4102-9760-d1c47c6158a7,fbf7b660-ab28-41a7-9061-b21e2685803e,Ruchla Cosmetics,חיפה,haifa,פלזמה – הרמת עפעפיים הרמה בלי ניתוח,sentence,medical-aesthetics,on_request,,website,/ops/businesses?branch=fbf7b660-ab28-41a7-9061-b21e2685803e
5ff9a79c-2fe4-4fb9-974f-5f9f60d2e7a9,88e75f55-627d-4d56-8562-d31e9dab09a3,Studio French (nail and cosmetic) סטודיו פרנץ- סלון ציפורניים בחיפה,חיפה,haifa,פראפין + vitamin E+ פילינג+מסיכת הזנה,sentence,facials,on_request,,website,/ops/businesses?branch=88e75f55-627d-4d56-8562-d31e9dab09a3
4da2970c-1c9c-4e19-a13e-d6685ae1e2d1,9652a052-c1e2-4ad8-8251-75eee658e7ef,"ד""ר תמיר גיל - מומחה בכירורגיה פלסטית בחיפה ובקריות",חיפה,haifa,פרמטר פולינוקלאוטידים (זרעי סלמון) חומצה היאלורונית סקינבוסטרס,sentence,medical-aesthetics,on_request,,website,/ops/businesses?branch=9652a052-c1e2-4ad8-8251-75eee658e7ef
6e7ed0f7-5095-410c-ad3e-30ae95edcd9d,bcb35f73-9991-4cc0-9150-141bc3dc5b47,Carmella Spa | כרמלה ספא בחיפה,חיפה,haifa,צ'ק אאוט מאוחר אפשרי בתוספת תשלום של,sentence,,fixed,300,website,/ops/businesses?branch=bcb35f73-9991-4cc0-9150-141bc3dc5b47
74e7e7f6-051d-40ff-a6c2-306b79f861af,bcb35f73-9991-4cc0-9150-141bc3dc5b47,Carmella Spa | כרמלה ספא בחיפה,חיפה,haifa,צאו לסיור וירטואלי במתחם הספא של המלון,sentence,spa-massage,on_request,,website,/ops/businesses?branch=bcb35f73-9991-4cc0-9150-141bc3dc5b47
7adbbd8a-2fab-47fd-bafd-481bc8fa1050,0be91073-5b5b-4a84-868b-472c142d59e2,פיור סקין – טיפולי קוסמטיקה מתקדמים,חיפה,haifa,צלקות אקנה עלולות להישאר גם לאחר שהאקנה עצמו חלף.,sentence,facials,on_request,,website,/ops/businesses?branch=0be91073-5b5b-4a84-868b-472c142d59e2
87962262-411c-4138-8fa7-a144eaaf0e83,be45a69e-2984-49e5-9fd3-56d5795dc77c,נטוראלייזר,חיפה,haifa,צלקות אקנה שטחיות או כתמי פוסט-אקנה עיקשים,sentence,facials,on_request,,website,/ops/businesses?branch=be45a69e-2984-49e5-9fd3-56d5795dc77c
ca5545c3-b39b-4100-869d-363080ea7219,fbf7b660-ab28-41a7-9061-b21e2685803e,Ruchla Cosmetics,חיפה,haifa,צלקות פוסט אקנה שיקום מרקם העור,sentence,facials,on_request,,website,/ops/businesses?branch=fbf7b660-ab28-41a7-9061-b21e2685803e
908dbd7e-6a93-4d18-8770-3c0efac35f9f,cfbed9e7-b435-4986-bbee-1f7a0b991dba,אברמסקי - המרכז לבריאות השיער בחיפה,חיפה,haifa,קבע תור לטיפול בנשירת שיער במרכז בריאות השיער,sentence,hair-restoration,on_request,,website,/ops/businesses?branch=cfbed9e7-b435-4986-bbee-1f7a0b991dba
eb51862e-5559-42de-b6df-8f472b0064ed,cfbed9e7-b435-4986-bbee-1f7a0b991dba,אברמסקי - המרכז לבריאות השיער בחיפה,חיפה,haifa,קבע תור לפילינג לקרקפת במרכז בריאות השיער,sentence,facials,on_request,,website,/ops/businesses?branch=cfbed9e7-b435-4986-bbee-1f7a0b991dba
f3d39df2-2aa4-4a40-bea5-1497bfcd5b19,57f16419-fdda-4608-8e6e-24bef1580b21,ביו סקלפצ'ר ישראל BIO SCULPTURE IL,חיפה,haifa,קורס ביו מלא,package,,on_request,,website,/ops/businesses?branch=57f16419-fdda-4608-8e6e-24bef1580b21
1901590a-d468-489b-8e5c-4b10572da982,57f16419-fdda-4608-8e6e-24bef1580b21,ביו סקלפצ'ר ישראל BIO SCULPTURE IL,חיפה,haifa,קורס בניית ציפורניים מריחת לק - ג'ל איבו EVO,package,nails,on_request,,website,/ops/businesses?branch=57f16419-fdda-4608-8e6e-24bef1580b21
cd3bf68a-2c4c-4ed0-8b61-de0e755831cb,77c3fddc-e5fc-4bdd-b9d6-153eb4a0b4c0,CULT | סטודיו ליופי והכשרה | מניקור • פדיקור • ריסים • גבות • הסרת שיער | חיפה,חיפה,haifa,קורס הלחמת ריסים,package,brows-lashes,on_request,,website,/ops/businesses?branch=77c3fddc-e5fc-4bdd-b9d6-153eb4a0b4c0
b63966e4-d656-4606-8c3c-4ab1b3cb41c7,52bda819-5706-4dcb-b46a-0f844c079068,לירון רום - קליניקה לעיצוב גבות,חיפה,haifa,קורס הרמת גבות,package,,on_request,,website,/ops/businesses?branch=52bda819-5706-4dcb-b46a-0f844c079068
fe61f14e-86a3-47d4-adcf-a6de30d0e482,77c3fddc-e5fc-4bdd-b9d6-153eb4a0b4c0,CULT | סטודיו ליופי והכשרה | מניקור • פדיקור • ריסים • גבות • הסרת שיער | חיפה,חיפה,haifa,קורס הרמת גבות,package,,on_request,,website,/ops/businesses?branch=77c3fddc-e5fc-4bdd-b9d6-153eb4a0b4c0
81f708fe-9678-479d-bc33-a6b51b74a3dc,77c3fddc-e5fc-4bdd-b9d6-153eb4a0b4c0,CULT | סטודיו ליופי והכשרה | מניקור • פדיקור • ריסים • גבות • הסרת שיער | חיפה,חיפה,haifa,קורס הרמת ריסים,package,brows-lashes,on_request,,website,/ops/businesses?branch=77c3fddc-e5fc-4bdd-b9d6-153eb4a0b4c0
3e7c29e3-ab66-4b22-b559-ac47bdcf741f,77c3fddc-e5fc-4bdd-b9d6-153eb4a0b4c0,CULT | סטודיו ליופי והכשרה | מניקור • פדיקור • ריסים • גבות • הסרת שיער | חיפה,חיפה,haifa,קורס מניקור,package,nails,on_request,,website,/ops/businesses?branch=77c3fddc-e5fc-4bdd-b9d6-153eb4a0b4c0
425ab440-3c0d-4fcb-9756-11ed468549e9,77c3fddc-e5fc-4bdd-b9d6-153eb4a0b4c0,CULT | סטודיו ליופי והכשרה | מניקור • פדיקור • ריסים • גבות • הסרת שיער | חיפה,חיפה,haifa,קורס עיצוב גבות,package,brows-lashes,on_request,,website,/ops/businesses?branch=77c3fddc-e5fc-4bdd-b9d6-153eb4a0b4c0
dc513818-b0f5-4bb5-b394-291c782e24f5,52bda819-5706-4dcb-b46a-0f844c079068,לירון רום - קליניקה לעיצוב גבות,חיפה,haifa,קורס עיצוב גבות,package,brows-lashes,on_request,,website,/ops/businesses?branch=52bda819-5706-4dcb-b46a-0f844c079068
66321003-65c6-4bfe-b369-163c59ed2b76,57f16419-fdda-4608-8e6e-24bef1580b21,ביו סקלפצ'ר ישראל BIO SCULPTURE IL,חיפה,haifa,קורס עיצוב ושיקום גבות טבעיות,package,,on_request,,website,/ops/businesses?branch=57f16419-fdda-4608-8e6e-24bef1580b21
98edcbc1-3d47-47d4-8c1f-ffeaf93b6a1b,77c3fddc-e5fc-4bdd-b9d6-153eb4a0b4c0,CULT | סטודיו ליופי והכשרה | מניקור • פדיקור • ריסים • גבות • הסרת שיער | חיפה,חיפה,haifa,קורס פדיקור,package,nails,on_request,,website,/ops/businesses?branch=77c3fddc-e5fc-4bdd-b9d6-153eb4a0b4c0
6d5ed0f8-ef4b-486a-8c85-1376ac750a1d,57f16419-fdda-4608-8e6e-24bef1580b21,ביו סקלפצ'ר ישראל BIO SCULPTURE IL,חיפה,haifa,קורס פדיקור מקצועי,package,nails,on_request,,website,/ops/businesses?branch=57f16419-fdda-4608-8e6e-24bef1580b21
52955df7-6914-439a-aecc-bd6997e39a3d,57f16419-fdda-4608-8e6e-24bef1580b21,ביו סקלפצ'ר ישראל BIO SCULPTURE IL,חיפה,haifa,קורס פדיקור קוסמטי,package,nails,on_request,,website,/ops/businesses?branch=57f16419-fdda-4608-8e6e-24bef1580b21
9015166c-87d3-433f-818f-b75361a35405,247ecf73-334d-4f3b-b705-2ebe6202db68,Dolev Beauty Clinic And Academy,חיפה,haifa,קורסים והשתלמויות,package,,on_request,,website,/ops/businesses?branch=247ecf73-334d-4f3b-b705-2ebe6202db68
dfddbc9a-d8c5-42d1-a5c4-a1b310316659,b00a083f-d8a8-4b23-84c4-f76e955d1576,"ד""ר רוני מוסקונה - מרפאות ניתוחים פלסטיים וטיפולי אסתטיקה",חיפה,haifa,קיצור שפה או הרמת שפה עליונה בניתוח,sentence,plastic-surgery,on_request,,website,/ops/businesses?branch=b00a083f-d8a8-4b23-84c4-f76e955d1576
20b1ab17-a1cf-40eb-829a-9f6c1e6d931d,4f317565-8ae0-41af-833f-9fd5e87a67c0,"Oly Cosmetics - מרכז לטיפולי פנים וגוף, מוצרי קוסמטיקה",חיפה,haifa,קרם הבהרה עוצמתי,product,hair-salons,on_request,,website,/ops/businesses?branch=4f317565-8ae0-41af-833f-9fd5e87a67c0
1cefdb1d-60ba-4965-8172-478fa3bde9ef,4f317565-8ae0-41af-833f-9fd5e87a67c0,"Oly Cosmetics - מרכז לטיפולי פנים וגוף, מוצרי קוסמטיקה",חיפה,haifa,קרם הבהרה עוצמתי לסינרגיה מרכיבים פעילים,product,hair-salons,on_request,,website,/ops/businesses?branch=4f317565-8ae0-41af-833f-9fd5e87a67c0
67f6a309-9da6-4738-b70a-7159e5d6665f,4f317565-8ae0-41af-833f-9fd5e87a67c0,"Oly Cosmetics - מרכז לטיפולי פנים וגוף, מוצרי קוסמטיקה",חיפה,haifa,קרם עיניים מומלץ עם חומצה היאלורונית,product,medical-aesthetics,on_request,,website,/ops/businesses?branch=4f317565-8ae0-41af-833f-9fd5e87a67c0
fa54fe0f-99e9-4d81-8899-b9ca680a89ea,4f317565-8ae0-41af-833f-9fd5e87a67c0,"Oly Cosmetics - מרכז לטיפולי פנים וגוף, מוצרי קוסמטיקה",חיפה,haifa,קרם פעיל לאקנה,product,facials,on_request,,website,/ops/businesses?branch=4f317565-8ae0-41af-833f-9fd5e87a67c0
87c979ee-d9b5-4493-a52a-38dd12e2f25a,b00a083f-d8a8-4b23-84c4-f76e955d1576,"ד""ר רוני מוסקונה - מרפאות ניתוחים פלסטיים וטיפולי אסתטיקה",חיפה,haifa,ריגנרה (Regenera) – הטיפול החדש לנשירת שיער,sentence,,on_request,,website,/ops/businesses?branch=b00a083f-d8a8-4b23-84c4-f76e955d1576
6a07a01d-eed4-4302-afde-0f0dad07ea70,b32e1d35-cd2b-4934-bf95-628243ad36f1,דר מואיד אבו בכר - גשר שקוף בחיפה,חיפה,haifa,שאלות נפוצות על יישור שיניים שקוף בשיטת אינוויזיליין,sentence,dental-aesthetics,on_request,,website,/ops/businesses?branch=b32e1d35-cd2b-4934-bf95-628243ad36f1
12a96235-6e18-46f9-b36c-06a53178a73c,fbf7b660-ab28-41a7-9061-b21e2685803e,Ruchla Cosmetics,חיפה,haifa,שירותי טיפול לייזר ל פיגמנטציה בחיפה,sentence,facials,on_request,,website,/ops/businesses?branch=fbf7b660-ab28-41a7-9061-b21e2685803e
5fc596b4-9688-4629-9541-3546e9345ef9,b00a083f-d8a8-4b23-84c4-f76e955d1576,"ד""ר רוני מוסקונה - מרפאות ניתוחים פלסטיים וטיפולי אסתטיקה",חיפה,haifa,שני גורמים הינם בעלי חשיבות מכרעת בניתוח זה,sentence,plastic-surgery,on_request,,website,/ops/businesses?branch=b00a083f-d8a8-4b23-84c4-f76e955d1576
141dc3d7-4a22-4220-a078-a9d2fd249868,9c7c2244-996d-45b2-88a2-9160cd872e80,ד״ר מנאר קעואר - מומחה בכירורגיה פלסטית ואסתטית,חיפה,haifa,תיקון חיוך עם חשיפה של חניכיים,sentence,,on_request,,website,/ops/businesses?branch=9c7c2244-996d-45b2-88a2-9160cd872e80
f134f180-4c16-4705-91cc-6ffbc82e7713,1b021794-8031-4d50-9e8b-9d4d275f483d,Clinic Dr. Eran Bar-Meir,חיפה,haifa,תשובות קצרצרות לשאלות נפוצות אודות ניתוח מתיחת בטן,sentence,plastic-surgery,on_request,,website,/ops/businesses?branch=1b021794-8031-4d50-9e8b-9d4d275f483d
064cc3f6-1987-4700-918c-f8a402f089e8,c8355290-2cb6-419c-87ac-2a57570a2d58,Dr. Thaer Clinic - Alchemy 22,חיפה,haifa,اكتشف 101 Filler ↗ 04 التواصل الطبي,sentence,medical-aesthetics,on_request,,website,/ops/businesses?branch=c8355290-2cb6-419c-87ac-2a57570a2d58
694e6aca-4ff4-4530-8e05-860821628d89,c8355290-2cb6-419c-87ac-2a57570a2d58,Dr. Thaer Clinic - Alchemy 22,חיפה,haifa,المشاريع LAMA Academy Alchemy 22 101 Filler,sentence,medical-aesthetics,on_request,,website,/ops/businesses?branch=c8355290-2cb6-419c-87ac-2a57570a2d58
f08e9aab-5775-426d-90ad-e5ad6683b7ba,4f317565-8ae0-41af-833f-9fd5e87a67c0,"Oly Cosmetics - מרכז לטיפולי פנים וגוף, מוצרי קוסמטיקה",חיפה,haifa,“אושר” – תחליב מיצוק עיניים,product,,fixed,154,website,/ops/businesses?branch=4f317565-8ae0-41af-833f-9fd5e87a67c0
49f88002-aace-4b9a-9cfa-26844608b2aa,b53c6ed4-c2d9-4b13-a9d6-7678ac700e2b,סי אמסלם,טירת כרמל,haifa,קורס מיקרובליידינג,package,permanent-makeup,on_request,,website,/ops/businesses?branch=b53c6ed4-c2d9-4b13-a9d6-7678ac700e2b
ba920fe7-1dd6-4835-9e3a-da364b26e633,085b6a39-9a43-414f-ba1c-aaa22eb6e63c,פרסי קוסמטיקה - ירושלים,ירושלים,jerusalem,Acne Clear | טיפול ממוקד וטבעי באקנה.,sentence,facials,on_request,,website,/ops/businesses?branch=085b6a39-9a43-414f-ba1c-aaa22eb6e63c
6efe79fb-b151-4f02-ab1d-56b67ece5480,a1e2d744-aa4c-4d17-ab6a-0de5ac867049,BeautyMark Boutique Salon,ירושלים,jerusalem,Bare Bum Wax - שעווה בטוסיק,sentence,,fixed,85,website,/ops/businesses?branch=a1e2d744-aa4c-4d17-ab6a-0de5ac867049
cbeddbfd-5a3a-4c92-b5f7-5ba43ea9a7ba,a1e2d744-aa4c-4d17-ab6a-0de5ac867049,BeautyMark Boutique Salon,ירושלים,jerusalem,Bikini Wax - שעווה בקו ביקיני,sentence,,fixed,120,website,/ops/businesses?branch=a1e2d744-aa4c-4d17-ab6a-0de5ac867049
92a55381-8faf-4470-bf35-1ee4e2ea7a55,a1e2d744-aa4c-4d17-ab6a-0de5ac867049,BeautyMark Boutique Salon,ירושלים,jerusalem,Broken Nail Repair  תיקון ציפורן שבורה,sentence,,from,20,website,/ops/businesses?branch=a1e2d744-aa4c-4d17-ab6a-0de5ac867049
8dbdb8e4-03a2-43f4-b68c-343207e7ef47,a1e2d744-aa4c-4d17-ab6a-0de5ac867049,BeautyMark Boutique Salon,ירושלים,jerusalem,Deep Tissue Massage מסאז׳ רקמות עמוקות,sentence,,from,450,website,/ops/businesses?branch=a1e2d744-aa4c-4d17-ab6a-0de5ac867049
cd8fa965-0569-4396-a56f-3449c4dbcfb8,28587492-543a-45a9-bca3-440c068d896e,מרים ללוש ירושלים,ירושלים,jerusalem,Deuxième RDV Retouche Fixatrice (jusqu'à 2 mois),sentence,,fixed,500,website,/ops/businesses?branch=28587492-543a-45a9-bca3-440c068d896e
8746b011-2b05-45c2-b5ac-749bddbb2fe4,cd94a57a-e52c-421a-aa8d-d87b799f597b,Lumiere לומייר,ירושלים,jerusalem,EMS RF לחיזוק וחיטוב – LUMIÈRE,sentence,body-contouring,on_request,,website,/ops/businesses?branch=cd94a57a-e52c-421a-aa8d-d87b799f597b
d1b648a7-e8c0-4bfb-abc2-29eabdce6518,a1e2d744-aa4c-4d17-ab6a-0de5ac867049,BeautyMark Boutique Salon,ירושלים,jerusalem,Extra Nail Art Time תוספת זמן לקישוט,sentence,,fixed,12,website,/ops/businesses?branch=a1e2d744-aa4c-4d17-ab6a-0de5ac867049
50aa1c3e-6b5d-468c-8dc5-5bbb32017501,a1e2d744-aa4c-4d17-ab6a-0de5ac867049,BeautyMark Boutique Salon,ירושלים,jerusalem,Eyebrow Wax + Tint - עיצוב גבות בשעווה וצביעת גבות,sentence,,fixed,95,website,/ops/businesses?branch=a1e2d744-aa4c-4d17-ab6a-0de5ac867049
04236120-8fad-4a3b-90b9-9ef2b20570fa,a1e2d744-aa4c-4d17-ab6a-0de5ac867049,BeautyMark Boutique Salon,ירושלים,jerusalem,Fill In Existing Extensions  מילוי בנייה,sentence,,fixed,250,website,/ops/businesses?branch=a1e2d744-aa4c-4d17-ab6a-0de5ac867049
adadb080-94d4-4c6f-871a-f96c8ede08ed,a1e2d744-aa4c-4d17-ab6a-0de5ac867049,BeautyMark Boutique Salon,ירושלים,jerusalem,Full Arm Waxing - שעווה ליד מלאה,sentence,,fixed,95,website,/ops/businesses?branch=a1e2d744-aa4c-4d17-ab6a-0de5ac867049
9f5542cd-5a70-43ae-a804-97d288a40a81,a1e2d744-aa4c-4d17-ab6a-0de5ac867049,BeautyMark Boutique Salon,ירושלים,jerusalem,Full Face Waxing - שעווה פנים מלאים,sentence,,fixed,100,website,/ops/businesses?branch=a1e2d744-aa4c-4d17-ab6a-0de5ac867049
87e52985-748a-4bda-ab31-7b248a8879bc,a1e2d744-aa4c-4d17-ab6a-0de5ac867049,BeautyMark Boutique Salon,ירושלים,jerusalem,Full Head Subtle Highlights הבהרה מלאה עדינה,sentence,,fixed,650,website,/ops/businesses?branch=a1e2d744-aa4c-4d17-ab6a-0de5ac867049
75304a19-8ac4-47a8-8430-0dd605f7e4c4,a1e2d744-aa4c-4d17-ab6a-0de5ac867049,BeautyMark Boutique Salon,ירושלים,jerusalem,Full Leg Wax - רגל שלמה בשעווה,sentence,,fixed,155,website,/ops/businesses?branch=a1e2d744-aa4c-4d17-ab6a-0de5ac867049
9d3d7de6-f8ff-47f5-9ca3-1603bf58b316,a1e2d744-aa4c-4d17-ab6a-0de5ac867049,BeautyMark Boutique Salon,ירושלים,jerusalem,Gel Removal+cleaning up הסרת ג'ל+סידור וניקוי,sentence,,fixed,50,website,/ops/businesses?branch=a1e2d744-aa4c-4d17-ab6a-0de5ac867049
e1e04def-0950-4dea-ac45-299b2b338d25,a1e2d744-aa4c-4d17-ab6a-0de5ac867049,BeautyMark Boutique Salon,ירושלים,jerusalem,Half Arm Waxing - שעווה בחצי יד,sentence,,fixed,70,website,/ops/businesses?branch=a1e2d744-aa4c-4d17-ab6a-0de5ac867049
ca3962e4-62a6-4eda-bfc9-db76756a3a26,a1e2d744-aa4c-4d17-ab6a-0de5ac867049,BeautyMark Boutique Salon,ירושלים,jerusalem,Half a Leg Wax - חצי רגל בשעווה,sentence,,fixed,95,website,/ops/businesses?branch=a1e2d744-aa4c-4d17-ab6a-0de5ac867049
f2cfdba8-859b-4937-8b02-8cd250284d9a,a1e2d744-aa4c-4d17-ab6a-0de5ac867049,BeautyMark Boutique Salon,ירושלים,jerusalem,Holistic Massage Treatment עיסוי טיפולי הוליסטי,sentence,,fixed,750,website,/ops/businesses?branch=a1e2d744-aa4c-4d17-ab6a-0de5ac867049
4d6d72a2-4fda-4047-809b-9809e1358e95,15de9f04-c4c7-4a48-ad01-541a7f5dd105,Jerusalem Dental - Dr. Simone Landau,ירושלים,jerusalem,How to care for dental implants,article,dental-aesthetics,on_request,,website,/ops/businesses?branch=15de9f04-c4c7-4a48-ad01-541a7f5dd105
1e2a2f26-e720-40b6-96ee-e2c2592b1934,cd94a57a-e52c-421a-aa8d-d87b799f597b,Lumiere לומייר,ירושלים,jerusalem,LUMIÈRE BODY: המהפכה בחיטוב הגוף ובריאות רצפת האגן,sentence,body-contouring,on_request,,website,/ops/businesses?branch=cd94a57a-e52c-421a-aa8d-d87b799f597b
4be88d41-d724-43c0-8491-fe73cf604bb2,085b6a39-9a43-414f-ba1c-aaa22eb6e63c,פרסי קוסמטיקה - ירושלים,ירושלים,jerusalem,Mesotherapy Lift | מזותרפיה למיצוק והתחדשות,sentence,medical-aesthetics,on_request,,website,/ops/businesses?branch=085b6a39-9a43-414f-ba1c-aaa22eb6e63c
a8bc666f-11b7-4aa6-8ba8-3f04aa32dd94,cd94a57a-e52c-421a-aa8d-d87b799f597b,Lumiere לומייר,ירושלים,jerusalem,Microneedling RF – חידוש עומק ומיצוק ללא ניתוח,sentence,plastic-surgery,on_request,,website,/ops/businesses?branch=cd94a57a-e52c-421a-aa8d-d87b799f597b
fac29fb5-46bd-4c38-9d9f-8a62910a9714,a1e2d744-aa4c-4d17-ab6a-0de5ac867049,BeautyMark Boutique Salon,ירושלים,jerusalem,Only Ingrown Nail Removal רק הסרת ציפורן חודרנית,sentence,,fixed,100,website,/ops/businesses?branch=a1e2d744-aa4c-4d17-ab6a-0de5ac867049
bb169fbf-6f27-42df-a260-3dbe44ceeaef,085b6a39-9a43-414f-ba1c-aaa22eb6e63c,פרסי קוסמטיקה - ירושלים,ירושלים,jerusalem,PROFHILO: הדור החדש של החומצה ההיאלורונית,sentence,medical-aesthetics,on_request,,website,/ops/businesses?branch=085b6a39-9a43-414f-ba1c-aaa22eb6e63c
0d7de5dd-e159-44ad-ba9d-f7feaba540f9,28587492-543a-45a9-bca3-440c068d896e,מרים ללוש ירושלים,ירושלים,jerusalem,Retouche Entre 3 et 6 Mois,sentence,,fixed,600,website,/ops/businesses?branch=28587492-543a-45a9-bca3-440c068d896e
22e8bdf6-037a-4ef0-9481-81d95b1cbd0a,a1e2d744-aa4c-4d17-ab6a-0de5ac867049,BeautyMark Boutique Salon,ירושלים,jerusalem,SPECIAL DEAL! structured gel mani+reg pedi   דיל מיוחד! מבנה אנטומי+פדיקור רגיל,sentence,,fixed,330,website,/ops/businesses?branch=a1e2d744-aa4c-4d17-ab6a-0de5ac867049
6ed810d5-00db-4e6c-870c-374c50a8e12a,c577dbf3-a093-442b-9acd-f76012d1353f,Rami Hair,ירושלים,jerusalem,Shampoo,product,,on_request,,website,/ops/businesses?branch=c577dbf3-a093-442b-9acd-f76012d1353f
7ce57bfa-ad01-4cab-bfef-650924e900f9,c577dbf3-a093-442b-9acd-f76012d1353f,Rami Hair,ירושלים,jerusalem,Shampoo & conditioning,product,,on_request,,website,/ops/businesses?branch=c577dbf3-a093-442b-9acd-f76012d1353f
31388d57-2c4b-40a4-a4af-4b65e641fab2,a1e2d744-aa4c-4d17-ab6a-0de5ac867049,BeautyMark Boutique Salon,ירושלים,jerusalem,Structured Gel Manicure - מניקור מבנה אנטומי,sentence,,fixed,170,website,/ops/businesses?branch=a1e2d744-aa4c-4d17-ab6a-0de5ac867049
81bdaba7-25d6-4b89-af3c-6d61dd37591e,a1e2d744-aa4c-4d17-ab6a-0de5ac867049,BeautyMark Boutique Salon,ירושלים,jerusalem,Underarm Waxing - שעווה לבית השחי,sentence,,fixed,85,website,/ops/businesses?branch=a1e2d744-aa4c-4d17-ab6a-0de5ac867049
977bf871-68af-4600-bfea-2ae069893db2,fcbfeb13-07c9-4caa-9632-ea516328bb2a,Glamour Nails,ירושלים,jerusalem,Up to 35% off Manicure & Nail Care,sentence,nails,on_request,,website,/ops/businesses?branch=fcbfeb13-07c9-4caa-9632-ea516328bb2a
b23a7963-1d9f-45cb-9dc9-f014265068a2,f33c1153-74cc-4454-aea5-8555e3d80b24,"Kurer Jackson Dental Office, Jerusalem",ירושלים,jerusalem,Upgrade to a different browser or,sentence,,on_request,,website,/ops/businesses?branch=f33c1153-74cc-4454-aea5-8555e3d80b24
b1abe7fb-5d82-4d5e-831b-88dbcf90bbd1,a1e2d744-aa4c-4d17-ab6a-0de5ac867049,BeautyMark Boutique Salon,ירושלים,jerusalem,Upper Lip Waxing -סידור שפם בשעווה,sentence,,fixed,40,website,/ops/businesses?branch=a1e2d744-aa4c-4d17-ab6a-0de5ac867049
661f6a34-e22b-40b9-a5a2-5b4507eeeee4,a1e2d744-aa4c-4d17-ab6a-0de5ac867049,BeautyMark Boutique Salon,ירושלים,jerusalem,"Women's Cut, Wash & Blowout תספורת נשים כולל חפיפה ופן",sentence,,fixed,300,website,/ops/businesses?branch=a1e2d744-aa4c-4d17-ab6a-0de5ac867049
54dbea83-1d92-4a4e-8ce3-5100e591d9e2,78bbf114-2d47-46a7-9bba-4252fbb2fb86,הילה חדאד - מאפרת כלות וערב | Hila Hadad - Bridal makeup and events,ירושלים,jerusalem,איפור כלה מקצועי לחתונה | Professional bridal makeup for the wedding,sentence,makeup,on_request,,website,/ops/businesses?branch=78bbf114-2d47-46a7-9bba-4252fbb2fb86
4f0b0095-4097-4f1e-9e52-63afdb969a33,78bbf114-2d47-46a7-9bba-4252fbb2fb86,הילה חדאד - מאפרת כלות וערב | Hila Hadad - Bridal makeup and events,ירושלים,jerusalem,איפור ערב מקצועי לאירועים | Professional evening makeup for events,sentence,makeup,on_request,,website,/ops/businesses?branch=78bbf114-2d47-46a7-9bba-4252fbb2fb86
e7f0a714-257c-4066-ac76-9a34eb5d8136,085b6a39-9a43-414f-ba1c-aaa22eb6e63c,פרסי קוסמטיקה - ירושלים,ירושלים,jerusalem,איפור קבוע | perssi קוסמטיקה | פרסי קוסמטיקה,sentence,permanent-makeup,on_request,,website,/ops/businesses?branch=085b6a39-9a43-414f-ba1c-aaa22eb6e63c
1b0b0a9a-ea3d-4665-b139-f7d2c3f1f380,7898a0cc-0647-42f0-a31f-337f1c2d57cc,קוסמטיקאית קלינית בירושלים | אליס המרכז לטיפולים קוסמטיים,ירושלים,jerusalem,איפור קבוע בירושלים - אליס קוסמטיקאית קלינית בירושלים,sentence,permanent-makeup,on_request,,website,/ops/businesses?branch=7898a0cc-0647-42f0-a31f-337f1c2d57cc
49f2561c-0935-4dea-b25b-3330bd9ef29b,7898a0cc-0647-42f0-a31f-337f1c2d57cc,קוסמטיקאית קלינית בירושלים | אליס המרכז לטיפולים קוסמטיים,ירושלים,jerusalem,איפור קבוע הינה שיטה להדגשת תווי הפנים.,sentence,permanent-makeup,on_request,,website,/ops/businesses?branch=7898a0cc-0647-42f0-a31f-337f1c2d57cc
5034fc1f-b911-48f5-9d1c-8192689aa4c5,8e6eff31-276a-4d9a-942b-f3b7479562d2,מרפאת שיניים בירושלים ד''ר סטלה הייזלר - שיקום הפה | ציפוי שיניים | השתלות שיניים ושתלים דנטליים,ירושלים,jerusalem,אנחנו מציעים ייעוץ וירטואלי עבור טיפולי שיניים אסתטיים .,sentence,,free,0,website,/ops/businesses?branch=8e6eff31-276a-4d9a-942b-f3b7479562d2
6866df21-76a2-407a-9f89-e1e62e384c3f,fe77c04e-6394-4827-888f-b6aeeb0e84bf,אתי פרץ הסרת שיער בלייזר/ טיפול בפטרת ציפורניים / מחלות עור,ירושלים,jerusalem,בלייזר בגוף/ Laser Hair Removel Body,sentence,hair-removal,on_request,,website,/ops/businesses?branch=fe77c04e-6394-4827-888f-b6aeeb0e84bf
e0242dad-1498-454d-bb4e-7eb3b6ee856a,fa3023d8-4356-4fbe-af48-e30868fd1ce9,בר מדיקל קליניקה לייזר,ירושלים,jerusalem,בר מדיקל מתמחה בשיטות שונות להרזייה וחיטוב הגוף,sentence,body-contouring,on_request,,website,/ops/businesses?branch=fa3023d8-4356-4fbe-af48-e30868fd1ce9
2a764e8f-4d00-49cb-8c8b-3ffb7c91a428,7898a0cc-0647-42f0-a31f-337f1c2d57cc,קוסמטיקאית קלינית בירושלים | אליס המרכז לטיפולים קוסמטיים,ירושלים,jerusalem,הדגמת טיפול איפור קבוע בירושלים בשיטת השערה,sentence,permanent-makeup,on_request,,website,/ops/businesses?branch=7898a0cc-0647-42f0-a31f-337f1c2d57cc
eb4b15a5-b57d-432d-b31c-85a9cefeeebc,cd94a57a-e52c-421a-aa8d-d87b799f597b,Lumiere לומייר,ירושלים,jerusalem,היתרונות הבולטים של הסרת שיער ב-AI,article,hair-removal,on_request,,website,/ops/businesses?branch=cd94a57a-e52c-421a-aa8d-d87b799f597b
e605748b-1830-47a6-9f4b-2556fb6aa97d,fa3023d8-4356-4fbe-af48-e30868fd1ce9,בר מדיקל קליניקה לייזר,ירושלים,jerusalem,היתרונות של טיפול בחומצה היאלורונית,article,medical-aesthetics,on_request,,website,/ops/businesses?branch=fa3023d8-4356-4fbe-af48-e30868fd1ce9
feb5e1b6-89e4-4a00-9a15-5895c71e56b3,fa3023d8-4356-4fbe-af48-e30868fd1ce9,בר מדיקל קליניקה לייזר,ירושלים,jerusalem,היתרונות של מיטות השיזוף שלנו,article,tanning,on_request,,website,/ops/businesses?branch=fa3023d8-4356-4fbe-af48-e30868fd1ce9
4c42f054-f1c7-48d1-baae-aede68c3c482,8e6eff31-276a-4d9a-942b-f3b7479562d2,מרפאת שיניים בירושלים ד''ר סטלה הייזלר - שיקום הפה | ציפוי שיניים | השתלות שיניים ושתלים דנטליים,ירושלים,jerusalem,"הסרת אבנית, ניקוי עמוק – הקצעת שורשים ועוד",sentence,facials,on_request,,website,/ops/businesses?branch=8e6eff31-276a-4d9a-942b-f3b7479562d2
5b6014e7-1222-4256-acb0-b750c4fec257,8e6eff31-276a-4d9a-942b-f3b7479562d2,מרפאת שיניים בירושלים ד''ר סטלה הייזלר - שיקום הפה | ציפוי שיניים | השתלות שיניים ושתלים דנטליים,ירושלים,jerusalem,הסרת פגמי פיגמנטציה מהחניכיים (חניכיים שחורות) בלייזר,sentence,facials,on_request,,website,/ops/businesses?branch=8e6eff31-276a-4d9a-942b-f3b7479562d2
7d9a926d-6a88-4930-b45d-bf1f354842cb,7898a0cc-0647-42f0-a31f-337f1c2d57cc,קוסמטיקאית קלינית בירושלים | אליס המרכז לטיפולים קוסמטיים,ירושלים,jerusalem,הסרת שיער באפילציה בירושלים- אליס ברקוביץ קוסמטיקאית קלינית בירושלים,sentence,hair-removal,on_request,,website,/ops/businesses?branch=7898a0cc-0647-42f0-a31f-337f1c2d57cc
ace01054-2206-4ad6-beef-bcfd2221a903,30b9e9c0-c0c5-4a53-b2a6-a31bf6309dcf,רבקי בלאו קוסמטיקה Rivky Blau,ירושלים,jerusalem,הסרת שיער בלייזר - רבקי בלאו קוסמטיקה,sentence,hair-removal,on_request,,website,/ops/businesses?branch=30b9e9c0-c0c5-4a53-b2a6-a31bf6309dcf
c6c98181-0299-4c67-9729-9f74adb4e06c,cd94a57a-e52c-421a-aa8d-d87b799f597b,Lumiere לומייר,ירושלים,jerusalem,הסרת שיער בלייזר AI 4-Wave – LUMIÈRE,sentence,hair-removal,on_request,,website,/ops/businesses?branch=cd94a57a-e52c-421a-aa8d-d87b799f597b
d2b0ee48-8d0c-4adc-9888-a5a769e24f0e,cd94a57a-e52c-421a-aa8d-d87b799f597b,Lumiere לומייר,ירושלים,jerusalem,הסרת שיער בלייזר מבוססת בינה מלאכותית (AI),sentence,hair-removal,on_request,,website,/ops/businesses?branch=cd94a57a-e52c-421a-aa8d-d87b799f597b
1d4bb0c5-469a-4817-a9c4-6c77f9a7cdf8,7898a0cc-0647-42f0-a31f-337f1c2d57cc,קוסמטיקאית קלינית בירושלים | אליס המרכז לטיפולים קוסמטיים,ירושלים,jerusalem,הסרת שיער בשעווה בירושלים - אליס קוסמטיקאית קלינית בירושלים,sentence,hair-removal,on_request,,website,/ops/businesses?branch=7898a0cc-0647-42f0-a31f-337f1c2d57cc
25c996ed-eac9-4a25-88cd-ed37d0d60c7a,085b6a39-9a43-414f-ba1c-aaa22eb6e63c,פרסי קוסמטיקה - ירושלים,ירושלים,jerusalem,הסרת שיער הפנים לצמיתות במחט חשמלית,sentence,hair-removal,on_request,,website,/ops/businesses?branch=085b6a39-9a43-414f-ba1c-aaa22eb6e63c
288d865c-5064-4c2a-9a72-8cc24a837f94,30b9e9c0-c0c5-4a53-b2a6-a31bf6309dcf,רבקי בלאו קוסמטיקה Rivky Blau,ירושלים,jerusalem,הפתרון מושלם - הסרת שיער בלייזר,sentence,hair-removal,on_request,,website,/ops/businesses?branch=30b9e9c0-c0c5-4a53-b2a6-a31bf6309dcf
3974df25-17ab-4807-a9cb-829cfc262416,8e6eff31-276a-4d9a-942b-f3b7479562d2,מרפאת שיניים בירושלים ד''ר סטלה הייזלר - שיקום הפה | ציפוי שיניים | השתלות שיניים ושתלים דנטליים,ירושלים,jerusalem,הרכבת שתלים דנטליים עם סד כירורגי ממוחשב,sentence,,on_request,,website,/ops/businesses?branch=8e6eff31-276a-4d9a-942b-f3b7479562d2
4f5f3a19-d5f2-4f26-a3e5-0e98fe4fce5a,7a8f02e4-85f2-4b41-88a9-f460590fa13e,מוטי מספרה,ירושלים,jerusalem,התאים לי תספורת שמתאימה לצורת הפנים שלי.,sentence,hair-salons,on_request,,website,/ops/businesses?branch=7a8f02e4-85f2-4b41-88a9-f460590fa13e
1681ff47-58fc-4b03-abef-40389d2e4a57,00e475b3-1256-4719-9452-609212b20416,Sharon Cosmetics,ירושלים,jerusalem,חנות מוצרי קוסמטיקה,product,,on_request,,website,/ops/businesses?branch=00e475b3-1256-4719-9452-609212b20416
9a26e7a3-e53a-435f-abe3-31442cc1697e,78bbf114-2d47-46a7-9bba-4252fbb2fb86,הילה חדאד - מאפרת כלות וערב | Hila Hadad - Bridal makeup and events,ירושלים,jerusalem,טאצ' אפ - ליווי כלות בחתונה | Touchup - Bridal Wedding Accompaniment,sentence,,on_request,,website,/ops/businesses?branch=78bbf114-2d47-46a7-9bba-4252fbb2fb86
68aa3dba-d864-40f7-b568-303a8c9c034f,085b6a39-9a43-414f-ba1c-aaa22eb6e63c,פרסי קוסמטיקה - ירושלים,ירושלים,jerusalem,"טיפול בבוטוקס: להחליק את הקמטים, לשמור על ההבעה",sentence,medical-aesthetics,on_request,,website,/ops/businesses?branch=085b6a39-9a43-414f-ba1c-aaa22eb6e63c
d7b3d17a-f140-4483-a913-3b1f06b9b8bb,30b9e9c0-c0c5-4a53-b2a6-a31bf6309dcf,רבקי בלאו קוסמטיקה Rivky Blau,ירושלים,jerusalem,טיפולי פנים - רבקי בלאו קוסמטיקה,sentence,facials,on_request,,website,/ops/businesses?branch=30b9e9c0-c0c5-4a53-b2a6-a31bf6309dcf
1a833e1b-afe7-43f0-8b52-43ae30fcd9ab,085b6a39-9a43-414f-ba1c-aaa22eb6e63c,פרסי קוסמטיקה - ירושלים,ירושלים,jerusalem,טיפולי פנים | perssi קוסמטיקה | פרסי קוסמטיקה,sentence,facials,on_request,,website,/ops/businesses?branch=085b6a39-9a43-414f-ba1c-aaa22eb6e63c
ac07fcb7-574c-4d06-b1dd-7395c825c6af,30b9e9c0-c0c5-4a53-b2a6-a31bf6309dcf,רבקי בלאו קוסמטיקה Rivky Blau,ירושלים,jerusalem,טיפולי פנים עשים רק בקליניקת ריבקי בלאו,sentence,facials,on_request,,website,/ops/businesses?branch=30b9e9c0-c0c5-4a53-b2a6-a31bf6309dcf
7a9cc017-da5f-408d-86d8-1b2c33f30d21,8e6eff31-276a-4d9a-942b-f3b7479562d2,מרפאת שיניים בירושלים ד''ר סטלה הייזלר - שיקום הפה | ציפוי שיניים | השתלות שיניים ושתלים דנטליים,ירושלים,jerusalem,ייעוץ וירטואלי עבור טיפולי שיניים אסתטיים - !,sentence,,free,0,website,/ops/businesses?branch=8e6eff31-276a-4d9a-942b-f3b7479562d2
2912ed7f-94e9-42e8-8de7-56f69d1901b2,1d2361c5-6847-4599-a033-d6691d323199,אמירה צדקיהו - קוסמטיקה פרא רפואית מתקדמת,ירושלים,jerusalem,כל כמה זמן עושים טיפול לייזר,sentence,,on_request,,website,/ops/businesses?branch=1d2361c5-6847-4599-a033-d6691d323199
5d61d624-8b4a-403c-be87-6d4e224cf3d1,1d2361c5-6847-4599-a033-d6691d323199,אמירה צדקיהו - קוסמטיקה פרא רפואית מתקדמת,ירושלים,jerusalem,כמה טיפולי לייזר צריך,article,,on_request,,website,/ops/businesses?branch=1d2361c5-6847-4599-a033-d6691d323199
40d6d445-47b6-4593-8f4d-79b3126ac091,20a24fa8-bedc-40af-a6f3-a3e0e700c69d,Dr. Ari Greenspan- דר ארי גרינספן,ירושלים,jerusalem,כתרים בישראל על ידי טכנולוגיית ה – CEREC,sentence,dental-aesthetics,on_request,,website,/ops/businesses?branch=20a24fa8-bedc-40af-a6f3-a3e0e700c69d
a409dd18-1953-461d-a803-70f6dc2ba32d,cd94a57a-e52c-421a-aa8d-d87b799f597b,Lumiere לומייר,ירושלים,jerusalem,"לאחר חודש: שיפור ניכר במרקם העור, טשטוש פיגמנטציה וקמטים.",sentence,facials,on_request,,website,/ops/businesses?branch=cd94a57a-e52c-421a-aa8d-d87b799f597b
d87bfbdd-dd5e-4efb-9eba-ab5a61307bd4,cd94a57a-e52c-421a-aa8d-d87b799f597b,Lumiere לומייר,ירושלים,jerusalem,לייזר AI 4-Wave – הסרת שיער מתקדמת ומדויקת,sentence,hair-removal,on_request,,website,/ops/businesses?branch=cd94a57a-e52c-421a-aa8d-d87b799f597b
d7c4b5d3-2394-4142-b180-615dba086c18,cd94a57a-e52c-421a-aa8d-d87b799f597b,Lumiere לומייר,ירושלים,jerusalem,"לקביעת ייעוץ ראשוני , צרו קשר",sentence,,free,0,website,/ops/businesses?branch=cd94a57a-e52c-421a-aa8d-d87b799f597b
8902780c-4a7f-49ad-9b5b-34f1aec8743f,cd94a57a-e52c-421a-aa8d-d87b799f597b,Lumiere לומייר,ירושלים,jerusalem,"לקביעת ייעוץ ראשוני , צרו קשר: 📞 050-6369295 | 02-5333309",sentence,,free,0,website,/ops/businesses?branch=cd94a57a-e52c-421a-aa8d-d87b799f597b
41867dee-9c11-4cf6-bc3a-ded12a098e34,cd94a57a-e52c-421a-aa8d-d87b799f597b,Lumiere לומייר,ירושלים,jerusalem,לקביעת ייעוץ ראשוני והתאמת תוכנית אישית,sentence,,free,0,website,/ops/businesses?branch=cd94a57a-e52c-421a-aa8d-d87b799f597b
e643ae0f-cf26-4920-9b2b-56b05bb3c044,7898a0cc-0647-42f0-a31f-337f1c2d57cc,קוסמטיקאית קלינית בירושלים | אליס המרכז לטיפולים קוסמטיים,ירושלים,jerusalem,לקום בבוקר בלי הלחץ בגלל האיפור,sentence,,on_request,,website,/ops/businesses?branch=7898a0cc-0647-42f0-a31f-337f1c2d57cc
450949f6-b0f0-4e8f-a51e-ae29687295bf,de64b0a4-2b73-44bf-88f8-335e5b51a6e3,Shlomi Sun,ירושלים,jerusalem,מוצרי שיזוף,product,tanning,on_request,,website,/ops/businesses?branch=de64b0a4-2b73-44bf-88f8-335e5b51a6e3
84821cac-19ab-4b82-9a2c-fa3d06d2295e,00e475b3-1256-4719-9452-609212b20416,Sharon Cosmetics,ירושלים,jerusalem,מניקור משולב |לק ג`ל ידיים+ רגליים | מבנה אנטומי | הלחמת ריסים | מיקרובליידינג,sentence,,on_request,,website,/ops/businesses?branch=00e475b3-1256-4719-9452-609212b20416
51efa3f0-4592-42e3-aaaf-bd61cfda24c5,f33c1153-74cc-4454-aea5-8555e3d80b24,"Kurer Jackson Dental Office, Jerusalem",ירושלים,jerusalem,מרפאת שיניים ירושלים » ניתוחי פה עקירות וטיפולי שורש,sentence,plastic-surgery,on_request,,website,/ops/businesses?branch=f33c1153-74cc-4454-aea5-8555e3d80b24
2b926828-9b06-44b4-8afa-a3747f8047ac,30b9e9c0-c0c5-4a53-b2a6-a31bf6309dcf,רבקי בלאו קוסמטיקה Rivky Blau,ירושלים,jerusalem,מתמחה בטיפולי פנים וטיפול בבעיות עור קוסמטיות ורפואיות.,sentence,facials,on_request,,website,/ops/businesses?branch=30b9e9c0-c0c5-4a53-b2a6-a31bf6309dcf
dbe0f296-64f8-4263-a00e-65de8b244904,7898a0cc-0647-42f0-a31f-337f1c2d57cc,קוסמטיקאית קלינית בירושלים | אליס המרכז לטיפולים קוסמטיים,ירושלים,jerusalem,עיצוב גבות בירושלים - אליס קוסמטיקאית קלינית בירושלים,sentence,brows-lashes,on_request,,website,/ops/businesses?branch=7898a0cc-0647-42f0-a31f-337f1c2d57cc
6b98bb7f-ed79-4e5d-a28c-a7e4b4550727,085b6a39-9a43-414f-ba1c-aaa22eb6e63c,פרסי קוסמטיקה - ירושלים,ירושלים,jerusalem,עלות סדרת 3 טיפולים,package,,package,3000,website,/ops/businesses?branch=085b6a39-9a43-414f-ba1c-aaa22eb6e63c
2c6802d3-c7df-46d0-97ea-c7306e72e170,085b6a39-9a43-414f-ba1c-aaa22eb6e63c,פרסי קוסמטיקה - ירושלים,ירושלים,jerusalem,עלות סדרת 5 טיפולים,package,,package,3500,website,/ops/businesses?branch=085b6a39-9a43-414f-ba1c-aaa22eb6e63c
ec0a6c36-ff8d-4fd8-be49-f77ad5b4b834,8e6eff31-276a-4d9a-942b-f3b7479562d2,מרפאת שיניים בירושלים ד''ר סטלה הייזלר - שיקום הפה | ציפוי שיניים | השתלות שיניים ושתלים דנטליים,ירושלים,jerusalem,עקירת שן כלואה שאינה שן בינה,sentence,,on_request,,website,/ops/businesses?branch=8e6eff31-276a-4d9a-942b-f3b7479562d2
c44c91c1-ee9b-483b-8831-f847a023de24,7898a0cc-0647-42f0-a31f-337f1c2d57cc,קוסמטיקאית קלינית בירושלים | אליס המרכז לטיפולים קוסמטיים,ירושלים,jerusalem,פדיקור רפואי בירושלים - אליס קוסמטיקאית קלינית בירושלים,sentence,nails,on_request,,website,/ops/businesses?branch=7898a0cc-0647-42f0-a31f-337f1c2d57cc
2df6cfa6-09ae-4cf2-b03c-cc1fc1fd522c,cd94a57a-e52c-421a-aa8d-d87b799f597b,Lumiere לומייר,ירושלים,jerusalem,"פיגמנטציה ונזקי שמש: טיפול בכתמי גיל, נמשים ונקבוביות פעורות.",sentence,facials,on_request,,website,/ops/businesses?branch=cd94a57a-e52c-421a-aa8d-d87b799f597b
4b37579f-e74a-4548-9507-b9b8d3d92e2d,085b6a39-9a43-414f-ba1c-aaa22eb6e63c,פרסי קוסמטיקה - ירושלים,ירושלים,jerusalem,פיסול פנים ומילוי קמטים בחומצה היאלורונית,sentence,medical-aesthetics,on_request,,website,/ops/businesses?branch=085b6a39-9a43-414f-ba1c-aaa22eb6e63c
9f42d86a-a612-4ff4-bf96-0b0df03c52e6,cd94a57a-e52c-421a-aa8d-d87b799f597b,Lumiere לומייר,ירושלים,jerusalem,"פתרון מתקדם, ללא כאב וללא ניתוח, לשיפור איכות החיים.",sentence,plastic-surgery,on_request,,website,/ops/businesses?branch=cd94a57a-e52c-421a-aa8d-d87b799f597b
ee760338-f6b0-45bf-98f8-7a941565a9a6,f730b96e-178c-4549-86e7-206a0998dc12,Revistyle,ירושלים,jerusalem,צביעת גבות להדגשה ומילוי הגבות במראה טבעי,sentence,brows-lashes,on_request,,website,/ops/businesses?branch=f730b96e-178c-4549-86e7-206a0998dc12
54f55f94-f532-4f55-a347-b09681387bbf,8e6eff31-276a-4d9a-942b-f3b7479562d2,מרפאת שיניים בירושלים ד''ר סטלה הייזלר - שיקום הפה | ציפוי שיניים | השתלות שיניים ושתלים דנטליים,ירושלים,jerusalem,ציפוי חרסינה לאחר הרס שיניים בעקבות כימותרפיה,sentence,dental-aesthetics,on_request,,website,/ops/businesses?branch=8e6eff31-276a-4d9a-942b-f3b7479562d2
95394d24-f4a7-4ffa-b40f-b0b5551eb2a7,8e6eff31-276a-4d9a-942b-f3b7479562d2,מרפאת שיניים בירושלים ד''ר סטלה הייזלר - שיקום הפה | ציפוי שיניים | השתלות שיניים ושתלים דנטליים,ירושלים,jerusalem,ציפוי חרסינה לשיניים כמה זמן מחזיק,sentence,dental-aesthetics,on_request,,website,/ops/businesses?branch=8e6eff31-276a-4d9a-942b-f3b7479562d2
4477956e-6e41-4b2f-91c9-81343caa4c02,cd94a57a-e52c-421a-aa8d-d87b799f597b,Lumiere לומייר,ירושלים,jerusalem,צרו קשר לתיאום אבחון אישי וייעוץ ראשוני,sentence,,free,0,website,/ops/businesses?branch=cd94a57a-e52c-421a-aa8d-d87b799f597b
ee4adcd0-aea5-4a0c-b477-824388257b87,cd94a57a-e52c-421a-aa8d-d87b799f597b,Lumiere לומייר,ירושלים,jerusalem,צרו קשר לתיאום ייעוץ ראשוני,sentence,,free,0,website,/ops/businesses?branch=cd94a57a-e52c-421a-aa8d-d87b799f597b
7c55583b-686f-454d-8a82-e4ac3867ff1c,fa3023d8-4356-4fbe-af48-e30868fd1ce9,בר מדיקל קליניקה לייזר,ירושלים,jerusalem,צרו קשר עוד היום לתיאום פגישת ייעוץ !,sentence,,free,0,website,/ops/businesses?branch=fa3023d8-4356-4fbe-af48-e30868fd1ce9
b402633a-195c-4c04-8012-bf47904cffde,8a11633e-439d-4131-8978-9909f8f2969f,ערן לוי ספר,ירושלים,jerusalem,קורסים בספרות,package,,on_request,,website,/ops/businesses?branch=8a11633e-439d-4131-8978-9909f8f2969f
c02cefa6-df5d-4754-bb98-df257a7dc42d,cd94a57a-e52c-421a-aa8d-d87b799f597b,Lumiere לומייר,ירושלים,jerusalem,שיפור במראה צלקות אקנה ונקבוביות פעורות.,sentence,facials,on_request,,website,/ops/businesses?branch=cd94a57a-e52c-421a-aa8d-d87b799f597b
a7abd360-977e-49bd-b264-4758487d3d20,cd94a57a-e52c-421a-aa8d-d87b799f597b,Lumiere לומייר,ירושלים,jerusalem,"שיפור עור, צלקות, עפעפיים, צלוליט וקמטוטים",sentence,body-contouring,on_request,,website,/ops/businesses?branch=cd94a57a-e52c-421a-aa8d-d87b799f597b
aae650bb-50f2-442b-af1c-a04bce6ad42b,7a8f02e4-85f2-4b41-88a9-f460590fa13e,מוטי מספרה,ירושלים,jerusalem,תספורת שגרפה ים מחמאות.,sentence,hair-salons,on_request,,website,/ops/businesses?branch=7a8f02e4-85f2-4b41-88a9-f460590fa13e
598bdf10-f647-4422-a15e-22260846fc90,02d62cb7-94dd-4d51-96fa-b10683da910d,Dalia Institute of Cosmetic,מבשרת ציון,jerusalem,הסרת שיער בלייזר .בשעווה.עיצוב גבות.טיפולי פנים אקנה מיצוק והצערת העור.,sentence,hair-removal,on_request,,website,/ops/businesses?branch=02d62cb7-94dd-4d51-96fa-b10683da910d
f796f03d-122a-4de7-91ae-691a94dddd1e,d6a7e954-e2af-4296-b003-2b2bb848795d,חן פחימה קוסמטיקאית מומחית בטיפולי אקנה-פיגמנטציה-והסרת שיער בלייזר,מבשרת ציון,jerusalem,"טיפול אונליין באקנה , צלקות וכתמי עור",sentence,facials,on_request,,website,/ops/businesses?branch=d6a7e954-e2af-4296-b003-2b2bb848795d
041d0346-1ae4-45f8-979b-1607ad7786e4,e5734a5b-55e5-4654-9374-9c533731d265,Orit Levy Cosmetics,מבשרת ציון,jerusalem,טיפול פרקשונל (פילינג עמוק) לצלקות וקמטים,sentence,facials,on_request,,website,/ops/businesses?branch=e5734a5b-55e5-4654-9374-9c533731d265
c1b14382-cc7b-4851-a976-c874b27c1557,e5734a5b-55e5-4654-9374-9c533731d265,Orit Levy Cosmetics,מבשרת ציון,jerusalem,קורסים לעיצוב גבות,package,brows-lashes,on_request,,website,/ops/businesses?branch=e5734a5b-55e5-4654-9374-9c533731d265
6539dcfd-fdde-477d-bec6-0fd0facb4f57,6228dece-b922-4389-beea-2d8dcab90fe0,נחום צבי מספרה,מבשרת ציון,jerusalem,"תוספות שיער, החלקות, גוונים, תספורת נשים גברים וילדים, צבעים",sentence,hair-salons,on_request,,website,/ops/businesses?branch=6228dece-b922-4389-beea-2d8dcab90fe0
a23da16b-8502-4219-b13f-f83da19d6975,91a1118d-d90b-40a9-94fc-7b0c3c36fe11,"סגול - מרפאת שיניים לילדים ומבוגרים, טיפולים פרטיים",מעלה אדומים,jerusalem,&bull; אורתודנטיה- יישור שיניים לילדים ומבוגרים,sentence,dental-aesthetics,on_request,,website,/ops/businesses?branch=91a1118d-d90b-40a9-94fc-7b0c3c36fe11
c5599d4f-45e5-410e-9ba4-b63d35d2e0bf,91a1118d-d90b-40a9-94fc-7b0c3c36fe11,"סגול - מרפאת שיניים לילדים ומבוגרים, טיפולים פרטיים",מעלה אדומים,jerusalem,"תיקון תריסים מכל הסוגים, כולל תריסים חשמליים",sentence,brows-lashes,on_request,,website,/ops/businesses?branch=91a1118d-d90b-40a9-94fc-7b0c3c36fe11
79a8a4b6-38f3-44c2-beef-128bab309be7,428b9c2b-b87d-4cb3-82d5-83d155ae79c1,ARcosmetolog,נהריה,north,"Almond, milk, enzyme, glycol, ultrasonic peeling",sentence,facials,from,250,website,/ops/businesses?branch=428b9c2b-b87d-4cb3-82d5-83d155ae79c1
03971474-b510-425c-92f8-980ebec42f4d,428b9c2b-b87d-4cb3-82d5-83d155ae79c1,ARcosmetolog,נהריה,north,"Vacuum roller massage, ultrasonic cleaning, RF lifting",sentence,spa-massage,from,250,website,/ops/businesses?branch=428b9c2b-b87d-4cb3-82d5-83d155ae79c1
c41decfb-d262-4daf-b006-090c2358fdda,cc65a219-ea6b-4325-8cea-7807dd28a4fa,לירן איפור קבוע ובניית ציפורניים.,נהריה,north,אנו מציעים מגוון שירותים מתקדמים בתחום האיפור הקבוע,sentence,,on_request,,website,/ops/businesses?branch=cc65a219-ea6b-4325-8cea-7807dd28a4fa
4666bca6-cb86-4f80-af0d-85037b40c0f7,f519049e-b3ab-4dd0-91c4-b4f944cef39c,LA CLÍNICA,נהריה,north,דף הבית / טיפולים / בוטוקס בוטוקס,sentence,medical-aesthetics,on_request,,website,/ops/businesses?branch=f519049e-b3ab-4dd0-91c4-b4f944cef39c
a9acef32-c81c-4be3-a738-4f1b6b22aef2,f519049e-b3ab-4dd0-91c4-b4f944cef39c,LA CLÍNICA,נהריה,north,דף הבית / טיפולים / חומצה היאלורונית חומצה היאלורונית,sentence,medical-aesthetics,on_request,,website,/ops/businesses?branch=f519049e-b3ab-4dd0-91c4-b4f944cef39c
b11f27c1-b340-47b6-8051-e1789f9d77b9,0dc89d04-4269-4f7c-96ca-df421920dbf1,magical care yaniv azran,נהריה,north,הטיפול מתבצע בעזרת טכנולוגיית המזותרפיה.,sentence,medical-aesthetics,on_request,,website,/ops/businesses?branch=0dc89d04-4269-4f7c-96ca-df421920dbf1
9c8634f4-82dd-4903-bbed-ca9380961d31,23b14542-a951-4680-94fe-77ed146bce0f,מימו - מכון היופי הלבנוני,נהריה,north,ופדיקור.,sentence,nails,on_request,,website,/ops/businesses?branch=23b14542-a951-4680-94fe-77ed146bce0f
a0667d8a-2da8-4e05-a2a2-fa0c7a22d761,ee4d7d41-ed59-4253-a44f-a35d78f933c7,הפינה של טלי בנהריה-דירות אירוח וספא בריאות,נהריה,north,"חדר טיפולים (עיסוי שוודי , רפלקסולוגי, קרקפת ועוד)",sentence,spa-massage,fixed,250,website,/ops/businesses?branch=ee4d7d41-ed59-4253-a44f-a35d78f933c7
d754b072-3535-4013-9491-b9ccbfd4d79a,0dc89d04-4269-4f7c-96ca-df421920dbf1,magical care yaniv azran,נהריה,north,טיפול בכתמי פיגמנטציה והאחדת גוון העור,sentence,facials,on_request,,website,/ops/businesses?branch=0dc89d04-4269-4f7c-96ca-df421920dbf1
575c5249-27c1-40d4-876a-ce3567764e92,0dc89d04-4269-4f7c-96ca-df421920dbf1,magical care yaniv azran,נהריה,north,טיפול יעיל לעור הנוטה לאקנה וצלקות,sentence,facials,on_request,,website,/ops/businesses?branch=0dc89d04-4269-4f7c-96ca-df421920dbf1
934182a2-e29b-4f38-813b-93b2e59e7530,673a7dd4-66ca-46e0-bb54-e327c3587207,רחלי קוסמטיקס נהריה,נהריה,north,טיפולי פנים | רחלי קוסמטיקס נהריה,sentence,facials,on_request,,website,/ops/businesses?branch=673a7dd4-66ca-46e0-bb54-e327c3587207
2984d392-7197-4c9c-b0ff-64366ba59efb,673a7dd4-66ca-46e0-bb54-e327c3587207,רחלי קוסמטיקס נהריה,נהריה,north,טיפולי פנים נהריה | רחלי קוסמטיקס נהריה,sentence,facials,on_request,,website,/ops/businesses?branch=673a7dd4-66ca-46e0-bb54-e327c3587207
524869df-4279-4273-bee8-02a065bcaf46,f519049e-b3ab-4dd0-91c4-b4f944cef39c,LA CLÍNICA,נהריה,north,"ייעוץ ראשוני תאום מהיר ב-WhatsApp נהריה, צפון ישראל",sentence,,free,0,website,/ops/businesses?branch=f519049e-b3ab-4dd0-91c4-b4f944cef39c
1f99a454-f110-447a-ade9-8fabd80081dd,f519049e-b3ab-4dd0-91c4-b4f944cef39c,LA CLÍNICA,נהריה,north,ייעוץ ראשוני תוצאות טבעיות התאמה אישית,sentence,,free,0,website,/ops/businesses?branch=f519049e-b3ab-4dd0-91c4-b4f944cef39c
40f061ab-f961-472d-a227-e798f685701b,0dc89d04-4269-4f7c-96ca-df421920dbf1,magical care yaniv azran,נהריה,north,לקביעת תור לייעוץ לגלות איך לקבל עור זוהר ובריא,sentence,,free,0,website,/ops/businesses?branch=0dc89d04-4269-4f7c-96ca-df421920dbf1
e0d285a0-6c1d-4340-83af-28b2b506ef41,23b14542-a951-4680-94fe-77ed146bce0f,מימו - מכון היופי הלבנוני,נהריה,north,מכון היופי הלבנוני - איפור קבוע,sentence,permanent-makeup,on_request,,website,/ops/businesses?branch=23b14542-a951-4680-94fe-77ed146bce0f
9e4e7900-ef35-4784-a36a-3aa63dc90ca9,23b14542-a951-4680-94fe-77ed146bce0f,מימו - מכון היופי הלבנוני,נהריה,north,מכון היופי הלבנוני - טיפולי פנים,sentence,facials,on_request,,website,/ops/businesses?branch=23b14542-a951-4680-94fe-77ed146bce0f
5acc1ca0-a269-4335-881f-bb8007488719,c879aafa-4713-409f-bba6-b630b511b6f4,מרינה קוסמטיקס,נהריה,north,מכירה מוצרי קוסמטיקה,product,,on_request,,website,/ops/businesses?branch=c879aafa-4713-409f-bba6-b630b511b6f4
795308aa-5a43-42c1-a734-b5bd081a7ff2,0dc89d04-4269-4f7c-96ca-df421920dbf1,magical care yaniv azran,נהריה,north,עיסוי מרגיע לשחרור מתחים והרפיה עמוקה,sentence,spa-massage,on_request,,website,/ops/businesses?branch=0dc89d04-4269-4f7c-96ca-df421920dbf1
22793857-9516-4e2a-922d-f057b6fee572,8d6eddba-0a9d-466f-84d5-94586d40f31b,Meital Ram professional makeup artist and cosmetologist,נהריה,north,"עיצוב גבות,איפור ערב,מיקרובליידינג,לק ג'ל ,הלחמת ריסים,הרמת ריסים",sentence,,on_request,,website,/ops/businesses?branch=8d6eddba-0a9d-466f-84d5-94586d40f31b
64bc9d0b-4d67-4f60-bdcb-ba8513bffbdc,673a7dd4-66ca-46e0-bb54-e327c3587207,רחלי קוסמטיקס נהריה,נהריה,north,פילינג לפנים | רחלי קוסמטיקס נהריה,sentence,facials,on_request,,website,/ops/businesses?branch=673a7dd4-66ca-46e0-bb54-e327c3587207
fdfc41e8-49e4-4fbd-9eb6-a5485591ef5c,673a7dd4-66ca-46e0-bb54-e327c3587207,רחלי קוסמטיקס נהריה,נהריה,north,פילינג לפנים – סיכונים ותופעות לוואי,sentence,facials,on_request,,website,/ops/businesses?branch=673a7dd4-66ca-46e0-bb54-e327c3587207
4fbd7219-2f8e-4a11-a29b-31969e9926dd,ec8ef87a-aa69-4978-958b-0f1ccdae96e4,Lisa Beauty Boutique,נתניה,sharon,Acne and breakout facial treatment in Netanya,sentence,facials,on_request,,website,/ops/businesses?branch=ec8ef87a-aa69-4978-958b-0f1ccdae96e4
54a947fe-cdd2-4da8-ab6b-f077edd953d3,ec8ef87a-aa69-4978-958b-0f1ccdae96e4,Lisa Beauty Boutique,נתניה,sharon,Acne scar treatment in Netanya | Lisa Beauty Boutique,sentence,facials,on_request,,website,/ops/businesses?branch=ec8ef87a-aa69-4978-958b-0f1ccdae96e4
b29b7544-3b9f-48bb-bf3d-35cbde7809d9,ec8ef87a-aa69-4978-958b-0f1ccdae96e4,Lisa Beauty Boutique,נתניה,sharon,"Acne treatment in Netanya, where it takes place",sentence,facials,on_request,,website,/ops/businesses?branch=ec8ef87a-aa69-4978-958b-0f1ccdae96e4
5697a5c2-919e-4a95-a364-47d58ca7a90a,ec8ef87a-aa69-4978-958b-0f1ccdae96e4,Lisa Beauty Boutique,נתניה,sharon,"Adult acne, including in your thirties and forties",sentence,facials,on_request,,website,/ops/businesses?branch=ec8ef87a-aa69-4978-958b-0f1ccdae96e4
34a4ee79-d18b-477e-b4c7-d471049f7f0a,292e812b-f807-4590-ab52-c44b97e6f327,ד״ר שי לי אלמוג - מרפאה אסתטית,נתניה,sharon,Baby Botox – ריכוך עדין עם מקסימום טבעיות,sentence,medical-aesthetics,on_request,,website,/ops/businesses?branch=292e812b-f807-4590-ab52-c44b97e6f327
4145765b-e96a-494e-abb3-7c14be55da2e,9feafe57-9c78-486d-abb4-090082598306,אודליה - הסוד ליופי שלך,נתניה,sharon,Browser and assistive technology compatibility,sentence,,on_request,,website,/ops/businesses?branch=9feafe57-9c78-486d-abb4-090082598306
4d3bd3b7-b309-420d-8be4-cd2908caa411,a62f3349-82fc-4766-ad60-d87a3d863b50,M.L Beautique,נתניה,sharon,Candy Lips ( כולל תיקון ),sentence,,fixed,1500,website,/ops/businesses?branch=a62f3349-82fc-4766-ad60-d87a3d863b50
37ed8159-ddb7-4d30-8bf6-e344670a14de,ec8ef87a-aa69-4978-958b-0f1ccdae96e4,Lisa Beauty Boutique,נתניה,sharon,Cosmetic acne facial in Netanya | Lisa Beauty Boutique,sentence,facials,on_request,,website,/ops/businesses?branch=ec8ef87a-aa69-4978-958b-0f1ccdae96e4
4efe3b92-87c4-4cbd-aca2-cb3c85b95085,ec8ef87a-aa69-4978-958b-0f1ccdae96e4,Lisa Beauty Boutique,נתניה,sharon,Cosmetic acne scar care in Netanya,sentence,facials,on_request,,website,/ops/businesses?branch=ec8ef87a-aa69-4978-958b-0f1ccdae96e4
8f9e25df-c3dd-4b21-8e0b-856e7b64fb55,ec8ef87a-aa69-4978-958b-0f1ccdae96e4,Lisa Beauty Boutique,נתניה,sharon,Depressions and atrophic scars left after acne,sentence,facials,on_request,,website,/ops/businesses?branch=ec8ef87a-aa69-4978-958b-0f1ccdae96e4
a2637c37-21a6-4d61-a1c3-5157ee309c9f,ec8ef87a-aa69-4978-958b-0f1ccdae96e4,Lisa Beauty Boutique,נתניה,sharon,Facial treatment for acne and breakouts,sentence,facials,on_request,,website,/ops/businesses?branch=ec8ef87a-aa69-4978-958b-0f1ccdae96e4
8e36cb0c-4cc7-4b29-8c16-12e9add6fd57,292e812b-f807-4590-ab52-c44b97e6f327,ד״ר שי לי אלמוג - מרפאה אסתטית,נתניה,sharon,Full Face Botox – גישה כוללת לאיזון הפנים,sentence,medical-aesthetics,on_request,,website,/ops/businesses?branch=292e812b-f807-4590-ab52-c44b97e6f327
17d1c317-9304-4ecd-abb7-af91cd6fb386,ec8ef87a-aa69-4978-958b-0f1ccdae96e4,Lisa Beauty Boutique,נתניה,sharon,Mesotherapy and microneedling to encourage tissue rebuilding,sentence,medical-aesthetics,on_request,,website,/ops/businesses?branch=ec8ef87a-aa69-4978-958b-0f1ccdae96e4
d63f1586-f49e-49d5-9404-b1701c51b718,ec8ef87a-aa69-4978-958b-0f1ccdae96e4,Lisa Beauty Boutique,נתניה,sharon,Mesotherapy for acne scars and wrinkles,sentence,medical-aesthetics,on_request,,website,/ops/businesses?branch=ec8ef87a-aa69-4978-958b-0f1ccdae96e4
1abb0fd3-c0da-4356-8fb0-91d124d0e449,d92408a6-38d6-484e-9716-e8bb41613e76,Netanya - institut beauté esthétic ELODERMO,נתניה,sharon,Microneedling - Soin Visage Régénération Cellulaire Haute Performance,sentence,facials,on_request,,website,/ops/businesses?branch=d92408a6-38d6-484e-9716-e8bb41613e76
0f8d0218-48e5-456f-81bd-8ef1d3271990,4ce7564b-7c3c-4c2c-b98a-4286a0bbce5a,Natalia Shatilo skin expert,נתניה,sharon,"NeoMassage – усиление локального кровотока и метаболизма, лимфодренаж.",sentence,,on_request,,website,/ops/businesses?branch=4ce7564b-7c3c-4c2c-b98a-4286a0bbce5a
5991d9a4-60f4-4994-8994-c27a912e8f0a,f7b321ea-05f4-484f-b3c8-a546484e8ebe,"Dr. Tatiana Ishai / ד""ר טטיאנה ישי / רפואה אסתטית / קוסמטיקאית נתניה",נתניה,sharon,PRP of the scalp (Platelet-Rich Plasma),sentence,medical-aesthetics,on_request,,website,/ops/businesses?branch=f7b321ea-05f4-484f-b3c8-a546484e8ebe
c5813c4c-41f8-4430-b48f-554f20c4b618,d2a7ede3-6c74-4058-bf46-0c97454381dc,Jessica Beauty Experiences,נתניה,sharon,"Semi-permanent makeup (eyebrows, lips, eyeliner)",sentence,permanent-makeup,on_request,,website,/ops/businesses?branch=d2a7ede3-6c74-4058-bf46-0c97454381dc
dc9981b3-47ba-4c8b-9a25-bfdf6ecd8ef9,2205e359-d2e7-410a-b77e-d01ac6aeb05b,M.Beauty,נתניה,sharon,Shampoo & conditioning,product,,on_request,,website,/ops/businesses?branch=2205e359-d2e7-410a-b77e-d01ac6aeb05b
191bf88b-d49c-438a-863e-3844fa426b59,d92408a6-38d6-484e-9716-e8bb41613e76,Netanya - institut beauté esthétic ELODERMO,נתניה,sharon,"Soins Correcteurs Ciblés (Acné, Peeling anti-taches pigmentaires)",sentence,facials,on_request,,website,/ops/businesses?branch=d92408a6-38d6-484e-9716-e8bb41613e76
40be14f5-3f5c-40a1-aac7-1cde39a3de2e,ec8ef87a-aa69-4978-958b-0f1ccdae96e4,Lisa Beauty Boutique,נתניה,sharon,Teenagers and adults dealing with acne,sentence,facials,on_request,,website,/ops/businesses?branch=ec8ef87a-aa69-4978-958b-0f1ccdae96e4
5aafcd9f-f49b-4b33-8b62-95ccdd307725,4ce7564b-7c3c-4c2c-b98a-4286a0bbce5a,Natalia Shatilo skin expert,נתניה,sharon,oт,function_word,,fixed,200,website,/ops/businesses?branch=4ce7564b-7c3c-4c2c-b98a-4286a0bbce5a
34bf53c9-4505-4f10-a6d1-15ffd152c762,b4d20139-068b-430d-a18c-e425af019fbd,Esthetic lab,נתניה,sharon,Лечение,function_word,,on_request,,website,/ops/businesses?branch=b4d20139-068b-430d-a18c-e425af019fbd
f68ee14a-0ea3-4261-b958-211c50572c5d,b4d20139-068b-430d-a18c-e425af019fbd,Esthetic lab,נתניה,sharon,Морщины,function_word,,on_request,,website,/ops/businesses?branch=b4d20139-068b-430d-a18c-e425af019fbd
3f850bd6-59dc-482e-81e8-eff478522e55,b4d20139-068b-430d-a18c-e425af019fbd,Esthetic lab,נתניה,sharon,Пигментация,function_word,,on_request,,website,/ops/businesses?branch=b4d20139-068b-430d-a18c-e425af019fbd
23b8ce23-a07d-47cc-b804-a86f57206f9b,b4d20139-068b-430d-a18c-e425af019fbd,Esthetic lab,נתניה,sharon,Пилинги,function_word,,on_request,,website,/ops/businesses?branch=b4d20139-068b-430d-a18c-e425af019fbd
30603e7a-2da4-40ee-a41b-1c1da3ef4fe2,b4d20139-068b-430d-a18c-e425af019fbd,Esthetic lab,נתניה,sharon,Шрамы,function_word,,on_request,,website,/ops/businesses?branch=b4d20139-068b-430d-a18c-e425af019fbd
66c1296a-b66d-4bf7-aaf6-0f3b80b5d533,4ce7564b-7c3c-4c2c-b98a-4286a0bbce5a,Natalia Shatilo skin expert,נתניה,sharon,Эксклюзивные уходовые процедуры Biologique Recherche,sentence,,range,600,website,/ops/businesses?branch=4ce7564b-7c3c-4c2c-b98a-4286a0bbce5a
e5995347-4f44-4f48-bab5-c79987477e52,f7b321ea-05f4-484f-b3c8-a546484e8ebe,"Dr. Tatiana Ishai / ד""ר טטיאנה ישי / רפואה אסתטית / קוסמטיקאית נתניה",נתניה,sharon,инъекции,function_word,,on_request,,website,/ops/businesses?branch=f7b321ea-05f4-484f-b3c8-a546484e8ebe
91427f7b-df6f-4ac7-95c8-6bf64bdcb645,6baaa354-09dd-4a30-9cdd-254aa7dbe477,AN.GEL BEAUTY BOUTIQUE,נתניה,sharon,карбокситерапия,function_word,,on_request,,website,/ops/businesses?branch=6baaa354-09dd-4a30-9cdd-254aa7dbe477
72e749b6-b1a7-493a-9a61-7465bd43c32c,f75a7f80-31e0-4bce-aadd-96948bbce4b3,VIRGINIE institut de beauté וירג'יני קוסמטיקה מתקדמת ליופי ובריאות,נתניה,sharon,אבחון ויעוץ אישי לאורח חיים בריא,sentence,,on_request,,website,/ops/businesses?branch=f75a7f80-31e0-4bce-aadd-96948bbce4b3
495db296-c908-4139-bd04-09702ce569fe,4fafb4c6-081c-4afe-8f63-1aadbf36442f,גלית כשריאן,נתניה,sharon,אודות גלית כשריאן - גלית כשריאן מאפרת,sentence,makeup,on_request,,website,/ops/businesses?branch=4fafb4c6-081c-4afe-8f63-1aadbf36442f
5f940105-1fcb-4abd-98d7-047798bc1710,231149f6-0672-4876-a110-78b9b6e006e8,בוסטון קליניק,נתניה,sharon,אורנית ממליצה על מתיחת פנים עם חוטים,sentence,plastic-surgery,on_request,,website,/ops/businesses?branch=231149f6-0672-4876-a110-78b9b6e006e8
28329a96-f28d-457d-9361-49faf4339471,231149f6-0672-4876-a110-78b9b6e006e8,בוסטון קליניק,נתניה,sharon,אזורי טיפול נפוצים להזרקת חומצה היאלורונית,sentence,medical-aesthetics,on_request,,website,/ops/businesses?branch=231149f6-0672-4876-a110-78b9b6e006e8
1d71fce0-4330-47f9-80a4-dd528791b994,a3d15045-f65e-4e60-ab93-fc03135d67d8,לייזר פרו,נתניה,sharon,איך מתבצע טיפול אקנה בלייזר בשלבים,article,facials,on_request,,website,/ops/businesses?branch=a3d15045-f65e-4e60-ab93-fc03135d67d8
2aa68e17-e6bb-49bc-944b-be5957547de6,d9468ad1-4226-4c95-b480-fdc6f8548f9f,סטודיו גבות הילה שרון,נתניה,sharon,איך עושים הרמת ריסים,article,brows-lashes,on_request,,website,/ops/businesses?branch=d9468ad1-4226-4c95-b480-fdc6f8548f9f
8a398d7e-df9f-4010-a0d8-d2ed6556a09c,ec8ef87a-aa69-4978-958b-0f1ccdae96e4,Lisa Beauty Boutique,נתניה,sharon,איך פועלת טכנולוגיית הפלזמה,article,medical-aesthetics,on_request,,website,/ops/businesses?branch=ec8ef87a-aa69-4978-958b-0f1ccdae96e4
bbdc1b51-f740-4f13-a0da-47dd286e0527,d9468ad1-4226-4c95-b480-fdc6f8548f9f,סטודיו גבות הילה שרון,נתניה,sharon,איך צובעים ריסים,article,brows-lashes,on_request,,website,/ops/businesses?branch=d9468ad1-4226-4c95-b480-fdc6f8548f9f
75f81a44-44ea-4a70-8cce-ee161839b8ad,d2a7ede3-6c74-4058-bf46-0c97454381dc,Jessica Beauty Experiences,נתניה,sharon,איפור קבוע איילינר | Eye-liner Semi-Permanent | Permanent Eyeliner,sentence,permanent-makeup,on_request,,website,/ops/businesses?branch=d2a7ede3-6c74-4058-bf46-0c97454381dc
8f1c77ce-0cce-4194-a0df-43be38f40652,d2a7ede3-6c74-4058-bf46-0c97454381dc,Jessica Beauty Experiences,נתניה,sharon,איפור קבוע גבות | Maquillage Semi-Permanent Sourcils | Permanent Eyebrows,sentence,permanent-makeup,on_request,,website,/ops/businesses?branch=d2a7ede3-6c74-4058-bf46-0c97454381dc
1a244f31-0951-42cb-b65a-1e2642cab527,d2a7ede3-6c74-4058-bf46-0c97454381dc,Jessica Beauty Experiences,נתניה,sharon,איפור קבוע שפתיים | Maquillage Semi-Permanent Lèvres | Permanent Lips,sentence,permanent-makeup,on_request,,website,/ops/businesses?branch=d2a7ede3-6c74-4058-bf46-0c97454381dc
74d283de-42a6-42e0-a006-92c1e1dc2683,c5c75f84-9b81-4d07-9ce9-3add023f37a1,מרפאת שיניים בנתניה Les Experts,נתניה,sharon,אנחנו גם מציעים טיפולי יישור שיניים לילדים.,sentence,dental-aesthetics,on_request,,website,/ops/businesses?branch=c5c75f84-9b81-4d07-9ce9-3add023f37a1
b015868b-704f-4828-a988-d2e8bc4d0188,292e812b-f807-4590-ab52-c44b97e6f327,ד״ר שי לי אלמוג - מרפאה אסתטית,נתניה,sharon,"אסתטיקה לגברים: בוטוקס, קו לסת והזעת יתר",sentence,medical-aesthetics,on_request,,website,/ops/businesses?branch=292e812b-f807-4590-ab52-c44b97e6f327
d4a7684d-0bf0-4db8-a19f-41492cd6a210,231149f6-0672-4876-a110-78b9b6e006e8,בוסטון קליניק,נתניה,sharon,אפשרות לשינויים אסתטיים ללא ניתוח פולשני,sentence,plastic-surgery,on_request,,website,/ops/businesses?branch=231149f6-0672-4876-a110-78b9b6e006e8
e8aaa00a-0cf7-4073-aa2c-9051ff0f6228,ec8ef87a-aa69-4978-958b-0f1ccdae96e4,Lisa Beauty Boutique,נתניה,sharon,"אקנה בגיל מבוגר, לרבות בשנות השלושים והארבעים",sentence,facials,on_request,,website,/ops/businesses?branch=ec8ef87a-aa69-4978-958b-0f1ccdae96e4
3de73479-bdde-4eb9-9320-53ead118fd3d,836eb136-9d0c-47c2-af20-450f77ce79fa,Oron Avidan medical esthetician,נתניה,sharon,"אקנה פעילה בפנים, בגב או בחזה",sentence,facials,on_request,,website,/ops/businesses?branch=836eb136-9d0c-47c2-af20-450f77ce79fa
49112a60-9747-4c8d-85e3-5444574e7f47,d2a7ede3-6c74-4058-bf46-0c97454381dc,Jessica Beauty Experiences,נתניה,sharon,אקסטנשן ריסים | Extensions de Cils | Eyelash Extensions,sentence,brows-lashes,on_request,,website,/ops/businesses?branch=d2a7ede3-6c74-4058-bf46-0c97454381dc
1f7e423e-bd78-4f77-a683-a3a45b0116c7,1944347e-8b37-42a0-84b6-27814bcbc370,אורלי ברטלר - קליניקה לקוסמטיקה ואסתטיקה,נתניה,sharon,בדיקה ויזואלית עם מכשור אופטי מתקדם לאיתור עומק הפיגמנטציה.,sentence,facials,on_request,,website,/ops/businesses?branch=1944347e-8b37-42a0-84b6-27814bcbc370
0002afc5-f3a3-487d-a2a0-7f53f823ef16,231149f6-0672-4876-a110-78b9b6e006e8,בוסטון קליניק,נתניה,sharon,בוטוקס - טיפולי בוטוקס והזרקות בוטוקס | בוסטון קליניק,sentence,medical-aesthetics,on_request,,website,/ops/businesses?branch=231149f6-0672-4876-a110-78b9b6e006e8
57566296-affd-434a-8d81-c79596c20143,292e812b-f807-4590-ab52-c44b97e6f327,ד״ר שי לי אלמוג - מרפאה אסתטית,נתניה,sharon,בוטוקס - כל מה שחשוב לדעת,sentence,medical-aesthetics,on_request,,website,/ops/businesses?branch=292e812b-f807-4590-ab52-c44b97e6f327
261b839e-18d5-4966-88ae-9e63c9d42a0a,231149f6-0672-4876-a110-78b9b6e006e8,בוסטון קליניק,נתניה,sharon,בוטוקס : ההשפעה נמשכת בדרך כלל 3-6 חודשים.,sentence,medical-aesthetics,on_request,,website,/ops/businesses?branch=231149f6-0672-4876-a110-78b9b6e006e8
710be6fc-f60c-41f2-9612-94db28afe3c2,292e812b-f807-4590-ab52-c44b97e6f327,ד״ר שי לי אלמוג - מרפאה אסתטית,נתניה,sharon,בוטוקס בנתניה | קליניקה אסתטית | ד״ר שי-לי אלמוג,sentence,medical-aesthetics,on_request,,website,/ops/businesses?branch=292e812b-f807-4590-ab52-c44b97e6f327
e3877fce-71e2-41cf-b2bc-8da40bd411b6,6bbc94c6-6975-4221-905e-912677e4b6f0,"כירורג פלסטי בנתניה - ד""ר טנצר",נתניה,sharon,בחדר הניתוח מבוצעות פרוצדורות בהרדמה מקומית בלבד.,sentence,plastic-surgery,on_request,,website,/ops/businesses?branch=6bbc94c6-6975-4221-905e-912677e4b6f0
ca44b576-9161-414c-9619-b127102773ca,d2a7ede3-6c74-4058-bf46-0c97454381dc,Jessica Beauty Experiences,נתניה,sharon,"ביטויי יופי ג'סיקה ביוטי קוסמטיקה, לייזר ואיפור קבוע בנתניה",sentence,permanent-makeup,on_request,,website,/ops/businesses?branch=d2a7ede3-6c74-4058-bf46-0c97454381dc
5ad0bae9-2932-4d2e-aee8-4b846abdf312,836eb136-9d0c-47c2-af20-450f77ce79fa,Oron Avidan medical esthetician,נתניה,sharon,בית טיפול באקנה וצלקות אקנה קליניקה פרטית בנתניה,sentence,facials,on_request,,website,/ops/businesses?branch=836eb136-9d0c-47c2-af20-450f77ce79fa
0adc2a43-ad2a-425d-afed-1731823d0ca2,836eb136-9d0c-47c2-af20-450f77ce79fa,Oron Avidan medical esthetician,נתניה,sharon,בית טיפול בפיגמנטציה קליניקה פרטית בנתניה,sentence,facials,on_request,,website,/ops/businesses?branch=836eb136-9d0c-47c2-af20-450f77ce79fa
34b998ed-26d4-47b2-bfba-ffaeaaa0556d,836eb136-9d0c-47c2-af20-450f77ce79fa,Oron Avidan medical esthetician,נתניה,sharon,בית טיפולי פנים רפואיים קליניקה פרטית בנתניה,sentence,facials,on_request,,website,/ops/businesses?branch=836eb136-9d0c-47c2-af20-450f77ce79fa
5b9ab8ac-e6c0-4f2a-8dd3-51cbdd3fcd1f,836eb136-9d0c-47c2-af20-450f77ce79fa,Oron Avidan medical esthetician,נתניה,sharon,בית טיפולים טיפולי פנים רפואיים טיפולי פנים רפואיים,sentence,facials,on_request,,website,/ops/businesses?branch=836eb136-9d0c-47c2-af20-450f77ce79fa
1881e678-fc7c-4c79-a3b2-acfaae991e45,292e812b-f807-4590-ab52-c44b97e6f327,ד״ר שי לי אלמוג - מרפאה אסתטית,נתניה,sharon,בית › בוטוקס › הזעת יתר,sentence,medical-aesthetics,on_request,,website,/ops/businesses?branch=292e812b-f807-4590-ab52-c44b97e6f327
c26cb324-c81b-494f-bc12-ae6c7644f697,292e812b-f807-4590-ab52-c44b97e6f327,ד״ר שי לי אלמוג - מרפאה אסתטית,נתניה,sharon,בית › חומצה היאלורונית › ברקוד,sentence,medical-aesthetics,on_request,,website,/ops/businesses?branch=292e812b-f807-4590-ab52-c44b97e6f327
551cf0fa-88d0-4293-878a-b14a3e54872a,292e812b-f807-4590-ab52-c44b97e6f327,ד״ר שי לי אלמוג - מרפאה אסתטית,נתניה,sharon,בית › חומצה היאלורונית › קווי מריונטה,sentence,medical-aesthetics,on_request,,website,/ops/businesses?branch=292e812b-f807-4590-ab52-c44b97e6f327
901179df-e16b-4ef2-8a47-ef7b30d5f7af,292e812b-f807-4590-ab52-c44b97e6f327,ד״ר שי לי אלמוג - מרפאה אסתטית,נתניה,sharon,בית › חומצה היאלורונית › קפלי נאזו-לביאל,sentence,medical-aesthetics,on_request,,website,/ops/businesses?branch=292e812b-f807-4590-ab52-c44b97e6f327
b4705f1b-491d-4474-a3ac-560bf5a365a8,6bbc94c6-6975-4221-905e-912677e4b6f0,"כירורג פלסטי בנתניה - ד""ר טנצר",נתניה,sharon,בעל ניסיון של אלפי ניתוחים בארץ ובעולם.,sentence,plastic-surgery,on_request,,website,/ops/businesses?branch=6bbc94c6-6975-4221-905e-912677e4b6f0
17b45d78-1c3a-4f9b-b5c6-2dfb7d0d6fd7,836eb136-9d0c-47c2-af20-450f77ce79fa,Oron Avidan medical esthetician,נתניה,sharon,גברים ונשים שסיימו תקופה של אקנה פעילה,sentence,facials,on_request,,website,/ops/businesses?branch=836eb136-9d0c-47c2-af20-450f77ce79fa
c60a8a5e-6ac4-4700-9bcf-d947229a5d80,231149f6-0672-4876-a110-78b9b6e006e8,בוסטון קליניק,נתניה,sharon,גלו את הסוד למראה מתוח וטבעי עם חוטים נמסים,sentence,medical-aesthetics,on_request,,website,/ops/businesses?branch=231149f6-0672-4876-a110-78b9b6e006e8
760f4fb4-f9c6-49aa-af34-591d20f669bd,f70728fb-8afe-4821-b68e-75621aa741be,HS COSMETICS- הילה שמעון קוסמטיקאית,נתניה,sharon,"גלי את השיטה המדויקת לריפוי פוסט-אקנה, צלקות וחטטים,",sentence,facials,on_request,,website,/ops/businesses?branch=f70728fb-8afe-4821-b68e-75621aa741be
22efd987-fd7f-4037-b62e-f0e961892238,1944347e-8b37-42a0-84b6-27814bcbc370,אורלי ברטלר - קליניקה לקוסמטיקה ואסתטיקה,נתניה,sharon,דיוק גבוה: ממוקד בכתמי פיגמנטציה בלבד.,sentence,facials,on_request,,website,/ops/businesses?branch=1944347e-8b37-42a0-84b6-27814bcbc370
6ba15336-3bb0-43e0-b1be-ee51cfe08e1c,2c7d157c-1a5f-4d87-ba96-4ee8685246f1,Royal Dent,נתניה,sharon,דף הבית / יישור שיניים שקוף Invisalign,sentence,dental-aesthetics,on_request,,website,/ops/businesses?branch=2c7d157c-1a5f-4d87-ba96-4ee8685246f1
494eb2f4-022e-41fe-8151-71869f188e81,1944347e-8b37-42a0-84b6-27814bcbc370,אורלי ברטלר - קליניקה לקוסמטיקה ואסתטיקה,נתניה,sharon,דף הבית » הטיפולים שלנו » טיפול אנטי אייג'ינג,sentence,facials,on_request,,website,/ops/businesses?branch=1944347e-8b37-42a0-84b6-27814bcbc370
a6dd6bda-db67-4ad8-ab1b-6136896f1bfd,1944347e-8b37-42a0-84b6-27814bcbc370,אורלי ברטלר - קליניקה לקוסמטיקה ואסתטיקה,נתניה,sharon,דף הבית » הטיפולים שלנו » טיפולי פיגמנטציה,sentence,facials,on_request,,website,/ops/businesses?branch=1944347e-8b37-42a0-84b6-27814bcbc370
03b32a05-0b28-4d3c-a48b-fe0ce1e45cae,48b8b155-73e3-4503-b2b9-48ca60b44a07,D-Shiny - אסתטיקה מתקדמת - סניף נתניה,נתניה,sharon,דף הבית » טיפולי שיניים » ניתוחי חניכיים,sentence,plastic-surgery,on_request,,website,/ops/businesses?branch=48b8b155-73e3-4503-b2b9-48ca60b44a07
3c202807-80bd-45b9-ba87-fe5deffa4646,a3d15045-f65e-4e60-ab93-fc03135d67d8,לייזר פרו,נתניה,sharon,האזורים הפופולאריים לטיפול בפיגמנטציה בלייזר,sentence,facials,on_request,,website,/ops/businesses?branch=a3d15045-f65e-4e60-ab93-fc03135d67d8
44b92d8f-2fd6-4fe7-ac38-3431ce89cef1,9feafe57-9c78-486d-abb4-090082598306,אודליה - הסוד ליופי שלך,נתניה,sharon,"הבהרת העור, טיפול בקמטים ומומחיות בטיפול באקנה.",sentence,facials,on_request,,website,/ops/businesses?branch=9feafe57-9c78-486d-abb4-090082598306
df52e0c6-39fc-4675-95de-d5f9a9f33d48,a62f3349-82fc-4766-ad60-d87a3d863b50,M.L Beautique,נתניה,sharon,"הדבקת ריסים להענקת מראה מודגש, נשי ומרשים לעיניים.",sentence,brows-lashes,on_request,,website,/ops/businesses?branch=a62f3349-82fc-4766-ad60-d87a3d863b50
3f8b3bcc-5234-446a-9aa9-8a9b51f3a9c5,4fafb4c6-081c-4afe-8f63-1aadbf36442f,גלית כשריאן,נתניה,sharon,הדרכות איפור עיניים - גלית כשריאן,sentence,makeup,on_request,,website,/ops/businesses?branch=4fafb4c6-081c-4afe-8f63-1aadbf36442f
d9f8a2f5-e6a4-45d3-9496-338cb0a49e66,4fafb4c6-081c-4afe-8f63-1aadbf36442f,גלית כשריאן,נתניה,sharon,הדרכות איפור עיניים – להדגיש את היופי,sentence,makeup,on_request,,website,/ops/businesses?branch=4fafb4c6-081c-4afe-8f63-1aadbf36442f
71d89697-4b90-468e-bbf0-18084ce9a5d9,4fafb4c6-081c-4afe-8f63-1aadbf36442f,גלית כשריאן,נתניה,sharon,הדרכות איפור ערב - גלית כשריאן,sentence,makeup,on_request,,website,/ops/businesses?branch=4fafb4c6-081c-4afe-8f63-1aadbf36442f
74c86dea-5c19-44ca-8ab1-7d12b64e6cb0,4fafb4c6-081c-4afe-8f63-1aadbf36442f,גלית כשריאן,נתניה,sharon,הדרכות איפור ערב – מתנה לכל החיים,sentence,makeup,on_request,,website,/ops/businesses?branch=4fafb4c6-081c-4afe-8f63-1aadbf36442f
714bbab2-4fff-4f21-957c-5ee9c6937c51,4fafb4c6-081c-4afe-8f63-1aadbf36442f,גלית כשריאן,נתניה,sharon,הדרכות איפור – כי ידע זה כוח,sentence,makeup,on_request,,website,/ops/businesses?branch=4fafb4c6-081c-4afe-8f63-1aadbf36442f
7291e4a2-38a4-4e85-ae97-ea55255c181a,231149f6-0672-4876-a110-78b9b6e006e8,בוסטון קליניק,נתניה,sharon,ההמלצה של חן לאחר טיפול בוטוקס,sentence,medical-aesthetics,on_request,,website,/ops/businesses?branch=231149f6-0672-4876-a110-78b9b6e006e8
0add0461-1d97-4e6b-af37-5cd8d976eac7,1913d0f4-a159-4324-98a6-7625a0feb019,סיגלית קוסמטיקה מתקדמת,נתניה,sharon,הורדת שיער לצמיתות בשיטת לייזר קר,sentence,,on_request,,website,/ops/businesses?branch=1913d0f4-a159-4324-98a6-7625a0feb019
a0e29ac8-8559-404f-8567-26ce807476ce,a62f3349-82fc-4766-ad60-d87a3d863b50,M.L Beautique,נתניה,sharon,הזמיני טיפול זה פרטים נוספים על פדיקור,sentence,nails,on_request,,website,/ops/businesses?branch=a62f3349-82fc-4766-ad60-d87a3d863b50
7b29479a-aa6a-4558-93e5-5fc901b34faa,a62f3349-82fc-4766-ad60-d87a3d863b50,M.L Beautique,נתניה,sharon,הזמיני טיפול זה פרטים נוספים על ציפורניים,sentence,nails,on_request,,website,/ops/businesses?branch=a62f3349-82fc-4766-ad60-d87a3d863b50
e9c19108-9da2-492d-b7ca-dafa3d60a58d,a3d15045-f65e-4e60-ab93-fc03135d67d8,לייזר פרו,נתניה,sharon,הזרקות - חומרי מילוי מילוי קמטים בפנים,sentence,medical-aesthetics,on_request,,website,/ops/businesses?branch=a3d15045-f65e-4e60-ab93-fc03135d67d8
78759bd4-227b-42aa-8c77-a60eeb7447f3,7050e53c-e4fb-4ce6-b0cf-07fac3a5738d,"ד""ר אלי שולמן - רפואה אסטתית",נתניה,sharon,"הזרקות חומצה היאלורונית: מה זה, מאפייני הטיפול",sentence,medical-aesthetics,on_request,,website,/ops/businesses?branch=7050e53c-e4fb-4ce6-b0cf-07fac3a5738d
2e9e53c7-e356-4997-9348-acbb3370f82f,231149f6-0672-4876-a110-78b9b6e006e8,בוסטון קליניק,נתניה,sharon,הזרקות מדויקות של בוטוקס לשרירים ספציפיים באזור האף.,sentence,medical-aesthetics,on_request,,website,/ops/businesses?branch=231149f6-0672-4876-a110-78b9b6e006e8
0f0c9ee3-36ef-43b3-beb6-d3971f2495cf,72546b1d-cb4c-4833-8733-a5534d6452bb,קליניקה בוטיק - POPULAR,נתניה,sharon,"הזרקות ע""י רופא מומחה, פיסול אף",sentence,,on_request,,website,/ops/businesses?branch=72546b1d-cb4c-4833-8733-a5534d6452bb
7f9ea170-d3b2-4ccc-9828-8d8019a198b8,6bbc94c6-6975-4221-905e-912677e4b6f0,"כירורג פלסטי בנתניה - ד""ר טנצר",נתניה,sharon,הזרקת רדיאס לפיסול פנים.,sentence,medical-aesthetics,on_request,,website,/ops/businesses?branch=6bbc94c6-6975-4221-905e-912677e4b6f0
d4cd6d01-b1f0-4df5-ad09-ff6bc8b7d5a3,7050e53c-e4fb-4ce6-b0cf-07fac3a5738d,"ד""ר אלי שולמן - רפואה אסטתית",נתניה,sharon,החדרת חומר ה- Radiesse בעזרת קנולה דקה באזורים מסוימים,sentence,medical-aesthetics,on_request,,website,/ops/businesses?branch=7050e53c-e4fb-4ce6-b0cf-07fac3a5738d
62c95d74-2d3e-4160-be77-05710d7d8cd4,292e812b-f807-4590-ab52-c44b97e6f327,ד״ר שי לי אלמוג - מרפאה אסתטית,נתניה,sharon,הייפו HIFU: מיצוק ומתיחת פנים ללא ניתוח וללא הזרקות,sentence,plastic-surgery,on_request,,website,/ops/businesses?branch=292e812b-f807-4590-ab52-c44b97e6f327
f7eddca6-5a49-424d-bbec-ee172392998a,292e812b-f807-4590-ab52-c44b97e6f327,ד״ר שי לי אלמוג - מרפאה אסתטית,נתניה,sharon,הייפו בנתניה - כל מה שחשוב לדעת,sentence,facials,on_request,,website,/ops/businesses?branch=292e812b-f807-4590-ab52-c44b97e6f327
0d78b0cd-8e1a-47a1-974f-5d682a12e50c,2c7d157c-1a5f-4d87-ba96-4ee8685246f1,Royal Dent,נתניה,sharon,היתרונות של Invisalign עבור יישור שיניים שקוף,article,dental-aesthetics,on_request,,website,/ops/businesses?branch=2c7d157c-1a5f-4d87-ba96-4ee8685246f1
3e7924fc-2dbf-4052-9ae5-18815ca9bca8,2c7d157c-1a5f-4d87-ba96-4ee8685246f1,Royal Dent,נתניה,sharon,הלבנת שיניים בלייזר - רק אצל המומחים,sentence,dental-aesthetics,on_request,,website,/ops/businesses?branch=2c7d157c-1a5f-4d87-ba96-4ee8685246f1
292040b4-4171-4b87-a748-a8a60f2252a9,2c7d157c-1a5f-4d87-ba96-4ee8685246f1,Royal Dent,נתניה,sharon,"הלבנת שיניים בלייזר: מדריך למחיר, שיטות ותוצאות",sentence,dental-aesthetics,on_request,,website,/ops/businesses?branch=2c7d157c-1a5f-4d87-ba96-4ee8685246f1
2e81d625-8e75-4a33-9763-e710aaad14f6,d2a7ede3-6c74-4058-bf46-0c97454381dc,Jessica Beauty Experiences,נתניה,sharon,הסרת כתמים ודיסכרומיות בטכנולוגיית PICO SECOND,sentence,facials,on_request,,website,/ops/businesses?branch=d2a7ede3-6c74-4058-bf46-0c97454381dc
c35ce28d-9e79-4ae2-a920-03701bebbf1a,292e812b-f807-4590-ab52-c44b97e6f327,ד״ר שי לי אלמוג - מרפאה אסתטית,נתניה,sharon,הסרת סנטר כפול ללא ניתוח בנתניה,sentence,plastic-surgery,on_request,,website,/ops/businesses?branch=292e812b-f807-4590-ab52-c44b97e6f327
ceeda29f-ee06-4f7d-9ea2-c3954d6e82f4,d2a7ede3-6c74-4058-bf46-0c97454381dc,Jessica Beauty Experiences,נתניה,sharon,הסרת קעקועים בפיקו לייזר | Détatouage Pico Laser | Pico Laser Tattoo Removal,sentence,,on_request,,website,/ops/businesses?branch=d2a7ede3-6c74-4058-bf46-0c97454381dc
7628ff90-b057-480b-af5f-8f4e50f290f6,d2a7ede3-6c74-4058-bf46-0c97454381dc,Jessica Beauty Experiences,נתניה,sharon,הסרת שיער בלייזר דור אחרון | Épilation Laser Définitive Dernière Génération | La,sentence,hair-removal,on_request,,website,/ops/businesses?branch=d2a7ede3-6c74-4058-bf46-0c97454381dc
a87a60a8-29bb-4f51-a9a3-3edb4764e529,35f921c0-fa05-431e-a420-9ff627f16f2c,קליניקה הילסקין,נתניה,sharon,הסרת שיער בפנים ללא גילוח בפוטואפילציה,sentence,hair-removal,on_request,,website,/ops/businesses?branch=35f921c0-fa05-431e-a420-9ff627f16f2c
fcd8ebff-b7de-4a00-88b1-295b6b787296,d2a7ede3-6c74-4058-bf46-0c97454381dc,Jessica Beauty Experiences,נתניה,sharon,הסרת שיער מקצועית עם מוצרים איכותיים,product,hair-removal,on_request,,website,/ops/businesses?branch=d2a7ede3-6c74-4058-bf46-0c97454381dc
e8aebc37-6639-4dd1-8b07-a34f542a10ed,72546b1d-cb4c-4833-8733-a5534d6452bb,קליניקה בוטיק - POPULAR,נתניה,sharon,הרמת עפעפיים לחא ניתוח. מיצוק ומתיחת צוואר,sentence,,on_request,,website,/ops/businesses?branch=72546b1d-cb4c-4833-8733-a5534d6452bb
8520ff1a-b7f1-425a-90f2-063b81e96790,d9468ad1-4226-4c95-b480-fdc6f8548f9f,סטודיו גבות הילה שרון,נתניה,sharon,השיטה הטבעית לשדרג את מראה הגבות- הרמת גבות למינציה,sentence,,on_request,,website,/ops/businesses?branch=d9468ad1-4226-4c95-b480-fdc6f8548f9f
59081dd3-f2ae-45b0-b820-3ce9e329c6e1,292e812b-f807-4590-ab52-c44b97e6f327,ד״ר שי לי אלמוג - מרפאה אסתטית,נתניה,sharon,השלמת ביוסטימולציה או בוטוקס לפי הצורך,sentence,medical-aesthetics,on_request,,website,/ops/businesses?branch=292e812b-f807-4590-ab52-c44b97e6f327
f4e5cffe-2f8c-4a2c-bebf-871b31fd6574,2c7d157c-1a5f-4d87-ba96-4ee8685246f1,Royal Dent,נתניה,sharon,השתלות שיניים - רק אצל המומחים,sentence,dental-aesthetics,on_request,,website,/ops/businesses?branch=2c7d157c-1a5f-4d87-ba96-4ee8685246f1
3734e69a-9464-4e72-9f01-e24ea6ca61d1,2c7d157c-1a5f-4d87-ba96-4ee8685246f1,Royal Dent,נתניה,sharon,השתלות שיניים ושתלים דנטליים — מבוא,sentence,dental-aesthetics,on_request,,website,/ops/businesses?branch=2c7d157c-1a5f-4d87-ba96-4ee8685246f1
585f174c-fc34-4c27-a175-e44e0a919ce1,a3d15045-f65e-4e60-ab93-fc03135d67d8,לייזר פרו,נתניה,sharon,השתלת שיער וטיפולי שיניים בטורקיה וגאורגיה טיפולי שיניים בגאורגיה,sentence,hair-restoration,on_request,,website,/ops/businesses?branch=a3d15045-f65e-4e60-ab93-fc03135d67d8
8169a86a-644b-4f4f-9ee8-0692cd1fdc0c,72546b1d-cb4c-4833-8733-a5534d6452bb,קליניקה בוטיק - POPULAR,נתניה,sharon,התמחות בטיפולי פנים בטכנולוגית לייזר ובטכנולוגיות נוספות,sentence,facials,on_request,,website,/ops/businesses?branch=72546b1d-cb4c-4833-8733-a5534d6452bb
04a537d1-987c-4a89-8680-283fcfd47621,2fa68a6a-e859-4918-8160-b752bfd4e86b,מרכז לרפואת שיניים אובול,נתניה,sharon,התקנת כתרים על גבי שתלים או גשר,sentence,dental-aesthetics,on_request,,website,/ops/businesses?branch=2fa68a6a-e859-4918-8160-b752bfd4e86b
8737307a-a2bd-4691-af48-5407a4193ab5,7050e53c-e4fb-4ce6-b0cf-07fac3a5738d,"ד""ר אלי שולמן - רפואה אסטתית",נתניה,sharon,זריקות Radiesse פופולאריות בגלל יתרונות הבאים,sentence,medical-aesthetics,on_request,,website,/ops/businesses?branch=7050e53c-e4fb-4ce6-b0cf-07fac3a5738d
df94f612-b452-4b7c-99a3-20b7401a9e96,2c7d157c-1a5f-4d87-ba96-4ee8685246f1,Royal Dent,נתניה,sharon,חוות דעת על יישור שיניים עם פלטות שקופות,sentence,dental-aesthetics,on_request,,website,/ops/businesses?branch=2c7d157c-1a5f-4d87-ba96-4ee8685246f1
bb52aaf7-acf3-4a02-8d4b-e0b4b72fe8ca,48b8b155-73e3-4503-b2b9-48ca60b44a07,D-Shiny - אסתטיקה מתקדמת - סניף נתניה,נתניה,sharon,חומצה היאלורונית חומצה היאלורונית בצידי הפה,sentence,medical-aesthetics,on_request,,website,/ops/businesses?branch=48b8b155-73e3-4503-b2b9-48ca60b44a07
ca088ebf-b892-4b36-8f24-b13720aadf70,231149f6-0672-4876-a110-78b9b6e006e8,בוסטון קליניק,נתניה,sharon,חומרים כמו חומצה היאלורונית מוזרקים לאזורים ספציפיים באף.,sentence,medical-aesthetics,on_request,,website,/ops/businesses?branch=231149f6-0672-4876-a110-78b9b6e006e8
4069e624-a6e2-4d19-9eb8-cf9cbec23a17,7050e53c-e4fb-4ce6-b0cf-07fac3a5738d,"ד""ר אלי שולמן - רפואה אסטתית",נתניה,sharon,טיפול Radiesse - ד״ר אלי שולמן,sentence,medical-aesthetics,on_request,,website,/ops/businesses?branch=7050e53c-e4fb-4ce6-b0cf-07fac3a5738d
84e09f97-ac6d-4264-b072-5c6f83b6db67,7050e53c-e4fb-4ce6-b0cf-07fac3a5738d,"ד""ר אלי שולמן - רפואה אסטתית",נתניה,sharon,"טיפול Radiesse: מה זה, יעילות יתרונות",sentence,medical-aesthetics,on_request,,website,/ops/businesses?branch=7050e53c-e4fb-4ce6-b0cf-07fac3a5738d
15dd4ac4-3455-4703-bfaf-f37623230244,1944347e-8b37-42a0-84b6-27814bcbc370,אורלי ברטלר - קליניקה לקוסמטיקה ואסתטיקה,נתניה,sharon,טיפול אנטי אייג'ינג - גליל מדיקל אסתטיקה,sentence,facials,on_request,,website,/ops/businesses?branch=1944347e-8b37-42a0-84b6-27814bcbc370
8df1711d-143a-4b0f-8e92-d087c6c7f22a,7050e53c-e4fb-4ce6-b0cf-07fac3a5738d,"ד""ר אלי שולמן - רפואה אסטתית",נתניה,sharon,טיפול אסתטי Radiesse כולל מספר שלבים,sentence,medical-aesthetics,on_request,,website,/ops/businesses?branch=7050e53c-e4fb-4ce6-b0cf-07fac3a5738d
473aaf5d-bab7-4c24-bbee-af63e8007728,a3d15045-f65e-4e60-ab93-fc03135d67d8,לייזר פרו,נתניה,sharon,טיפול אקנה בלייזר &ndash; כל השאלות והתשובות,sentence,facials,on_request,,website,/ops/businesses?branch=a3d15045-f65e-4e60-ab93-fc03135d67d8
5b437a18-433a-4384-8528-3a0a8efac4fb,a3d15045-f65e-4e60-ab93-fc03135d67d8,לייזר פרו,נתניה,sharon,"טיפול באקנה בלייזר ""> טיפול באקנה בלייזר",sentence,facials,on_request,,website,/ops/businesses?branch=a3d15045-f65e-4e60-ab93-fc03135d67d8
836496ab-1296-46b7-b11b-9bed94350548,ec8ef87a-aa69-4978-958b-0f1ccdae96e4,Lisa Beauty Boutique,נתניה,sharon,טיפול באקנה בנתניה - איפה זה קורה,sentence,facials,on_request,,website,/ops/businesses?branch=ec8ef87a-aa69-4978-958b-0f1ccdae96e4
21a63245-2a41-41e6-bcd2-c385f104248b,231149f6-0672-4876-a110-78b9b6e006e8,בוסטון קליניק,נתניה,sharon,טיפול בחומצה היאלורונית בעצמות הלחיים מתמקד ב,sentence,medical-aesthetics,on_request,,website,/ops/businesses?branch=231149f6-0672-4876-a110-78b9b6e006e8
bd653126-55ce-4e24-ac0e-78fdcee89f51,231149f6-0672-4876-a110-78b9b6e006e8,בוסטון קליניק,נתניה,sharon,טיפול בחומצה היאלורונית בצידי הפה מתמקד ב,sentence,medical-aesthetics,on_request,,website,/ops/businesses?branch=231149f6-0672-4876-a110-78b9b6e006e8
c22e3e0a-2c5b-4f80-b159-0fd3a2994757,836eb136-9d0c-47c2-af20-450f77ce79fa,Oron Avidan medical esthetician,נתניה,sharon,טיפול בעור שמן ונקבוביות מורחבות בנתניה,sentence,,on_request,,website,/ops/businesses?branch=836eb136-9d0c-47c2-af20-450f77ce79fa
9074b2a4-cb8f-41cb-8381-b0ce28ebc7e0,a3d15045-f65e-4e60-ab93-fc03135d67d8,לייזר פרו,נתניה,sharon,טיפול בפיגמנטציה - שיטות מומלצות להסרה ותוצאות צפויות,sentence,facials,on_request,,website,/ops/businesses?branch=a3d15045-f65e-4e60-ab93-fc03135d67d8
95926456-c2d2-4226-97dd-79bb78726b94,a3d15045-f65e-4e60-ab93-fc03135d67d8,לייזר פרו,נתניה,sharon,טיפול בפיגמנטציה בלייזר &ndash; כל השאלות והתשובות,sentence,facials,on_request,,website,/ops/businesses?branch=a3d15045-f65e-4e60-ab93-fc03135d67d8
b7efa365-6458-4c5a-b40c-d4e3d71b641c,ec8ef87a-aa69-4978-958b-0f1ccdae96e4,Lisa Beauty Boutique,נתניה,sharon,טיפול בפיגמנטציה בנתניה - בקליניקה שלי,sentence,facials,on_request,,website,/ops/businesses?branch=ec8ef87a-aa69-4978-958b-0f1ccdae96e4
313c42ac-dab8-455a-b7d2-c56a1f34faf5,a3d15045-f65e-4e60-ab93-fc03135d67d8,לייזר פרו,נתניה,sharon,"טיפול בפיגמנטציה: בפנים, גב, ידיים ומחשוף",sentence,facials,on_request,,website,/ops/businesses?branch=a3d15045-f65e-4e60-ab93-fc03135d67d8
f4bf53c1-515f-4368-a805-32ddd58e3708,b4d20139-068b-430d-a18c-e425af019fbd,Esthetic lab,נתניה,sharon,טיפול בצלקות פוסט אקנה ב 5 מפגשים,package,facials,on_request,,website,/ops/businesses?branch=b4d20139-068b-430d-a18c-e425af019fbd
73f553d9-64ff-41b1-a85e-4b74b817f1c6,2c7d157c-1a5f-4d87-ba96-4ee8685246f1,Royal Dent,נתניה,sharon,טיפול הלבנת שיניים בלייזר — מה לצפות,sentence,dental-aesthetics,on_request,,website,/ops/businesses?branch=2c7d157c-1a5f-4d87-ba96-4ee8685246f1
863aedf8-5a82-451b-8f4e-3fb03fe30876,708b1ada-047b-475a-a7d9-9d1f7e33681e,אלינור בכר | קוסמטיקה ורפואה סינית אסתטית מתקדמת,נתניה,sharon,טיפול טבעי לתופעות גיל המעבר ופוריות,sentence,,on_request,,website,/ops/businesses?branch=708b1ada-047b-475a-a7d9-9d1f7e33681e
147d29fb-d616-4322-a22e-7d48a3db0f12,e9800d5f-d2d9-4ed6-84a0-7709a73e8123,ביוטי קליניק נתניה,נתניה,sharon,טיפול לשיער בפקטורי גדילה ומיקרונידלינג (SkinPen),sentence,hair-salons,on_request,,website,/ops/businesses?branch=e9800d5f-d2d9-4ed6-84a0-7709a73e8123
5c0272d8-bf1d-4a36-b059-cfb31eb77708,e9800d5f-d2d9-4ed6-84a0-7709a73e8123,ביוטי קליניק נתניה,נתניה,sharon,טיפול מיקרונידלינג באמצעות מכשיר SkinPen המאושר על ידי ה-FDA.,sentence,facials,on_request,,website,/ops/businesses?branch=e9800d5f-d2d9-4ed6-84a0-7709a73e8123
d909a066-663e-48e9-a1de-aeef8323667a,a3d15045-f65e-4e60-ab93-fc03135d67d8,לייזר פרו,נתניה,sharon,"טיפול פילינג לייזר - סוגים, תוצאות צפויות ומרכזי טיפול",sentence,facials,on_request,,website,/ops/businesses?branch=a3d15045-f65e-4e60-ab93-fc03135d67d8
308c7cc9-3fc8-4337-afc7-4ed6e3da2234,ec8ef87a-aa69-4978-958b-0f1ccdae96e4,Lisa Beauty Boutique,נתניה,sharon,טיפול פנים אנטי אייג׳ינג לעור בוגר,sentence,facials,on_request,,website,/ops/businesses?branch=ec8ef87a-aa69-4978-958b-0f1ccdae96e4
659dbf85-fd66-49d2-9c86-bbe53c7cb557,9feafe57-9c78-486d-abb4-090082598306,אודליה - הסוד ליופי שלך,נתניה,sharon,טיפול פנים קלאסי - ניקוי עמוק,sentence,facials,fixed,300,website,/ops/businesses?branch=9feafe57-9c78-486d-abb4-090082598306
30b8838b-59db-4c0b-a01f-cbe16c069e0e,03bdb684-9953-4d1a-bccc-14d01c9dc326,"ד""ר אנה גודוביץ׳ - טיפולי אסתטיקה רפואית",נתניה,sharon,"טיפולי PRP (הידועים כ""טיפול הערפד"") לפנים",sentence,medical-aesthetics,on_request,,website,/ops/businesses?branch=03bdb684-9953-4d1a-bccc-14d01c9dc326
f7883816-096e-43c0-9656-df00d8378f91,f75a7f80-31e0-4bce-aadd-96948bbce4b3,VIRGINIE institut de beauté וירג'יני קוסמטיקה מתקדמת ליופי ובריאות,נתניה,sharon,טיפולי אנטי אייג'ינג - Virginie - וירג'יני,sentence,facials,on_request,,website,/ops/businesses?branch=f75a7f80-31e0-4bce-aadd-96948bbce4b3
cdf223c3-07be-475b-949f-448088a2691b,292e812b-f807-4590-ab52-c44b97e6f327,ד״ר שי לי אלמוג - מרפאה אסתטית,נתניה,sharon,"טיפולי בוטוקס רפואיים, לא רק אסתטיים",sentence,medical-aesthetics,on_request,,website,/ops/businesses?branch=292e812b-f807-4590-ab52-c44b97e6f327
c1078af0-17f9-4919-95fb-0928dd5fab45,292e812b-f807-4590-ab52-c44b97e6f327,ד״ר שי לי אלמוג - מרפאה אסתטית,נתניה,sharon,טיפולי הבוטוקס שלנו,sentence,medical-aesthetics,on_request,,website,/ops/businesses?branch=292e812b-f807-4590-ab52-c44b97e6f327
be8c6b76-85e5-4245-a531-6de8af0da124,292e812b-f807-4590-ab52-c44b97e6f327,ד״ר שי לי אלמוג - מרפאה אסתטית,נתניה,sharon,טיפולי ההייפו שלנו,sentence,facials,on_request,,website,/ops/businesses?branch=292e812b-f807-4590-ab52-c44b97e6f327
92eaea4b-27c9-44f3-a3f4-359124cd2768,231149f6-0672-4876-a110-78b9b6e006e8,בוסטון קליניק,נתניה,sharon,טיפולי חומצה היאלורונית לפנים מתמקדים במספר אזורים,sentence,medical-aesthetics,on_request,,website,/ops/businesses?branch=231149f6-0672-4876-a110-78b9b6e006e8
ce66a98f-f0d5-4ef0-9c03-cf8305938046,1944347e-8b37-42a0-84b6-27814bcbc370,אורלי ברטלר - קליניקה לקוסמטיקה ואסתטיקה,נתניה,sharon,טיפולי פיגמנטציה - גליל מדיקל אסתטיקה,sentence,facials,on_request,,website,/ops/businesses?branch=1944347e-8b37-42a0-84b6-27814bcbc370
4b2383fa-5a04-4145-a152-7ca5befcfc80,1944347e-8b37-42a0-84b6-27814bcbc370,אורלי ברטלר - קליניקה לקוסמטיקה ואסתטיקה,נתניה,sharon,"טיפולי פיגמנטציה – הדרך לעור אחיד, בריא וזוהר",sentence,facials,on_request,,website,/ops/businesses?branch=1944347e-8b37-42a0-84b6-27814bcbc370
1cac0b59-ed8f-411a-b5c5-727c0a6f9555,d2a7ede3-6c74-4058-bf46-0c97454381dc,Jessica Beauty Experiences,נתניה,sharon,טיפולי פנים | Soins du Visage | Facial Treatments,sentence,facials,on_request,,website,/ops/businesses?branch=d2a7ede3-6c74-4058-bf46-0c97454381dc
1999bd05-25ce-4cfc-82b8-c43cb645a279,ec8ef87a-aa69-4978-958b-0f1ccdae96e4,Lisa Beauty Boutique,נתניה,sharon,טיפולי פנים בנתניה - בקליניקה שלי,sentence,facials,on_request,,website,/ops/businesses?branch=ec8ef87a-aa69-4978-958b-0f1ccdae96e4
4016bcfd-a476-4fa3-8516-0c1cec12dc22,ec8ef87a-aa69-4978-958b-0f1ccdae96e4,Lisa Beauty Boutique,נתניה,sharon,טיפולי פנים בנתניה - מגוון טיפולים מקצועיים,sentence,facials,on_request,,website,/ops/businesses?branch=ec8ef87a-aa69-4978-958b-0f1ccdae96e4
831b79ea-6629-49c0-882f-eabaedef485c,ec8ef87a-aa69-4978-958b-0f1ccdae96e4,Lisa Beauty Boutique,נתניה,sharon,טיפולי פנים לעור עם כתמים וקמטים,sentence,facials,on_request,,website,/ops/businesses?branch=ec8ef87a-aa69-4978-958b-0f1ccdae96e4
f6d93c40-327e-4d89-b20b-355b176e9748,72546b1d-cb4c-4833-8733-a5534d6452bb,קליניקה בוטיק - POPULAR,נתניה,sharon,"טיפולים בצלקות, כל סוגי הצלקות, פוסט אקנה",sentence,facials,on_request,,website,/ops/businesses?branch=72546b1d-cb4c-4833-8733-a5534d6452bb
7815cf88-dc98-4b61-8f62-f419fcfdfc4c,2c7d157c-1a5f-4d87-ba96-4ee8685246f1,Royal Dent,נתניה,sharon,טיפים והזהרות בהלבנת שיניים,article,dental-aesthetics,on_request,,website,/ops/businesses?branch=2c7d157c-1a5f-4d87-ba96-4ee8685246f1
8a651c2c-0951-45f1-95c5-c1e89f97de9d,d2a7ede3-6c74-4058-bf46-0c97454381dc,Jessica Beauty Experiences,נתניה,sharon,טכנולוגיה מתקדמת Caratix Extra by Analux עם לייזר דיודה,sentence,hair-removal,on_request,,website,/ops/businesses?branch=d2a7ede3-6c74-4058-bf46-0c97454381dc
18762b5a-664c-466b-869c-0e1efa6bb6ec,2c7d157c-1a5f-4d87-ba96-4ee8685246f1,Royal Dent,נתניה,sharon,יישור שיניים שקוף Invisalign - רויאלדנט מרפאת שיניים בנתניה,sentence,dental-aesthetics,on_request,,website,/ops/businesses?branch=2c7d157c-1a5f-4d87-ba96-4ee8685246f1
ba00d0c9-4d12-43d9-9e11-994ddc57360a,2c7d157c-1a5f-4d87-ba96-4ee8685246f1,Royal Dent,נתניה,sharon,יישור שיניים שקוף Invisalign – לפני ואחרי,sentence,dental-aesthetics,on_request,,website,/ops/businesses?branch=2c7d157c-1a5f-4d87-ba96-4ee8685246f1
d31e1e1b-9142-453a-9a5c-2a76988595d2,2c7d157c-1a5f-4d87-ba96-4ee8685246f1,Royal Dent,נתניה,sharon,יישור שיניים שקוף – כל השלבים,sentence,dental-aesthetics,on_request,,website,/ops/businesses?branch=2c7d157c-1a5f-4d87-ba96-4ee8685246f1
3abe8969-5c97-4eda-bf09-ab91e5cde4dc,2c7d157c-1a5f-4d87-ba96-4ee8685246f1,Royal Dent,נתניה,sharon,יתרונות וחסרונות של הלבנת שיניים בלייזר,sentence,dental-aesthetics,on_request,,website,/ops/businesses?branch=2c7d157c-1a5f-4d87-ba96-4ee8685246f1
83ab093b-9692-4a88-85fa-6db59edcadb1,a3d15045-f65e-4e60-ab93-fc03135d67d8,לייזר פרו,נתניה,sharon,כיצד למנוע פיגמנטציה בעור,article,facials,on_request,,website,/ops/businesses?branch=a3d15045-f65e-4e60-ab93-fc03135d67d8
ef9696f2-8263-4fbc-bc3c-0ec73b72fd61,d9468ad1-4226-4c95-b480-fdc6f8548f9f,סטודיו גבות הילה שרון,נתניה,sharon,כל מה שצריך לדעת על הרמת ריסים,sentence,brows-lashes,on_request,,website,/ops/businesses?branch=d9468ad1-4226-4c95-b480-fdc6f8548f9f
69c08046-4b73-4b28-b7ed-0818e2f05e39,d9468ad1-4226-4c95-b480-fdc6f8548f9f,סטודיו גבות הילה שרון,נתניה,sharon,כל מה שצריך לדעת על צביעות גבות וריסים,sentence,brows-lashes,on_request,,website,/ops/businesses?branch=d9468ad1-4226-4c95-b480-fdc6f8548f9f
a022da92-dec2-44a2-a221-115ed6dd4ee0,d9468ad1-4226-4c95-b480-fdc6f8548f9f,סטודיו גבות הילה שרון,נתניה,sharon,כל מה שצריך לדעת על צביעת גבות קבועה,sentence,brows-lashes,on_request,,website,/ops/businesses?branch=d9468ad1-4226-4c95-b480-fdc6f8548f9f
739cfdc5-d401-480c-839f-f667dec74690,d9468ad1-4226-4c95-b480-fdc6f8548f9f,סטודיו גבות הילה שרון,נתניה,sharon,כל מה שצריך לדעת על צביעת ריסים קבועה,sentence,brows-lashes,on_request,,website,/ops/businesses?branch=d9468ad1-4226-4c95-b480-fdc6f8548f9f
f14e2a3b-dc37-4452-82c9-18499904887f,2c7d157c-1a5f-4d87-ba96-4ee8685246f1,Royal Dent,נתניה,sharon,כמה עולה הלבנת שיניים — מחיר הלבנת שיניים בלייזר,article,dental-aesthetics,on_request,,website,/ops/businesses?branch=2c7d157c-1a5f-4d87-ba96-4ee8685246f1
3ea0ebf2-de5d-4300-b8e1-82d5d4eaae5d,a62f3349-82fc-4766-ad60-d87a3d863b50,M.L Beautique,נתניה,sharon,כרטיסיית 30 שיזופים ( בתוקף ל-12 חודשים ),sentence,,fixed,900,website,/ops/businesses?branch=a62f3349-82fc-4766-ad60-d87a3d863b50
e12c26a7-9738-4c6d-b8d5-dec38c70605c,a62f3349-82fc-4766-ad60-d87a3d863b50,M.L Beautique,נתניה,sharon,כרטיסיית 50 שיזופים ( בתוקף ל-3 שנים ),sentence,,fixed,1250,website,/ops/businesses?branch=a62f3349-82fc-4766-ad60-d87a3d863b50
a5edd287-dd59-4bf8-bc5c-f549fcf4af50,ec8ef87a-aa69-4978-958b-0f1ccdae96e4,Lisa Beauty Boutique,נתניה,sharon,כתמים כהים במקום שבו היו פצעונים,sentence,facials,on_request,,website,/ops/businesses?branch=ec8ef87a-aa69-4978-958b-0f1ccdae96e4
18940b37-8591-4dfd-ae14-b4ac7ba45e17,ec8ef87a-aa69-4978-958b-0f1ccdae96e4,Lisa Beauty Boutique,נתניה,sharon,כתמים כהים שנשארו אחרי פצעונים או דלקת,sentence,facials,on_request,,website,/ops/businesses?branch=ec8ef87a-aa69-4978-958b-0f1ccdae96e4
a36f4c76-180c-4141-9fd3-589aaca01437,836eb136-9d0c-47c2-af20-450f77ce79fa,Oron Avidan medical esthetician,נתניה,sharon,כתמים שנשארו אחרי אקנה או דלקות,sentence,facials,on_request,,website,/ops/businesses?branch=836eb136-9d0c-47c2-af20-450f77ce79fa
8ec1e713-9ccf-4181-ba05-90976a29c670,6bbc94c6-6975-4221-905e-912677e4b6f0,"כירורג פלסטי בנתניה - ד""ר טנצר",נתניה,sharon,לא לכל אחת מתאים ניתוח.,sentence,plastic-surgery,on_request,,website,/ops/businesses?branch=6bbc94c6-6975-4221-905e-912677e4b6f0
157a2783-0f0b-4ae8-b29b-2c63ea607bd7,2c7d157c-1a5f-4d87-ba96-4ee8685246f1,Royal Dent,נתניה,sharon,"לא, זהו לא הליך כירורגי ואין צורך בניתוח",sentence,,on_request,,website,/ops/businesses?branch=2c7d157c-1a5f-4d87-ba96-4ee8685246f1
8a886536-440c-41b6-8adf-bcdbc1e65b23,d9468ad1-4226-4c95-b480-fdc6f8548f9f,סטודיו גבות הילה שרון,נתניה,sharon,"לאיפור קבוע בשיטת הפודרה גבות מחיר משתנה, אשר נע בין 1000 ועד",sentence,permanent-makeup,fixed,1300,website,/ops/businesses?branch=d9468ad1-4226-4c95-b480-fdc6f8548f9f
82edac61-d335-4fb8-a890-a9cecb0e7cbc,d9468ad1-4226-4c95-b480-fdc6f8548f9f,סטודיו גבות הילה שרון,נתניה,sharon,"לאיפור קבוע בשיטת השערה מיקרובליידינג עלות משתנה, אשר נעה בין 1200 ועד",sentence,permanent-makeup,fixed,1500,website,/ops/businesses?branch=d9468ad1-4226-4c95-b480-fdc6f8548f9f
6a2cd57b-49e0-4752-94fc-b901e5f4bf81,1944347e-8b37-42a0-84b6-27814bcbc370,אורלי ברטלר - קליניקה לקוסמטיקה ואסתטיקה,נתניה,sharon,לחות אינטנסיבית – מוצרים המכילים חומצה היאלורונית וסרמידים.,product,medical-aesthetics,on_request,,website,/ops/businesses?branch=1944347e-8b37-42a0-84b6-27814bcbc370
d15f43c1-4514-4279-ac01-1a678e6ca255,292e812b-f807-4590-ab52-c44b97e6f327,ד״ר שי לי אלמוג - מרפאה אסתטית,נתניה,sharon,לכל טיפולי חומצה היאלורונית בנתניה »,sentence,medical-aesthetics,on_request,,website,/ops/businesses?branch=292e812b-f807-4590-ab52-c44b97e6f327
4b4a03a6-9f28-4326-bdec-433a4b26cfc0,ec8ef87a-aa69-4978-958b-0f1ccdae96e4,Lisa Beauty Boutique,נתניה,sharon,למה אקנה חוזר גם אחרי שנדמה שהוא נעלם,article,facials,on_request,,website,/ops/businesses?branch=ec8ef87a-aa69-4978-958b-0f1ccdae96e4
4c07310c-3b23-47f4-9e1b-d84e7b111470,ec8ef87a-aa69-4978-958b-0f1ccdae96e4,Lisa Beauty Boutique,נתניה,sharon,למה כתמים כל כך עקשנים,article,facials,on_request,,website,/ops/businesses?branch=ec8ef87a-aa69-4978-958b-0f1ccdae96e4
41250723-9279-433a-b96b-35e16bb2d97a,a3d15045-f65e-4e60-ab93-fc03135d67d8,לייזר פרו,נתניה,sharon,למה לבחור במרכזי לייזר פרו לטיפול אקנה בלייזר,article,facials,on_request,,website,/ops/businesses?branch=a3d15045-f65e-4e60-ab93-fc03135d67d8
1bfc1f9c-b13e-4fcf-ac7b-206024e721c2,ec8ef87a-aa69-4978-958b-0f1ccdae96e4,Lisa Beauty Boutique,נתניה,sharon,למה ניקוי פנים מקצועי ולא בבית,article,facials,on_request,,website,/ops/businesses?branch=ec8ef87a-aa69-4978-958b-0f1ccdae96e4
ce7a88fc-c1a0-469f-ae25-b478c6f00417,e9800d5f-d2d9-4ed6-84a0-7709a73e8123,ביוטי קליניק נתניה,נתניה,sharon,למידע נוסף על טיפול PRP לעיבוי השיער,sentence,hair-restoration,on_request,,website,/ops/businesses?branch=e9800d5f-d2d9-4ed6-84a0-7709a73e8123
c5d71139-5aed-469f-bfb4-785db1019a07,2c7d157c-1a5f-4d87-ba96-4ee8685246f1,Royal Dent,נתניה,sharon,"למפגש ייעוץ לגבי יישור שיניים בשיטת אינויזליין המתקדמת, התקשרו",sentence,dental-aesthetics,on_request,,website,/ops/businesses?branch=2c7d157c-1a5f-4d87-ba96-4ee8685246f1
c73f3a1a-6271-4db9-bf4a-5210b4eca333,a62f3349-82fc-4766-ad60-d87a3d863b50,M.L Beautique,נתניה,sharon,לק גל לרגלים כולל שיוף ו והורדת אורך ציפורן,sentence,nails,fixed,120,website,/ops/businesses?branch=a62f3349-82fc-4766-ad60-d87a3d863b50
842fb859-bb5a-4c02-9aa9-88a320055bf6,6bbc94c6-6975-4221-905e-912677e4b6f0,"כירורג פלסטי בנתניה - ד""ר טנצר",נתניה,sharon,"לקביעת פגישת ייעוץ אישית עם ד""ר טנצר",sentence,,free,0,website,/ops/businesses?branch=6bbc94c6-6975-4221-905e-912677e4b6f0
956dd000-8896-4234-ba4d-2bea8be46ec3,292e812b-f807-4590-ab52-c44b97e6f327,ד״ר שי לי אלמוג - מרפאה אסתטית,נתניה,sharon,מאמרים בנושא בוטוקס מהבלוג שלנו,sentence,medical-aesthetics,on_request,,website,/ops/businesses?branch=292e812b-f807-4590-ab52-c44b97e6f327
fb7e2e53-461e-4c2e-9a56-471fa8d3c85c,292e812b-f807-4590-ab52-c44b97e6f327,ד״ר שי לי אלמוג - מרפאה אסתטית,נתניה,sharon,מאמרים בנושא הייפו ומיצוק מהבלוג שלנו,sentence,facials,on_request,,website,/ops/businesses?branch=292e812b-f807-4590-ab52-c44b97e6f327
5f165840-fc55-474d-8c33-d7636b73d14e,9120b682-67d7-4437-8871-442338e02ec0,אילנה ביתן קוסמטיקאית מוסמכת,נתניה,sharon,"מגוון טיפולי פנים, אקנה, פגמנטציה , אנטיאיג׳ינג, פוסט אקנה, צלקות, מזותרפיה",sentence,medical-aesthetics,on_request,,website,/ops/businesses?branch=9120b682-67d7-4437-8871-442338e02ec0
bae62f61-9d86-49e2-8acd-8bfaf4737ab0,6bbc94c6-6975-4221-905e-912677e4b6f0,"כירורג פלסטי בנתניה - ד""ר טנצר",נתניה,sharon,מגוון רחב של שילובים וטיפולים אפקטיביים ללא ניתוח,sentence,plastic-surgery,on_request,,website,/ops/businesses?branch=6bbc94c6-6975-4221-905e-912677e4b6f0
159f85e2-9b60-4123-8724-f236b61d65a1,ec8ef87a-aa69-4978-958b-0f1ccdae96e4,Lisa Beauty Boutique,נתניה,sharon,מה זו מזותרפיה ואיך היא עובדת,article,medical-aesthetics,on_request,,website,/ops/businesses?branch=ec8ef87a-aa69-4978-958b-0f1ccdae96e4
368b01c3-8c28-472d-9dd3-37914aa9a11a,ec8ef87a-aa69-4978-958b-0f1ccdae96e4,Lisa Beauty Boutique,נתניה,sharon,מה פילינג עושה לעור,article,facials,on_request,,website,/ops/businesses?branch=ec8ef87a-aa69-4978-958b-0f1ccdae96e4
a9424c92-cb63-404a-b693-0766d38e20bb,2c7d157c-1a5f-4d87-ba96-4ee8685246f1,Royal Dent,נתניה,sharon,מונחים נלווים להליך זה הם גרידת חניכיים וניקוי עמוק.,sentence,,on_request,,website,/ops/businesses?branch=2c7d157c-1a5f-4d87-ba96-4ee8685246f1
ea03c9d3-0148-48af-8d7f-9005315c4c5f,35f921c0-fa05-431e-a420-9ff627f16f2c,קליניקה הילסקין,נתניה,sharon,מוצרים K.B PURE,product,,on_request,,website,/ops/businesses?branch=35f921c0-fa05-431e-a420-9ff627f16f2c
680fd977-f81b-4e37-b806-a9793d84d6a1,a3d15045-f65e-4e60-ab93-fc03135d67d8,לייזר פרו,נתניה,sharon,מחיר טיפול קסנטזלמה בלייזר - עלות משוערת,sentence,,range,800,website,/ops/businesses?branch=a3d15045-f65e-4e60-ab93-fc03135d67d8
6fde0227-a8c4-44d1-a517-644fbeffb525,a3d15045-f65e-4e60-ab93-fc03135d67d8,לייזר פרו,נתניה,sharon,מחיר טיפול קסנטלזמה בפלזמה - עלות משוערת,sentence,medical-aesthetics,range,800,website,/ops/businesses?branch=a3d15045-f65e-4e60-ab93-fc03135d67d8
a4a0db27-fd20-469a-ae2d-79607c6048e2,a3d15045-f65e-4e60-ab93-fc03135d67d8,לייזר פרו,נתניה,sharon,מחיר טיפול קסנטלזמה בשיטה כימית - עלות משוערת,sentence,,range,500,website,/ops/businesses?branch=a3d15045-f65e-4e60-ab93-fc03135d67d8
e4cfa359-1ddf-4b42-89a2-dc7f7a9e5254,a3d15045-f65e-4e60-ab93-fc03135d67d8,לייזר פרו,נתניה,sharon,מחיר קסנטלזמה בכריתה כירורגית - עלות משוערת,sentence,,range,2500,website,/ops/businesses?branch=a3d15045-f65e-4e60-ab93-fc03135d67d8
a007141d-603c-4849-8449-4d10a7067f4d,ec8ef87a-aa69-4978-958b-0f1ccdae96e4,Lisa Beauty Boutique,נתניה,sharon,מי שלא עשתה ניקוי פנים מקצועי זמן רב,sentence,facials,on_request,,website,/ops/businesses?branch=ec8ef87a-aa69-4978-958b-0f1ccdae96e4
02ed4a96-fa7c-45bf-bd26-6642f3272d91,48b8b155-73e3-4503-b2b9-48ca60b44a07,D-Shiny - אסתטיקה מתקדמת - סניף נתניה,נתניה,sharon,מילוי קמטים בחומצה היאלורונית: כל מה שצריך לדעת,sentence,medical-aesthetics,on_request,,website,/ops/businesses?branch=48b8b155-73e3-4503-b2b9-48ca60b44a07
b109d8b4-c85f-46a4-8cbe-8f7c1716818f,231149f6-0672-4876-a110-78b9b6e006e8,בוסטון קליניק,נתניה,sharon,"מילוי קמטים עמוקים, כמו קמטי הצחוק",sentence,medical-aesthetics,on_request,,website,/ops/businesses?branch=231149f6-0672-4876-a110-78b9b6e006e8
c7c9f424-435d-42dd-8ff8-8e2b07a2d55f,292e812b-f807-4590-ab52-c44b97e6f327,ד״ר שי לי אלמוג - מרפאה אסתטית,נתניה,sharon,מיצוק עור הגוף ללא ניתוח בנתניה,sentence,plastic-surgery,on_request,,website,/ops/businesses?branch=292e812b-f807-4590-ab52-c44b97e6f327
2e4f079b-632e-4a43-be6f-481f9faf7fe7,f75a7f80-31e0-4bce-aadd-96948bbce4b3,VIRGINIE institut de beauté וירג'יני קוסמטיקה מתקדמת ליופי ובריאות,נתניה,sharon,מיקרונידלינג: תאי גזע/ טיפול רפואי MICRONEEDLING stem cells,sentence,facials,on_request,,website,/ops/businesses?branch=f75a7f80-31e0-4bce-aadd-96948bbce4b3
70425f21-534d-4d82-b94a-0da72e0ccdfb,ec8ef87a-aa69-4978-958b-0f1ccdae96e4,Lisa Beauty Boutique,נתניה,sharon,מניעת צלקות וכתמים - החלק שקל לפספס,sentence,facials,on_request,,website,/ops/businesses?branch=ec8ef87a-aa69-4978-958b-0f1ccdae96e4
cc886a02-9f9a-4d6c-837a-082235383001,3352bfe1-cc77-40c3-a152-2dde697658be,ג'וליה - לק ג'ל בניית ציפורניים - מניקור ופדיקור בנתניה- טיפול עם נוף לים 😉,נתניה,sharon,מרכז יופי ייחודי המתמחה במניקור ופדיקור מול הים בנתניה,sentence,nails,on_request,,website,/ops/businesses?branch=3352bfe1-cc77-40c3-a152-2dde697658be
5cd73ce7-049c-41cf-b814-a7aec5573125,836eb136-9d0c-47c2-af20-450f77ce79fa,Oron Avidan medical esthetician,נתניה,sharon,מרקם עור לא אחיד אחרי אקנה,sentence,facials,on_request,,website,/ops/businesses?branch=836eb136-9d0c-47c2-af20-450f77ce79fa
2a3d25bf-b1c4-4168-a361-2352be64c054,292e812b-f807-4590-ab52-c44b97e6f327,ד״ר שי לי אלמוג - מרפאה אסתטית,נתניה,sharon,מתיחת פנים ללא ניתוח: מה באמת אפשרי,sentence,plastic-surgery,on_request,,website,/ops/businesses?branch=292e812b-f807-4590-ab52-c44b97e6f327
bfa11507-3a60-4448-b372-c3f46fa901eb,231149f6-0672-4876-a110-78b9b6e006e8,בוסטון קליניק,נתניה,sharon,מתיחת פנים עם חוטים המדריך המלא לשנת 2024,sentence,plastic-surgery,on_request,,website,/ops/businesses?branch=231149f6-0672-4876-a110-78b9b6e006e8
3d029309-b8d6-414c-b013-5ea231156961,f75a7f80-31e0-4bce-aadd-96948bbce4b3,VIRGINIE institut de beauté וירג'יני קוסמטיקה מתקדמת ליופי ובריאות,נתניה,sharon,ניקוי עמוק המאפשר ספיגה מירבית של חומרים פעילים,sentence,facials,on_request,,website,/ops/businesses?branch=f75a7f80-31e0-4bce-aadd-96948bbce4b3
785c031c-c2ea-4ae6-8dea-45d85b776d7d,ec8ef87a-aa69-4978-958b-0f1ccdae96e4,Lisa Beauty Boutique,נתניה,sharon,ניקוי עמוק מבוקר של סתימות ונקודות שחורות,sentence,facials,on_request,,website,/ops/businesses?branch=ec8ef87a-aa69-4978-958b-0f1ccdae96e4
f69a9460-9648-4ace-be69-f497d78c43f6,ec8ef87a-aa69-4978-958b-0f1ccdae96e4,Lisa Beauty Boutique,נתניה,sharon,ניקוי עמוק מבוקר שממזער סיכון לצלקות,sentence,facials,on_request,,website,/ops/businesses?branch=ec8ef87a-aa69-4978-958b-0f1ccdae96e4
26a3a013-ad90-4544-b89e-9057894f275e,ec8ef87a-aa69-4978-958b-0f1ccdae96e4,Lisa Beauty Boutique,נתניה,sharon,ניקוי פנים בנתניה - בקליניקה שלי,sentence,facials,on_request,,website,/ops/businesses?branch=ec8ef87a-aa69-4978-958b-0f1ccdae96e4
95b438aa-7bf7-4147-b6cc-294baf30ea88,231149f6-0672-4876-a110-78b9b6e006e8,בוסטון קליניק,נתניה,sharon,סדרת טיפולים (מומלץ 2-3 טיפולים),package,,package,5000,website,/ops/businesses?branch=231149f6-0672-4876-a110-78b9b6e006e8
ebf8120d-4a7a-4c39-9d29-b5d3457181ec,e9800d5f-d2d9-4ed6-84a0-7709a73e8123,ביוטי קליניק נתניה,נתניה,sharon,"סדרת טיפולים בשילוב PRP, בהתאמה אישית, לתוצאות מיטביות.",package,medical-aesthetics,on_request,,website,/ops/businesses?branch=e9800d5f-d2d9-4ed6-84a0-7709a73e8123
d6c6b576-7117-4f2f-8e2f-f304baeff583,231149f6-0672-4876-a110-78b9b6e006e8,בוסטון קליניק,נתניה,sharon,סיכון נמוך לסיבוכים בהשוואה לניתוח.,sentence,plastic-surgery,on_request,,website,/ops/businesses?branch=231149f6-0672-4876-a110-78b9b6e006e8
48f204a5-d951-40d3-ac05-71951a85dc79,231149f6-0672-4876-a110-78b9b6e006e8,בוסטון קליניק,נתניה,sharon,סקולפטרה- טיפול סקולפטרה למילוי קמטים וקמטוטים | בוסטון קליניק,sentence,medical-aesthetics,on_request,,website,/ops/businesses?branch=231149f6-0672-4876-a110-78b9b6e006e8
acc3f3f8-b8a9-4e80-b318-5c7ebf851bd4,a3d15045-f65e-4e60-ab93-fc03135d67d8,לייזר פרו,נתניה,sharon,סרטון הדגמה לטיפול באקנה בלייזר בטכנולוגיה עולמית המתקדמת ביותר,sentence,facials,on_request,,website,/ops/businesses?branch=a3d15045-f65e-4e60-ab93-fc03135d67d8
68730e2c-d66b-43df-82e6-d2d2d599fb53,ec8ef87a-aa69-4978-958b-0f1ccdae96e4,Lisa Beauty Boutique,נתניה,sharon,עור עם מרקם לא אחיד או כתמים,sentence,facials,on_request,,website,/ops/businesses?branch=ec8ef87a-aa69-4978-958b-0f1ccdae96e4
996aaabe-3013-4b97-81a3-5a4b5ee905c1,cdb6b14b-405f-4151-a6bf-2a74598a49b7,עיצוב גבות | מיקרובליידינג|קורסים אישיים בנתניה - נוי בדש,נתניה,sharon,עיצוב גבות מקצועי שיטה טבעית וגם איפור קבוע,sentence,,on_request,,website,/ops/businesses?branch=cdb6b14b-405f-4151-a6bf-2a74598a49b7
2132eeb1-9f37-4b2d-8cfe-9a5fd41966b0,231149f6-0672-4876-a110-78b9b6e006e8,בוסטון קליניק,נתניה,sharon,עיצוב ועיסוי עדין של החומר המוזרק להשגת הצורה הרצויה.,sentence,,on_request,,website,/ops/businesses?branch=231149f6-0672-4876-a110-78b9b6e006e8
cfcafcea-0431-4cb9-b761-5e33f6a75dc3,231149f6-0672-4876-a110-78b9b6e006e8,בוסטון קליניק,נתניה,sharon,עלות נמוכה יותר בהשוואה לניתוח.,sentence,plastic-surgery,on_request,,website,/ops/businesses?branch=231149f6-0672-4876-a110-78b9b6e006e8
5812dd6c-9482-47ae-901c-3fe50f88d7b5,e9800d5f-d2d9-4ed6-84a0-7709a73e8123,ביוטי קליניק נתניה,נתניה,sharon,עמוד הבית טיפול לשיער בפקטורי גדילה ומיקרונידלינג (SkinPen),sentence,hair-salons,on_request,,website,/ops/businesses?branch=e9800d5f-d2d9-4ed6-84a0-7709a73e8123
3c26c129-e110-42dc-b3a3-8ff98c3f0f7c,f75a7f80-31e0-4bce-aadd-96948bbce4b3,VIRGINIE institut de beauté וירג'יני קוסמטיקה מתקדמת ליופי ובריאות,נתניה,sharon,פגישת ייעוץ ואבחון טיפול Detox מתעניינת בשירותי הקליניקה,sentence,,free,0,website,/ops/businesses?branch=f75a7f80-31e0-4bce-aadd-96948bbce4b3
bb170cfa-d068-46f3-83bd-475a1bf7eb26,b4d20139-068b-430d-a18c-e425af019fbd,Esthetic lab,נתניה,sharon,פילינג בוטוקס למתיחה ומיצוק עור הפנים,sentence,medical-aesthetics,on_request,,website,/ops/businesses?branch=b4d20139-068b-430d-a18c-e425af019fbd
06bad1f1-8c40-4252-b489-5a10b682aad5,a3d15045-f65e-4e60-ab93-fc03135d67d8,לייזר פרו,נתניה,sharon,פילינג לייזר - בטכנולוגיה פוטונה 4D,sentence,facials,on_request,,website,/ops/businesses?branch=a3d15045-f65e-4e60-ab93-fc03135d67d8
50c67053-a080-4715-b5cc-b94a3cea3055,ec8ef87a-aa69-4978-958b-0f1ccdae96e4,Lisa Beauty Boutique,נתניה,sharon,פילינג לקראת אירוע - התזמון קובע,sentence,facials,on_request,,website,/ops/businesses?branch=ec8ef87a-aa69-4978-958b-0f1ccdae96e4
1779688a-005d-4de3-8dca-3e2a1fdcf567,ec8ef87a-aa69-4978-958b-0f1ccdae96e4,Lisa Beauty Boutique,נתניה,sharon,פילינג עדין - חידוש מבוקר של מראה העור,sentence,facials,on_request,,website,/ops/businesses?branch=ec8ef87a-aa69-4978-958b-0f1ccdae96e4
cba69727-4ade-4509-b423-becf8ed94d77,ec8ef87a-aa69-4978-958b-0f1ccdae96e4,Lisa Beauty Boutique,נתניה,sharon,פילינג פנים בנתניה לחידוש עדין של העור,sentence,facials,on_request,,website,/ops/businesses?branch=ec8ef87a-aa69-4978-958b-0f1ccdae96e4
5b1b209c-e244-4ef9-a01f-17bef1e82fc5,48b8b155-73e3-4503-b2b9-48ca60b44a07,D-Shiny - אסתטיקה מתקדמת - סניף נתניה,נתניה,sharon,פילר וולומה לעיצוב פנים: כל מה שאתם צריכים לדעת,sentence,medical-aesthetics,on_request,,website,/ops/businesses?branch=48b8b155-73e3-4503-b2b9-48ca60b44a07
181a7ca2-9d65-4480-920d-166f3e6d85b8,231149f6-0672-4876-a110-78b9b6e006e8,בוסטון קליניק,נתניה,sharon,פיסול אף ללא ניתוח: טכניקות ושיטות,sentence,plastic-surgery,on_request,,website,/ops/businesses?branch=231149f6-0672-4876-a110-78b9b6e006e8
c4a98c5b-4e92-4392-b7cd-f383f96cf9af,231149f6-0672-4876-a110-78b9b6e006e8,בוסטון קליניק,נתניה,sharon,פיסול אף מחיר נגיש יותר עבור טיפולים לא ניתוחיים,sentence,plastic-surgery,on_request,,website,/ops/businesses?branch=231149f6-0672-4876-a110-78b9b6e006e8
28e45e4b-886e-4213-a25f-c9f45ba45d7a,1944347e-8b37-42a0-84b6-27814bcbc370,אורלי ברטלר - קליניקה לקוסמטיקה ואסתטיקה,נתניה,sharon,פתרונות לבעיות פיגמנטציה ומרקם עור.,sentence,facials,on_request,,website,/ops/businesses?branch=1944347e-8b37-42a0-84b6-27814bcbc370
27152d0c-11b4-43b2-a548-0274c6908ece,d9468ad1-4226-4c95-b480-fdc6f8548f9f,סטודיו גבות הילה שרון,נתניה,sharon,צביעת ריסים מחיר עומד על שלושים שקלים ומחיר הרמת ריסים על,sentence,brows-lashes,range,250,website,/ops/businesses?branch=d9468ad1-4226-4c95-b480-fdc6f8548f9f
423697e8-2903-43e2-a63d-8b49f6a4150a,2c7d157c-1a5f-4d87-ba96-4ee8685246f1,Royal Dent,נתניה,sharon,ציין מגבלות ההבהרת שיניים על כתרים וסתימות,sentence,dental-aesthetics,on_request,,website,/ops/businesses?branch=2c7d157c-1a5f-4d87-ba96-4ee8685246f1
47cf7907-4a49-4d4a-8ff6-98acc52ec87a,1944347e-8b37-42a0-84b6-27814bcbc370,אורלי ברטלר - קליניקה לקוסמטיקה ואסתטיקה,נתניה,sharon,צילום עור במכשירי UV לגילוי פיגמנטציה תת-עורית.,sentence,facials,on_request,,website,/ops/businesses?branch=1944347e-8b37-42a0-84b6-27814bcbc370
fdae49c2-25f5-40b7-b518-d2f0f220e4f6,2c7d157c-1a5f-4d87-ba96-4ee8685246f1,Royal Dent,נתניה,sharon,ציפוי שיניים - רויאלדנט מרפאת שיניים בנתניה,sentence,dental-aesthetics,on_request,,website,/ops/businesses?branch=2c7d157c-1a5f-4d87-ba96-4ee8685246f1
326bb0a6-14c4-4ae1-9d6b-0b0a75b0c556,2c7d157c-1a5f-4d87-ba96-4ee8685246f1,Royal Dent,נתניה,sharon,ציפוי שיניים: אופן היישום בפועל ברויאל דנט,sentence,dental-aesthetics,on_request,,website,/ops/businesses?branch=2c7d157c-1a5f-4d87-ba96-4ee8685246f1
8ec08337-eb2b-4ddf-8053-1fa9f03083c0,24440a02-21c4-40e3-89e3-8e1cf5fa2983,Eleanor Clinic of your beautician,נתניה,sharon,"צלקות , ליכן פלאנוס קרטוזיס פילאריס",sentence,,on_request,,website,/ops/businesses?branch=24440a02-21c4-40e3-89e3-8e1cf5fa2983
220ccc0c-2982-4f47-bd3f-2459bccda922,2fa68a6a-e859-4918-8160-b752bfd4e86b,מרכז לרפואת שיניים אובול,נתניה,sharon,צרו קשר וקבלו ייעוץ מקצועי,sentence,,free,0,website,/ops/businesses?branch=2fa68a6a-e859-4918-8160-b752bfd4e86b
b98ecd18-669f-4cf4-b5e6-0965d749860c,836eb136-9d0c-47c2-af20-450f77ce79fa,Oron Avidan medical esthetician,נתניה,sharon,קביעת תור לעמוד טיפולי פנים רפואיים,sentence,facials,on_request,,website,/ops/businesses?branch=836eb136-9d0c-47c2-af20-450f77ce79fa
67e719a0-9423-4afc-a6fe-9b489f5afc03,f75a7f80-31e0-4bce-aadd-96948bbce4b3,VIRGINIE institut de beauté וירג'יני קוסמטיקה מתקדמת ליופי ובריאות,נתניה,sharon,קבלי מדריך לטיפוח עור בריא וחלק בשווי,sentence,,fixed,250,website,/ops/businesses?branch=f75a7f80-31e0-4bce-aadd-96948bbce4b3
ef0aa3ec-1aca-48a1-bf81-fcec602cad45,a62f3349-82fc-4766-ad60-d87a3d863b50,M.L Beautique,נתניה,sharon,קו ריסים ( כולל תיקון ),sentence,brows-lashes,fixed,800,website,/ops/businesses?branch=a62f3349-82fc-4766-ad60-d87a3d863b50
2cb63525-8d78-4ffa-8ea4-add32f22707c,a62f3349-82fc-4766-ad60-d87a3d863b50,M.L Beautique,נתניה,sharon,קונטור שפתיים ( כולל תיקון ),sentence,,fixed,1000,website,/ops/businesses?branch=a62f3349-82fc-4766-ad60-d87a3d863b50
0692e849-1742-4e7a-aefd-6abdddb0f8ef,d2a7ede3-6c74-4058-bf46-0c97454381dc,Jessica Beauty Experiences,נתניה,sharon,רדיופרקוונסי לפנים ולגוף | Radiofréquence Visage & Corps | Radiofrequency Face &,sentence,,on_request,,website,/ops/businesses?branch=d2a7ede3-6c74-4058-bf46-0c97454381dc
68ddd70b-7857-4cd8-90ec-5f2d7e5a679c,231149f6-0672-4876-a110-78b9b6e006e8,בוסטון קליניק,נתניה,sharon,שיטות עיקריות לפיסול אף ללא ניתוח,sentence,plastic-surgery,on_request,,website,/ops/businesses?branch=231149f6-0672-4876-a110-78b9b6e006e8
ba419cf6-5dfe-442d-a2ab-164c7a15cb74,231149f6-0672-4876-a110-78b9b6e006e8,בוסטון קליניק,נתניה,sharon,שיקולי חומצה היאלורונית מחיר בטווח הארוך,sentence,medical-aesthetics,on_request,,website,/ops/businesses?branch=231149f6-0672-4876-a110-78b9b6e006e8
1dc52856-6576-4ae3-9c40-067caea6bf9e,d2a7ede3-6c74-4058-bf46-0c97454381dc,Jessica Beauty Experiences,נתניה,sharon,שעווה לגוף ולפנים | Épilation à la Cire Corps & Visage | Body & Face Waxing,sentence,hair-removal,on_request,,website,/ops/businesses?branch=d2a7ede3-6c74-4058-bf46-0c97454381dc
3462e9e6-faf8-4de8-9a9d-382d7c872829,ec8ef87a-aa69-4978-958b-0f1ccdae96e4,Lisa Beauty Boutique,נתניה,sharon,שקעים וצלקות אטרופיות שנותרו אחרי אקנה,sentence,facials,on_request,,website,/ops/businesses?branch=ec8ef87a-aa69-4978-958b-0f1ccdae96e4
91d56303-5234-4fde-82f5-88694126c4bb,1371043b-9796-4bfc-b344-c855d20a8fb2,Sarit Cosmetics - עיצוב גבות ואיפור קבוע,נתניה,sharon,שרית גופשטיין | עיצוב גבות ואיפור קבוע – נתניה,sentence,permanent-makeup,on_request,,website,/ops/businesses?branch=1371043b-9796-4bfc-b344-c855d20a8fb2
af2144b9-8e68-44d5-bc70-bfbfacadcd1b,2c7d157c-1a5f-4d87-ba96-4ee8685246f1,Royal Dent,נתניה,sharon,תאר את שלבי טיפול הלבנת שיניים בלייזר,sentence,dental-aesthetics,on_request,,website,/ops/businesses?branch=2c7d157c-1a5f-4d87-ba96-4ee8685246f1
64e0f0c4-9988-44d7-80ac-404f584fd71f,231149f6-0672-4876-a110-78b9b6e006e8,בוסטון קליניק,נתניה,sharon,תהליך הטיפול ותוצאות בפיסול אף ללא ניתוח,sentence,plastic-surgery,on_request,,website,/ops/businesses?branch=231149f6-0672-4876-a110-78b9b6e006e8
1483f19e-9e48-4de5-a3f5-2e858328e830,231149f6-0672-4876-a110-78b9b6e006e8,בוסטון קליניק,נתניה,sharon,תופעות לוואי אפשריות של טיפולי בוטוקס,sentence,medical-aesthetics,on_request,,website,/ops/businesses?branch=231149f6-0672-4876-a110-78b9b6e006e8
03c1d516-304b-42e3-aaeb-a26d94513fb1,d2a7ede3-6c74-4058-bf46-0c97454381dc,Jessica Beauty Experiences,נתניה,sharon,תיקון פיגמנטציה | Correction de Pigmentation | Pigmentation Correction,sentence,facials,on_request,,website,/ops/businesses?branch=d2a7ede3-6c74-4058-bf46-0c97454381dc
38f3fc99-0acf-4d50-b8cd-88291eff8c24,a62f3349-82fc-4766-ad60-d87a3d863b50,M.L Beautique,נתניה,sharon,תיקון שנתי גבות ( כולל עיצוב גבות בפינצטה ),sentence,brows-lashes,fixed,1000,website,/ops/businesses?branch=a62f3349-82fc-4766-ad60-d87a3d863b50
5d8cf93f-82ff-4537-a69d-022149682a4d,6bbc94c6-6975-4221-905e-912677e4b6f0,"כירורג פלסטי בנתניה - ד""ר טנצר",נתניה,sharon,​הניתוחים שלנו,sentence,plastic-surgery,on_request,,website,/ops/businesses?branch=6bbc94c6-6975-4221-905e-912677e4b6f0
22c9f0c0-ae03-4a8b-a031-8694d5395002,03bdb684-9953-4d1a-bccc-14d01c9dc326,"ד""ר אנה גודוביץ׳ - טיפולי אסתטיקה רפואית",נתניה,sharon,✅ אינו פולשני – ללא ניתוח או זמן החלמה,sentence,plastic-surgery,on_request,,website,/ops/businesses?branch=03bdb684-9953-4d1a-bccc-14d01c9dc326
0bfa0dad-2d21-4614-a6ba-866c3e556f92,03bdb684-9953-4d1a-bccc-14d01c9dc326,"ד""ר אנה גודוביץ׳ - טיפולי אסתטיקה רפואית",נתניה,sharon,✅ ללא ניתוח וללא זמן החלמה,sentence,plastic-surgery,on_request,,website,/ops/businesses?branch=03bdb684-9953-4d1a-bccc-14d01c9dc326
42a6d62e-9594-4882-8442-f3b919300aa0,03bdb684-9953-4d1a-bccc-14d01c9dc326,"ד""ר אנה גודוביץ׳ - טיפולי אסתטיקה רפואית",נתניה,sharon,"✅ ללא ניתוח, חתכים או זמן החלמה",sentence,plastic-surgery,on_request,,website,/ops/businesses?branch=03bdb684-9953-4d1a-bccc-14d01c9dc326
ae2e9c3c-7f68-4188-9029-977158f51e3f,03bdb684-9953-4d1a-bccc-14d01c9dc326,"ד""ר אנה גודוביץ׳ - טיפולי אסתטיקה רפואית",נתניה,sharon,"✅ ללא ניתוח, חתכים או תפרים",sentence,plastic-surgery,on_request,,website,/ops/businesses?branch=03bdb684-9953-4d1a-bccc-14d01c9dc326
d720c82c-3af4-4be6-b8f7-2f95c2abfe13,03bdb684-9953-4d1a-bccc-14d01c9dc326,"ד""ר אנה גודוביץ׳ - טיפולי אסתטיקה רפואית",נתניה,sharon,"✅ ללא ניתוח, צלקות או זמן החלמה",sentence,plastic-surgery,on_request,,website,/ops/businesses?branch=03bdb684-9953-4d1a-bccc-14d01c9dc326
c6c85207-f041-4974-a76e-8470967309cf,03bdb684-9953-4d1a-bccc-14d01c9dc326,"ד""ר אנה גודוביץ׳ - טיפולי אסתטיקה רפואית",נתניה,sharon,✅ ללא צורך בניתוח או בהרדמה,sentence,plastic-surgery,on_request,,website,/ops/businesses?branch=03bdb684-9953-4d1a-bccc-14d01c9dc326
a0529c41-06ab-4ca1-bd95-dd6a9204b380,03bdb684-9953-4d1a-bccc-14d01c9dc326,"ד""ר אנה גודוביץ׳ - טיפולי אסתטיקה רפואית",נתניה,sharon,"🔹 חומצה היאלורונית דלילה – לשיפור הלחות, הנפח והמרקם",sentence,medical-aesthetics,on_request,,website,/ops/businesses?branch=03bdb684-9953-4d1a-bccc-14d01c9dc326
df9bbfc2-e9ea-4097-af80-cdb6559e60b2,0e665d70-a4cd-4499-bf50-514a2bb29577,איפור ועיצוב שיער - רבקה רחמים,צפת,north,איפור ערב ועיצוב שיער לכל אירוע | רבקה רחמים,sentence,makeup,on_request,,website,/ops/businesses?branch=0e665d70-a4cd-4499-bf50-514a2bb29577
545b8cc7-d929-4540-9fd0-bbe972fa3836,0e665d70-a4cd-4499-bf50-514a2bb29577,איפור ועיצוב שיער - רבקה רחמים,צפת,north,איפור ערב ייחודי ומותאם אישית המדגיש את יופייך,sentence,makeup,on_request,,website,/ops/businesses?branch=0e665d70-a4cd-4499-bf50-514a2bb29577
22e69fef-29a7-497e-981b-4ef2dbfc830c,e7a7ede1-2590-4d64-9f3f-ce0893975d6d,פרו אסתטיקס טיפולים אסתטיים מתקדמים צפת,צפת,north,אם ברצונך להסיר איפור קבוע בגבות או,sentence,permanent-makeup,on_request,,website,/ops/businesses?branch=e7a7ede1-2590-4d64-9f3f-ce0893975d6d
f7455960-32ed-4363-acf0-0ef26b25ae8b,e7a7ede1-2590-4d64-9f3f-ce0893975d6d,פרו אסתטיקס טיפולים אסתטיים מתקדמים צפת,צפת,north,הדרך היעילה ביותר להסרת קעקוע ואיפור קבוע בכל גוון,sentence,permanent-makeup,on_request,,website,/ops/businesses?branch=e7a7ede1-2590-4d64-9f3f-ce0893975d6d
982c3bf9-e96d-4c51-80a1-473f3ef122bb,e7a7ede1-2590-4d64-9f3f-ce0893975d6d,פרו אסתטיקס טיפולים אסתטיים מתקדמים צפת,צפת,north,המנגנון הייחודי והמבוקר לשיפור מראה העור באמצעות מיקרופלזמה,sentence,medical-aesthetics,on_request,,website,/ops/businesses?branch=e7a7ede1-2590-4d64-9f3f-ce0893975d6d
8a5d6a6b-596f-4d95-b228-fcab2f964f57,e7a7ede1-2590-4d64-9f3f-ce0893975d6d,פרו אסתטיקס טיפולים אסתטיים מתקדמים צפת,צפת,north,"המערכת המתקדמת ביותר למיצוק העור, הצרת היקפים וחיטוב הגוף",sentence,body-contouring,on_request,,website,/ops/businesses?branch=e7a7ede1-2590-4d64-9f3f-ce0893975d6d
2eb5b04b-f90e-42fd-963e-b1bbdfd39191,e7a7ede1-2590-4d64-9f3f-ce0893975d6d,פרו אסתטיקס טיפולים אסתטיים מתקדמים צפת,צפת,north,הסרת קעקועים ואיפור קבוע – פרו אסתטיקס PRO ESTHETICS,sentence,permanent-makeup,on_request,,website,/ops/businesses?branch=e7a7ede1-2590-4d64-9f3f-ce0893975d6d
0ad74252-d42b-4b99-8e2f-130c577880ee,e7a7ede1-2590-4d64-9f3f-ce0893975d6d,פרו אסתטיקס טיפולים אסתטיים מתקדמים צפת,צפת,north,הסרת שיער בלייזר – פרו אסתטיקס PRO ESTHETICS,sentence,hair-removal,on_request,,website,/ops/businesses?branch=e7a7ede1-2590-4d64-9f3f-ce0893975d6d
7772c206-e2e3-4c90-bdb0-9a3ba4dc29c8,e7a7ede1-2590-4d64-9f3f-ce0893975d6d,פרו אסתטיקס טיפולים אסתטיים מתקדמים צפת,צפת,north,הצרת היקפים וחיטוב הגוף – פרו אסתטיקס PRO ESTHETICS,sentence,body-contouring,on_request,,website,/ops/businesses?branch=e7a7ede1-2590-4d64-9f3f-ce0893975d6d
0656c4ed-1e92-48fd-8ce7-554a6952562e,e7a7ede1-2590-4d64-9f3f-ce0893975d6d,פרו אסתטיקס טיפולים אסתטיים מתקדמים צפת,צפת,north,טיפול אקנה ופוסט אקנה – פרו אסתטיקס PRO ESTHETICS,sentence,facials,on_request,,website,/ops/businesses?branch=e7a7ede1-2590-4d64-9f3f-ce0893975d6d
c9c715f5-9f0e-4d04-9719-7cbb57031c60,e7a7ede1-2590-4d64-9f3f-ce0893975d6d,פרו אסתטיקס טיפולים אסתטיים מתקדמים צפת,צפת,north,טיפולי פנים – פרו אסתטיקס PRO ESTHETICS,sentence,facials,on_request,,website,/ops/businesses?branch=e7a7ede1-2590-4d64-9f3f-ce0893975d6d
fc64dbe7-58c7-4f96-99e6-6fc60e8af302,e7a7ede1-2590-4d64-9f3f-ce0893975d6d,פרו אסתטיקס טיפולים אסתטיים מתקדמים צפת,צפת,north,ידית מיקרופלזמה ממוקדת המביאה לתוצאות מדויקות,sentence,medical-aesthetics,on_request,,website,/ops/businesses?branch=e7a7ede1-2590-4d64-9f3f-ce0893975d6d
bade5eda-6881-42d0-b78a-a95e45fc762e,e7a7ede1-2590-4d64-9f3f-ce0893975d6d,פרו אסתטיקס טיפולים אסתטיים מתקדמים צפת,צפת,north,"מאפשרת פילינג, ניקוי מקסימלי והזנה אפקטיבית.",sentence,facials,on_request,,website,/ops/businesses?branch=e7a7ede1-2590-4d64-9f3f-ce0893975d6d
8cbf1d10-a120-46ea-9b43-d832b6b614c4,e7a7ede1-2590-4d64-9f3f-ce0893975d6d,פרו אסתטיקס טיפולים אסתטיים מתקדמים צפת,צפת,north,מכשיר חדשני בטכנולוגיית מיקרופלזמה לשיפור ומיצוק העור,sentence,medical-aesthetics,on_request,,website,/ops/businesses?branch=e7a7ede1-2590-4d64-9f3f-ce0893975d6d
b519a58e-1cfe-441d-8288-c0755b664ff3,e7a7ede1-2590-4d64-9f3f-ce0893975d6d,פרו אסתטיקס טיפולים אסתטיים מתקדמים צפת,צפת,north,מעלים את צלקות האקנה מבלי לפגוע בעור,sentence,facials,on_request,,website,/ops/businesses?branch=e7a7ede1-2590-4d64-9f3f-ce0893975d6d
1e1cf1cd-3947-4944-b412-85c76a3f58cc,e7a7ede1-2590-4d64-9f3f-ce0893975d6d,פרו אסתטיקס טיפולים אסתטיים מתקדמים צפת,צפת,north,מערכת חדשנית להסרת שיער בשיטה המוכחת והבטוחה – SHR,sentence,hair-removal,on_request,,website,/ops/businesses?branch=e7a7ede1-2590-4d64-9f3f-ce0893975d6d
16cb8f60-7c3e-40f0-a88b-60d080502fe3,86ec4f42-11cd-4b56-832c-00f97f05ebf0,בני ואתי אמינוב,קריית אונו,dan,"אם אלה גונים בשיער, אומברה, בליאז' או בלונד זוהר",sentence,hair-salons,on_request,,website,/ops/businesses?branch=86ec4f42-11cd-4b56-832c-00f97f05ebf0
26cbc2cb-81fd-4ebd-86d7-bec159bdaac8,86ec4f42-11cd-4b56-832c-00f97f05ebf0,בני ואתי אמינוב,קריית אונו,dan,בני אמינוב יתאים לך את גוון הבלונד הנכון לך,sentence,hair-salons,on_request,,website,/ops/businesses?branch=86ec4f42-11cd-4b56-832c-00f97f05ebf0
6a48567a-d9ef-4c15-864d-fcb0133f5356,86ec4f42-11cd-4b56-832c-00f97f05ebf0,בני ואתי אמינוב,קריית אונו,dan,הטיפול באקנה מתבסס על שני תחומים עיקריים,sentence,facials,on_request,,website,/ops/businesses?branch=86ec4f42-11cd-4b56-832c-00f97f05ebf0
5fbf0924-8703-4567-9feb-bdb8f65b8ce6,86ec4f42-11cd-4b56-832c-00f97f05ebf0,בני ואתי אמינוב,קריית אונו,dan,התקשרו לקביעת ייעוץ וללא התחייבות,sentence,,free,0,website,/ops/businesses?branch=86ec4f42-11cd-4b56-832c-00f97f05ebf0
b8640810-bc2d-45bb-9bed-304f3a4a3b18,86ec4f42-11cd-4b56-832c-00f97f05ebf0,בני ואתי אמינוב,קריית אונו,dan,"יש מי שאומברה אצילי הוא הבלונד שלה,",sentence,hair-salons,on_request,,website,/ops/businesses?branch=86ec4f42-11cd-4b56-832c-00f97f05ebf0
c0832bcb-0458-49cd-911f-ee8b958d55c4,86ec4f42-11cd-4b56-832c-00f97f05ebf0,בני ואתי אמינוב,קריית אונו,dan,"מומחה בהתאמה של גוון הבלונד הנכון לכל לקוחה,",sentence,hair-salons,on_request,,website,/ops/businesses?branch=86ec4f42-11cd-4b56-832c-00f97f05ebf0
1a3a4e2b-c2a8-4940-8cee-dac1c2c11087,86ec4f42-11cd-4b56-832c-00f97f05ebf0,בני ואתי אמינוב,קריית אונו,dan,מראות בלונד מרהיבים המותאמים לך אישית,sentence,hair-salons,on_request,,website,/ops/businesses?branch=86ec4f42-11cd-4b56-832c-00f97f05ebf0
abb76082-a8e2-40e4-ba3a-8d18485b0a37,e3743894-d945-47aa-8be5-e1b6794064b7,abiglam,רחובות,shfela,Elleeplex Profusion – חומרים של אילבנה להרמת ריסים וגבות,sentence,brows-lashes,on_request,,website,/ops/businesses?branch=e3743894-d945-47aa-8be5-e1b6794064b7
ebea4aa3-66eb-4184-83fc-8ef1067df206,05e5d539-54eb-41e2-a3a5-0357b91cfa8c,"""Valery Secret"" ולרי סיקרט - קליניקה ואקדמיה לטיפולים קוסמטיים ורפואיים‬‎",רחובות,shfela,Аппарат для удаления сосудов на лице Диодный Лазер,sentence,,on_request,,website,/ops/businesses?branch=05e5d539-54eb-41e2-a3a5-0357b91cfa8c
49679552-21ee-4d05-9204-9f0b1187baf4,c24e37c8-c89c-4577-b88b-08895591589c,ציפורניים - אבי שגיא - קליניקה בריאותית לציפורניים,רחובות,shfela,אבי שגיא הינו מומחה לרפואה משלימה לטיפול בבעיות ציפורניים.,sentence,nails,on_request,,website,/ops/businesses?branch=c24e37c8-c89c-4577-b88b-08895591589c
e415e1e9-e5bc-49a6-aea8-dc91f03bbdca,e3743894-d945-47aa-8be5-e1b6794064b7,abiglam,רחובות,shfela,אוראל סעדה יבנה הרמת ריסים והרמת גבות 055-667-4726 orel_cosmetics1,sentence,brows-lashes,on_request,,website,/ops/businesses?branch=e3743894-d945-47aa-8be5-e1b6794064b7
e0cfa316-bbbb-48d9-bae5-04da40b1e8d2,bb3d7841-67cc-47c7-a9ff-86224e1ac302,קוסמטיקאית רחובות טליה בן עטר,רחובות,shfela,איפה כדאי לעשות הסרת שיער בלייזר,sentence,hair-removal,on_request,,website,/ops/businesses?branch=bb3d7841-67cc-47c7-a9ff-86224e1ac302
215cf037-f179-478c-8ec2-3b8ddda929b6,bb3d7841-67cc-47c7-a9ff-86224e1ac302,קוסמטיקאית רחובות טליה בן עטר,רחובות,shfela,איפור קבוע - טליה חייט קוסמטיקאית רחובות,sentence,permanent-makeup,on_request,,website,/ops/businesses?branch=bb3d7841-67cc-47c7-a9ff-86224e1ac302
645f25d6-01bf-49e4-840a-70a0333018d8,bb3d7841-67cc-47c7-a9ff-86224e1ac302,קוסמטיקאית רחובות טליה בן עטר,רחובות,shfela,איפור קבוע בקליניקה של טליה קוסמטיקס,sentence,permanent-makeup,on_request,,website,/ops/businesses?branch=bb3d7841-67cc-47c7-a9ff-86224e1ac302
272518a0-0d22-4792-bf00-d25e9c748351,bb3d7841-67cc-47c7-a9ff-86224e1ac302,קוסמטיקאית רחובות טליה בן עטר,רחובות,shfela,איפור קבוע ברחובות - טליה חייט קוסמטיקאית רחובות,sentence,permanent-makeup,on_request,,website,/ops/businesses?branch=bb3d7841-67cc-47c7-a9ff-86224e1ac302
f5703444-5e36-4a62-a691-342db1f5001b,0cf10daa-6231-4464-af2f-0c9dad0bdec7,Limor Cosmetics,רחובות,shfela,איפור קבוע- מיקו פיגמנטציה למראה טבעי ביותר.,sentence,permanent-makeup,on_request,,website,/ops/businesses?branch=0cf10daa-6231-4464-af2f-0c9dad0bdec7
ebe870af-7e66-45a8-887e-5c50dd7ae284,a744997d-ef19-4d22-94ae-59f854aa8e2c,איריס פרחן - איריס ניילס - לק ג'ל ונליסה ריו קויו Iris Nails | VENALISA KOYO RIO,רחובות,shfela,איריס פרחן &mdash; ציוד וחומרים למקצועיות בתחום הציפורניים ופדיקור,sentence,nails,on_request,,website,/ops/businesses?branch=a744997d-ef19-4d22-94ae-59f854aa8e2c
42e1c172-ad8b-45ae-85ad-d47c5e81810b,a744997d-ef19-4d22-94ae-59f854aa8e2c,איריס פרחן - איריס ניילס - לק ג'ל ונליסה ריו קויו Iris Nails | VENALISA KOYO RIO,רחובות,shfela,איריס פרחן ציוד וחומרים למקצועיות בתחום הציפורניים ופדיקור,sentence,nails,on_request,,website,/ops/businesses?branch=a744997d-ef19-4d22-94ae-59f854aa8e2c
1dae6a5b-46f8-45b1-98c4-ecdb6c990bcc,0cf10daa-6231-4464-af2f-0c9dad0bdec7,Limor Cosmetics,רחובות,shfela,"אנו מציעים מגוון טיפולי אקנה בנס ציונה, ביניהם",sentence,facials,on_request,,website,/ops/businesses?branch=0cf10daa-6231-4464-af2f-0c9dad0bdec7
6b4077fe-99d1-45ef-b361-74670f1901c2,0cf10daa-6231-4464-af2f-0c9dad0bdec7,Limor Cosmetics,רחובות,shfela,"אנו מציעים מגוון טיפולי אקנה ברחובות, ביניהם",sentence,facials,on_request,,website,/ops/businesses?branch=0cf10daa-6231-4464-af2f-0c9dad0bdec7
d179bf56-c7ce-4929-9e57-5bf5cc0dac85,0cf10daa-6231-4464-af2f-0c9dad0bdec7,Limor Cosmetics,רחובות,shfela,אנטי אייג׳ינג ברחובות &ndash; הצערה והידוק העור ברחובות,sentence,facials,on_request,,website,/ops/businesses?branch=0cf10daa-6231-4464-af2f-0c9dad0bdec7
3e2875e1-ab64-4ddf-a968-33387f5a55a2,bb3d7841-67cc-47c7-a9ff-86224e1ac302,קוסמטיקאית רחובות טליה בן עטר,רחובות,shfela,בואי לטיפול פנים איכותי אצל טליה קוסמטיקס,sentence,facials,on_request,,website,/ops/businesses?branch=bb3d7841-67cc-47c7-a9ff-86224e1ac302
82094263-7938-41cf-a012-e0310a3ffce6,a744997d-ef19-4d22-94ae-59f854aa8e2c,איריס פרחן - איריס ניילס - לק ג'ל ונליסה ריו קויו Iris Nails | VENALISA KOYO RIO,רחובות,shfela,בובה Buba בובה Buba – גוונים חדשים,sentence,hair-salons,on_request,,website,/ops/businesses?branch=a744997d-ef19-4d22-94ae-59f854aa8e2c
00f6d71e-d348-4e26-a690-8501ca93fe18,0cf10daa-6231-4464-af2f-0c9dad0bdec7,Limor Cosmetics,רחובות,shfela,במהלך תוכנית ההבהרה יש להימנע לחלוטין משמש וממיטות שיזוף.,sentence,hair-salons,on_request,,website,/ops/businesses?branch=0cf10daa-6231-4464-af2f-0c9dad0bdec7
777f2d1c-7545-4d0d-81b7-e9fbc3ec089b,e3743894-d945-47aa-8be5-e1b6794064b7,abiglam,רחובות,shfela,דבורי בלומשטיין רחובות ריסים 058-444-7708 .,sentence,brows-lashes,on_request,,website,/ops/businesses?branch=e3743894-d945-47aa-8be5-e1b6794064b7
883a6117-4979-4b8c-87b2-6429555e425e,e3743894-d945-47aa-8be5-e1b6794064b7,abiglam,רחובות,shfela,דבק להרמת ריסים FIXING GEL של אינליי,sentence,brows-lashes,on_request,,website,/ops/businesses?branch=e3743894-d945-47aa-8be5-e1b6794064b7
677f3794-06f1-43d6-9201-4fc71301d77e,bb3d7841-67cc-47c7-a9ff-86224e1ac302,קוסמטיקאית רחובות טליה בן עטר,רחובות,shfela,דף הבית - הסרת שיער בלייזר,sentence,hair-removal,on_request,,website,/ops/businesses?branch=bb3d7841-67cc-47c7-a9ff-86224e1ac302
f368e144-245c-4ff1-9be4-812f892a64f3,bb3d7841-67cc-47c7-a9ff-86224e1ac302,קוסמטיקאית רחובות טליה בן עטר,רחובות,shfela,דף הבית - עיצוב גבות ושפם,sentence,brows-lashes,on_request,,website,/ops/businesses?branch=bb3d7841-67cc-47c7-a9ff-86224e1ac302
4105f59a-95ad-4995-9fc2-be6feb1e84a1,967798ad-a15f-4fa3-903a-791e623c5993,Smile Center Dental Clinic Dr. David Attia,רחובות,shfela,הבא טיפול אנטי אייג'ינג בלייזר ברחובות הבא,sentence,,on_request,,website,/ops/businesses?branch=967798ad-a15f-4fa3-903a-791e623c5993
4e50b813-8665-447e-b960-7c51b2d3b07b,e3743894-d945-47aa-8be5-e1b6794064b7,abiglam,רחובות,shfela,הטיפול חוסך זמן והתארגנות באיפור הגבות בבוקר.,sentence,,on_request,,website,/ops/businesses?branch=e3743894-d945-47aa-8be5-e1b6794064b7
499c95bf-c557-4808-9983-add70c1c5f91,bb3d7841-67cc-47c7-a9ff-86224e1ac302,קוסמטיקאית רחובות טליה בן עטר,רחובות,shfela,היתרונות של איפור קבוע כוללים,article,permanent-makeup,on_request,,website,/ops/businesses?branch=bb3d7841-67cc-47c7-a9ff-86224e1ac302
c9ad4a9e-90a4-4bf5-96a3-a48337239070,bb3d7841-67cc-47c7-a9ff-86224e1ac302,קוסמטיקאית רחובות טליה בן עטר,רחובות,shfela,היתרונות של הסרת שיער בלייזר ברחובות,article,hair-removal,on_request,,website,/ops/businesses?branch=bb3d7841-67cc-47c7-a9ff-86224e1ac302
5eda795d-79b9-4b14-b425-8c0b52b4bce0,967798ad-a15f-4fa3-903a-791e623c5993,Smile Center Dental Clinic Dr. David Attia,רחובות,shfela,הלבנת שיניים ברחובות – הדרך המהירה לחיוך מהפנט,sentence,dental-aesthetics,on_request,,website,/ops/businesses?branch=967798ad-a15f-4fa3-903a-791e623c5993
2d33bdb6-e2fe-409b-85cd-ed3cea7de9d5,3e75a41a-03f3-4d98-8a56-21a89a4c7225,Liv Beauty Academy,רחובות,shfela,הסרת כל סוגי הפיגמנטציה בטיפול 1,sentence,facials,on_request,,website,/ops/businesses?branch=3e75a41a-03f3-4d98-8a56-21a89a4c7225
b943eeef-d11a-4452-8cb0-15cf31321080,3e75a41a-03f3-4d98-8a56-21a89a4c7225,Liv Beauty Academy,רחובות,shfela,הסרת עור עודף בבטן לאחר הריון,sentence,,on_request,,website,/ops/businesses?branch=3e75a41a-03f3-4d98-8a56-21a89a4c7225
f20f4962-a4fe-40ab-b02d-8ac046bfadeb,3e75a41a-03f3-4d98-8a56-21a89a4c7225,Liv Beauty Academy,רחובות,shfela,הסרת עור עודף גב כף היד,sentence,,on_request,,website,/ops/businesses?branch=3e75a41a-03f3-4d98-8a56-21a89a4c7225
2171d1d5-d936-4cc4-b350-071ed9597212,a768b956-706d-47b1-84bc-4b990670a642,קוסמטיקאית ברחובות סיגל שבו מומחית לפתרון בעיות עור,רחובות,shfela,הסרת שיער באינפרה ללא כאבים ובמהירות,sentence,hair-removal,on_request,,website,/ops/businesses?branch=a768b956-706d-47b1-84bc-4b990670a642
9091f48d-b5c3-4a47-8238-5d4345adc398,bb3d7841-67cc-47c7-a9ff-86224e1ac302,קוסמטיקאית רחובות טליה בן עטר,רחובות,shfela,הסרת שיער בלייזר - טליה חייט קוסמטיקאית רחובות,sentence,hair-removal,on_request,,website,/ops/businesses?branch=bb3d7841-67cc-47c7-a9ff-86224e1ac302
b70df7ef-f770-4e3b-8000-43073d5fef56,bb3d7841-67cc-47c7-a9ff-86224e1ac302,קוסמטיקאית רחובות טליה בן עטר,רחובות,shfela,הסרת שיער בלייזר בפנים וטיפולי פנים ברחובות,sentence,hair-removal,on_request,,website,/ops/businesses?branch=bb3d7841-67cc-47c7-a9ff-86224e1ac302
27aea6fb-40ae-4b6e-b5e9-70da9602f496,bb3d7841-67cc-47c7-a9ff-86224e1ac302,קוסמטיקאית רחובות טליה בן עטר,רחובות,shfela,הסרת שיער בלייזר ברחובות - טליה חייט קוסמטיקאית רחובות,sentence,hair-removal,on_request,,website,/ops/businesses?branch=bb3d7841-67cc-47c7-a9ff-86224e1ac302
a605fcfa-f4df-410f-80ec-7559f68bdc55,bb3d7841-67cc-47c7-a9ff-86224e1ac302,קוסמטיקאית רחובות טליה בן עטר,רחובות,shfela,הסרת שיער בלייזר ברחובות הדרך להשגת עור חלק ויפה,sentence,hair-removal,on_request,,website,/ops/businesses?branch=bb3d7841-67cc-47c7-a9ff-86224e1ac302
6d345a8b-b53c-46fa-9956-11cdb5e74166,bb3d7841-67cc-47c7-a9ff-86224e1ac302,קוסמטיקאית רחובות טליה בן עטר,רחובות,shfela,הסרת שיער בלייזר ברחובות: איך מוצאים מכון איכותי,sentence,hair-removal,on_request,,website,/ops/businesses?branch=bb3d7841-67cc-47c7-a9ff-86224e1ac302
24b13351-8382-4b71-80ce-160933d31736,bb3d7841-67cc-47c7-a9ff-86224e1ac302,קוסמטיקאית רחובות טליה בן עטר,רחובות,shfela,הסרת שיער בלייזר: המדריך המלא והמעודכן,sentence,hair-removal,on_request,,website,/ops/businesses?branch=bb3d7841-67cc-47c7-a9ff-86224e1ac302
0dcc2532-6bdd-4040-b78c-04deeab756e6,bb3d7841-67cc-47c7-a9ff-86224e1ac302,קוסמטיקאית רחובות טליה בן עטר,רחובות,shfela,הסרת שיער בלייזר: כל מה שרצית לדעת,sentence,hair-removal,on_request,,website,/ops/businesses?branch=bb3d7841-67cc-47c7-a9ff-86224e1ac302
340d5ce7-d07c-4688-86da-08fe3c7dc950,05e5d539-54eb-41e2-a3a5-0357b91cfa8c,"""Valery Secret"" ולרי סיקרט - קליניקה ואקדמיה לטיפולים קוסמטיים ורפואיים‬‎",רחובות,shfela,העלמת כתמי פיגמנטציה וסימני הזדקנות הנגרמים מהשמש,sentence,facials,on_request,,website,/ops/businesses?branch=05e5d539-54eb-41e2-a3a5-0357b91cfa8c
3de06fa3-ad06-4c75-a4bf-87a59d05f026,c24e37c8-c89c-4577-b88b-08895591589c,ציפורניים - אבי שגיא - קליניקה בריאותית לציפורניים,רחובות,shfela,הפתרון המכון והטוב ביותר לטיפול באלרגיה ללק ג'ל.,sentence,nails,on_request,,website,/ops/businesses?branch=c24e37c8-c89c-4577-b88b-08895591589c
a6cbe1e2-46b1-44c0-bb4c-6ebc8974ebbf,05e5d539-54eb-41e2-a3a5-0357b91cfa8c,"""Valery Secret"" ולרי סיקרט - קליניקה ואקדמיה לטיפולים קוסמטיים ורפואיים‬‎",רחובות,shfela,"הצערת עור וטיפול בעור שמן, טיפול בנשירת שיער",sentence,,on_request,,website,/ops/businesses?branch=05e5d539-54eb-41e2-a3a5-0357b91cfa8c
beb2f8b9-2d77-4cc1-bf87-61e75d3e487a,c24e37c8-c89c-4577-b88b-08895591589c,ציפורניים - אבי שגיא - קליניקה בריאותית לציפורניים,רחובות,shfela,הקליניקה לבעיות ציפורניים של אבי שגיא - ההצלחות שלנו,sentence,nails,on_request,,website,/ops/businesses?branch=c24e37c8-c89c-4577-b88b-08895591589c
86aa9ea8-b30e-43a3-a926-9e8825e7e6d5,967798ad-a15f-4fa3-903a-791e623c5993,Smile Center Dental Clinic Dr. David Attia,רחובות,shfela,השתלות שיניים ברחובות – לחזור לחייך בלי חשש,sentence,dental-aesthetics,on_request,,website,/ops/businesses?branch=967798ad-a15f-4fa3-903a-791e623c5993
9a3edf99-557c-43ab-afbd-4a503ccd0065,de2484af-3b05-444a-8ab2-0bb0c9890d1b,איפור קבוע לימור לוין,רחובות,shfela,התוצאות המהירות ביותר להסרת איפור קבוע.,sentence,permanent-makeup,on_request,,website,/ops/businesses?branch=de2484af-3b05-444a-8ab2-0bb0c9890d1b
1278b9d1-181c-4eb1-af95-1bc9af169e68,bb3d7841-67cc-47c7-a9ff-86224e1ac302,קוסמטיקאית רחובות טליה בן עטר,רחובות,shfela,חוסך זמן בשגרת האיפור היומית שלך,sentence,,on_request,,website,/ops/businesses?branch=bb3d7841-67cc-47c7-a9ff-86224e1ac302
2ea56b56-eb74-4af0-ae74-b30a85e29800,967798ad-a15f-4fa3-903a-791e623c5993,Smile Center Dental Clinic Dr. David Attia,רחובות,shfela,טבלת עלות מול תועלת בטיפול עם קשתיות שקופות,sentence,dental-aesthetics,on_request,,website,/ops/businesses?branch=967798ad-a15f-4fa3-903a-791e623c5993
d602a03e-a57b-4514-bf00-e38dd993e7ac,bb3d7841-67cc-47c7-a9ff-86224e1ac302,קוסמטיקאית רחובות טליה בן עטר,רחובות,shfela,"טיפול אנטי אייגינג , מיצוק , זוהר ,מתיחה, לחות והזנה",sentence,facials,on_request,,website,/ops/businesses?branch=bb3d7841-67cc-47c7-a9ff-86224e1ac302
43a4ab5f-5bbe-4a15-9328-1e56a46f1858,0cf10daa-6231-4464-af2f-0c9dad0bdec7,Limor Cosmetics,רחובות,shfela,טיפול באקנה ביבנה בלימור קוסמטיקה &ndash; גישה אישית ומדויקת,sentence,facials,on_request,,website,/ops/businesses?branch=0cf10daa-6231-4464-af2f-0c9dad0bdec7
8640fd81-d13b-499d-bac2-a8bb96437b06,0cf10daa-6231-4464-af2f-0c9dad0bdec7,Limor Cosmetics,רחובות,shfela,טיפול באקנה ברחובות בלימור קוסמטיקה &ndash; גישה מותאמת אישית,sentence,facials,on_request,,website,/ops/businesses?branch=0cf10daa-6231-4464-af2f-0c9dad0bdec7
1f8b43c7-ce00-45ad-8499-ed582826d7f4,05e5d539-54eb-41e2-a3a5-0357b91cfa8c,"""Valery Secret"" ולרי סיקרט - קליניקה ואקדמיה לטיפולים קוסמטיים ורפואיים‬‎",רחובות,shfela,"טיפול באקנה ועור שמן, במקרים המורכבים ביותר.",sentence,facials,on_request,,website,/ops/businesses?branch=05e5d539-54eb-41e2-a3a5-0357b91cfa8c
e0be1296-57aa-4064-a4de-6f729e1dd510,c24e37c8-c89c-4577-b88b-08895591589c,ציפורניים - אבי שגיא - קליניקה בריאותית לציפורניים,רחובות,shfela,"טיפול בדלמינציה - ציפורניים מתקלפות ונסדקות, Onychoschizia",sentence,dental-aesthetics,on_request,,website,/ops/businesses?branch=c24e37c8-c89c-4577-b88b-08895591589c
f87b9e86-0217-4837-af83-e06b23aa63dc,c24e37c8-c89c-4577-b88b-08895591589c,ציפורניים - אבי שגיא - קליניקה בריאותית לציפורניים,רחובות,shfela,"טיפול בטראומה חריפה לשורש, nail avultion, הייפוניכיה",sentence,nails,on_request,,website,/ops/businesses?branch=c24e37c8-c89c-4577-b88b-08895591589c
37fab638-7e20-4334-af05-707af4e6412b,c24e37c8-c89c-4577-b88b-08895591589c,ציפורניים - אבי שגיא - קליניקה בריאותית לציפורניים,רחובות,shfela,טיפול בטרג'יום וניוון של הציפורן - nail dystrophy,sentence,nails,on_request,,website,/ops/businesses?branch=c24e37c8-c89c-4577-b88b-08895591589c
b6118a03-de9c-4ab1-9318-53a0c547f982,c24e37c8-c89c-4577-b88b-08895591589c,ציפורניים - אבי שגיא - קליניקה בריאותית לציפורניים,רחובות,shfela,"טיפול בכסיסת ציפורניים, אוניכוליזיס מלק ג'ל,",sentence,nails,on_request,,website,/ops/businesses?branch=c24e37c8-c89c-4577-b88b-08895591589c
37db3605-d958-4c27-8543-7311ba0f9a4a,c24e37c8-c89c-4577-b88b-08895591589c,ציפורניים - אבי שגיא - קליניקה בריאותית לציפורניים,רחובות,shfela,טיפול בכתמים לבנים בציפורניים - פטרת ציפורניים משטחית WSO,sentence,nails,on_request,,website,/ops/businesses?branch=c24e37c8-c89c-4577-b88b-08895591589c
b0d0259c-11c2-48b4-aee3-6c027e54f810,c24e37c8-c89c-4577-b88b-08895591589c,ציפורניים - אבי שגיא - קליניקה בריאותית לציפורניים,רחובות,shfela,"טיפול במחלת ציפורניים קשה - אוניכוליזיס,",sentence,nails,on_request,,website,/ops/businesses?branch=c24e37c8-c89c-4577-b88b-08895591589c
57416870-1f52-478b-8b68-a7232bfcee93,c24e37c8-c89c-4577-b88b-08895591589c,ציפורניים - אבי שגיא - קליניקה בריאותית לציפורניים,רחובות,shfela,טיפול בציפורן חודרנית עמוקה לאחר פדיקור לא נכון.,sentence,nails,on_request,,website,/ops/businesses?branch=c24e37c8-c89c-4577-b88b-08895591589c
cb35e2dc-37e4-4d96-b632-e95efdf5356f,c24e37c8-c89c-4577-b88b-08895591589c,ציפורניים - אבי שגיא - קליניקה בריאותית לציפורניים,רחובות,shfela,"טיפול בציפורניים חלשות וסדוקות, דלמינציה.",sentence,dental-aesthetics,on_request,,website,/ops/businesses?branch=c24e37c8-c89c-4577-b88b-08895591589c
019f35d4-e772-495c-aa8b-d9599051f6fc,c24e37c8-c89c-4577-b88b-08895591589c,ציפורניים - אבי שגיא - קליניקה בריאותית לציפורניים,רחובות,shfela,"טיפול בציפורניים חלשות, מתפצלות ודקות, סובלות מדלמינציה",sentence,dental-aesthetics,on_request,,website,/ops/businesses?branch=c24e37c8-c89c-4577-b88b-08895591589c
e103fb3a-016f-4f50-bb35-f25cbba85f34,c24e37c8-c89c-4577-b88b-08895591589c,ציפורניים - אבי שגיא - קליניקה בריאותית לציפורניים,רחובות,shfela,טיפול בציפורניים עבות וצהובות.,sentence,nails,on_request,,website,/ops/businesses?branch=c24e37c8-c89c-4577-b88b-08895591589c
6af851a0-be74-4254-8b6a-2700a4133252,c24e37c8-c89c-4577-b88b-08895591589c,ציפורניים - אבי שגיא - קליניקה בריאותית לציפורניים,רחובות,shfela,טיפול בציפורניים צהובות שנלוו לציפורן חודרנית,sentence,nails,on_request,,website,/ops/businesses?branch=c24e37c8-c89c-4577-b88b-08895591589c
715594c3-1a39-4cc5-bd5a-4557916cc538,0cf10daa-6231-4464-af2f-0c9dad0bdec7,Limor Cosmetics,רחובות,shfela,טיפול פילינג יהלום ברחובות בלימור קוסמטיקה,sentence,facials,on_request,,website,/ops/businesses?branch=0cf10daa-6231-4464-af2f-0c9dad0bdec7
6829e0dd-27f2-47b8-87e8-d6e7dad4a49b,0cf10daa-6231-4464-af2f-0c9dad0bdec7,Limor Cosmetics,רחובות,shfela,טיפול פילינג יהלום ברחובות מתאים לנשים ולגברים הסובלים מ,sentence,facials,on_request,,website,/ops/businesses?branch=0cf10daa-6231-4464-af2f-0c9dad0bdec7
7e6c1462-8646-4c53-bf8f-8ffb7405088c,bb3d7841-67cc-47c7-a9ff-86224e1ac302,קוסמטיקאית רחובות טליה בן עטר,רחובות,shfela,טיפול פנים בקליניקה של טליה קוסמטיקס ברחובות,sentence,facials,on_request,,website,/ops/businesses?branch=bb3d7841-67cc-47c7-a9ff-86224e1ac302
4c55ac09-9583-483b-af35-380b0d495f74,6dab8714-8bfd-4ef0-b4dd-cb2f16104c4c,"טיפול פנים, קוסמטיקה, קוסמטיקאית - מיכל לוי",רחובות,shfela,"טיפול פנים משקם, מחדש, מרענן, ושיפור ניראות העור",sentence,facials,on_request,,website,/ops/businesses?branch=6dab8714-8bfd-4ef0-b4dd-cb2f16104c4c
1d574db1-51b7-41bf-8e95-1663fc63d319,bb3d7841-67cc-47c7-a9ff-86224e1ac302,קוסמטיקאית רחובות טליה בן עטר,רחובות,shfela,טיפולי פנים - טליה חייט קוסמטיקאית רחובות,sentence,facials,on_request,,website,/ops/businesses?branch=bb3d7841-67cc-47c7-a9ff-86224e1ac302
c314067d-2739-4ea1-8437-4d376c383954,bb3d7841-67cc-47c7-a9ff-86224e1ac302,קוסמטיקאית רחובות טליה בן עטר,רחובות,shfela,טיפולי פנים ברחובות - טליה חייט קוסמטיקאית רחובות,sentence,facials,on_request,,website,/ops/businesses?branch=bb3d7841-67cc-47c7-a9ff-86224e1ac302
292ea2a6-3bd7-459d-8a41-7887d762d034,0cf10daa-6231-4464-af2f-0c9dad0bdec7,Limor Cosmetics,רחובות,shfela,טיפולים באקנה למיגור הדלקת ואיזון תיפקודי העור.,sentence,facials,on_request,,website,/ops/businesses?branch=0cf10daa-6231-4464-af2f-0c9dad0bdec7
5cee9cba-256e-423e-b55a-ad0ef3567797,3e75a41a-03f3-4d98-8a56-21a89a4c7225,Liv Beauty Academy,רחובות,shfela,טיפולים לחיטוב ובניית שריר לכל איזורי הגוף באמצעות טכנולוגיית EMS,sentence,,on_request,,website,/ops/businesses?branch=3e75a41a-03f3-4d98-8a56-21a89a4c7225
6a0f4b6d-33c7-428b-a99c-522c10f4287c,bb3d7841-67cc-47c7-a9ff-86224e1ac302,קוסמטיקאית רחובות טליה בן עטר,רחובות,shfela,טיפים לטיפול פנים איכותי,article,facials,on_request,,website,/ops/businesses?branch=bb3d7841-67cc-47c7-a9ff-86224e1ac302
882c2475-326f-48ca-9254-7ad70a6a19a4,c24e37c8-c89c-4577-b88b-08895591589c,ציפורניים - אבי שגיא - קליניקה בריאותית לציפורניים,רחובות,shfela,יועץ ומנטור עסקי לתחום הציפורניים .,sentence,nails,on_request,,website,/ops/businesses?branch=c24e37c8-c89c-4577-b88b-08895591589c
f3437b1f-7616-4b5b-acd7-543f438bc3dd,967798ad-a15f-4fa3-903a-791e623c5993,Smile Center Dental Clinic Dr. David Attia,רחובות,shfela,יישור שיניים ברחובות – השיטות השונות,sentence,dental-aesthetics,on_request,,website,/ops/businesses?branch=967798ad-a15f-4fa3-903a-791e623c5993
de762a61-ae7f-4b9a-a9a0-d52276d4071e,1fb9c05f-5135-47f9-99d7-f7be941bdb74,Stella Beauty,רחובות,shfela,יעוץ און ליין התעמת שיגרת טיפוח,sentence,,on_request,,website,/ops/businesses?branch=1fb9c05f-5135-47f9-99d7-f7be941bdb74
95dab290-d8d1-4d5d-bd22-b68d22eebc5a,bb3d7841-67cc-47c7-a9ff-86224e1ac302,קוסמטיקאית רחובות טליה בן עטר,רחובות,shfela,כל מה שתרצי לדעת על טיפול פנים,sentence,facials,on_request,,website,/ops/businesses?branch=bb3d7841-67cc-47c7-a9ff-86224e1ac302
d24dbaa5-2172-4910-a3dc-4e92282cad1f,c24e37c8-c89c-4577-b88b-08895591589c,ציפורניים - אבי שגיא - קליניקה בריאותית לציפורניים,רחובות,shfela,כתבה בנושא כתמים לבנים ומשמעותם - מגזין הבריאות שיפקה,sentence,facials,on_request,,website,/ops/businesses?branch=c24e37c8-c89c-4577-b88b-08895591589c
bf7980a4-56cd-4f2c-887b-908ea94dfe11,0cf10daa-6231-4464-af2f-0c9dad0bdec7,Limor Cosmetics,רחובות,shfela,לימור בעלת ניסיון של עשרות שנים בהסרת שיער באפילציה.,sentence,hair-removal,on_request,,website,/ops/businesses?branch=0cf10daa-6231-4464-af2f-0c9dad0bdec7
7688d9e5-7ae4-4782-abe4-7f9847c850f5,de2484af-3b05-444a-8ab2-0bb0c9890d1b,איפור קבוע לימור לוין,רחובות,shfela,"לימור לוין , מאסטרית ומורה לאיפור קבוע .",sentence,permanent-makeup,on_request,,website,/ops/businesses?branch=de2484af-3b05-444a-8ab2-0bb0c9890d1b
9f501e62-7b96-45fd-996a-f7d3d826bb3c,0cf10daa-6231-4464-af2f-0c9dad0bdec7,Limor Cosmetics,רחובות,shfela,לימור קוסמטיקאית | טיפול באקנה ביבנה,sentence,facials,on_request,,website,/ops/businesses?branch=0cf10daa-6231-4464-af2f-0c9dad0bdec7
52da4a85-f60f-47e5-846d-4cd5b914e16b,0cf10daa-6231-4464-af2f-0c9dad0bdec7,Limor Cosmetics,רחובות,shfela,לימור קוסמטיקאית | טיפול באקנה בנס ציונה,sentence,facials,on_request,,website,/ops/businesses?branch=0cf10daa-6231-4464-af2f-0c9dad0bdec7
d58bde77-1e8b-4fd3-a353-b288dea14959,0cf10daa-6231-4464-af2f-0c9dad0bdec7,Limor Cosmetics,רחובות,shfela,לימור קוסמטיקאית | טיפול באקנה ברחובות,sentence,facials,on_request,,website,/ops/businesses?branch=0cf10daa-6231-4464-af2f-0c9dad0bdec7
dd61cbc4-93cb-4bf1-8e75-dd6562a4ab3f,0cf10daa-6231-4464-af2f-0c9dad0bdec7,Limor Cosmetics,רחובות,shfela,לימור קוסמטיקאית | טיפול פילינג יהלום ברחובות,sentence,facials,on_request,,website,/ops/businesses?branch=0cf10daa-6231-4464-af2f-0c9dad0bdec7
e04f1ebf-3267-4374-aed4-c3b0e5c44ffb,c24e37c8-c89c-4577-b88b-08895591589c,ציפורניים - אבי שגיא - קליניקה בריאותית לציפורניים,רחובות,shfela,"למרות הנהוג לחשוב, לא מדובר בפטרת ציפורניים.",sentence,nails,on_request,,website,/ops/businesses?branch=c24e37c8-c89c-4577-b88b-08895591589c
6587c5cd-eff9-47a6-8fc1-aca96d860d35,a744997d-ef19-4d22-94ae-59f854aa8e2c,איריס פרחן - איריס ניילס - לק ג'ל ונליסה ריו קויו Iris Nails | VENALISA KOYO RIO,רחובות,shfela,לק ג'ל - לילה מילאנו 100 RICH GIRL,sentence,nails,on_request,,website,/ops/businesses?branch=a744997d-ef19-4d22-94ae-59f854aa8e2c
39d2c18e-5d31-4312-8ec9-1c5455b4eb73,a744997d-ef19-4d22-94ae-59f854aa8e2c,איריס פרחן - איריס ניילס - לק ג'ל ונליסה ריו קויו Iris Nails | VENALISA KOYO RIO,רחובות,shfela,לק ג'ל - לילה מילאנו 42 SILVER GLITTER,sentence,nails,on_request,,website,/ops/businesses?branch=a744997d-ef19-4d22-94ae-59f854aa8e2c
5486987d-7f1e-4716-a9de-e00048d6cd1e,a744997d-ef19-4d22-94ae-59f854aa8e2c,איריס פרחן - איריס ניילס - לק ג'ל ונליסה ריו קויו Iris Nails | VENALISA KOYO RIO,רחובות,shfela,לק ג'ל לילה מילאנו 234 – Very Moss,sentence,nails,on_request,,website,/ops/businesses?branch=a744997d-ef19-4d22-94ae-59f854aa8e2c
43bb0713-8594-4b07-9185-8705ae177f05,e3743894-d945-47aa-8be5-e1b6794064b7,abiglam,רחובות,shfela,לשימוש בטיפולים הרמת ריסים והרמת גבות,sentence,brows-lashes,on_request,,website,/ops/businesses?branch=e3743894-d945-47aa-8be5-e1b6794064b7
de9954df-2a06-4bc2-9999-3a40edafe544,de2484af-3b05-444a-8ab2-0bb0c9890d1b,איפור קבוע לימור לוין,רחובות,shfela,מאלחש שניוני – Feel better now,sentence,,fixed,369,website,/ops/businesses?branch=de2484af-3b05-444a-8ab2-0bb0c9890d1b
9cbb4409-601c-4460-919d-3858bfb68b0b,de2484af-3b05-444a-8ab2-0bb0c9890d1b,איפור קבוע לימור לוין,רחובות,shfela,מאלחש שניוני – bactine max spray,sentence,,fixed,279,website,/ops/businesses?branch=de2484af-3b05-444a-8ab2-0bb0c9890d1b
c06693ec-5382-4fac-a49e-b987dee4d37e,bb3d7841-67cc-47c7-a9ff-86224e1ac302,קוסמטיקאית רחובות טליה בן עטר,רחובות,shfela,מה עושים באיפור קבוע גבות,article,permanent-makeup,on_request,,website,/ops/businesses?branch=bb3d7841-67cc-47c7-a9ff-86224e1ac302
7eb3407b-11e4-4777-89e0-be11e47902f1,bb3d7841-67cc-47c7-a9ff-86224e1ac302,קוסמטיקאית רחובות טליה בן עטר,רחובות,shfela,מה עושים באיפור קבוע שפתיים,article,permanent-makeup,on_request,,website,/ops/businesses?branch=bb3d7841-67cc-47c7-a9ff-86224e1ac302
d54274c1-5e96-4402-bb57-a6ea04298245,de2484af-3b05-444a-8ab2-0bb0c9890d1b,איפור קבוע לימור לוין,רחובות,shfela,מוצרים לאיפור קבוע,product,permanent-makeup,on_request,,website,/ops/businesses?branch=de2484af-3b05-444a-8ab2-0bb0c9890d1b
1f16021e-6b1f-4030-8fb6-244a3bd1f2d0,a744997d-ef19-4d22-94ae-59f854aa8e2c,איריס פרחן - איריס ניילס - לק ג'ל ונליסה ריו קויו Iris Nails | VENALISA KOYO RIO,רחובות,shfela,מוצרים מקצועיים לטיפוח ויופי,product,,on_request,,website,/ops/businesses?branch=a744997d-ef19-4d22-94ae-59f854aa8e2c
6c0f4650-f04b-4593-98b8-6730a1069cd6,a744997d-ef19-4d22-94ae-59f854aa8e2c,איריס פרחן - איריס ניילס - לק ג'ל ונליסה ריו קויו Iris Nails | VENALISA KOYO RIO,רחובות,shfela,מוצרים עד,product,,fixed,20,website,/ops/businesses?branch=a744997d-ef19-4d22-94ae-59f854aa8e2c
9c65f849-e3ec-4687-b951-2be11352cc50,de2484af-3b05-444a-8ab2-0bb0c9890d1b,איפור קבוע לימור לוין,רחובות,shfela,"מכונת שיזוף בעמידה, חזקה לתוצאה מושלמת תוך דקות.",sentence,tanning,on_request,,website,/ops/businesses?branch=de2484af-3b05-444a-8ab2-0bb0c9890d1b
022ccd59-9871-4e54-8cb6-e17659e7a538,e3743894-d945-47aa-8be5-e1b6794064b7,abiglam,רחובות,shfela,נועה בוקרא אשקלון ריסים והשתלמות עיצוב גבות 052-860-0893 .,sentence,brows-lashes,on_request,,website,/ops/businesses?branch=e3743894-d945-47aa-8be5-e1b6794064b7
6a905431-0145-46fe-8656-66c82d9b2282,a744997d-ef19-4d22-94ae-59f854aa8e2c,איריס פרחן - איריס ניילס - לק ג'ל ונליסה ריו קויו Iris Nails | VENALISA KOYO RIO,רחובות,shfela,נייטשר טאץ’ Nature Touch נייטשר טאץ’ – גוונים,sentence,hair-salons,on_request,,website,/ops/businesses?branch=a744997d-ef19-4d22-94ae-59f854aa8e2c
5c29ca3d-caab-4bce-a444-8d1fdde68475,0cf10daa-6231-4464-af2f-0c9dad0bdec7,Limor Cosmetics,רחובות,shfela,ניקוי פנים עמוק לעור עם פצעי אקנה,sentence,facials,on_request,,website,/ops/businesses?branch=0cf10daa-6231-4464-af2f-0c9dad0bdec7
8372cdcb-89c0-4359-acf4-ef0d7a244fdf,c24e37c8-c89c-4577-b88b-08895591589c,ציפורניים - אבי שגיא - קליניקה בריאותית לציפורניים,רחובות,shfela,"ניקולוג, פדיקוריסט, ארומתרפיסט וחבר איגוד הארומתרפיסטים העולמי CTAA,",sentence,nails,on_request,,website,/ops/businesses?branch=c24e37c8-c89c-4577-b88b-08895591589c
85de1e25-1f19-4add-8485-73098fc9c341,bb3d7841-67cc-47c7-a9ff-86224e1ac302,קוסמטיקאית רחובות טליה בן עטר,רחובות,shfela,עיצוב גבות ושפם - טליה חייט קוסמטיקאית רחובות,sentence,brows-lashes,on_request,,website,/ops/businesses?branch=bb3d7841-67cc-47c7-a9ff-86224e1ac302
6fd28bbf-4358-4f0d-b065-1073e1a2feeb,bb3d7841-67cc-47c7-a9ff-86224e1ac302,קוסמטיקאית רחובות טליה בן עטר,רחובות,shfela,עיצוב גבות ושפם ברחובות - טליה חייט קוסמטיקאית רחובות,sentence,brows-lashes,on_request,,website,/ops/businesses?branch=bb3d7841-67cc-47c7-a9ff-86224e1ac302
de405e81-b13c-4703-b872-63c2a91e029d,e3743894-d945-47aa-8be5-e1b6794064b7,abiglam,רחובות,shfela,עמית מיאמי ריסים 1(702)5761457 amitrogozinsky,sentence,brows-lashes,on_request,,website,/ops/businesses?branch=e3743894-d945-47aa-8be5-e1b6794064b7
914de07f-c5be-4b39-be21-7e219ae0cd7f,c24e37c8-c89c-4577-b88b-08895591589c,ציפורניים - אבי שגיא - קליניקה בריאותית לציפורניים,רחובות,shfela,פורום שאלות ותשובות פורום בעיות ציפורניים,sentence,nails,on_request,,website,/ops/businesses?branch=c24e37c8-c89c-4577-b88b-08895591589c
b26450da-b421-4de6-ac2f-1e84f2c162c2,c24e37c8-c89c-4577-b88b-08895591589c,ציפורניים - אבי שגיא - קליניקה בריאותית לציפורניים,רחובות,shfela,פטריות בציפורניים ברגליים מאופיינים בשלושה סוגים עיקריים,sentence,nails,on_request,,website,/ops/businesses?branch=c24e37c8-c89c-4577-b88b-08895591589c
72ca2c19-64a2-45ba-a4fb-d244b957aa00,0cf10daa-6231-4464-af2f-0c9dad0bdec7,Limor Cosmetics,רחובות,shfela,פיגמנטציות וכתמים &ndash; גורמים וטיפול הבהרה,sentence,hair-salons,on_request,,website,/ops/businesses?branch=0cf10daa-6231-4464-af2f-0c9dad0bdec7
060dc169-51fc-43bd-98ff-dea39c4198dd,aba6a12f-eb4a-4582-a934-19bb2ae2ba55,"יערה וקיים מאפרת | עיצוב שיער - תסרוקות | תספורות | צבע גוונים ברחובות. ""להדגיש את היופי שבך""",רחובות,shfela,"צבע לשיער, גוונים, שורשים, אומברה, בליאג'",sentence,hair-salons,on_request,,website,/ops/businesses?branch=aba6a12f-eb4a-4582-a934-19bb2ae2ba55
42873de9-afd7-4287-9767-5a5ff14f6f9a,a744997d-ef19-4d22-94ae-59f854aa8e2c,איריס פרחן - איריס ניילס - לק ג'ל ונליסה ריו קויו Iris Nails | VENALISA KOYO RIO,רחובות,shfela,קאני לק ג’ל 16 מ”ל גוונים,sentence,hair-salons,on_request,,website,/ops/businesses?branch=a744997d-ef19-4d22-94ae-59f854aa8e2c
7aeb93b1-b693-49b4-81fd-b3812c32cdbe,0cf10daa-6231-4464-af2f-0c9dad0bdec7,Limor Cosmetics,רחובות,shfela,קביעת תור לטיפול באקנה בנס ציונה,sentence,facials,on_request,,website,/ops/businesses?branch=0cf10daa-6231-4464-af2f-0c9dad0bdec7
f7bf9a0f-fe6a-4765-afca-1f0f7700a988,0cf10daa-6231-4464-af2f-0c9dad0bdec7,Limor Cosmetics,רחובות,shfela,קביעת תור לטיפול פילינג יהלום ברחובות,sentence,facials,on_request,,website,/ops/businesses?branch=0cf10daa-6231-4464-af2f-0c9dad0bdec7
350ddbb8-3f1c-43c2-b37a-c0e49af36c40,bb3d7841-67cc-47c7-a9ff-86224e1ac302,קוסמטיקאית רחובות טליה בן עטר,רחובות,shfela,קודם Previous הסרת שיער בלייזר: כל מה שרצית לדעת,sentence,hair-removal,on_request,,website,/ops/businesses?branch=bb3d7841-67cc-47c7-a9ff-86224e1ac302
dfbdfb02-049a-4d5c-be94-f6dd838f84bb,967798ad-a15f-4fa3-903a-791e623c5993,Smile Center Dental Clinic Dr. David Attia,רחובות,shfela,קודם הקודם הסוד לחיוך מושלם: הלבנת שיניים ואסתטיקה דנטלית,sentence,dental-aesthetics,on_request,,website,/ops/businesses?branch=967798ad-a15f-4fa3-903a-791e623c5993
b217b2d5-53db-47fd-9aee-6153aba2e244,3e75a41a-03f3-4d98-8a56-21a89a4c7225,Liv Beauty Academy,רחובות,shfela,קוסמלאן טיפול משנה מציאות לשיקום מלא לעור הפנים,sentence,,on_request,,website,/ops/businesses?branch=3e75a41a-03f3-4d98-8a56-21a89a4c7225
28471444-f257-47f3-8fa1-1f7fc599e883,de2484af-3b05-444a-8ab2-0bb0c9890d1b,איפור קבוע לימור לוין,רחובות,shfela,קורס איפור קבוע,package,permanent-makeup,on_request,,website,/ops/businesses?branch=de2484af-3b05-444a-8ab2-0bb0c9890d1b
bc38ab31-47c9-493e-9159-34d58b87f2b7,de2484af-3b05-444a-8ab2-0bb0c9890d1b,איפור קבוע לימור לוין,רחובות,shfela,קורס הדבקת ריסים,package,brows-lashes,on_request,,website,/ops/businesses?branch=de2484af-3b05-444a-8ab2-0bb0c9890d1b
1a7c50d3-a842-46a9-8954-0ddcf875f85b,de2484af-3b05-444a-8ab2-0bb0c9890d1b,איפור קבוע לימור לוין,רחובות,shfela,קורס הרמת ריסים,package,brows-lashes,on_request,,website,/ops/businesses?branch=de2484af-3b05-444a-8ab2-0bb0c9890d1b
f1719538-63f6-4dad-98cb-a919fd28a927,e3743894-d945-47aa-8be5-e1b6794064b7,abiglam,רחובות,shfela,קורס הרמת ריסים,package,brows-lashes,on_request,,website,/ops/businesses?branch=e3743894-d945-47aa-8be5-e1b6794064b7
0359d2ce-879a-4904-a244-944281ac2474,de2484af-3b05-444a-8ab2-0bb0c9890d1b,איפור קבוע לימור לוין,רחובות,shfela,קורס עיצוב גבות,package,brows-lashes,on_request,,website,/ops/businesses?branch=de2484af-3b05-444a-8ab2-0bb0c9890d1b
7c80ee24-b4f0-4911-b22c-6433e84b20c4,967798ad-a15f-4fa3-903a-791e623c5993,Smile Center Dental Clinic Dr. David Attia,רחובות,shfela,קשתיות שקופות – כמעט בלתי נראות,sentence,dental-aesthetics,on_request,,website,/ops/businesses?branch=967798ad-a15f-4fa3-903a-791e623c5993
cc5d0b5e-0c80-48e4-83ed-cb0e81ee1486,967798ad-a15f-4fa3-903a-791e623c5993,Smile Center Dental Clinic Dr. David Attia,רחובות,shfela,קשתיות שקופות: טיפול אורתודנטי דיסקרטי ליישור שיניים,sentence,dental-aesthetics,on_request,,website,/ops/businesses?branch=967798ad-a15f-4fa3-903a-791e623c5993
5e371bee-c79a-4f54-a5c2-22489a954a36,c24e37c8-c89c-4577-b88b-08895591589c,ציפורניים - אבי שגיא - קליניקה בריאותית לציפורניים,רחובות,shfela,רק בציפורניים המרכז ליעוץ והכשרה לעולם הציפורן תקבלו את,sentence,nails,on_request,,website,/ops/businesses?branch=c24e37c8-c89c-4577-b88b-08895591589c
87b681e4-b958-413c-8cba-369f5a24392d,bb3d7841-67cc-47c7-a9ff-86224e1ac302,קוסמטיקאית רחובות טליה בן עטר,רחובות,shfela,שאלות נפוצות בנושא טיפולי פנים ברחובות,sentence,facials,on_request,,website,/ops/businesses?branch=bb3d7841-67cc-47c7-a9ff-86224e1ac302
4bda625e-7af4-43a2-8ab4-56a30f24e5c8,bb3d7841-67cc-47c7-a9ff-86224e1ac302,קוסמטיקאית רחובות טליה בן עטר,רחובות,shfela,שאלות נפוצות בנושא עיצוב גבות ושפם ברחובות,sentence,brows-lashes,on_request,,website,/ops/businesses?branch=bb3d7841-67cc-47c7-a9ff-86224e1ac302
a4aeae95-097e-4d07-999e-f56de4b58aa5,967798ad-a15f-4fa3-903a-791e623c5993,Smile Center Dental Clinic Dr. David Attia,רחובות,shfela,"שימור שן טבעית, הפחתת כאב ומניעת ניתוחים",sentence,,on_request,,website,/ops/businesses?branch=967798ad-a15f-4fa3-903a-791e623c5993
22a19867-431f-420d-863f-c16aa949d0e4,0cf10daa-6231-4464-af2f-0c9dad0bdec7,Limor Cosmetics,רחובות,shfela,שיקום העור לאחר אקנה וצלקות שטחיות,sentence,facials,on_request,,website,/ops/businesses?branch=0cf10daa-6231-4464-af2f-0c9dad0bdec7
1de8b19e-b165-4dd9-aeb7-7cf8d2ca4423,e3743894-d945-47aa-8be5-e1b6794064b7,abiglam,רחובות,shfela,שני סדרס לוס אנגלס ריסים 1(754)2100539 shani_sadres,sentence,brows-lashes,on_request,,website,/ops/businesses?branch=e3743894-d945-47aa-8be5-e1b6794064b7
6f573b9d-4252-4f5a-b021-0039e536bd3e,bb3d7841-67cc-47c7-a9ff-86224e1ac302,קוסמטיקאית רחובות טליה בן עטר,רחובות,shfela,תהליך עיצוב גבות – כל השלבים,sentence,brows-lashes,on_request,,website,/ops/businesses?branch=bb3d7841-67cc-47c7-a9ff-86224e1ac302
80be866b-ec99-42fd-92c9-9bfad5167503,2b6149cd-c0ca-435a-b5c7-2c86088d40bb,יואל - אומנות השיער,רחובות,shfela,"תלתלים, צבעים, תסרוקות ועוד — מבחר מהמספרה.",sentence,hair-salons,on_request,,website,/ops/businesses?branch=2b6149cd-c0ca-435a-b5c7-2c86088d40bb
9897bfa4-625f-41cf-bade-8632fc5f7800,396b0f47-4c94-4e45-be30-8b32c5299ccb,"ד""ר ללוש - מדע מוכח ליופי שלך",רמת גן,dan,"איילה ממליצה על טיפול באקנה אצל ד""ר ללוש",sentence,facials,on_request,,website,/ops/businesses?branch=396b0f47-4c94-4e45-be30-8b32c5299ccb
ab7eadfe-78a9-44b8-8513-b8fb82232fcc,396b0f47-4c94-4e45-be30-8b32c5299ccb,"ד""ר ללוש - מדע מוכח ליופי שלך",רמת גן,dan,בהרמת עפעפיים והעלמת קמטוטים באזור העיניים והפנים,sentence,plastic-surgery,on_request,,website,/ops/businesses?branch=396b0f47-4c94-4e45-be30-8b32c5299ccb
f92b409b-f13a-4403-8e82-1210b7345b74,396b0f47-4c94-4e45-be30-8b32c5299ccb,"ד""ר ללוש - מדע מוכח ליופי שלך",רמת גן,dan,בטיפול באקנה על כל סוגיו ומידות החומרה האפשריות,sentence,facials,on_request,,website,/ops/businesses?branch=396b0f47-4c94-4e45-be30-8b32c5299ccb
7ff5a5a3-8614-4862-a899-78f3fd87796d,396b0f47-4c94-4e45-be30-8b32c5299ccb,"ד""ר ללוש - מדע מוכח ליופי שלך",רמת גן,dan,בטיפול בכל סוגי האקנה.,sentence,facials,on_request,,website,/ops/businesses?branch=396b0f47-4c94-4e45-be30-8b32c5299ccb
cf83ad40-b9fc-4f3d-bd62-a6cb7db733af,a2e99842-8291-4be3-b41c-b65feb91c9e4,Leading aesthetic clinic - Dr. Shapiro,רמת גן,dan,ביוסטימולטור חדשני על בסיס קולגן וחומצה היאלורונית עדינה,sentence,medical-aesthetics,on_request,,website,/ops/businesses?branch=a2e99842-8291-4be3-b41c-b65feb91c9e4
cb62631c-aaf3-4bfa-93c3-169113761078,a2e99842-8291-4be3-b41c-b65feb91c9e4,Leading aesthetic clinic - Dr. Shapiro,רמת גן,dan,"ביוסטימולטורים – סקולפטרה, אולידיה, אסטפיל",sentence,medical-aesthetics,on_request,,website,/ops/businesses?branch=a2e99842-8291-4be3-b41c-b65feb91c9e4
39f055ef-c33d-4bb0-a28a-017524a3d8d7,1752138a-ea22-40b5-a591-5e170fe17b37,דר' שי יצחק דובדבני - אף אוזן גרון ניתוחים רפואיים ופלסטיים אסתטיים,רמת גן,dan,בצע הזמנת תור לייעוץ עבור הזרקת בוטוקס / דיספורט,sentence,medical-aesthetics,on_request,,website,/ops/businesses?branch=1752138a-ea22-40b5-a591-5e170fe17b37
6f498286-0e75-4184-84a8-675c917a7585,1752138a-ea22-40b5-a591-5e170fe17b37,דר' שי יצחק דובדבני - אף אוזן גרון ניתוחים רפואיים ופלסטיים אסתטיים,רמת גן,dan,בצע הזמנת תור לייעוץ עבור הזרקת חומצה היאלורונית,sentence,medical-aesthetics,on_request,,website,/ops/businesses?branch=1752138a-ea22-40b5-a591-5e170fe17b37
e0b3a203-5bbd-4d37-91f6-5ae7841775a9,396b0f47-4c94-4e45-be30-8b32c5299ccb,"ד""ר ללוש - מדע מוכח ליופי שלך",רמת גן,dan,ברשת ד”ר ללוש מטפלים בכל סוגי האקנה,sentence,facials,on_request,,website,/ops/businesses?branch=396b0f47-4c94-4e45-be30-8b32c5299ccb
1b75e0be-89ff-4945-bc7c-54891c8808eb,1752138a-ea22-40b5-a591-5e170fe17b37,דר' שי יצחק דובדבני - אף אוזן גרון ניתוחים רפואיים ופלסטיים אסתטיים,רמת גן,dan,גלריית תיקון אוזניים לתינוקות ללא ניתוח,sentence,plastic-surgery,on_request,,website,/ops/businesses?branch=1752138a-ea22-40b5-a591-5e170fe17b37
8929e465-7cc1-4bbc-a4ab-821a45aa5167,1752138a-ea22-40b5-a591-5e170fe17b37,דר' שי יצחק דובדבני - אף אוזן גרון ניתוחים רפואיים ופלסטיים אסתטיים,רמת גן,dan,גלריית תמונות הרמת / מתיחת פנים וצוואר,sentence,plastic-surgery,on_request,,website,/ops/businesses?branch=1752138a-ea22-40b5-a591-5e170fe17b37
64c9d41a-b7c5-4c15-b347-cfb96f014ba0,1752138a-ea22-40b5-a591-5e170fe17b37,דר' שי יצחק דובדבני - אף אוזן גרון ניתוחים רפואיים ופלסטיים אסתטיים,רמת גן,dan,גלריית תמונות לפני אחרי - ניתוח אף פלסטי אסתטי,sentence,plastic-surgery,on_request,,website,/ops/businesses?branch=1752138a-ea22-40b5-a591-5e170fe17b37
239ee903-6171-4bda-b2f9-6d59d17b1a23,1752138a-ea22-40b5-a591-5e170fe17b37,דר' שי יצחק דובדבני - אף אוזן גרון ניתוחים רפואיים ופלסטיים אסתטיים,רמת גן,dan,גלריית תמונות לפני אחרי - ניתוחי אוזניים,sentence,plastic-surgery,on_request,,website,/ops/businesses?branch=1752138a-ea22-40b5-a591-5e170fe17b37
077dd4da-5adf-4d6b-9531-ad1fd9c7c440,a2e99842-8291-4be3-b41c-b65feb91c9e4,Leading aesthetic clinic - Dr. Shapiro,רמת גן,dan,דף הבית &gt; טיפול בוטוקס במצח,sentence,medical-aesthetics,on_request,,website,/ops/businesses?branch=a2e99842-8291-4be3-b41c-b65feb91c9e4
e33a30d7-ab45-434b-b65b-8d6bf6c1da83,55c8d098-e68e-4f3a-92c2-42e98dd81d91,Deborah Cosmetics,רמת גן,dan,האקנה מהווה מטרד וסבל פיזי ורגשי רב,sentence,facials,on_request,,website,/ops/businesses?branch=55c8d098-e68e-4f3a-92c2-42e98dd81d91
28b32b16-34f6-4103-863d-472363b6b875,396b0f47-4c94-4e45-be30-8b32c5299ccb,"ד""ר ללוש - מדע מוכח ליופי שלך",רמת גן,dan,"הדס ממליצה על טיפול באקנה אצל ד""ר ללוש",sentence,facials,on_request,,website,/ops/businesses?branch=396b0f47-4c94-4e45-be30-8b32c5299ccb
a2fd36ee-2614-4f38-b763-7bf7890e1870,1752138a-ea22-40b5-a591-5e170fe17b37,דר' שי יצחק דובדבני - אף אוזן גרון ניתוחים רפואיים ופלסטיים אסתטיים,רמת גן,dan,הזרקת חומצה היאלורונית | דוקטור שי דובדבני,sentence,medical-aesthetics,on_request,,website,/ops/businesses?branch=1752138a-ea22-40b5-a591-5e170fe17b37
54a5d8fc-2db9-4904-bc7e-7b27f10db41d,1752138a-ea22-40b5-a591-5e170fe17b37,דר' שי יצחק דובדבני - אף אוזן גרון ניתוחים רפואיים ופלסטיים אסתטיים,רמת גן,dan,הזרקת חומרי מילוי לפנים - חומצה היאלורונית,sentence,medical-aesthetics,on_request,,website,/ops/businesses?branch=1752138a-ea22-40b5-a591-5e170fe17b37
f394f5ac-0daa-42c7-983e-d3a56db62015,1752138a-ea22-40b5-a591-5e170fe17b37,דר' שי יצחק דובדבני - אף אוזן גרון ניתוחים רפואיים ופלסטיים אסתטיים,רמת גן,dan,החזרת שבר אף ללא ניתוח NON-SURGICAL NOSE REDUCTION,sentence,plastic-surgery,on_request,,website,/ops/businesses?branch=1752138a-ea22-40b5-a591-5e170fe17b37
11da14e2-e572-4d5b-a787-f3964e7ccfb6,a2e99842-8291-4be3-b41c-b65feb91c9e4,Leading aesthetic clinic - Dr. Shapiro,רמת גן,dan,הסוד שבצוואר הברבור – מתיחת צוואר ללא ניתוח,article,plastic-surgery,on_request,,website,/ops/businesses?branch=a2e99842-8291-4be3-b41c-b65feb91c9e4
bc3ff431-d157-4b4c-b88f-b753e299ca84,55c8d098-e68e-4f3a-92c2-42e98dd81d91,Deborah Cosmetics,רמת גן,dan,"הסיבות לתופעה הן זהות לאקנה בפנים,",sentence,facials,on_request,,website,/ops/businesses?branch=55c8d098-e68e-4f3a-92c2-42e98dd81d91
afac8eec-5721-4a16-a2ec-5f903f938d0f,1752138a-ea22-40b5-a591-5e170fe17b37,דר' שי יצחק דובדבני - אף אוזן גרון ניתוחים רפואיים ופלסטיים אסתטיים,רמת גן,dan,הסמכה נוספת מהמועצה הבינלאומית בכירורגיית פנים פלסטית מתקנת ומשחזרת של (IBCFPRS),sentence,,on_request,,website,/ops/businesses?branch=1752138a-ea22-40b5-a591-5e170fe17b37
8f34098d-d808-4198-a41d-58961dd2e998,a2e99842-8291-4be3-b41c-b65feb91c9e4,Leading aesthetic clinic - Dr. Shapiro,רמת גן,dan,הסרת קעקועים ואיפור קבוע - Dr Shapiro,sentence,permanent-makeup,on_request,,website,/ops/businesses?branch=a2e99842-8291-4be3-b41c-b65feb91c9e4
1af037c9-8542-4473-99c9-05c0bbd97fa3,04dec9ce-d39f-4baa-835c-d130a34ace71,DANDA דנדה,רמת גן,dan,הסרת שיער בלייזר - SHR SOPRANO,sentence,,on_request,,website,/ops/businesses?branch=04dec9ce-d39f-4baa-835c-d130a34ace71
7907317c-8584-4453-85e7-a2054518e897,55c8d098-e68e-4f3a-92c2-42e98dd81d91,Deborah Cosmetics,רמת גן,dan,הסרת שיער בשעווה לגברים או נשים,sentence,hair-removal,on_request,,website,/ops/businesses?branch=55c8d098-e68e-4f3a-92c2-42e98dd81d91
4d758bc3-5547-409d-b7cd-a66d0dea4526,55c8d098-e68e-4f3a-92c2-42e98dd81d91,Deborah Cosmetics,רמת גן,dan,הסרת שיער ואיפור קבוע.,sentence,permanent-makeup,on_request,,website,/ops/businesses?branch=55c8d098-e68e-4f3a-92c2-42e98dd81d91
7cdc74f8-457e-4f45-93e9-b88d262392c4,396b0f47-4c94-4e45-be30-8b32c5299ccb,"ד""ר ללוש - מדע מוכח ליופי שלך",רמת גן,dan,השאירו את הפרטים כאן ונשמח להזמין אתכם לפגישת ייעוץ וללא התחייבות.,sentence,,free,0,website,/ops/businesses?branch=396b0f47-4c94-4e45-be30-8b32c5299ccb
7aa54604-6ce2-44d8-a8fa-2dc01b23655c,396b0f47-4c94-4e45-be30-8b32c5299ccb,"ד""ר ללוש - מדע מוכח ליופי שלך",רמת גן,dan,"ולכן, אנחנו מציעים טיפול באקנה שונה ואפקטיבי.",sentence,facials,on_request,,website,/ops/businesses?branch=396b0f47-4c94-4e45-be30-8b32c5299ccb
42859541-ebf4-4737-b3f6-be101dfdedde,55c8d098-e68e-4f3a-92c2-42e98dd81d91,Deborah Cosmetics,רמת גן,dan,ופטריות אותם מטפלים בטיפול הפדיקור.,sentence,nails,on_request,,website,/ops/businesses?branch=55c8d098-e68e-4f3a-92c2-42e98dd81d91
b6f36e91-9cf4-4a66-97c8-bec99fdcbf55,396b0f47-4c94-4e45-be30-8b32c5299ccb,"ד""ר ללוש - מדע מוכח ליופי שלך",רמת גן,dan,"חן ממליצה על טיפול באקנה אצל ד""ר ללוש",sentence,facials,on_request,,website,/ops/businesses?branch=396b0f47-4c94-4e45-be30-8b32c5299ccb
7b67db71-4464-4c3e-b224-aed442d59c6a,396b0f47-4c94-4e45-be30-8b32c5299ccb,"ד""ר ללוש - מדע מוכח ליופי שלך",רמת גן,dan,חררה זה לא אקנה – הגורמים והטיפול לתופעת המיליאריה,sentence,facials,on_request,,website,/ops/businesses?branch=396b0f47-4c94-4e45-be30-8b32c5299ccb
e4215394-13ff-41e8-a969-432ad3ce71c8,396b0f47-4c94-4e45-be30-8b32c5299ccb,"ד""ר ללוש - מדע מוכח ליופי שלך",רמת גן,dan,טיפול באקנה ופצעי אקנה בפנים | ד&quot;ר ללוש מדע מוכח ליופי שלך,sentence,facials,on_request,,website,/ops/businesses?branch=396b0f47-4c94-4e45-be30-8b32c5299ccb
abef92c1-b0c4-4afd-a1fb-abc6af971c80,396b0f47-4c94-4e45-be30-8b32c5299ccb,"ד""ר ללוש - מדע מוכח ליופי שלך",רמת גן,dan,"טיפול בקמטוטים מסביב לעיניים, הרמת עפעפיים עליונים",sentence,plastic-surgery,on_request,,website,/ops/businesses?branch=396b0f47-4c94-4e45-be30-8b32c5299ccb
34190add-0e01-477d-a1ac-b917391e0462,396b0f47-4c94-4e45-be30-8b32c5299ccb,"ד""ר ללוש - מדע מוכח ליופי שלך",רמת גן,dan,טיפול בקסנטלזמה - טכנולוגיית פלסמה להסרת קסנטלזמה! | ד&quot;ר ללוש,sentence,,on_request,,website,/ops/businesses?branch=396b0f47-4c94-4e45-be30-8b32c5299ccb
3b87ab14-7600-40bd-a4f6-28283042f627,396b0f47-4c94-4e45-be30-8b32c5299ccb,"ד""ר ללוש - מדע מוכח ליופי שלך",רמת גן,dan,טיפול ברוזציאה ואדמומיות בפנים | ד&quot;ר ללוש - מדע מוכח ליופי שלך,sentence,,on_request,,website,/ops/businesses?branch=396b0f47-4c94-4e45-be30-8b32c5299ccb
b2e4832e-f77f-4c17-8c74-d7b940099dc6,396b0f47-4c94-4e45-be30-8b32c5299ccb,"ד""ר ללוש - מדע מוכח ליופי שלך",רמת גן,dan,"טיפול פלסמה להסרת נגעים בעור, סרחי עור וכתמים מהפנים ! | ד&quot;ר ללוש",sentence,facials,on_request,,website,/ops/businesses?branch=396b0f47-4c94-4e45-be30-8b32c5299ccb
28ae96d9-8d76-49cc-8bea-959f719fc101,55c8d098-e68e-4f3a-92c2-42e98dd81d91,Deborah Cosmetics,רמת גן,dan,טיפול פנים לגבר אצל דבורה קוסמטיקס,sentence,facials,on_request,,website,/ops/businesses?branch=55c8d098-e68e-4f3a-92c2-42e98dd81d91
f8988299-5cef-49be-a5b5-1646081cceed,55c8d098-e68e-4f3a-92c2-42e98dd81d91,Deborah Cosmetics,רמת גן,dan,טיפול פנים מומלץ לגבר,sentence,facials,on_request,,website,/ops/businesses?branch=55c8d098-e68e-4f3a-92c2-42e98dd81d91
3b3de540-8110-473f-b93e-3c4bc46646ea,55c8d098-e68e-4f3a-92c2-42e98dd81d91,Deborah Cosmetics,רמת גן,dan,"טיפול פנים קלאסי מתאים לכל אחד ואחת,",sentence,facials,on_request,,website,/ops/businesses?branch=55c8d098-e68e-4f3a-92c2-42e98dd81d91
b803f02a-bd7c-45f2-88d5-50cd8726f790,55c8d098-e68e-4f3a-92c2-42e98dd81d91,Deborah Cosmetics,רמת גן,dan,"טיפולי פנים לגבר, טיפול נגד הזדקנות העור,",sentence,facials,on_request,,website,/ops/businesses?branch=55c8d098-e68e-4f3a-92c2-42e98dd81d91
49a9fd7c-d547-4919-a5ed-755a3566d450,1752138a-ea22-40b5-a591-5e170fe17b37,דר' שי יצחק דובדבני - אף אוזן גרון ניתוחים רפואיים ופלסטיים אסתטיים,רמת גן,dan,טיפולים אסתטיים והזרקות הזרקת בוטוקס / דיספורט,sentence,medical-aesthetics,on_request,,website,/ops/businesses?branch=1752138a-ea22-40b5-a591-5e170fe17b37
a444ab1c-80db-4fda-8a84-953c95125f41,2b9aa1e9-5f31-49dc-9ad3-28a450c51ebf,Dr. Eini - Ramat Gan Clinic,רמת גן,dan,יישור שיניים בעזרת הטכנולוגיות המתקדמות בעולם,sentence,dental-aesthetics,on_request,,website,/ops/businesses?branch=2b9aa1e9-5f31-49dc-9ad3-28a450c51ebf
22e6b9d2-b745-4e77-b84b-d7c1a4f1612b,2b9aa1e9-5f31-49dc-9ad3-28a450c51ebf,Dr. Eini - Ramat Gan Clinic,רמת גן,dan,יישור שיניים לילדים ומבוגרים (אורתודונטיה),sentence,dental-aesthetics,on_request,,website,/ops/businesses?branch=2b9aa1e9-5f31-49dc-9ad3-28a450c51ebf
8f6b670b-1265-4a5e-b83a-42dae6638fb1,2b9aa1e9-5f31-49dc-9ad3-28a450c51ebf,Dr. Eini - Ramat Gan Clinic,רמת גן,dan,יישור שיניים רק עם אורטודנט מומחה,sentence,dental-aesthetics,on_request,,website,/ops/businesses?branch=2b9aa1e9-5f31-49dc-9ad3-28a450c51ebf
bcae00ba-3c71-4544-afc0-ad1f9dde9d56,2b9aa1e9-5f31-49dc-9ad3-28a450c51ebf,Dr. Eini - Ramat Gan Clinic,רמת גן,dan,יישור שיניים שקוף אינויזליין יישור שיניים לילדים ונוער,sentence,dental-aesthetics,on_request,,website,/ops/businesses?branch=2b9aa1e9-5f31-49dc-9ad3-28a450c51ebf
beb2fdc3-3970-4594-a5d6-f14582d9b3c1,55c8d098-e68e-4f3a-92c2-42e98dd81d91,Deborah Cosmetics,רמת גן,dan,"כמו כן, בהרבה המקרים יופיע אקנה",sentence,facials,on_request,,website,/ops/businesses?branch=55c8d098-e68e-4f3a-92c2-42e98dd81d91
eb510e18-92e0-44e4-9483-5d5eb55d75b0,396b0f47-4c94-4e45-be30-8b32c5299ccb,"ד""ר ללוש - מדע מוכח ליופי שלך",רמת גן,dan,"לי ממליצה על טיפול באקנה אצל ד""ר ללוש",sentence,facials,on_request,,website,/ops/businesses?branch=396b0f47-4c94-4e45-be30-8b32c5299ccb
2e34233d-699f-44c2-a9c0-39923cbef887,55c8d098-e68e-4f3a-92c2-42e98dd81d91,Deborah Cosmetics,רמת גן,dan,"לכן, כיום יותר פניות נענות לטיפול פנים לגבר .",sentence,facials,on_request,,website,/ops/businesses?branch=55c8d098-e68e-4f3a-92c2-42e98dd81d91
ac546d62-60eb-4bb6-91de-08fbffee66eb,396b0f47-4c94-4e45-be30-8b32c5299ccb,"ד""ר ללוש - מדע מוכח ליופי שלך",רמת גן,dan,לקוחות עם כוויות שמש / שיזוף,sentence,,on_request,,website,/ops/businesses?branch=396b0f47-4c94-4e45-be30-8b32c5299ccb
55c0ae61-ea95-45bb-97dc-089ca844ff32,55c8d098-e68e-4f3a-92c2-42e98dd81d91,Deborah Cosmetics,רמת גן,dan,לשטוף עם מים חמים מדי (מחמיר אקנה),sentence,facials,on_request,,website,/ops/businesses?branch=55c8d098-e68e-4f3a-92c2-42e98dd81d91
44f5c95e-0fcc-4dc3-b200-125488532bed,396b0f47-4c94-4e45-be30-8b32c5299ccb,"ד""ר ללוש - מדע מוכח ליופי שלך",רמת גן,dan,"מאיה ממליצה על טיפול באקנה אצל ד""ר ללוש",sentence,facials,on_request,,website,/ops/businesses?branch=396b0f47-4c94-4e45-be30-8b32c5299ccb
7061d4ea-f4d3-499d-83ce-b121a220b0b0,2b9aa1e9-5f31-49dc-9ad3-28a450c51ebf,Dr. Eini - Ramat Gan Clinic,רמת גן,dan,מאמרים בנושא אינויזליין מאמרים בנושא יישור שיניים ואורתודונטיה,sentence,dental-aesthetics,on_request,,website,/ops/businesses?branch=2b9aa1e9-5f31-49dc-9ad3-28a450c51ebf
c5b62cd4-43da-4ee2-ab29-16a751f5bc13,55c8d098-e68e-4f3a-92c2-42e98dd81d91,Deborah Cosmetics,רמת גן,dan,מה הוא אקנה,article,facials,on_request,,website,/ops/businesses?branch=55c8d098-e68e-4f3a-92c2-42e98dd81d91
a35bd135-48fd-413b-877a-ab6ff7b9e43c,55c8d098-e68e-4f3a-92c2-42e98dd81d91,Deborah Cosmetics,רמת גן,dan,מה מזרז את האקנה,article,facials,on_request,,website,/ops/businesses?branch=55c8d098-e68e-4f3a-92c2-42e98dd81d91
84926a7b-2efc-4259-8bc7-84b2ec399c32,55c8d098-e68e-4f3a-92c2-42e98dd81d91,Deborah Cosmetics,רמת גן,dan,מה שגורם הרבה פעמים לאקנה,article,facials,on_request,,website,/ops/businesses?branch=55c8d098-e68e-4f3a-92c2-42e98dd81d91
cc90dc1d-1799-4b80-82ce-b0378cf402a1,1752138a-ea22-40b5-a591-5e170fe17b37,דר' שי יצחק דובדבני - אף אוזן גרון ניתוחים רפואיים ופלסטיים אסתטיים,רמת גן,dan,מי מועמד להזרקות בוטוקס / דיספורט,sentence,medical-aesthetics,on_request,,website,/ops/businesses?branch=1752138a-ea22-40b5-a591-5e170fe17b37
c1aeec3e-ae94-49d4-bd0a-ffd0df0ca4a9,a2e99842-8291-4be3-b41c-b65feb91c9e4,Leading aesthetic clinic - Dr. Shapiro,רמת גן,dan,מי מורשה לבצע טיפולי בוטוקס במצח,sentence,medical-aesthetics,on_request,,website,/ops/businesses?branch=a2e99842-8291-4be3-b41c-b65feb91c9e4
7668bebb-1952-4e40-b01f-1ae763af42a9,396b0f47-4c94-4e45-be30-8b32c5299ccb,"ד""ר ללוש - מדע מוכח ליופי שלך",רמת גן,dan,מסיכה פעילה – Purify Me Facial Mask,sentence,facials,on_request,,website,/ops/businesses?branch=396b0f47-4c94-4e45-be30-8b32c5299ccb
a7b1647a-3d56-444d-b4bc-d8db0d2a6ea5,55c8d098-e68e-4f3a-92c2-42e98dd81d91,Deborah Cosmetics,רמת גן,dan,"משלב בתוכו ניקוי, הזנה, ניקוז הפרשות, עיסוי מפנק ומרגיע,",sentence,spa-massage,on_request,,website,/ops/businesses?branch=55c8d098-e68e-4f3a-92c2-42e98dd81d91
500ab746-063f-47cf-be1f-300d9c6eb687,1752138a-ea22-40b5-a591-5e170fe17b37,דר' שי יצחק דובדבני - אף אוזן גרון ניתוחים רפואיים ופלסטיים אסתטיים,רמת גן,dan,מתיחת פנים וצוואר -Facelift / Necklift,sentence,plastic-surgery,on_request,,website,/ops/businesses?branch=1752138a-ea22-40b5-a591-5e170fe17b37
6ec72c02-db13-440a-bc84-0a8309b1f128,396b0f47-4c94-4e45-be30-8b32c5299ccb,"ד""ר ללוש - מדע מוכח ליופי שלך",רמת גן,dan,נוזל חומצות פעיל – Clear Me Facial Lotion,product,facials,on_request,,website,/ops/businesses?branch=396b0f47-4c94-4e45-be30-8b32c5299ccb
ce71f653-cf5c-452f-a5e4-545be287376e,396b0f47-4c94-4e45-be30-8b32c5299ccb,"ד""ר ללוש - מדע מוכח ליופי שלך",רמת גן,dan,"ניב ממליצה על טיפול באקנה אצל ד""ר ללוש",sentence,facials,on_request,,website,/ops/businesses?branch=396b0f47-4c94-4e45-be30-8b32c5299ccb
8a4d85e8-0a76-484c-9fbb-de7b12f256d1,1752138a-ea22-40b5-a591-5e170fe17b37,דר' שי יצחק דובדבני - אף אוזן גרון ניתוחים רפואיים ופלסטיים אסתטיים,רמת גן,dan,ניתוח אף חוזר - תיקון אף לאחר ניתוח כושל,sentence,plastic-surgery,on_request,,website,/ops/businesses?branch=1752138a-ea22-40b5-a591-5e170fe17b37
1fe77050-b37a-46e3-9ea4-90e3f9063770,1752138a-ea22-40b5-a591-5e170fe17b37,דר' שי יצחק דובדבני - אף אוזן גרון ניתוחים רפואיים ופלסטיים אסתטיים,רמת גן,dan,ניתוח החדרת צינוריות אוורור / ניתוח כפתורים,sentence,plastic-surgery,on_request,,website,/ops/businesses?branch=1752138a-ea22-40b5-a591-5e170fe17b37
1c56dc88-8122-4b82-9e14-ee4d757bfc91,1752138a-ea22-40b5-a591-5e170fe17b37,דר' שי יצחק דובדבני - אף אוזן גרון ניתוחים רפואיים ופלסטיים אסתטיים,רמת גן,dan,ניתוח הצמדת אוזניים/הקטנת אפרכסת-Otoplasty,sentence,plastic-surgery,on_request,,website,/ops/businesses?branch=1752138a-ea22-40b5-a591-5e170fe17b37
2c01483d-1c8a-4886-bd5d-3b28d3881b80,1752138a-ea22-40b5-a591-5e170fe17b37,דר' שי יצחק דובדבני - אף אוזן גרון ניתוחים רפואיים ופלסטיים אסתטיים,רמת גן,dan,ניתוח הקטנת / הצמדת אוזניים - Otoplasty,sentence,plastic-surgery,on_request,,website,/ops/businesses?branch=1752138a-ea22-40b5-a591-5e170fe17b37
630520bf-9d5b-4ef8-bdcb-bd84e37d9d5f,1752138a-ea22-40b5-a591-5e170fe17b37,דר' שי יצחק דובדבני - אף אוזן גרון ניתוחים רפואיים ופלסטיים אסתטיים,רמת גן,dan,ניתוחי אף פלסטי אסתטי משולב עם רפואי,sentence,plastic-surgery,on_request,,website,/ops/businesses?branch=1752138a-ea22-40b5-a591-5e170fe17b37
71b8f68f-9163-4863-930f-93ac34533022,1752138a-ea22-40b5-a591-5e170fe17b37,דר' שי יצחק דובדבני - אף אוזן גרון ניתוחים רפואיים ופלסטיים אסתטיים,רמת גן,dan,ניתוחים משולבים רפואי אסתטי- ניתוח הרמת/מתיחת פנים וצוואר,sentence,plastic-surgery,on_request,,website,/ops/businesses?branch=1752138a-ea22-40b5-a591-5e170fe17b37
1309b8f4-b188-4f9f-882d-2e1916c40068,396b0f47-4c94-4e45-be30-8b32c5299ccb,"ד""ר ללוש - מדע מוכח ליופי שלך",רמת גן,dan,סבון מוס עדין – Clear Me Facial Cleanser,sentence,facials,on_request,,website,/ops/businesses?branch=396b0f47-4c94-4e45-be30-8b32c5299ccb
c87dd783-1f1a-4390-8958-889a95f8843c,1752138a-ea22-40b5-a591-5e170fe17b37,דר' שי יצחק דובדבני - אף אוזן גרון ניתוחים רפואיים ופלסטיים אסתטיים,רמת גן,dan,סוגי ניתוחים ניתוחים רפואיים יעוץ אף אוזן גרון,sentence,plastic-surgery,on_request,,website,/ops/businesses?branch=1752138a-ea22-40b5-a591-5e170fe17b37
e9b43ec9-008a-4b88-87b8-1bb495ed08d7,2b9aa1e9-5f31-49dc-9ad3-28a450c51ebf,Dr. Eini - Ramat Gan Clinic,רמת גן,dan,סורק ביישור שיניים מותאם אישית/ תלת מימד,sentence,dental-aesthetics,on_request,,website,/ops/businesses?branch=2b9aa1e9-5f31-49dc-9ad3-28a450c51ebf
e2a0c73e-71b4-4876-bf83-b3ebf4450b44,1752138a-ea22-40b5-a591-5e170fe17b37,דר' שי יצחק דובדבני - אף אוזן גרון ניתוחים רפואיים ופלסטיים אסתטיים,רמת גן,dan,עיצוב אפרכסת לילודים- ללא ניתוח וללא גילוח השיער,sentence,plastic-surgery,on_request,,website,/ops/businesses?branch=1752138a-ea22-40b5-a591-5e170fe17b37
bbb7b40d-af77-40ea-aa38-5ad3e25752eb,396b0f47-4c94-4e45-be30-8b32c5299ccb,"ד""ר ללוש - מדע מוכח ליופי שלך",רמת גן,dan,ערכה לטיפול באקנה וסבוריאה,product,facials,on_request,,website,/ops/businesses?branch=396b0f47-4c94-4e45-be30-8b32c5299ccb
5df49358-d765-4ba0-8795-00d760d7b001,396b0f47-4c94-4e45-be30-8b32c5299ccb,"ד""ר ללוש - מדע מוכח ליופי שלך",רמת גן,dan,ערכה לטיפול בפיגמנטציה ואנטי-אייג’ינג,product,facials,on_request,,website,/ops/businesses?branch=396b0f47-4c94-4e45-be30-8b32c5299ccb
7a5d2c34-4294-4e1b-811a-fef4df216517,396b0f47-4c94-4e45-be30-8b32c5299ccb,"ד""ר ללוש - מדע מוכח ליופי שלך",רמת גן,dan,פילינג עדין המותאם לרוזציאה.,sentence,facials,on_request,,website,/ops/businesses?branch=396b0f47-4c94-4e45-be30-8b32c5299ccb
ecf7236b-4814-486c-af97-e191eb69c3ba,396b0f47-4c94-4e45-be30-8b32c5299ccb,"ד""ר ללוש - מדע מוכח ליופי שלך",רמת גן,dan,פלסמה - להסרת נגעים וכתמי פיגמנטציה,sentence,facials,on_request,,website,/ops/businesses?branch=396b0f47-4c94-4e45-be30-8b32c5299ccb
32507a63-5cb8-4f95-9122-9fa86b90d7ce,396b0f47-4c94-4e45-be30-8b32c5299ccb,"ד""ר ללוש - מדע מוכח ליופי שלך",רמת גן,dan,פעילות אנטי-בקטריאלית המסייעת בריפוי האקנה,sentence,facials,on_request,,website,/ops/businesses?branch=396b0f47-4c94-4e45-be30-8b32c5299ccb
668bc29e-0794-4447-a237-0eb45bfa3120,2b9aa1e9-5f31-49dc-9ad3-28a450c51ebf,Dr. Eini - Ramat Gan Clinic,רמת גן,dan,פרופ' שמואל עיני – מומחה ליישור שיניים ולסתות,sentence,dental-aesthetics,on_request,,website,/ops/businesses?branch=2b9aa1e9-5f31-49dc-9ad3-28a450c51ebf
666897ad-1ae9-44ba-bb93-4a8e75836c58,2b9aa1e9-5f31-49dc-9ad3-28a450c51ebf,Dr. Eini - Ramat Gan Clinic,רמת גן,dan,פרופסור שמואל עיני – מומחה לאורתודונטיה ויישור שיניים,sentence,dental-aesthetics,on_request,,website,/ops/businesses?branch=2b9aa1e9-5f31-49dc-9ad3-28a450c51ebf
6df204f3-143b-4590-9468-b4694bf4b8ff,2b9aa1e9-5f31-49dc-9ad3-28a450c51ebf,Dr. Eini - Ramat Gan Clinic,רמת גן,dan,פתרון מושלם עם יישור שיניים שקוף,sentence,dental-aesthetics,on_request,,website,/ops/businesses?branch=2b9aa1e9-5f31-49dc-9ad3-28a450c51ebf
24c55b74-33f2-416f-abfe-2219416830b0,55c8d098-e68e-4f3a-92c2-42e98dd81d91,Deborah Cosmetics,רמת גן,dan,קוסמטיקאית ברמת גן | טיפולי פנים מתקדמים,sentence,facials,on_request,,website,/ops/businesses?branch=55c8d098-e68e-4f3a-92c2-42e98dd81d91
4d7cca71-1000-4458-a52c-66694a20b902,55c8d098-e68e-4f3a-92c2-42e98dd81d91,Deborah Cosmetics,רמת גן,dan,קוסמטיקאית ברמת גן | טיפולים באקנה מתקדמים,sentence,facials,on_request,,website,/ops/businesses?branch=55c8d098-e68e-4f3a-92c2-42e98dd81d91
d8cbc0d2-2dcb-4fdc-a386-4013767965f1,396b0f47-4c94-4e45-be30-8b32c5299ccb,"ד""ר ללוש - מדע מוכח ליופי שלך",רמת גן,dan,קרם לחות פעיל – Refresh Me Facial Cream,product,facials,on_request,,website,/ops/businesses?branch=396b0f47-4c94-4e45-be30-8b32c5299ccb
310c6726-0b3e-4a24-b560-92fec7e11212,396b0f47-4c94-4e45-be30-8b32c5299ccb,"ד""ר ללוש - מדע מוכח ליופי שלך",רמת גן,dan,קרם לילה פעיל – Revive Me Facial Cream,product,facials,on_request,,website,/ops/businesses?branch=396b0f47-4c94-4e45-be30-8b32c5299ccb
72be207e-273f-4674-b681-0d6c23681316,396b0f47-4c94-4e45-be30-8b32c5299ccb,"ד""ר ללוש - מדע מוכח ליופי שלך",רמת גן,dan,רוצים לתאם איתנו פגישת ייעוץ וללא התחייבות?,article,,free,0,website,/ops/businesses?branch=396b0f47-4c94-4e45-be30-8b32c5299ccb
2c173cf8-57d7-4f57-a2f9-8cc24611562d,1752138a-ea22-40b5-a591-5e170fe17b37,דר' שי יצחק דובדבני - אף אוזן גרון ניתוחים רפואיים ופלסטיים אסתטיים,רמת גן,dan,רעלן הבוטולינום – בוטוקס/דיספורט (שמות מסחריים),sentence,medical-aesthetics,on_request,,website,/ops/businesses?branch=1752138a-ea22-40b5-a591-5e170fe17b37
52becea3-713b-4b0e-a6b4-565358d7fc04,1752138a-ea22-40b5-a591-5e170fe17b37,דר' שי יצחק דובדבני - אף אוזן גרון ניתוחים רפואיים ופלסטיים אסתטיים,רמת גן,dan,שאילת שאלה על הזרקת בוטוקס / דיספורט,sentence,medical-aesthetics,on_request,,website,/ops/businesses?branch=1752138a-ea22-40b5-a591-5e170fe17b37
280cdff4-81fe-4088-9c8c-885f60f9f203,1752138a-ea22-40b5-a591-5e170fe17b37,דר' שי יצחק דובדבני - אף אוזן גרון ניתוחים רפואיים ופלסטיים אסתטיים,רמת גן,dan,שאילת שאלה על הזרקת חומצה היאלורונית,sentence,medical-aesthetics,on_request,,website,/ops/businesses?branch=1752138a-ea22-40b5-a591-5e170fe17b37
234ee2d1-52e1-44f7-8fac-e33ab7a78684,396b0f47-4c94-4e45-be30-8b32c5299ccb,"ד""ר ללוש - מדע מוכח ליופי שלך",רמת גן,dan,"שנאל ממליצה על טיפול באקנה אצל ד""ר ללוש",sentence,facials,on_request,,website,/ops/businesses?branch=396b0f47-4c94-4e45-be30-8b32c5299ccb
f7ca0a6f-05ce-40de-9248-7809b8568521,396b0f47-4c94-4e45-be30-8b32c5299ccb,"ד""ר ללוש - מדע מוכח ליופי שלך",רמת גן,dan,"שני ממליצה על טיפול באקנה אצל ד""ר ללוש",sentence,facials,on_request,,website,/ops/businesses?branch=396b0f47-4c94-4e45-be30-8b32c5299ccb
7e4b1c1d-a47b-493b-95a6-3d252f759614,396b0f47-4c94-4e45-be30-8b32c5299ccb,"ד""ר ללוש - מדע מוכח ליופי שלך",רמת גן,dan,"שרון ממליצה על טיפול באקנה אצל ד""ר ללוש",sentence,facials,on_request,,website,/ops/businesses?branch=396b0f47-4c94-4e45-be30-8b32c5299ccb
c7336812-0023-4833-97fb-d0b742d56b1d,396b0f47-4c94-4e45-be30-8b32c5299ccb,"ד""ר ללוש - מדע מוכח ליופי שלך",רמת גן,dan,תחליב לעור הפנים – Purify Me Facial Lotion,product,facials,on_request,,website,/ops/businesses?branch=396b0f47-4c94-4e45-be30-8b32c5299ccb
77bc77e1-11d8-4f7e-9399-9fe433fc3455,1752138a-ea22-40b5-a591-5e170fe17b37,דר' שי יצחק דובדבני - אף אוזן גרון ניתוחים רפואיים ופלסטיים אסתטיים,רמת גן,dan,תיקון אוזניים לתינוקות ללא ניתוח | דוקטור שי דובדבני,sentence,plastic-surgery,on_request,,website,/ops/businesses?branch=1752138a-ea22-40b5-a591-5e170fe17b37
3c1c7af8-f98e-4642-8325-c39ab8534f48,1752138a-ea22-40b5-a591-5e170fe17b37,דר' שי יצחק דובדבני - אף אוזן גרון ניתוחים רפואיים ופלסטיים אסתטיים,רמת גן,dan,תיקון עיוותים באפרכסת האוזן ללא ניתוח,sentence,plastic-surgery,on_request,,website,/ops/businesses?branch=1752138a-ea22-40b5-a591-5e170fe17b37
6701c4a6-8baf-44f5-90a2-08ac393cf466,396b0f47-4c94-4e45-be30-8b32c5299ccb,"ד""ר ללוש - מדע מוכח ליופי שלך",רמת גן,dan,"תכשירים לטיפול באקנה מבית ד""ר ללוש",sentence,facials,on_request,,website,/ops/businesses?branch=396b0f47-4c94-4e45-be30-8b32c5299ccb
5feb4aec-d477-4b67-b995-b1ff096e7f42,1752138a-ea22-40b5-a591-5e170fe17b37,דר' שי יצחק דובדבני - אף אוזן גרון ניתוחים רפואיים ופלסטיים אסתטיים,רמת גן,dan,"תמונות לפני-אחרי ניתוח אף-ד""ר דובדבני שי יצחק",sentence,plastic-surgery,on_request,,website,/ops/businesses?branch=1752138a-ea22-40b5-a591-5e170fe17b37
f78d9961-7950-4fba-8692-93cf97471621,396b0f47-4c94-4e45-be30-8b32c5299ccb,"ד""ר ללוש - מדע מוכח ליופי שלך",רמת גן,dan,"תמר ממליצה על טיפול באקנה אצל ד""ר ללוש",sentence,facials,on_request,,website,/ops/businesses?branch=396b0f47-4c94-4e45-be30-8b32c5299ccb
9ab5747e-2d46-48a1-8883-ed3a305dd4c4,e717d807-4295-49ae-a8db-b8d67868360e,OZ LEVI החלקות שיער,רמת גן,dan,תספורת שמביאה לידי ביטוי את הייחודיות שלך.,sentence,hair-salons,on_request,,website,/ops/businesses?branch=e717d807-4295-49ae-a8db-b8d67868360e
13a168b5-9347-4eed-8fca-6f2b3cb209d8,5f2f81a4-0f17-4aad-b614-af060b99b052,PrettyRiss Academy קורס הלחמת ריסים | קורס הרמת ריסים,רמת השרון,sharon,מכירת חומרים להלחמת ריסים והרמת ריסים,sentence,brows-lashes,on_request,,website,/ops/businesses?branch=5f2f81a4-0f17-4aad-b614-af060b99b052
0b77b026-b1b4-4105-b326-cc2b63af1b09,5f2f81a4-0f17-4aad-b614-af060b99b052,PrettyRiss Academy קורס הלחמת ריסים | קורס הרמת ריסים,רמת השרון,sharon,קורס הלחמת ריסים,package,brows-lashes,on_request,,website,/ops/businesses?branch=5f2f81a4-0f17-4aad-b614-af060b99b052
ac6f57c1-c3b8-4ee1-b1ea-0f850943b172,5f2f81a4-0f17-4aad-b614-af060b99b052,PrettyRiss Academy קורס הלחמת ריסים | קורס הרמת ריסים,רמת השרון,sharon,קורס הרמת גבות,package,,on_request,,website,/ops/businesses?branch=5f2f81a4-0f17-4aad-b614-af060b99b052
b0a48a6c-e7eb-411c-9b25-8e52f05975d7,5f2f81a4-0f17-4aad-b614-af060b99b052,PrettyRiss Academy קורס הלחמת ריסים | קורס הרמת ריסים,רמת השרון,sharon,קורס הרמת ריסים,package,brows-lashes,on_request,,website,/ops/businesses?branch=5f2f81a4-0f17-4aad-b614-af060b99b052
cd33b7e0-a6be-4f12-aa30-02322fed5602,48804575-e784-45c7-a79d-6c087329fe49,גיל דורמן - המרכז לטיפולי פיגמנטציה,תל אביב–יפו,dan,"""גיל דורמן"" המרכז לטיפולי פיגמנטציה ובעיות עור",sentence,facials,on_request,,website,/ops/businesses?branch=48804575-e784-45c7-a79d-6c087329fe49
9dcb9c40-c26f-4f90-8c20-2419c858bb74,48804575-e784-45c7-a79d-6c087329fe49,גיל דורמן - המרכז לטיפולי פיגמנטציה,תל אביב–יפו,dan,"""גיל דורמן"" המרכז לפיגמנטציה ולבעיות עור",sentence,facials,on_request,,website,/ops/businesses?branch=48804575-e784-45c7-a79d-6c087329fe49
6b475217-80a0-4921-b134-0a0c6b7e6e45,ab1d8481-8948-4cac-8955-7bd1c4e630f1,yullia Tzahala - מומחים בהסרת שיער בלייזר | הזרקות | טיפול פנים | מניקור | פדיקור רפואי,תל אביב–יפו,dan,Acne Repair on back & shoulders,sentence,facials,on_request,,website,/ops/businesses?branch=ab1d8481-8948-4cac-8955-7bd1c4e630f1
fa7d43ef-b2f5-4e18-b5d8-cd053c55e3ce,dacc8de0-1f8e-4477-87a2-0a4963319ac2,Yullia,תל אביב–יפו,dan,Acne Repair on back & shoulders,sentence,facials,on_request,,website,/ops/businesses?branch=dacc8de0-1f8e-4477-87a2-0a4963319ac2
0277cf3c-13a5-48a4-b57b-796992b3588d,976d943f-892f-4dc3-a180-0a45663580f5,yullia King George,תל אביב–יפו,dan,Acne Repair on back & shoulders,sentence,facials,on_request,,website,/ops/businesses?branch=976d943f-892f-4dc3-a180-0a45663580f5
eed3f536-e70e-4051-a480-10a381f2c95c,38f43de7-2cc4-47ed-8683-9f8031c3eb42,yullia Yirmeyahu,תל אביב–יפו,dan,Acne Repair on back & shoulders,sentence,facials,on_request,,website,/ops/businesses?branch=38f43de7-2cc4-47ed-8683-9f8031c3eb42
6afb5ba0-1c59-49d1-8958-f55cafbf3124,428f7a54-124c-4b2c-917a-1c0772906303,"PRPclinic - טיפולי PRP, IPRF ו-CGF לנשירת שיער ואסתטיקה רפואית",תל אביב–יפו,dan,Activated PRP – טיפול מופעל לנשירת שיער,sentence,hair-restoration,on_request,,website,/ops/businesses?branch=428f7a54-124c-4b2c-917a-1c0772906303
483e40f7-ca18-4bd2-8c1a-461b935f311b,6ce6a534-9359-40f3-bfb6-8d631d3724ea,Absolute Esthetics by Andrea,תל אביב–יפו,dan,An Israeli skin care revolution.,sentence,facials,on_request,,website,/ops/businesses?branch=6ce6a534-9359-40f3-bfb6-8d631d3724ea
a57f0bba-7a1c-428b-a3e4-5fe639199109,b31e7964-7cb9-420e-86ad-9b8a746d6975,myclinic Lillienblum,תל אביב–יפו,dan,Anti-cellulite · Anti-rétention d'eau · Drainant,sentence,body-contouring,on_request,,website,/ops/businesses?branch=b31e7964-7cb9-420e-86ad-9b8a746d6975
9838352a-9934-4bd5-806c-9808dccca430,125f87c2-198c-4366-8112-ec766e68b10a,808 Haircut & Grooming 808TLV Tel Aviv Барбершоп | Barbershop - מספרה,תל אביב–יפו,dan,BEARD BALM - CONDITION & CONTROL,sentence,hair-salons,on_request,,website,/ops/businesses?branch=125f87c2-198c-4366-8112-ec766e68b10a
7c5532bf-6274-4ada-b016-527f02bdd739,6ce6a534-9359-40f3-bfb6-8d631d3724ea,Absolute Esthetics by Andrea,תל אביב–יפו,dan,Being from the guess-work of your daily skincare routine,sentence,facials,free,0,website,/ops/businesses?branch=6ce6a534-9359-40f3-bfb6-8d631d3724ea
41ed3bd2-42ee-4d8a-ab69-27e7d81b99fc,6ce6a534-9359-40f3-bfb6-8d631d3724ea,Absolute Esthetics by Andrea,תל אביב–יפו,dan,Botox fits seamlessly into your busy lifestyle.,sentence,medical-aesthetics,on_request,,website,/ops/businesses?branch=6ce6a534-9359-40f3-bfb6-8d631d3724ea
b234f427-4d8d-4d15-a03e-6ec3c4cd67e0,2df2cf51-e69b-482e-9c6c-c609803964af,דר' שיין - מומחה בכירורגיה פלסטית,תל אביב–יפו,dan,Browser and assistive technology compatibility,sentence,,on_request,,website,/ops/businesses?branch=2df2cf51-e69b-482e-9c6c-c609803964af
67f64231-ff9b-4c79-aecb-635c8466ee78,73dcc4d5-53ab-492c-847c-0c9ebe462c3d,"ד""ר דרור בן-שלמה רופא שיניים וטיפולים אסתטיים בתל אביב",תל אביב–יפו,dan,Composite veneers: Less invasive but less durable over time.,sentence,dental-aesthetics,on_request,,website,/ops/businesses?branch=73dcc4d5-53ab-492c-847c-0c9ebe462c3d
60050959-a430-45b1-ba1b-4374caff3547,6ce6a534-9359-40f3-bfb6-8d631d3724ea,Absolute Esthetics by Andrea,תל אביב–יפו,dan,Evens out skin tone and reduces hyper-pigmentation⁣,sentence,facials,on_request,,website,/ops/businesses?branch=6ce6a534-9359-40f3-bfb6-8d631d3724ea
f3eae862-71e3-43bf-9d7b-3411b57d7824,6ce6a534-9359-40f3-bfb6-8d631d3724ea,Absolute Esthetics by Andrea,תל אביב–יפו,dan,Formulated to break down keratin deposits and drain sebum.,sentence,,on_request,,website,/ops/businesses?branch=6ce6a534-9359-40f3-bfb6-8d631d3724ea
b9e5771d-e4de-4f77-9431-3573c77d2aca,7cbf57bc-682f-4799-adb8-f07fcd7faf8c,Lavic Beauty & Advanced Cosmetology,תל אביב–יפו,dan,Fractional Hyperpigmentation Pigmentation,sentence,facials,on_request,,website,/ops/businesses?branch=7cbf57bc-682f-4799-adb8-f07fcd7faf8c
ee8b3925-6836-4a35-9737-2248cfac8941,38f43de7-2cc4-47ed-8683-9f8031c3eb42,yullia Yirmeyahu,תל אביב–יפו,dan,Geneo 3 in 1 טיפול פנים לגברים - yullia,sentence,facials,on_request,,website,/ops/businesses?branch=38f43de7-2cc4-47ed-8683-9f8031c3eb42
00fc0071-f656-4f66-9a76-6436e7873b07,ab1d8481-8948-4cac-8955-7bd1c4e630f1,yullia Tzahala - מומחים בהסרת שיער בלייזר | הזרקות | טיפול פנים | מניקור | פדיקור רפואי,תל אביב–יפו,dan,Geneo 3 in 1 טיפול פנים לגברים - yullia,sentence,facials,on_request,,website,/ops/businesses?branch=ab1d8481-8948-4cac-8955-7bd1c4e630f1
12bee232-3f8b-4c3d-b941-0e458f47ca86,dacc8de0-1f8e-4477-87a2-0a4963319ac2,Yullia,תל אביב–יפו,dan,Geneo 3 in 1 טיפול פנים לגברים - yullia,sentence,facials,on_request,,website,/ops/businesses?branch=dacc8de0-1f8e-4477-87a2-0a4963319ac2
94adafe1-5846-4cfe-be0e-d715b3f5e0b9,976d943f-892f-4dc3-a180-0a45663580f5,yullia King George,תל אביב–יפו,dan,Geneo 3-in-1 Super Facial Treatment לגברים,sentence,facials,on_request,,website,/ops/businesses?branch=976d943f-892f-4dc3-a180-0a45663580f5
b48efc31-c5f1-4809-a872-93feb48b3433,dacc8de0-1f8e-4477-87a2-0a4963319ac2,Yullia,תל אביב–יפו,dan,Geneo 3-in-1 Super Facial Treatment לגברים,sentence,facials,on_request,,website,/ops/businesses?branch=dacc8de0-1f8e-4477-87a2-0a4963319ac2
4c73dfdf-7995-45ce-8d06-6716e87527f9,ab1d8481-8948-4cac-8955-7bd1c4e630f1,yullia Tzahala - מומחים בהסרת שיער בלייזר | הזרקות | טיפול פנים | מניקור | פדיקור רפואי,תל אביב–יפו,dan,Geneo 3-in-1 Super Facial Treatment לגברים,sentence,facials,on_request,,website,/ops/businesses?branch=ab1d8481-8948-4cac-8955-7bd1c4e630f1
75b342b9-cb75-4f5b-b945-03e5358613c5,38f43de7-2cc4-47ed-8683-9f8031c3eb42,yullia Yirmeyahu,תל אביב–יפו,dan,Geneo 3-in-1 Super Facial Treatment לגברים,sentence,facials,on_request,,website,/ops/businesses?branch=38f43de7-2cc4-47ed-8683-9f8031c3eb42
5699cc52-a3ba-4664-bb2d-82898d0927d5,976d943f-892f-4dc3-a180-0a45663580f5,yullia King George,תל אביב–יפו,dan,Geneo 3-in-1 Super Facial Treatment לנשים,sentence,facials,on_request,,website,/ops/businesses?branch=976d943f-892f-4dc3-a180-0a45663580f5
0706acfe-3b27-42a4-bdcc-e8b1c2063e55,ab1d8481-8948-4cac-8955-7bd1c4e630f1,yullia Tzahala - מומחים בהסרת שיער בלייזר | הזרקות | טיפול פנים | מניקור | פדיקור רפואי,תל אביב–יפו,dan,Geneo 3-in-1 Super Facial Treatment לנשים,sentence,facials,on_request,,website,/ops/businesses?branch=ab1d8481-8948-4cac-8955-7bd1c4e630f1
c6415f15-e89d-4206-9bb8-5b77e0905efd,dacc8de0-1f8e-4477-87a2-0a4963319ac2,Yullia,תל אביב–יפו,dan,Geneo 3-in-1 Super Facial Treatment לנשים,sentence,facials,on_request,,website,/ops/businesses?branch=dacc8de0-1f8e-4477-87a2-0a4963319ac2
0cd7e75d-7641-4f21-bd75-000e38f0a09f,38f43de7-2cc4-47ed-8683-9f8031c3eb42,yullia Yirmeyahu,תל אביב–יפו,dan,Geneo 3-in-1 Super Facial Treatment לנשים,sentence,facials,on_request,,website,/ops/businesses?branch=38f43de7-2cc4-47ed-8683-9f8031c3eb42
56f1d051-0109-48b0-916c-c395a2f661ea,1ba63936-05d0-4eb6-922e-17a870f09728,New York Barbershop TlV,תל אביב–יפו,dan,Hot Towel Head Shave and Face Shave,sentence,,fixed,220,website,/ops/businesses?branch=1ba63936-05d0-4eb6-922e-17a870f09728
c84d0ef3-dffc-4cbe-ab85-c9a448f3ec70,92c6dd2a-714d-4328-8de6-46744895b9b9,"ד""ר זיידמן אלון יישור שיניים נסתר",תל אביב–יפו,dan,"Invisalign, Incognito, Win Irok יישור שיניים בכל השיטות הנסתרות",sentence,dental-aesthetics,fixed,14000,website,/ops/businesses?branch=92c6dd2a-714d-4328-8de6-46744895b9b9
386b971c-288d-41f5-99ad-01cdffc691bc,6ce6a534-9359-40f3-bfb6-8d631d3724ea,Absolute Esthetics by Andrea,תל אביב–יפו,dan,Lash and Brow Tinting & Shaping,sentence,brows-lashes,on_request,,website,/ops/businesses?branch=6ce6a534-9359-40f3-bfb6-8d631d3724ea
1587451e-e6d2-4ed8-a384-a8f9dff3afb7,6ce6a534-9359-40f3-bfb6-8d631d3724ea,Absolute Esthetics by Andrea,תל אביב–יפו,dan,"Longer, Thicker, Defined Lashes and Brows",sentence,brows-lashes,on_request,,website,/ops/businesses?branch=6ce6a534-9359-40f3-bfb6-8d631d3724ea
5362cf7d-ff1f-40d5-b881-0cbeb9cef2da,6ce6a534-9359-40f3-bfb6-8d631d3724ea,Absolute Esthetics by Andrea,תל אביב–יפו,dan,Lymphatic Drainage • Maderotherapy • Body Sculpting,sentence,spa-massage,on_request,,website,/ops/businesses?branch=6ce6a534-9359-40f3-bfb6-8d631d3724ea
399f4fa5-4183-4011-b4ea-73b58bb6e7f2,6ce6a534-9359-40f3-bfb6-8d631d3724ea,Absolute Esthetics by Andrea,תל אביב–יפו,dan,Meet Jessica — Lymphatic Drainage Specialist 💆‍♀️,sentence,spa-massage,on_request,,website,/ops/businesses?branch=6ce6a534-9359-40f3-bfb6-8d631d3724ea
174ca17b-f1bd-4132-8283-b75250b0d5ba,6ce6a534-9359-40f3-bfb6-8d631d3724ea,Absolute Esthetics by Andrea,תל אביב–יפו,dan,Meet Your New Skin Care Mentor,sentence,facials,on_request,,website,/ops/businesses?branch=6ce6a534-9359-40f3-bfb6-8d631d3724ea
2d57d34b-6398-40a1-be99-3cfc4a7b755d,b31e7964-7cb9-420e-86ad-9b8a746d6975,myclinic Lillienblum,תל אביב–יפו,dan,Méthodes FUE · DHI · CHOÏ,sentence,,on_request,,website,/ops/businesses?branch=b31e7964-7cb9-420e-86ad-9b8a746d6975
3ae134bc-7424-4e33-ad41-8330db4e146a,ab1d8481-8948-4cac-8955-7bd1c4e630f1,yullia Tzahala - מומחים בהסרת שיער בלייזר | הזרקות | טיפול פנים | מניקור | פדיקור רפואי,תל אביב–יפו,dan,PROVEN Acne Repair in 30 days,sentence,facials,on_request,,website,/ops/businesses?branch=ab1d8481-8948-4cac-8955-7bd1c4e630f1
27edf605-71b0-4dbb-9e4e-879aa23b8931,dacc8de0-1f8e-4477-87a2-0a4963319ac2,Yullia,תל אביב–יפו,dan,PROVEN Acne Repair in 30 days,sentence,facials,on_request,,website,/ops/businesses?branch=dacc8de0-1f8e-4477-87a2-0a4963319ac2
7f105991-b8cd-4605-b352-f7a0e6938c80,976d943f-892f-4dc3-a180-0a45663580f5,yullia King George,תל אביב–יפו,dan,PROVEN Acne Repair in 30 days,sentence,facials,on_request,,website,/ops/businesses?branch=976d943f-892f-4dc3-a180-0a45663580f5
9db754c6-9683-4959-9c1e-f863372cecd1,38f43de7-2cc4-47ed-8683-9f8031c3eb42,yullia Yirmeyahu,תל אביב–יפו,dan,PROVEN Acne Repair in 30 days,sentence,facials,on_request,,website,/ops/businesses?branch=38f43de7-2cc4-47ed-8683-9f8031c3eb42
32d954fa-bbb2-45cc-bfd7-0c7cbec89b0e,4c6fbe8b-f945-4e62-8586-8c94d711366f,אנזו מד Anzo Med,תל אביב–יפו,dan,PRP – תהליך טבעי לשיער בריא,sentence,hair-restoration,on_request,,website,/ops/businesses?branch=4c6fbe8b-f945-4e62-8586-8c94d711366f
af6029b9-c692-4c44-b5a2-7b02c7d077b3,428f7a54-124c-4b2c-917a-1c0772906303,"PRPclinic - טיפולי PRP, IPRF ו-CGF לנשירת שיער ואסתטיקה רפואית",תל אביב–יפו,dan,"PRP, CGF ו-iPRF בביצוע רופאים מיומנים בלבד",sentence,medical-aesthetics,on_request,,website,/ops/businesses?branch=428f7a54-124c-4b2c-917a-1c0772906303
fc339cee-cbda-47d6-bc87-93277355cdfb,73dcc4d5-53ab-492c-847c-0c9ebe462c3d,"ד""ר דרור בן-שלמה רופא שיניים וטיפולים אסתטיים בתל אביב",תל אביב–יפו,dan,Porcelain Veneers: The Ultimate Solution for a Perfect Smile,sentence,dental-aesthetics,on_request,,website,/ops/businesses?branch=73dcc4d5-53ab-492c-847c-0c9ebe462c3d
94555257-6ab9-44ab-89af-27ff93d8e74c,73dcc4d5-53ab-492c-847c-0c9ebe462c3d,"ד""ר דרור בן-שלמה רופא שיניים וטיפולים אסתטיים בתל אביב",תל אביב–יפו,dan,Professional teeth whitening: Improves shade only.,sentence,dental-aesthetics,on_request,,website,/ops/businesses?branch=73dcc4d5-53ab-492c-847c-0c9ebe462c3d
043b9317-ea0f-4171-9f3b-91e54e2d4a82,6ce6a534-9359-40f3-bfb6-8d631d3724ea,Absolute Esthetics by Andrea,תל אביב–יפו,dan,Rediscover Youthful Radiance with Precision Dermal Fillers,sentence,medical-aesthetics,on_request,,website,/ops/businesses?branch=6ce6a534-9359-40f3-bfb6-8d631d3724ea
c9d43c63-e519-4dfc-8ac4-889c871d0e46,23aa6881-bebf-4804-982d-727428129ef1,TALETSKY ROOM TLV,תל אביב–יפו,dan,Ruby laser (694nm) pigmentation correction,sentence,facials,on_request,,website,/ops/businesses?branch=23aa6881-bebf-4804-982d-727428129ef1
48d7edfb-b2e8-4340-8dc8-32cbf1c8a736,7cbf57bc-682f-4799-adb8-f07fcd7faf8c,Lavic Beauty & Advanced Cosmetology,תל אביב–יפו,dan,Shampoo & conditioning,product,,on_request,,website,/ops/businesses?branch=7cbf57bc-682f-4799-adb8-f07fcd7faf8c
8bd8be46-4238-4c96-aad7-59eef698fb54,d28ebe09-451a-4ae9-ad6c-da08984ceae1,חד וחלק Pini Eliya,תל אביב–יפו,dan,Shampoo & conditioning,product,,on_request,,website,/ops/businesses?branch=d28ebe09-451a-4ae9-ad6c-da08984ceae1
727e6e56-bc89-4824-ac54-2347668cb5ae,bac3185f-909b-482e-8fd5-1484b426acd0,BUBA beauty space,תל אביב–יפו,dan,Shampoo & conditioning,product,,on_request,,website,/ops/businesses?branch=bac3185f-909b-482e-8fd5-1484b426acd0
7f01fda8-3c9f-492a-99b9-8becb43a7024,8dff0752-72ef-4f8e-8b12-13fd11e2d96e,Love is in the Hair By Ram Solan,תל אביב–יפו,dan,Shampoo & conditioning,product,,on_request,,website,/ops/businesses?branch=8dff0752-72ef-4f8e-8b12-13fd11e2d96e
0c62e4f6-b9f4-4cc0-a8e3-b6663608bc5b,73dcc4d5-53ab-492c-847c-0c9ebe462c3d,"ד""ר דרור בן-שלמה רופא שיניים וטיפולים אסתטיים בתל אביב",תל אביב–יפו,dan,"To ensure long-lasting veneers, it is recommended to",sentence,dental-aesthetics,on_request,,website,/ops/businesses?branch=73dcc4d5-53ab-492c-847c-0c9ebe462c3d
53eb974f-cab0-4bcf-ad1b-1af6e7165c00,98bf9648-5e49-4df3-81b3-f68142edcdfd,ד״ר ערן צנציפר- מומחה לשיקום הפה,תל אביב–יפו,dan,Upgrade to a different browser or,sentence,,on_request,,website,/ops/businesses?branch=98bf9648-5e49-4df3-81b3-f68142edcdfd
c22f85f6-b9d0-4993-9722-96811bb3a0f1,c97ce44a-ce4d-412a-adeb-44258f3ca251,Or medical cosmetic treatments,תל אביב–יפו,dan,Upgrade to a different browser or,sentence,brows-lashes,on_request,,website,/ops/businesses?branch=c97ce44a-ce4d-412a-adeb-44258f3ca251
a0cb5b4f-c112-408d-b691-2efdf5d28dc7,b31e7964-7cb9-420e-86ad-9b8a746d6975,myclinic Lillienblum,תל אביב–יפו,dan,Visage & Cou · Décolleté (+,sentence,,fixed,100,website,/ops/businesses?branch=b31e7964-7cb9-420e-86ad-9b8a746d6975
d5ba3ab9-5ce1-4061-aa64-2c7d28b737d2,39725c0f-27d3-43e2-b215-b440c24530bc,איילת גייר השתלות שיער בישראל וטיפולים מתקדמים,תל אביב–יפו,dan,Your browser does not support the video tag.,sentence,,on_request,,website,/ops/businesses?branch=39725c0f-27d3-43e2-b215-b440c24530bc
c26cedec-d8e5-467d-9364-1cbc4d297ec7,53c9fbe6-c038-45f0-a742-9c4aa40f82f6,"ד""ר אור פרידמן מומחה לכירורגיה פלסטית משחזרת ואסתטית",תל אביב–יפו,dan,breast augmentation Israel · breast reconstruction,sentence,plastic-surgery,on_request,,website,/ops/businesses?branch=53c9fbe6-c038-45f0-a742-9c4aa40f82f6
b9cb6307-c9b4-45b5-bbaa-8ec78e884169,6ce6a534-9359-40f3-bfb6-8d631d3724ea,Absolute Esthetics by Andrea,תל אביב–יפו,dan,from the guess-work of your daily skin care routine,sentence,facials,free,0,website,/ops/businesses?branch=6ce6a534-9359-40f3-bfb6-8d631d3724ea
bacbf29e-63ff-4989-a9cf-10e0f179b3ae,e7f4f6f5-896d-43dc-8ec8-6f800b29887c,Cosmetology Tel-Aviv קוסמטיקאית תל אביב,תל אביב–יפו,dan,Коралловый пилинг Christina Rose de Mer,sentence,,fixed,790,website,/ops/businesses?branch=e7f4f6f5-896d-43dc-8ec8-6f800b29887c
dc6da96f-dcae-4793-8215-c733097a9dff,41b33d29-6986-4758-b382-2bde08d435be,4Man - מכון יופי וטיפוח לגבר בתל אביב,תל אביב–יפו,dan,Салон красоты и эстетики для мужчин,sentence,,on_request,,website,/ops/businesses?branch=41b33d29-6986-4758-b382-2bde08d435be
b66bebd5-d6da-4428-881a-8539d6a6bbf0,e2015e53-cb22-4eba-b819-7efea95d1963,מרכז כירורגי שוורץ - ארד,תל אביב–יפו,dan,אבחון וטיפול בהפרעות במפרקי הלסת (TMJ),sentence,,on_request,,website,/ops/businesses?branch=e2015e53-cb22-4eba-b819-7efea95d1963
4e7634c5-0a20-443c-ae6a-60bd49fe14c5,8af31e3c-a298-4d41-933f-50031782d817,מסודרות,תל אביב–יפו,dan,"אבחון, טיפולי זוהר, ניקוי עמוק, אנטי אייג׳ינג, טכנולוגיות",sentence,facials,on_request,,website,/ops/businesses?branch=8af31e3c-a298-4d41-933f-50031782d817
2c802103-c4d0-439a-a8c3-d2c08c6abfd8,2ea2ab17-1678-4a57-b255-4c4fb620740c,"מאי לי ביוטי - הדגשת תווי פנים: מיקרובליידינג, היפראליזם, מיקרושיידינג, הדגשת שפתיים, אייליינר, הסרת איפור קבוע בלייזר",תל אביב–יפו,dan,"או השאירי פרטים, ונחזור אלייך בהקדם !! ייעוץ ואבחון",sentence,,free,0,website,/ops/businesses?branch=2ea2ab17-1678-4a57-b255-4c4fb620740c
f95cb50c-8b55-41bc-9b7b-8b456b443a79,c97ce44a-ce4d-412a-adeb-44258f3ca251,Or medical cosmetic treatments,תל אביב–יפו,dan,אורך הטיפול: - סדרה בת 6 מפגשים,package,,package,250,website,/ops/businesses?branch=c97ce44a-ce4d-412a-adeb-44258f3ca251
29049d9c-c271-43a9-9e29-096b620ff12d,c97ce44a-ce4d-412a-adeb-44258f3ca251,Or medical cosmetic treatments,תל אביב–יפו,dan,אורך הטיפול: - סדרה בת 6-10 טיפולים,package,,package,800,website,/ops/businesses?branch=c97ce44a-ce4d-412a-adeb-44258f3ca251
a15634fe-9fe4-4e65-ac57-f4afe37b055e,c97ce44a-ce4d-412a-adeb-44258f3ca251,Or medical cosmetic treatments,תל אביב–יפו,dan,אורך הטיפול: - סדרה בת 6-12 טיפולים,package,,package,650,website,/ops/businesses?branch=c97ce44a-ce4d-412a-adeb-44258f3ca251
09621ff7-233d-4cbc-8ce7-01655202856f,1e8c108d-20ea-4043-bd39-5461c64f0c86,"ד""ר נועם חי | מנתח פלסטי בכיר בתל אביב",תל אביב–יפו,dan,איכות החיים לאחר ניתוחי קיצור קיבה,sentence,plastic-surgery,on_request,,website,/ops/businesses?branch=1e8c108d-20ea-4043-bd39-5461c64f0c86
f43b60ba-fd64-478f-be36-ae19a9a304b0,54ee89bb-3240-4ccd-bf88-bdcdb2dd189e,Doctor Ram Silfen - Tel Aviv Plastic,תל אביב–יפו,dan,אילנית – עדות לאחר ניתוח הרמת חזה,sentence,plastic-surgery,on_request,,website,/ops/businesses?branch=54ee89bb-3240-4ccd-bf88-bdcdb2dd189e
02fce2b3-2a06-41ac-8515-24fa8d7dfb81,e2015e53-cb22-4eba-b819-7efea95d1963,מרכז כירורגי שוורץ - ארד,תל אביב–יפו,dan,אין גישה ניתוחית ישירה לממברנת הסינוס.,sentence,plastic-surgery,on_request,,website,/ops/businesses?branch=e2015e53-cb22-4eba-b819-7efea95d1963
7e51967b-b995-458f-9f3a-217630871d40,596ba9f5-fd64-4973-a164-a5c73ca72f1c,Shooshka,תל אביב–יפו,dan,איפור מהיר - איפור צ׳יק צ׳יק,sentence,makeup,on_request,,website,/ops/businesses?branch=596ba9f5-fd64-4973-a164-a5c73ca72f1c
5c5999fc-cfb5-4c0d-9658-b461b19e6c48,596ba9f5-fd64-4973-a164-a5c73ca72f1c,Shooshka,תל אביב–יפו,dan,איפור מהיר - שושקה בוטיק יופי,sentence,makeup,on_request,,website,/ops/businesses?branch=596ba9f5-fd64-4973-a164-a5c73ca72f1c
ab4ae054-86c4-464d-ba68-2dc337b6b9b3,4c6fbe8b-f945-4e62-8586-8c94d711366f,אנזו מד Anzo Med,תל אביב–יפו,dan,איפור קבוע – סימטריה ומראה טבעי,sentence,permanent-makeup,on_request,,website,/ops/businesses?branch=4c6fbe8b-f945-4e62-8586-8c94d711366f
2b2ae5fa-5c46-430b-b378-d02ecf357102,4c6fbe8b-f945-4e62-8586-8c94d711366f,אנזו מד Anzo Med,תל אביב–יפו,dan,איפור קבוע – סימטריה ומראה טבעי לטווח ארוך,sentence,permanent-makeup,on_request,,website,/ops/businesses?branch=4c6fbe8b-f945-4e62-8586-8c94d711366f
3761dd89-87ef-4e76-87c4-9d2b9d2432bf,596ba9f5-fd64-4973-a164-a5c73ca72f1c,Shooshka,תל אביב–יפו,dan,"איפור קטן וקצר שעושה שינוי גדול, קליל וטבעי, לפגישה/השקה/דייט",sentence,makeup,on_request,,website,/ops/businesses?branch=596ba9f5-fd64-4973-a164-a5c73ca72f1c
e682ec67-ce1c-4be2-9ed5-34ad19bbd759,2df2cf51-e69b-482e-9c6c-c609803964af,דר' שיין - מומחה בכירורגיה פלסטית,תל אביב–יפו,dan,"אמא שלי עברה ניתוח חזה ובטן אצל ד״ר שיין,",sentence,plastic-surgery,on_request,,website,/ops/businesses?branch=2df2cf51-e69b-482e-9c6c-c609803964af
2aabc82b-609a-4fec-921d-6a95837c0c2f,596ba9f5-fd64-4973-a164-a5c73ca72f1c,Shooshka,תל אביב–יפו,dan,אמבטיית שעוות פראפין.,sentence,hair-removal,on_request,,website,/ops/businesses?branch=596ba9f5-fd64-4973-a164-a5c73ca72f1c
e819fdd2-a992-4522-ab0c-5d223cf71a43,92c6dd2a-714d-4328-8de6-46744895b9b9,"ד""ר זיידמן אלון יישור שיניים נסתר",תל אביב–יפו,dan,אנו מזמינים אתכם לפגישת ייעוץ ראשונית – צרו קשר עוד היום ונשמח לעמוד לרשותכם!,sentence,,free,0,website,/ops/businesses?branch=92c6dd2a-714d-4328-8de6-46744895b9b9
7563f740-e2aa-4a4b-b371-5fb0d3554374,428f7a54-124c-4b2c-917a-1c0772906303,"PRPclinic - טיפולי PRP, IPRF ו-CGF לנשירת שיער ואסתטיקה רפואית",תל אביב–יפו,dan,אנו שואבים את הפלזמה העשירה בטסיות מהמבחנה,sentence,medical-aesthetics,on_request,,website,/ops/businesses?branch=428f7a54-124c-4b2c-917a-1c0772906303
e7bca9a1-fa0f-430d-83d9-584ab4bf1d9e,b9090e87-3422-4ae0-8847-4dec673e85a0,נטלי קוסמטיקס,תל אביב–יפו,dan,אנשים הסובלים מעיוותים ועיבוי בציפורניים הגורמים לכאב ואי נוחות.,sentence,nails,on_request,,website,/ops/businesses?branch=b9090e87-3422-4ae0-8847-4dec673e85a0
11074f99-06d5-4fdd-957c-c113cf24397d,b9090e87-3422-4ae0-8847-4dec673e85a0,נטלי קוסמטיקס,תל אביב–יפו,dan,אנשים הסובלים מפטרת ציפורניים.,sentence,nails,on_request,,website,/ops/businesses?branch=b9090e87-3422-4ae0-8847-4dec673e85a0
abda7246-042f-4bad-9212-d442a0f071c3,b9090e87-3422-4ae0-8847-4dec673e85a0,נטלי קוסמטיקס,תל אביב–יפו,dan,אנשים הסובלים מציפורניים חודרניות ומחפשים אופציה לטיפול לא פולשני.,sentence,nails,on_request,,website,/ops/businesses?branch=b9090e87-3422-4ae0-8847-4dec673e85a0
a6844da5-4d53-4d52-8758-bafb1716b483,6276b316-e855-4071-bc62-76b30546fcbc,מושלמת האוס אוף ביוטי,תל אביב–יפו,dan,אפילציה | עיצוב גבות | לייזר DIOLAZE XL,sentence,brows-lashes,on_request,,website,/ops/businesses?branch=6276b316-e855-4071-bc62-76b30546fcbc
6bd0c0ea-26c9-4ac6-9ad2-bf8e2d98d4ee,c97ce44a-ce4d-412a-adeb-44258f3ca251,Or medical cosmetic treatments,תל אביב–יפו,dan,אצלי בקליניקה מטפלים בהצלחה בכל סוגי הפיגמנטציה,sentence,facials,on_request,,website,/ops/businesses?branch=c97ce44a-ce4d-412a-adeb-44258f3ca251
7acdc4ed-6029-497c-8e96-febc8a91c67a,e0e7c443-ee21-4be5-8bb3-2568adf37232,אתר דוקטור חן,תל אביב–יפו,dan,אקנה הורמונלי.,sentence,facials,on_request,,website,/ops/businesses?branch=e0e7c443-ee21-4be5-8bb3-2568adf37232
0ed0531b-857c-4d56-9182-47d62d8c19e4,428f7a54-124c-4b2c-917a-1c0772906303,"PRPclinic - טיפולי PRP, IPRF ו-CGF לנשירת שיער ואסתטיקה רפואית",תל אביב–יפו,dan,"ב-PRP Clinic, התוצאות שלך הן השליחות שלנו.",sentence,medical-aesthetics,on_request,,website,/ops/businesses?branch=428f7a54-124c-4b2c-917a-1c0772906303
67d80109-3c20-46d3-962e-c891aa24063e,4125d5eb-f414-4c25-b3dd-0e8069a75afa,הסרת נגעי עור | הסרת נקודות חן | הסרת קונדילומה | הסרת שומות | אנגיוקרטומה | קסנטלזמה | נקודות אדומות (המנגיומות) - Medical-C,תל אביב–יפו,dan,בדיקת התאמה להסרת נקודות חן ושומות,sentence,,on_request,,website,/ops/businesses?branch=4125d5eb-f414-4c25-b3dd-0e8069a75afa
e43a789c-0416-4661-a86e-f8cb4ff72aeb,c32691a2-ca0a-4d69-ac16-370d93db0799,מוסקונה - מרפאות לניתוחים פלסטיים הזרקות וטיפולים משלימים,תל אביב–יפו,dan,בוטוקס / דיספורט / קסיאומין לגבר,sentence,medical-aesthetics,on_request,,website,/ops/businesses?branch=c32691a2-ca0a-4d69-ac16-370d93db0799
67ed3e93-6d2b-453f-bf04-f7093d55c106,459b4ea6-3f45-44f9-940a-ba6cef88b204,"ד""ר יאיר יוסף",תל אביב–יפו,dan,"בוטוקס וטיפול בקמטים - ד""ר יאיר יוסף",sentence,medical-aesthetics,on_request,,website,/ops/businesses?branch=459b4ea6-3f45-44f9-940a-ba6cef88b204
7bdb52ef-94ae-4b70-9eed-1c3ec8306c06,459b4ea6-3f45-44f9-940a-ba6cef88b204,"ד""ר יאיר יוסף",תל אביב–יפו,dan,בוטוקס לא נותן תוצאה מלאה מיד.,sentence,medical-aesthetics,on_request,,website,/ops/businesses?branch=459b4ea6-3f45-44f9-940a-ba6cef88b204
34402d40-2344-4779-926d-89eb01086ebe,4c6fbe8b-f945-4e62-8586-8c94d711366f,אנזו מד Anzo Med,תל אביב–יפו,dan,בוטוקס לטיפול בקמטים - ANZO MED,sentence,medical-aesthetics,on_request,,website,/ops/businesses?branch=4c6fbe8b-f945-4e62-8586-8c94d711366f
ffdf88e0-329a-4be1-a61d-6a660221e702,e0e7c443-ee21-4be5-8bb3-2568adf37232,אתר דוקטור חן,תל אביב–יפו,dan,בטכנולוגיות המתקדמת בלייזר ופלזמה בסניף הקרוב לביתכם ב,sentence,medical-aesthetics,on_request,,website,/ops/businesses?branch=e0e7c443-ee21-4be5-8bb3-2568adf37232
befb9853-515c-4ce2-9140-5afcc546ea8f,c32691a2-ca0a-4d69-ac16-370d93db0799,מוסקונה - מרפאות לניתוחים פלסטיים הזרקות וטיפולים משלימים,תל אביב–יפו,dan,בייעוץ הקדם ניתוחי חשוב להתרשם משלושה נושאים,sentence,plastic-surgery,on_request,,website,/ops/businesses?branch=c32691a2-ca0a-4d69-ac16-370d93db0799
33442b00-7479-47e0-961f-aa49d0e63811,c32691a2-ca0a-4d69-ac16-370d93db0799,מוסקונה - מרפאות לניתוחים פלסטיים הזרקות וטיפולים משלימים,תל אביב–יפו,dan,ביצוע מוקפד של הניתוח.,sentence,plastic-surgery,on_request,,website,/ops/businesses?branch=c32691a2-ca0a-4d69-ac16-370d93db0799
a6f9efc7-3947-498f-9bae-4d923c5fcbbb,38f43de7-2cc4-47ed-8683-9f8031c3eb42,yullia Yirmeyahu,תל אביב–יפו,dan,"במידת הצורך, ניתן לשלב גם טיפול בפדיקור רפואי.",sentence,nails,on_request,,website,/ops/businesses?branch=38f43de7-2cc4-47ed-8683-9f8031c3eb42
d89c4f7b-d1d0-41dc-beb5-ff594b671941,ab1d8481-8948-4cac-8955-7bd1c4e630f1,yullia Tzahala - מומחים בהסרת שיער בלייזר | הזרקות | טיפול פנים | מניקור | פדיקור רפואי,תל אביב–יפו,dan,"במידת הצורך, ניתן לשלב גם טיפול בפדיקור רפואי.",sentence,nails,on_request,,website,/ops/businesses?branch=ab1d8481-8948-4cac-8955-7bd1c4e630f1
53aa593e-1103-4d7b-b8f4-74d6d8ff1494,976d943f-892f-4dc3-a180-0a45663580f5,yullia King George,תל אביב–יפו,dan,"במידת הצורך, ניתן לשלב גם טיפול בפדיקור רפואי.",sentence,nails,on_request,,website,/ops/businesses?branch=976d943f-892f-4dc3-a180-0a45663580f5
9125d72d-8ae9-4676-9753-f23a194780fa,dacc8de0-1f8e-4477-87a2-0a4963319ac2,Yullia,תל אביב–יפו,dan,"במידת הצורך, ניתן לשלב גם טיפול בפדיקור רפואי.",sentence,nails,on_request,,website,/ops/businesses?branch=dacc8de0-1f8e-4477-87a2-0a4963319ac2
00f883cc-2c92-45ee-bb03-3c2c4693178f,2df2cf51-e69b-482e-9c6c-c609803964af,דר' שיין - מומחה בכירורגיה פלסטית,תל אביב–יפו,dan,במקרים של ניתוחים מורכבים מהרגיל ייתכנו עלויות נוספות.,sentence,plastic-surgery,on_request,,website,/ops/businesses?branch=2df2cf51-e69b-482e-9c6c-c609803964af
0f38e58b-87cd-48ad-b337-3093c8484598,4125d5eb-f414-4c25-b3dd-0e8069a75afa,הסרת נגעי עור | הסרת נקודות חן | הסרת קונדילומה | הסרת שומות | אנגיוקרטומה | קסנטלזמה | נקודות אדומות (המנגיומות) - Medical-C,תל אביב–יפו,dan,בקליניקות פרטיות הטווח המקובל הוא כ־,sentence,,range,150,website,/ops/businesses?branch=4125d5eb-f414-4c25-b3dd-0e8069a75afa
d54d6e06-dfbe-45e9-8045-f6c083a319bf,1a02e569-909f-430f-82f6-3a144f206baa,"ד""ר דורון אבניאלי, השתלות שיניים, טיפולי שיניים בהרדמה מלאה",תל אביב–יפו,dan,ברוכים הבאים למרכז להשתלות שיניים של,sentence,dental-aesthetics,on_request,,website,/ops/businesses?branch=1a02e569-909f-430f-82f6-3a144f206baa
01361b93-cd23-42cb-ac7b-38a1eeeb8920,dacc8de0-1f8e-4477-87a2-0a4963319ac2,Yullia,תל אביב–יפו,dan,"ברכישת סדרת טיפולים, קבלו טיפול ניקוי עמוק מתנה.",package,facials,on_request,,website,/ops/businesses?branch=dacc8de0-1f8e-4477-87a2-0a4963319ac2
69ce24a1-0310-4f4d-816b-ac0e25a169d5,976d943f-892f-4dc3-a180-0a45663580f5,yullia King George,תל אביב–יפו,dan,"ברכישת סדרת טיפולים, קבלו טיפול ניקוי עמוק מתנה.",package,facials,on_request,,website,/ops/businesses?branch=976d943f-892f-4dc3-a180-0a45663580f5
59efbb21-b4af-444f-8845-51cc1706ae08,38f43de7-2cc4-47ed-8683-9f8031c3eb42,yullia Yirmeyahu,תל אביב–יפו,dan,"ברכישת סדרת טיפולים, קבלו טיפול ניקוי עמוק מתנה.",package,facials,on_request,,website,/ops/businesses?branch=38f43de7-2cc4-47ed-8683-9f8031c3eb42
2701385b-e9c9-453d-a546-d98216706066,ab1d8481-8948-4cac-8955-7bd1c4e630f1,yullia Tzahala - מומחים בהסרת שיער בלייזר | הזרקות | טיפול פנים | מניקור | פדיקור רפואי,תל אביב–יפו,dan,"ברכישת סדרת טיפולים, קבלו טיפול ניקוי עמוק מתנה.",package,facials,on_request,,website,/ops/businesses?branch=ab1d8481-8948-4cac-8955-7bd1c4e630f1
367cf07f-360f-4113-834f-6c89110a6dc8,e0e7c443-ee21-4be5-8bb3-2568adf37232,אתר דוקטור חן,תל אביב–יפו,dan,בשיטה זאת יוצרים פילינג של העור בטכנולוגיית לייזר מתקדמת.,sentence,facials,on_request,,website,/ops/businesses?branch=e0e7c443-ee21-4be5-8bb3-2568adf37232
028327dc-64d4-449a-b83b-5b78b283e7a5,7ef56877-6de8-4ee3-85d3-84f2c43fac74,חנה מושייב,תל אביב–יפו,dan,גבות ושפם – עיצוב מדויק בחוט או שעווה,sentence,hair-removal,on_request,,website,/ops/businesses?branch=7ef56877-6de8-4ee3-85d3-84f2c43fac74
14c061a0-7c6d-4632-82d7-c6da6ba0d7d6,9de5fe8a-48df-47f1-9013-3c5653e3b84a,"ד""ר ערן חדד - מנתח פלסטי, מומחה לכירורגיה פלסטית - כירורג פלסטי",תל אביב–יפו,dan,גלריית ווידאו מתיחת בטן - סרטוני וידאו,sentence,plastic-surgery,on_request,,website,/ops/businesses?branch=9de5fe8a-48df-47f1-9013-3c5653e3b84a
fdf6e732-9c09-4723-913e-f604111faf4f,2df2cf51-e69b-482e-9c6c-c609803964af,דר' שיין - מומחה בכירורגיה פלסטית,תל אביב–יפו,dan,"גנית ממליצה על ניתוח הגדלת חזה אצל ד""ר שיין",sentence,plastic-surgery,on_request,,website,/ops/businesses?branch=2df2cf51-e69b-482e-9c6c-c609803964af
a63e71ea-1c5a-4252-b8ff-659ccba6b2ed,5583a955-dc96-4c3b-9d44-3a7500bf06ba,"ד""ר אלי כלב - רפואה אסתטית ללא ניתוח",תל אביב–יפו,dan,"ד""ר אלי כלב - רפואה אסתטית ללא ניתוח",sentence,plastic-surgery,on_request,,website,/ops/businesses?branch=5583a955-dc96-4c3b-9d44-3a7500bf06ba
7ef8cad4-2713-41af-a57e-2f03fe9e6e26,1e8c108d-20ea-4043-bd39-5461c64f0c86,"ד""ר נועם חי | מנתח פלסטי בכיר בתל אביב",תל אביב–יפו,dan,"ד""ר נועם חי מתמחה בניתוחים הפלסטיים הבאים",sentence,plastic-surgery,on_request,,website,/ops/businesses?branch=1e8c108d-20ea-4043-bd39-5461c64f0c86
1bbdbeb3-7d0a-44ba-aebd-1b5c61e2553e,92c6dd2a-714d-4328-8de6-46744895b9b9,"ד""ר זיידמן אלון יישור שיניים נסתר",תל אביב–יפו,dan,"ד""ר סיגל דגן - הלבנת שיניים",sentence,dental-aesthetics,on_request,,website,/ops/businesses?branch=92c6dd2a-714d-4328-8de6-46744895b9b9
fb860953-a377-4862-8e77-61b22d560bca,459b4ea6-3f45-44f9-940a-ba6cef88b204,"ד""ר יאיר יוסף",תל אביב–יפו,dan,דחיית הצורך בניתוח מתיחת פנים כירורגי,sentence,plastic-surgery,on_request,,website,/ops/businesses?branch=459b4ea6-3f45-44f9-940a-ba6cef88b204
b1f77909-4f3b-4ceb-b9c6-6757a406818e,b34e54bc-33f3-4d27-8ae0-3ab122dc7895,"כירורגיה פלסטית ואסתטית | ד""ר אייל שפירא",תל אביב–יפו,dan,דף הבית / ניתוחים פלסטיים / הצרת נרתיק,sentence,plastic-surgery,on_request,,website,/ops/businesses?branch=b34e54bc-33f3-4d27-8ae0-3ab122dc7895
0399cfa8-4e9e-4a7e-8488-48d0b3647695,b34e54bc-33f3-4d27-8ae0-3ab122dc7895,"כירורגיה פלסטית ואסתטית | ד""ר אייל שפירא",תל אביב–יפו,dan,דף הבית / ניתוחים פלסטיים / שחזור קרום בתולין,sentence,plastic-surgery,on_request,,website,/ops/businesses?branch=b34e54bc-33f3-4d27-8ae0-3ab122dc7895
76e69073-cdd1-42e7-b33f-51399bd3055f,6276b316-e855-4071-bc62-76b30546fcbc,מושלמת האוס אוף ביוטי,תל אביב–יפו,dan,דף הבית | DIOLAZE XL הסרת שיער,sentence,hair-removal,on_request,,website,/ops/businesses?branch=6276b316-e855-4071-bc62-76b30546fcbc
59cedb8c-5fc8-4510-8a3e-4eb296bae192,e54fa942-5742-4408-8cad-cc2019be3403,"מרפאת השיניים והאסטתיקה של ד""ר צבי אבירם",תל אביב–יפו,dan,דף הבית » ביוטי וקוסמטיקה » טיפול הלבנת שיניים,sentence,dental-aesthetics,on_request,,website,/ops/businesses?branch=e54fa942-5742-4408-8cad-cc2019be3403
483b8e64-c123-4432-8fd6-1dbcc80b927d,428f7a54-124c-4b2c-917a-1c0772906303,"PRPclinic - טיפולי PRP, IPRF ו-CGF לנשירת שיער ואסתטיקה רפואית",תל אביב–יפו,dan,"דף הבית » מחירון » מחירון טיפול PRP, iPRF, Activated PRP, CGF וריגנרה –",sentence,medical-aesthetics,from,800,website,/ops/businesses?branch=428f7a54-124c-4b2c-917a-1c0772906303
74d3e152-039b-425f-8637-9120a8922fdb,22574d12-60c6-4a7d-8a02-e1f7da2b9c36,קליניקה כרמל - טיפול בפטרת ציפורניים בתל אביב,תל אביב–יפו,dan,דף הבית » סניפים » טיפול בפטרת ציפורניים בחיפה,sentence,nails,on_request,,website,/ops/businesses?branch=22574d12-60c6-4a7d-8a02-e1f7da2b9c36
1bfad91d-3544-48a7-9934-383bd39c7599,22574d12-60c6-4a7d-8a02-e1f7da2b9c36,קליניקה כרמל - טיפול בפטרת ציפורניים בתל אביב,תל אביב–יפו,dan,דף הבית » סניפים » טיפול בפטרת ציפורניים בנהריה,sentence,nails,on_request,,website,/ops/businesses?branch=22574d12-60c6-4a7d-8a02-e1f7da2b9c36
de8b42cd-6975-436c-98dc-a784c438f9ed,22574d12-60c6-4a7d-8a02-e1f7da2b9c36,קליניקה כרמל - טיפול בפטרת ציפורניים בתל אביב,תל אביב–יפו,dan,דף הבית » סניפים » טיפול בפטרת ציפורניים בנתניה,sentence,nails,on_request,,website,/ops/businesses?branch=22574d12-60c6-4a7d-8a02-e1f7da2b9c36
3ce8ff89-2c51-4470-b691-05f1e6e2d2bd,22574d12-60c6-4a7d-8a02-e1f7da2b9c36,קליניקה כרמל - טיפול בפטרת ציפורניים בתל אביב,תל אביב–יפו,dan,דף הבית » סניפים » טיפול בפטרת ציפורניים בקריות,sentence,nails,on_request,,website,/ops/businesses?branch=22574d12-60c6-4a7d-8a02-e1f7da2b9c36
a293a4d6-2163-415b-aa31-a5a46e8b16b5,22574d12-60c6-4a7d-8a02-e1f7da2b9c36,קליניקה כרמל - טיפול בפטרת ציפורניים בתל אביב,תל אביב–יפו,dan,דף הבית » תמונות לפני ואחרי טיפול בפטרת ציפורניים,sentence,nails,on_request,,website,/ops/businesses?branch=22574d12-60c6-4a7d-8a02-e1f7da2b9c36
07436aa4-4ab9-4420-8aaf-687ca4e2a9c0,b34e54bc-33f3-4d27-8ae0-3ab122dc7895,"כירורגיה פלסטית ואסתטית | ד""ר אייל שפירא",תל אביב–יפו,dan,הבהרה של פיגמנטציה באזור הנשי (פילינג לייזר),sentence,,on_request,,website,/ops/businesses?branch=b34e54bc-33f3-4d27-8ae0-3ab122dc7895
31cc4c66-b7cc-44e1-9c42-a76133ad9258,5583a955-dc96-4c3b-9d44-3a7500bf06ba,"ד""ר אלי כלב - רפואה אסתטית ללא ניתוח",תל אביב–יפו,dan,הבהרת עור הפנים (מחיר החל מ-),sentence,,fixed,1000,website,/ops/businesses?branch=5583a955-dc96-4c3b-9d44-3a7500bf06ba
9409811d-2709-49dd-9673-dccd20c81572,b9090e87-3422-4ae0-8847-4dec673e85a0,נטלי קוסמטיקס,תל אביב–יפו,dan,הבית שלך לטיפולי פדיקור רפואי וקוסמטיקה בת״א,sentence,nails,on_request,,website,/ops/businesses?branch=b9090e87-3422-4ae0-8847-4dec673e85a0
7244e1f9-061c-4295-85d5-08bff2bee09f,758de1cc-ed61-4ff7-97b1-0720b36184a0,"ד״ר אודי ארד, מומחה בניתוחים פלסטיים וטיפולים אסתטיים",תל אביב–יפו,dan,"הגדלה והרמת חזה – ד""ר אודי ארד",sentence,plastic-surgery,on_request,,website,/ops/businesses?branch=758de1cc-ed61-4ff7-97b1-0720b36184a0
b29f9ae0-b20b-4511-8d5f-afb4631a71b0,1e8c108d-20ea-4043-bd39-5461c64f0c86,"ד""ר נועם חי | מנתח פלסטי בכיר בתל אביב",תל אביב–יפו,dan,הגדלת חזה בשד צינורי לפני אחרי,sentence,plastic-surgery,on_request,,website,/ops/businesses?branch=1e8c108d-20ea-4043-bd39-5461c64f0c86
f48cb507-95db-4fa4-a493-b70c698204ff,9de5fe8a-48df-47f1-9013-3c5653e3b84a,"ד""ר ערן חדד - מנתח פלסטי, מומחה לכירורגיה פלסטית - כירורג פלסטי",תל אביב–יפו,dan,הגדלת חזה הרמת חזה הקטנת חזה,sentence,plastic-surgery,on_request,,website,/ops/businesses?branch=9de5fe8a-48df-47f1-9013-3c5653e3b84a
47936347-ce02-4b0f-80a5-0d18e7a4313e,9de5fe8a-48df-47f1-9013-3c5653e3b84a,"ד""ר ערן חדד - מנתח פלסטי, מומחה לכירורגיה פלסטית - כירורג פלסטי",תל אביב–יפו,dan,הגדלת חזה טבעית הקטנת חזה לגבר החלפת שתלים,sentence,plastic-surgery,on_request,,website,/ops/businesses?branch=9de5fe8a-48df-47f1-9013-3c5653e3b84a
9ae0747b-ebda-40ab-8250-192a4411822d,9de5fe8a-48df-47f1-9013-3c5653e3b84a,"ד""ר ערן חדד - מנתח פלסטי, מומחה לכירורגיה פלסטית - כירורג פלסטי",תל אביב–יפו,dan,הגדלת חזה מתחת או מעל לשריר,sentence,plastic-surgery,on_request,,website,/ops/businesses?branch=9de5fe8a-48df-47f1-9013-3c5653e3b84a
f8fb731b-41f4-45ff-a7a5-bdc54ad57b55,2df2cf51-e69b-482e-9c6c-c609803964af,דר' שיין - מומחה בכירורגיה פלסטית,תל אביב–יפו,dan,הגדלת חזה עם ד״ר אופיר שיין | מדריך מקיף,sentence,plastic-surgery,on_request,,website,/ops/businesses?branch=2df2cf51-e69b-482e-9c6c-c609803964af
27c78759-d1e0-4c3e-893d-f5f75bb3f27b,2df2cf51-e69b-482e-9c6c-c609803964af,דר' שיין - מומחה בכירורגיה פלסטית,תל אביב–יפו,dan,הגדלת חזה עם שתלים בעלי מעטפת פוליאוריטן,sentence,plastic-surgery,fixed,33500,website,/ops/businesses?branch=2df2cf51-e69b-482e-9c6c-c609803964af
91d58f75-9cfa-43d3-9b78-30e04171d6f2,2df2cf51-e69b-482e-9c6c-c609803964af,דר' שיין - מומחה בכירורגיה פלסטית,תל אביב–יפו,dan,הגדלת חזה עם שתלים קלי משקל מסוג BLITE,sentence,plastic-surgery,fixed,34800,website,/ops/businesses?branch=2df2cf51-e69b-482e-9c6c-c609803964af
ed6d24c1-127b-4935-bcbf-190bfe5baeac,1e8c108d-20ea-4043-bd39-5461c64f0c86,"ד""ר נועם חי | מנתח פלסטי בכיר בתל אביב",תל אביב–יפו,dan,הגדלת חזה שתל אנטומי לפני אחרי,sentence,plastic-surgery,on_request,,website,/ops/businesses?branch=1e8c108d-20ea-4043-bd39-5461c64f0c86
b5868bef-3701-4454-993a-f7a3577a0781,758de1cc-ed61-4ff7-97b1-0720b36184a0,"ד״ר אודי ארד, מומחה בניתוחים פלסטיים וטיפולים אסתטיים",תל אביב–יפו,dan,"הגדלת חזה – ד""ר אודי ארד",sentence,plastic-surgery,on_request,,website,/ops/businesses?branch=758de1cc-ed61-4ff7-97b1-0720b36184a0
ea05ca94-adab-4826-857d-ec389f4b421f,2df2cf51-e69b-482e-9c6c-c609803964af,דר' שיין - מומחה בכירורגיה פלסטית,תל אביב–יפו,dan,הגשים לי חלום בניתוח משנה חיים,sentence,plastic-surgery,on_request,,website,/ops/businesses?branch=2df2cf51-e69b-482e-9c6c-c609803964af
5e692fd9-907a-4195-b101-6c8236521bfa,2ea2ab17-1678-4a57-b255-4c4fb620740c,"מאי לי ביוטי - הדגשת תווי פנים: מיקרובליידינג, היפראליזם, מיקרושיידינג, הדגשת שפתיים, אייליינר, הסרת איפור קבוע בלייזר",תל אביב–יפו,dan,הדגשת תווי פנים - איפור קבוע,sentence,permanent-makeup,on_request,,website,/ops/businesses?branch=2ea2ab17-1678-4a57-b255-4c4fb620740c
f69fed96-1d79-436f-b279-8f7baa741b68,dacc8de0-1f8e-4477-87a2-0a4963319ac2,Yullia,תל אביב–יפו,dan,ההיגיינה היא ערך עליון בכל טיפול פנים ב Yullia.,sentence,facials,on_request,,website,/ops/businesses?branch=dacc8de0-1f8e-4477-87a2-0a4963319ac2
cf2784c3-ae74-4c1b-a450-3d4bd37e0cf7,976d943f-892f-4dc3-a180-0a45663580f5,yullia King George,תל אביב–יפו,dan,ההיגיינה היא ערך עליון בכל טיפול פנים ב Yullia.,sentence,facials,on_request,,website,/ops/businesses?branch=976d943f-892f-4dc3-a180-0a45663580f5
1165b100-3c89-466f-a6c9-b784b2ec85f7,ab1d8481-8948-4cac-8955-7bd1c4e630f1,yullia Tzahala - מומחים בהסרת שיער בלייזר | הזרקות | טיפול פנים | מניקור | פדיקור רפואי,תל אביב–יפו,dan,ההיגיינה היא ערך עליון בכל טיפול פנים ב Yullia.,sentence,facials,on_request,,website,/ops/businesses?branch=ab1d8481-8948-4cac-8955-7bd1c4e630f1
05db782c-e8ec-480a-8295-2d3006d2003c,38f43de7-2cc4-47ed-8683-9f8031c3eb42,yullia Yirmeyahu,תל אביב–יפו,dan,ההיגיינה היא ערך עליון בכל טיפול פנים ב Yullia.,sentence,facials,on_request,,website,/ops/businesses?branch=38f43de7-2cc4-47ed-8683-9f8031c3eb42
136ce232-14ea-4b92-af3a-e140b66cc527,e54fa942-5742-4408-8cad-cc2019be3403,"מרפאת השיניים והאסטתיקה של ד""ר צבי אבירם",תל אביב–יפו,dan,הזרקות BOTOX וכן הזרקות חומצות יאלורוניות.,sentence,medical-aesthetics,on_request,,website,/ops/businesses?branch=e54fa942-5742-4408-8cad-cc2019be3403
e04e63c4-9d8a-4f1c-8efe-90d032819883,e2015e53-cb22-4eba-b819-7efea95d1963,מרכז כירורגי שוורץ - ארד,תל אביב–יפו,dan,הזרקת בוטוקס: במקרים של ריור יתר.,sentence,medical-aesthetics,on_request,,website,/ops/businesses?branch=e2015e53-cb22-4eba-b819-7efea95d1963
1d078b25-7c5e-47fd-8326-4c4e4f76c25b,39725c0f-27d3-43e2-b215-b440c24530bc,איילת גייר השתלות שיער בישראל וטיפולים מתקדמים,תל אביב–יפו,dan,"הזרקת הפלזמה לקרקפת, בהתאם לאזורים הזקוקים לתמיכה והזנה .",sentence,medical-aesthetics,on_request,,website,/ops/businesses?branch=39725c0f-27d3-43e2-b215-b440c24530bc
db3f4c52-c364-4bcd-ab3f-3f6f9e9d9e8b,960f825a-daf1-4751-833f-e798cc293459,Horizon Spa,תל אביב–יפו,dan,החבילה כוללת שימוש בכל מתקני הספא,sentence,spa-massage,on_request,,website,/ops/businesses?branch=960f825a-daf1-4751-833f-e798cc293459
6d68483b-4c5c-4c5e-9b51-97fccc650a2c,b471583e-01ec-4a83-82f2-82912addd521,Winkler Clinic - Prof. Eyal Winkler,תל אביב–יפו,dan,החלמה מניתוח מתיחת פנים – כל מה שחשוב לדעת,sentence,plastic-surgery,on_request,,website,/ops/businesses?branch=b471583e-01ec-4a83-82f2-82912addd521
40eeacf0-dd6e-4746-9158-433aab2a0294,1e8c108d-20ea-4043-bd39-5461c64f0c86,"ד""ר נועם חי | מנתח פלסטי בכיר בתל אביב",תל אביב–יפו,dan,החלפת שתלים והרמת חזה לפני אחרי,sentence,plastic-surgery,on_request,,website,/ops/businesses?branch=1e8c108d-20ea-4043-bd39-5461c64f0c86
99395c56-60f4-48ed-9517-715dc2d6a85a,e54fa942-5742-4408-8cad-cc2019be3403,"מרפאת השיניים והאסטתיקה של ד""ר צבי אבירם",תל אביב–יפו,dan,החשיבות של טיפול הלבנת שיניים מקצועי,sentence,dental-aesthetics,on_request,,website,/ops/businesses?branch=e54fa942-5742-4408-8cad-cc2019be3403
9a11b6be-c4d0-4997-9383-29b81f1da046,e0e7c443-ee21-4be5-8bb3-2568adf37232,אתר דוקטור חן,תל אביב–יפו,dan,הטיפול המתקדם בעולם ללא כאב - מחליף תהליך ניתוחי,sentence,plastic-surgery,on_request,,website,/ops/businesses?branch=e0e7c443-ee21-4be5-8bb3-2568adf37232
558953f1-9b61-457d-b8ca-fa36f6fdec3d,6276b316-e855-4071-bc62-76b30546fcbc,מושלמת האוס אוף ביוטי,תל אביב–יפו,dan,"הטיפול כולל ניקוי קל ראשוני, פילינג, מסכה וקרם מסיים.",sentence,facials,on_request,,website,/ops/businesses?branch=6276b316-e855-4071-bc62-76b30546fcbc
94332190-4c4e-4168-ad4a-5f196ea4f6ed,4c6fbe8b-f945-4e62-8586-8c94d711366f,אנזו מד Anzo Med,תל אביב–יפו,dan,הטיפולים שלנו בוטוקס לטיפול בקמטים,sentence,medical-aesthetics,on_request,,website,/ops/businesses?branch=4c6fbe8b-f945-4e62-8586-8c94d711366f
a062c461-50d0-4c5a-94e0-686aadd174b7,960f825a-daf1-4751-833f-e798cc293459,Horizon Spa,תל אביב–יפו,dan,הטיפולים שלנו – הורייזן ספא,sentence,spa-massage,on_request,,website,/ops/businesses?branch=960f825a-daf1-4751-833f-e798cc293459
b531686c-8ba3-47bc-beea-90e7fc4facff,46e3c405-f43f-4c54-8e69-3405d446ad25,קרנית מלמד - המרכז לטיפולי קוסמטיקה רפואית,תל אביב–יפו,dan,הטכנולוגיה המתקדמת בעולם לטיפול באקנה | AC Dual,sentence,facials,on_request,,website,/ops/businesses?branch=46e3c405-f43f-4c54-8e69-3405d446ad25
69a91411-73fe-473f-901b-bd09957359ba,c97ce44a-ce4d-412a-adeb-44258f3ca251,Or medical cosmetic treatments,תל אביב–יפו,dan,הטרנד החם והמלהיב - הרמה וסלסול הריסים הטבעיים,sentence,brows-lashes,on_request,,website,/ops/businesses?branch=c97ce44a-ce4d-412a-adeb-44258f3ca251
08917c50-c1d1-4c42-8293-8e3cbbc3f2be,31cd10f7-8728-4caf-b8d5-a52fafdfb6bf,רעות ששון – עיצוב גבות ואיפור קבוע בצפון תל אביב,תל אביב–יפו,dan,"היי, אני רעות ששון, מאסטרית בעיצוב גבות.",sentence,brows-lashes,on_request,,website,/ops/businesses?branch=31cd10f7-8728-4caf-b8d5-a52fafdfb6bf
1bc44667-77d4-48ae-acd9-b4dd2af88f04,2df2cf51-e69b-482e-9c6c-c609803964af,דר' שיין - מומחה בכירורגיה פלסטית,תל אביב–יפו,dan,הימנעי מחשיפה לשמש כדי שלא לגרום להיפר-פיגמנטציה בצלקות.,sentence,facials,on_request,,website,/ops/businesses?branch=2df2cf51-e69b-482e-9c6c-c609803964af
0cb2a378-b049-40af-a77d-82dacabc38e8,9de5fe8a-48df-47f1-9013-3c5653e3b84a,"ד""ר ערן חדד - מנתח פלסטי, מומחה לכירורגיה פלסטית - כירורג פלסטי",תל אביב–יפו,dan,היתרונות בניתוחים פלסטיים,article,plastic-surgery,on_request,,website,/ops/businesses?branch=9de5fe8a-48df-47f1-9013-3c5653e3b84a
184c7eae-8eb0-4f20-ad79-cf70216ae006,e54fa942-5742-4408-8cad-cc2019be3403,"מרפאת השיניים והאסטתיקה של ד""ר צבי אבירם",תל אביב–יפו,dan,"היתרונות של טיפול הלבנת שיניים אצל ד""ר צבי אבירם",article,dental-aesthetics,on_request,,website,/ops/businesses?branch=e54fa942-5742-4408-8cad-cc2019be3403
5d85ab29-cb5c-4c4a-bbda-711579e8844a,73dcc4d5-53ab-492c-847c-0c9ebe462c3d,"ד""ר דרור בן-שלמה רופא שיניים וטיפולים אסתטיים בתל אביב",תל אביב–יפו,dan,היתרונות של כתרי זירקוניה על פני כתרים קונבנציונליים,article,dental-aesthetics,on_request,,website,/ops/businesses?branch=73dcc4d5-53ab-492c-847c-0c9ebe462c3d
d25dac76-1ad2-4f5d-b34b-44ef24079fa0,b34e54bc-33f3-4d27-8ae0-3ab122dc7895,"כירורגיה פלסטית ואסתטית | ד""ר אייל שפירא",תל אביב–יפו,dan,"היתרונות של ניתוח מתיחת פנים- ד""ר אייל שפירא",article,plastic-surgery,on_request,,website,/ops/businesses?branch=b34e54bc-33f3-4d27-8ae0-3ab122dc7895
9afec1c2-ac0d-410d-bcb5-4d346e593e8a,39725c0f-27d3-43e2-b215-b440c24530bc,איילת גייר השתלות שיער בישראל וטיפולים מתקדמים,תל אביב–יפו,dan,הכל על נשירת שיער | שחר כהן,sentence,hair-restoration,on_request,,website,/ops/businesses?branch=39725c0f-27d3-43e2-b215-b440c24530bc
e87ffe9b-4458-42df-b86c-f8b8eb72fdbd,c32691a2-ca0a-4d69-ac16-370d93db0799,מוסקונה - מרפאות לניתוחים פלסטיים הזרקות וטיפולים משלימים,תל אביב–יפו,dan,הכנות חשובות לפני ניתוח הגדלת חזה,sentence,plastic-surgery,on_request,,website,/ops/businesses?branch=c32691a2-ca0a-4d69-ac16-370d93db0799
9829832e-73c6-4764-8c11-d28d8e145d9e,e2015e53-cb22-4eba-b819-7efea95d1963,מרכז כירורגי שוורץ - ארד,תל אביב–יפו,dan,הכנות נדרשות לפני ניתוח הרמת סינוס,sentence,plastic-surgery,on_request,,website,/ops/businesses?branch=e2015e53-cb22-4eba-b819-7efea95d1963
afd1d6ba-f69e-474c-a890-39142a5e1ad8,92c6dd2a-714d-4328-8de6-46744895b9b9,"ד""ר זיידמן אלון יישור שיניים נסתר",תל אביב–יפו,dan,הלבנת שיניים והחיוך נמתח מאוזן לאוזן,sentence,dental-aesthetics,on_request,,website,/ops/businesses?branch=92c6dd2a-714d-4328-8de6-46744895b9b9
7d569615-5ca0-4f34-9fda-d4b0edd331e1,84b983eb-e26b-4cee-ac49-3db5cf30cf13,"ד""ר רון יהב - מרפאת אמייזינג סמייל, מרפאת שיניים בתל אביב",תל אביב–יפו,dan,הלבנת שיניים לנוער.,sentence,dental-aesthetics,on_request,,website,/ops/businesses?branch=84b983eb-e26b-4cee-ac49-3db5cf30cf13
8de71345-7451-4027-9f9e-49d3f56a27c9,89213fc9-41cb-45ef-8025-37c7f5d2506a,"ד""ר אידלמן יצחק רופא שיניים",תל אביב–יפו,dan,הלבנת שיניים מהירה במרפאה תוך שעה,sentence,dental-aesthetics,on_request,,website,/ops/businesses?branch=89213fc9-41cb-45ef-8025-37c7f5d2506a
f8e7c085-6d6f-4820-b885-8241152537ef,73dcc4d5-53ab-492c-847c-0c9ebe462c3d,"ד""ר דרור בן-שלמה רופא שיניים וטיפולים אסתטיים בתל אביב",תל אביב–יפו,dan,הלבנת שיניים מקצועית: פתרון לשיפור גוון בלבד.,sentence,dental-aesthetics,on_request,,website,/ops/businesses?branch=73dcc4d5-53ab-492c-847c-0c9ebe462c3d
184e11ce-61a7-446f-b561-cde2d96850e9,b34e54bc-33f3-4d27-8ae0-3ab122dc7895,"כירורגיה פלסטית ואסתטית | ד""ר אייל שפירא",תל אביב–יפו,dan,"המדריך המעשי לניתוח עפעפיים: טכניקות, התאמה ותוצאות",article,plastic-surgery,on_request,,website,/ops/businesses?branch=b34e54bc-33f3-4d27-8ae0-3ab122dc7895
1a7775f9-727a-4ae9-89cb-1b30172ad413,1e8c108d-20ea-4043-bd39-5461c64f0c86,"ד""ר נועם חי | מנתח פלסטי בכיר בתל אביב",תל אביב–יפו,dan,המדריך המצולם לניתוחי הרמת חזה,article,plastic-surgery,on_request,,website,/ops/businesses?branch=1e8c108d-20ea-4043-bd39-5461c64f0c86
afe6ea10-da3b-4a28-9fbb-8b2fc7effbb4,1e8c108d-20ea-4043-bd39-5461c64f0c86,"ד""ר נועם חי | מנתח פלסטי בכיר בתל אביב",תל אביב–יפו,dan,המדריך לניתוח הקטנת חזה,article,plastic-surgery,on_request,,website,/ops/businesses?branch=1e8c108d-20ea-4043-bd39-5461c64f0c86
77a93e52-105a-429c-99f0-04febfa3df8e,1e8c108d-20ea-4043-bd39-5461c64f0c86,"ד""ר נועם חי | מנתח פלסטי בכיר בתל אביב",תל אביב–יפו,dan,המדריך לניתוח הרמת חזה,article,plastic-surgery,on_request,,website,/ops/businesses?branch=1e8c108d-20ea-4043-bd39-5461c64f0c86
27d7edaa-9dde-49b2-bb56-8dc20050df10,39725c0f-27d3-43e2-b215-b440c24530bc,איילת גייר השתלות שיער בישראל וטיפולים מתקדמים,תל אביב–יפו,dan,המהפכה הקוריאנית בתחום השתלת גבות מגיעה לישראל,sentence,hair-restoration,on_request,,website,/ops/businesses?branch=39725c0f-27d3-43e2-b215-b440c24530bc
b003b4ae-d0aa-43a8-8207-3fe8d4dbe401,9de5fe8a-48df-47f1-9013-3c5653e3b84a,"ד""ר ערן חדד - מנתח פלסטי, מומחה לכירורגיה פלסטית - כירורג פלסטי",תל אביב–יפו,dan,המנעות מנקזים בזמן ניתוח החלפת שתלים,sentence,plastic-surgery,on_request,,website,/ops/businesses?branch=9de5fe8a-48df-47f1-9013-3c5653e3b84a
575524bd-8018-4a4f-9f1d-9ab400ae8295,462b5fe2-7d50-4c6a-82a9-530f1d0257ae,פרופורציה,תל אביב–יפו,dan,המסת שומן בטכנולוגיית גלי רדיו (בודי טייט),sentence,,on_request,,website,/ops/businesses?branch=462b5fe2-7d50-4c6a-82a9-530f1d0257ae
be717449-70d2-47e8-9d75-473daf4f58db,428f7a54-124c-4b2c-917a-1c0772906303,"PRPclinic - טיפולי PRP, IPRF ו-CGF לנשירת שיער ואסתטיקה רפואית",תל אביב–יפו,dan,המקצועיות שלנו ב-PRP Clinic,sentence,medical-aesthetics,on_request,,website,/ops/businesses?branch=428f7a54-124c-4b2c-917a-1c0772906303
0d88b48b-a79d-4095-af76-d741fb5a8086,428f7a54-124c-4b2c-917a-1c0772906303,"PRPclinic - טיפולי PRP, IPRF ו-CGF לנשירת שיער ואסתטיקה רפואית",תל אביב–יפו,dan,"המרכז הרפואי PRP Clinic: מדע, דיוק ותוצאות",sentence,medical-aesthetics,on_request,,website,/ops/businesses?branch=428f7a54-124c-4b2c-917a-1c0772906303
6d9f1891-6d4f-42a4-9240-af27e503902a,92c6dd2a-714d-4328-8de6-46744895b9b9,"ד""ר זיידמן אלון יישור שיניים נסתר",תל אביב–יפו,dan,המרפאה הראשונה בישראל ליישור שיניים נסתר לבוגרים בלבד,sentence,dental-aesthetics,on_request,,website,/ops/businesses?branch=92c6dd2a-714d-4328-8de6-46744895b9b9
ce0d8b4d-1bfe-4cc6-a7d3-486d55a96a2b,1e8c108d-20ea-4043-bd39-5461c64f0c86,"ד""ר נועם חי | מנתח פלסטי בכיר בתל אביב",תל אביב–יפו,dan,הסיכונים העיקריים בניתוח עם שתלי סיליקון,sentence,plastic-surgery,on_request,,website,/ops/businesses?branch=1e8c108d-20ea-4043-bd39-5461c64f0c86
67e0621b-0a89-4a0a-9fc6-1ac4db78e5e9,e0e7c443-ee21-4be5-8bb3-2568adf37232,אתר דוקטור חן,תל אביב–יפו,dan,"הסרת כתמי לידה/פיגמנטציה/גיל ""> הסרת כתמי לידה/גיל",sentence,facials,on_request,,website,/ops/businesses?branch=e0e7c443-ee21-4be5-8bb3-2568adf37232
cfd4adc4-9b25-4fa9-9eba-6d9df31fda27,b471583e-01ec-4a83-82f2-82912addd521,Winkler Clinic - Prof. Eyal Winkler,תל אביב–יפו,dan,הסרת כתמים בלייזר | וינקלר קליניק,sentence,facials,on_request,,website,/ops/businesses?branch=b471583e-01ec-4a83-82f2-82912addd521
5e2c7754-fbdf-4ecb-8f0c-0f89a21d990f,4125d5eb-f414-4c25-b3dd-0e8069a75afa,הסרת נגעי עור | הסרת נקודות חן | הסרת קונדילומה | הסרת שומות | אנגיוקרטומה | קסנטלזמה | נקודות אדומות (המנגיומות) - Medical-C,תל אביב–יפו,dan,הסרת נקודות חן ונגעי עור בלייזר,sentence,,on_request,,website,/ops/businesses?branch=4125d5eb-f414-4c25-b3dd-0e8069a75afa
d873c3fa-841f-40f2-89cf-0b57d0ec9f01,8af31e3c-a298-4d41-933f-50031782d817,מסודרות,תל אביב–יפו,dan,"הסרת עור עודף, קרם, מחזק ולק",product,,fixed,129,website,/ops/businesses?branch=8af31e3c-a298-4d41-933f-50031782d817
c39e5940-6091-4d8d-8171-6ff183625cbc,b4da1f26-c7b3-444b-a71c-ee0f6f082877,H.Clinic | לייזר ואסתטיקה,תל אביב–יפו,dan,הסרת קעקוע בשיטת ה- PICOWAY השיטה הטובה בעולם,sentence,,on_request,,website,/ops/businesses?branch=b4da1f26-c7b3-444b-a71c-ee0f6f082877
0e71ccba-c12e-4aea-85ec-ca449a8f96ea,2ea2ab17-1678-4a57-b255-4c4fb620740c,"מאי לי ביוטי - הדגשת תווי פנים: מיקרובליידינג, היפראליזם, מיקרושיידינג, הדגשת שפתיים, אייליינר, הסרת איפור קבוע בלייזר",תל אביב–יפו,dan,הסרת קעקועים ישנים - בלייזר מתקדם,sentence,,fixed,500,website,/ops/businesses?branch=2ea2ab17-1678-4a57-b255-4c4fb620740c
b2b3fe6d-56bc-44cf-8e99-91308b3dc9c7,64b5961c-3884-407b-8737-9b72f855f632,The Beauty Lounge,תל אביב–יפו,dan,הסרת שיער בלייזר אינמוד אופטימאס – DIOLAZE XL,sentence,hair-removal,on_request,,website,/ops/businesses?branch=64b5961c-3884-407b-8737-9b72f855f632
b91dee90-cebb-41d1-8023-9337bf50f226,2ed585c3-f1d9-4baf-bedf-32d8d75aec6f,Adis place- עדי בוטיק קוסמטיקאית והסרת שיער בלייזר תל אביב,תל אביב–יפו,dan,הסרת שיער בלייזר בווקטוס מבית גלקסי,sentence,hair-removal,on_request,,website,/ops/businesses?branch=2ed585c3-f1d9-4baf-bedf-32d8d75aec6f
cd067c0a-9ab6-460b-a1f7-fa98cdfa619c,2ed585c3-f1d9-4baf-bedf-32d8d75aec6f,Adis place- עדי בוטיק קוסמטיקאית והסרת שיער בלייזר תל אביב,תל אביב–יפו,dan,הסרת שיער בלייזר במכשיר המתקדם ביותר בעולם! VECTUS,sentence,hair-removal,on_request,,website,/ops/businesses?branch=2ed585c3-f1d9-4baf-bedf-32d8d75aec6f
7614459f-64fa-4c1a-8902-eeee6241d7d3,38f43de7-2cc4-47ed-8683-9f8031c3eb42,yullia Yirmeyahu,תל אביב–יפו,dan,הסרת שיער בלייזר לגברים בטכנולוגיית SHR,sentence,hair-removal,on_request,,website,/ops/businesses?branch=38f43de7-2cc4-47ed-8683-9f8031c3eb42
ddeee870-acd2-4b6a-a7d2-7c7ecdbc27a7,dacc8de0-1f8e-4477-87a2-0a4963319ac2,Yullia,תל אביב–יפו,dan,הסרת שיער בלייזר לגברים בטכנולוגיית SHR,sentence,hair-removal,on_request,,website,/ops/businesses?branch=dacc8de0-1f8e-4477-87a2-0a4963319ac2
f2f977c7-961b-4abb-93ea-711278cb85b9,ab1d8481-8948-4cac-8955-7bd1c4e630f1,yullia Tzahala - מומחים בהסרת שיער בלייזר | הזרקות | טיפול פנים | מניקור | פדיקור רפואי,תל אביב–יפו,dan,הסרת שיער בלייזר לגברים בטכנולוגיית SHR,sentence,hair-removal,on_request,,website,/ops/businesses?branch=ab1d8481-8948-4cac-8955-7bd1c4e630f1
f5bf0602-c2d7-4d02-ae78-9ed2d92e6696,976d943f-892f-4dc3-a180-0a45663580f5,yullia King George,תל אביב–יפו,dan,הסרת שיער בלייזר לגברים בטכנולוגיית SHR,sentence,hair-removal,on_request,,website,/ops/businesses?branch=976d943f-892f-4dc3-a180-0a45663580f5
eea7dc32-3d6c-46af-ab95-6c9591c763b8,976d943f-892f-4dc3-a180-0a45663580f5,yullia King George,תל אביב–יפו,dan,הסרת שיער בלייזר ללא כאב וללא כוויות,sentence,hair-removal,on_request,,website,/ops/businesses?branch=976d943f-892f-4dc3-a180-0a45663580f5
94bf7806-afd8-4b49-8b88-ce0ef347db8d,38f43de7-2cc4-47ed-8683-9f8031c3eb42,yullia Yirmeyahu,תל אביב–יפו,dan,הסרת שיער בלייזר ללא כאב וללא כוויות,sentence,hair-removal,on_request,,website,/ops/businesses?branch=38f43de7-2cc4-47ed-8683-9f8031c3eb42
4bea4b70-1e1c-4bdf-b74a-243babb379bf,dacc8de0-1f8e-4477-87a2-0a4963319ac2,Yullia,תל אביב–יפו,dan,הסרת שיער בלייזר ללא כאב וללא כוויות,sentence,hair-removal,on_request,,website,/ops/businesses?branch=dacc8de0-1f8e-4477-87a2-0a4963319ac2
33e89894-7028-46c0-bcf0-d7be41c739c2,ab1d8481-8948-4cac-8955-7bd1c4e630f1,yullia Tzahala - מומחים בהסרת שיער בלייזר | הזרקות | טיפול פנים | מניקור | פדיקור רפואי,תל אביב–יפו,dan,הסרת שיער בלייזר ללא כאב וללא כוויות,sentence,hair-removal,on_request,,website,/ops/businesses?branch=ab1d8481-8948-4cac-8955-7bd1c4e630f1
94c478d1-71c6-44f6-89d0-3b08a6dc38b0,6276b316-e855-4071-bc62-76b30546fcbc,מושלמת האוס אוף ביוטי,תל אביב–יפו,dan,הסרת שיער בלייזר עם מכונת OPTIMAS,sentence,hair-removal,on_request,,website,/ops/businesses?branch=6276b316-e855-4071-bc62-76b30546fcbc
515221ed-dc4d-44ec-82fa-a8a0657876d1,1983207e-fcbc-44a1-88d5-ed9821777dfa,Sharoomba Cosmetics שרומבה קוסמטיקה,תל אביב–יפו,dan,הסרת שיער בלייזר – 12 טיפולים,sentence,hair-removal,on_request,,website,/ops/businesses?branch=1983207e-fcbc-44a1-88d5-ed9821777dfa
754dc17f-9eeb-4803-8b77-a6e2009ede35,8af31e3c-a298-4d41-933f-50031782d817,מסודרות,תל אביב–יפו,dan,"הסרת שיער ולייזר שמרגישים מדויקים, נעימים ומסודרים מהרגע הראשון.",sentence,hair-removal,on_request,,website,/ops/businesses?branch=8af31e3c-a298-4d41-933f-50031782d817
3ff2d11c-a43f-47d1-aa22-972c85e7796e,960f825a-daf1-4751-833f-e798cc293459,Horizon Spa,תל אביב–יפו,dan,העיסוי מענג ומטפל בכאבים כאחד.,sentence,spa-massage,on_request,,website,/ops/businesses?branch=960f825a-daf1-4751-833f-e798cc293459
91ec4b84-7a34-45ca-89eb-6803a8af4135,960f825a-daf1-4751-833f-e798cc293459,Horizon Spa,תל אביב–יפו,dan,העיסוי מקנה תחושת חום העוטפת את הגוף.,sentence,spa-massage,on_request,,website,/ops/businesses?branch=960f825a-daf1-4751-833f-e798cc293459
1daabbee-5733-456c-827d-8fb42bf25c71,b9090e87-3422-4ae0-8847-4dec673e85a0,נטלי קוסמטיקס,תל אביב–יפו,dan,העלות לטיפול בוהן + ניקוי תעלות (עמוק) הוא,sentence,,fixed,850,website,/ops/businesses?branch=b9090e87-3422-4ae0-8847-4dec673e85a0
1a004edd-3431-4d24-bbd1-da8dded7c757,b9090e87-3422-4ae0-8847-4dec673e85a0,נטלי קוסמטיקס,תל אביב–יפו,dan,העלות לטיפול בוהן + ניקוי תעלות הוא,sentence,,fixed,500,website,/ops/businesses?branch=b9090e87-3422-4ae0-8847-4dec673e85a0
17ddcf9c-a75b-452a-a4c0-92298cb70f2d,b4da1f26-c7b3-444b-a71c-ee0f6f082877,H.Clinic | לייזר ואסתטיקה,תל אביב–יפו,dan,העלמת צלקות אקנה למידע נוסף *8624,sentence,facials,on_request,,website,/ops/businesses?branch=b4da1f26-c7b3-444b-a71c-ee0f6f082877
b41f47cf-44a3-4450-9798-ae2ae7aab63d,b9090e87-3422-4ae0-8847-4dec673e85a0,נטלי קוסמטיקס,תל אביב–יפו,dan,"הפדיקור שלו, המניקור שלו, הסידור גבות",sentence,nails,on_request,,website,/ops/businesses?branch=b9090e87-3422-4ae0-8847-4dec673e85a0
cf36f648-a52f-4a7e-8a3b-81a804940853,39725c0f-27d3-43e2-b215-b440c24530bc,איילת גייר השתלות שיער בישראל וטיפולים מתקדמים,תל אביב–יפו,dan,הפחתת נשירת שיער אנדרוגינית.,sentence,hair-restoration,on_request,,website,/ops/businesses?branch=39725c0f-27d3-43e2-b215-b440c24530bc
321928f9-2274-4f09-8796-fdca84529566,9de5fe8a-48df-47f1-9013-3c5653e3b84a,"ד""ר ערן חדד - מנתח פלסטי, מומחה לכירורגיה פלסטית - כירורג פלסטי",תל אביב–יפו,dan,הצמדת אוזניים מתיחת עפעפיים ניתוח אף,sentence,plastic-surgery,on_request,,website,/ops/businesses?branch=9de5fe8a-48df-47f1-9013-3c5653e3b84a
df751291-453e-4732-9393-f26dc9c5846a,e0e7c443-ee21-4be5-8bb3-2568adf37232,אתר דוקטור חן,תל אביב–יפו,dan,הצערה ומיצוק עור הפנים ללא ניתוח,sentence,plastic-surgery,on_request,,website,/ops/businesses?branch=e0e7c443-ee21-4be5-8bb3-2568adf37232
4774b2c6-cf0f-41c7-af69-c21a01c1f3d8,6276b316-e855-4071-bc62-76b30546fcbc,מושלמת האוס אוף ביוטי,תל אביב–יפו,dan,הצערת העור | מיצוק | טיפול בפיגמנטציה ועוד,sentence,facials,on_request,,website,/ops/businesses?branch=6276b316-e855-4071-bc62-76b30546fcbc
cc5398cd-e31e-469b-90ca-abf82a9aa03a,b88742b2-8f26-47aa-8d62-b36a6d1967e5,"ד""ר כריס השתלת שיער CHOIEXPERT",תל אביב–יפו,dan,הצעת מחיר להשתלת שיער | ייעוץ אישי | CHOIEXPERT,sentence,hair-restoration,free,0,website,/ops/businesses?branch=b88742b2-8f26-47aa-8d62-b36a6d1967e5
303f1b7a-0bf2-44e9-9ba7-c4efce5ee59c,758de1cc-ed61-4ff7-97b1-0720b36184a0,"ד״ר אודי ארד, מומחה בניתוחים פלסטיים וטיפולים אסתטיים",תל אביב–יפו,dan,"הקטנת חזה – ד""ר אודי ארד",sentence,plastic-surgery,on_request,,website,/ops/businesses?branch=758de1cc-ed61-4ff7-97b1-0720b36184a0
56631931-0491-4025-bf07-afa01a81a8b3,b34e54bc-33f3-4d27-8ae0-3ab122dc7895,"כירורגיה פלסטית ואסתטית | ד""ר אייל שפירא",תל אביב–יפו,dan,הרמוניה בפנים: המדריך לניתוחי פנים משולבים,sentence,plastic-surgery,on_request,,website,/ops/businesses?branch=b34e54bc-33f3-4d27-8ae0-3ab122dc7895
71212330-4fb3-46bf-90f8-a5607ecfcc33,1e8c108d-20ea-4043-bd39-5461c64f0c86,"ד""ר נועם חי | מנתח פלסטי בכיר בתל אביב",תל אביב–יפו,dan,הרמת חזה (ללא שתלים) לפני אחרי,sentence,plastic-surgery,on_request,,website,/ops/businesses?branch=1e8c108d-20ea-4043-bd39-5461c64f0c86
80efe8d2-12d8-4e0d-b9b8-b9ca8a8de2a6,2df2cf51-e69b-482e-9c6c-c609803964af,דר' שיין - מומחה בכירורגיה פלסטית,תל אביב–יפו,dan,הרמת חזה עם צלקת T הפוכה (שיטת ה׳עוגן׳),sentence,plastic-surgery,on_request,,website,/ops/businesses?branch=2df2cf51-e69b-482e-9c6c-c609803964af
c4bb5d69-9c05-4f01-a472-6d762b35b53b,9de5fe8a-48df-47f1-9013-3c5653e3b84a,"ד""ר ערן חדד - מנתח פלסטי, מומחה לכירורגיה פלסטית - כירורג פלסטי",תל אביב–יפו,dan,הרמת חזה עם שתל - לפני ואחרי,sentence,plastic-surgery,on_request,,website,/ops/businesses?branch=9de5fe8a-48df-47f1-9013-3c5653e3b84a
d371beec-dc10-4304-b6d4-a7d1fb6e9a4e,2df2cf51-e69b-482e-9c6c-c609803964af,דר' שיין - מומחה בכירורגיה פלסטית,תל אביב–יפו,dan,הרמת חזה עם שתל בעל מעטפת mesmo עולה,sentence,plastic-surgery,fixed,45100,website,/ops/businesses?branch=2df2cf51-e69b-482e-9c6c-c609803964af
d44af5be-b1a1-46b5-a8b0-3b051c4dbac6,2df2cf51-e69b-482e-9c6c-c609803964af,דר' שיין - מומחה בכירורגיה פלסטית,תל אביב–יפו,dan,הרמת חזה עם שתל בעל מעטפת פוליאוריטן עלותה,sentence,plastic-surgery,fixed,50800,website,/ops/businesses?branch=2df2cf51-e69b-482e-9c6c-c609803964af
3ba1d643-6611-45f7-960b-9639d619b1af,1e8c108d-20ea-4043-bd39-5461c64f0c86,"ד""ר נועם חי | מנתח פלסטי בכיר בתל אביב",תל אביב–יפו,dan,הרמת חזה פנימית &ndash; הרמת חזה ללא צלקות,sentence,plastic-surgery,on_request,,website,/ops/businesses?branch=1e8c108d-20ea-4043-bd39-5461c64f0c86
edac20c3-b505-487e-8a75-3298f3fcce82,2df2cf51-e69b-482e-9c6c-c609803964af,דר' שיין - מומחה בכירורגיה פלסטית,תל אביב–יפו,dan,הרמת חזה פריאוראולרית (חתך מסביב לעטרה),sentence,plastic-surgery,on_request,,website,/ops/businesses?branch=2df2cf51-e69b-482e-9c6c-c609803964af
2f6129c4-a14e-4f8f-81a9-9f7b20a3086d,2df2cf51-e69b-482e-9c6c-c609803964af,דר' שיין - מומחה בכירורגיה פלסטית,תל אביב–יפו,dan,הרמת חזה תוך שמירה על נפח השד,sentence,plastic-surgery,on_request,,website,/ops/businesses?branch=2df2cf51-e69b-482e-9c6c-c609803964af
3f7103c8-0f43-438e-954c-ed2ca108628c,758de1cc-ed61-4ff7-97b1-0720b36184a0,"ד״ר אודי ארד, מומחה בניתוחים פלסטיים וטיפולים אסתטיים",תל אביב–יפו,dan,"הרמת חזה – ד""ר אודי ארד",sentence,plastic-surgery,on_request,,website,/ops/businesses?branch=758de1cc-ed61-4ff7-97b1-0720b36184a0
e3a47d98-6bb3-4c26-909e-d17739e2559e,758de1cc-ed61-4ff7-97b1-0720b36184a0,"ד״ר אודי ארד, מומחה בניתוחים פלסטיים וטיפולים אסתטיים",תל אביב–יפו,dan,"הרמת עפעפיים עליונים ותחתונים – ד""ר אודי ארד",sentence,plastic-surgery,on_request,,website,/ops/businesses?branch=758de1cc-ed61-4ff7-97b1-0720b36184a0
177a203c-30eb-4067-83b2-47d8871db177,2ea2ab17-1678-4a57-b255-4c4fb620740c,"מאי לי ביוטי - הדגשת תווי פנים: מיקרובליידינג, היפראליזם, מיקרושיידינג, הדגשת שפתיים, אייליינר, הסרת איפור קבוע בלייזר",תל אביב–יפו,dan,"השאירי פרטים, ונחזור אלייך בהקדם !! ייעוץ ואבחון",sentence,,free,0,website,/ops/businesses?branch=2ea2ab17-1678-4a57-b255-4c4fb620740c
7fc93f63-969f-4412-b146-090be7a11233,2ea2ab17-1678-4a57-b255-4c4fb620740c,"מאי לי ביוטי - הדגשת תווי פנים: מיקרובליידינג, היפראליזם, מיקרושיידינג, הדגשת שפתיים, אייליינר, הסרת איפור קבוע בלייזר",תל אביב–יפו,dan,"השאירי פרטים, ונחזור אלייך בהקדם !! ייעוץ והדמיה",sentence,,free,0,website,/ops/businesses?branch=2ea2ab17-1678-4a57-b255-4c4fb620740c
56c0b1b2-3de1-4a59-9531-cb2de67e16fa,39725c0f-27d3-43e2-b215-b440c24530bc,איילת גייר השתלות שיער בישראל וטיפולים מתקדמים,תל אביב–יפו,dan,השוואה בין טיפולי פלזמה ותאי גזע,sentence,medical-aesthetics,on_request,,website,/ops/businesses?branch=39725c0f-27d3-43e2-b215-b440c24530bc
09f87da4-b3f9-4c0a-85e4-cc633eff2c1c,9de5fe8a-48df-47f1-9013-3c5653e3b84a,"ד""ר ערן חדד - מנתח פלסטי, מומחה לכירורגיה פלסטית - כירורג פלסטי",תל אביב–יפו,dan,השפעת הניתוח הפלסטי על הרגלי העישון,sentence,plastic-surgery,on_request,,website,/ops/businesses?branch=9de5fe8a-48df-47f1-9013-3c5653e3b84a
d6d4ff9d-488b-4401-84f6-6ccb8bd508f9,e0e7c443-ee21-4be5-8bb3-2568adf37232,אתר דוקטור חן,תל אביב–יפו,dan,השתלות שיניים אול און 4 בגאורגיה,sentence,dental-aesthetics,on_request,,website,/ops/businesses?branch=e0e7c443-ee21-4be5-8bb3-2568adf37232
428423dc-fbff-4bcb-9578-93876ec2b303,1a02e569-909f-430f-82f6-3a144f206baa,"ד""ר דורון אבניאלי, השתלות שיניים, טיפולי שיניים בהרדמה מלאה",תל אביב–יפו,dan,השתלות שיניים בכל הפה – היבטים כלכליים,sentence,dental-aesthetics,on_request,,website,/ops/businesses?branch=1a02e569-909f-430f-82f6-3a144f206baa
30e794b7-6838-46d8-977a-64c2bd4b4cd4,e2015e53-cb22-4eba-b819-7efea95d1963,מרכז כירורגי שוורץ - ארד,תל אביב–יפו,dan,השתלות שיניים ופתרונות לשתלים דנטליים במרכז כירורגי שוורץ ארד,sentence,dental-aesthetics,on_request,,website,/ops/businesses?branch=e2015e53-cb22-4eba-b819-7efea95d1963
d7315e42-81c9-4941-8939-59c4155b76b8,e2015e53-cb22-4eba-b819-7efea95d1963,מרכז כירורגי שוורץ - ארד,תל אביב–יפו,dan,השתלות שיניים ושיקום על גבי שתלים,sentence,dental-aesthetics,on_request,,website,/ops/businesses?branch=e2015e53-cb22-4eba-b819-7efea95d1963
1e7c76cd-2a2b-4c25-86cd-198e338e3138,e2015e53-cb22-4eba-b819-7efea95d1963,מרכז כירורגי שוורץ - ארד,תל אביב–יפו,dan,השתלות שיניים למטופלים עם מחלות כרוניות,sentence,dental-aesthetics,on_request,,website,/ops/businesses?branch=e2015e53-cb22-4eba-b819-7efea95d1963
e465c283-9001-4fbd-a0eb-3a56eeee99cb,1a02e569-909f-430f-82f6-3a144f206baa,"ד""ר דורון אבניאלי, השתלות שיניים, טיפולי שיניים בהרדמה מלאה",תל אביב–יפו,dan,השתלות שיניים – מעקב לטווח ארוך,sentence,dental-aesthetics,on_request,,website,/ops/businesses?branch=1a02e569-909f-430f-82f6-3a144f206baa
39795d76-5cc8-4a31-84af-8b592be7e437,39725c0f-27d3-43e2-b215-b440c24530bc,איילת גייר השתלות שיער בישראל וטיפולים מתקדמים,תל אביב–יפו,dan,השתלות שיער השתלות שיער בשיטת ״איילת גייר״ FUE,sentence,hair-restoration,on_request,,website,/ops/businesses?branch=39725c0f-27d3-43e2-b215-b440c24530bc
d128c8c0-0e11-4006-8dac-06d9b3ddd4d8,39725c0f-27d3-43e2-b215-b440c24530bc,איילת גייר השתלות שיער בישראל וטיפולים מתקדמים,תל אביב–יפו,dan,"השתלות שיער, השתלת גבות, טיפוח, דימוי גוף, קרחת",sentence,hair-restoration,on_request,,website,/ops/businesses?branch=39725c0f-27d3-43e2-b215-b440c24530bc
989eba05-8b83-4b6c-bafa-01c9695da6de,39725c0f-27d3-43e2-b215-b440c24530bc,איילת גייר השתלות שיער בישראל וטיפולים מתקדמים,תל אביב–יפו,dan,השתלת שיער - גבות Short FUE,sentence,hair-restoration,on_request,,website,/ops/businesses?branch=39725c0f-27d3-43e2-b215-b440c24530bc
45e93a61-f9b0-4d6c-ab19-8ac6b716ffb2,39725c0f-27d3-43e2-b215-b440c24530bc,איילת גייר השתלות שיער בישראל וטיפולים מתקדמים,תל אביב–יפו,dan,השתלת שיער בגבות - השיטה הקוריאנית,sentence,hair-restoration,on_request,,website,/ops/businesses?branch=39725c0f-27d3-43e2-b215-b440c24530bc
19a259ec-25e8-4536-a8e1-ad5b45677e8f,e0e7c443-ee21-4be5-8bb3-2568adf37232,אתר דוקטור חן,תל אביב–יפו,dan,השתלת שיער וטיפולי שיניים טיפולי שיניים בגאורגיה,sentence,hair-restoration,on_request,,website,/ops/businesses?branch=e0e7c443-ee21-4be5-8bb3-2568adf37232
0bb85cd0-e212-46c6-b114-90ea21deb44e,2ed585c3-f1d9-4baf-bedf-32d8d75aec6f,Adis place- עדי בוטיק קוסמטיקאית והסרת שיער בלייזר תל אביב,תל אביב–יפו,dan,התאמת מוצרי קוסמטיקה,product,,on_request,,website,/ops/businesses?branch=2ed585c3-f1d9-4baf-bedf-32d8d75aec6f
8442d8dc-4aa5-4b98-87c7-6369095d86bb,b88742b2-8f26-47aa-8d62-b36a6d1967e5,"ד""ר כריס השתלת שיער CHOIEXPERT",תל אביב–יפו,dan,התחילו היום עם ייעוץ מקוון !,sentence,,free,0,website,/ops/businesses?branch=b88742b2-8f26-47aa-8d62-b36a6d1967e5
bd9e8f05-5d6b-4dbf-b95d-eb6c15577b43,b88742b2-8f26-47aa-8d62-b36a6d1967e5,"ד""ר כריס השתלת שיער CHOIEXPERT",תל אביב–יפו,dan,התחילו עוד היום עם ייעוץ מקוון !,sentence,,free,0,website,/ops/businesses?branch=b88742b2-8f26-47aa-8d62-b36a6d1967e5
153d7f72-5f68-47ea-9dcc-4a7af46aee3c,7cdcfeb1-e294-4fd3-8c35-6af5e10b5669,"ד""ר אורי שבשין- מנתח פלסטי",תל אביב–יפו,dan,"התמחות בניתוחי ושיחזורי שד, שיחזורי ראש וצוואר",sentence,plastic-surgery,on_request,,website,/ops/businesses?branch=7cdcfeb1-e294-4fd3-8c35-6af5e10b5669
1c2b0b1f-ab0b-40ee-981c-52791fe53bc2,7ef56877-6de8-4ee3-85d3-84f2c43fac74,חנה מושייב,תל אביב–יפו,dan,"התמחות בפדיקור רפואי, מניקור, טיפולי פנים, איפור ועיצוב גבות",sentence,nails,on_request,,website,/ops/businesses?branch=7ef56877-6de8-4ee3-85d3-84f2c43fac74
f80b3a69-5d5a-4853-aca9-256878bc13b1,b471583e-01ec-4a83-82f2-82912addd521,Winkler Clinic - Prof. Eyal Winkler,תל אביב–יפו,dan,וינקלר - תוכנית שנתית צלקות ואקנה ד״ר מיתר,sentence,facials,on_request,,website,/ops/businesses?branch=b471583e-01ec-4a83-82f2-82912addd521
443eeecb-68a2-42a5-9dc9-6e844ead97f0,2df2cf51-e69b-482e-9c6c-c609803964af,דר' שיין - מומחה בכירורגיה פלסטית,תל אביב–יפו,dan,ורוניקה ממליצה על ניתוח הגדלת חזה אצל אופיר שיין,sentence,plastic-surgery,on_request,,website,/ops/businesses?branch=2df2cf51-e69b-482e-9c6c-c609803964af
51a83a16-5860-49dd-a376-e53ac382290e,b9090e87-3422-4ae0-8847-4dec673e85a0,נטלי קוסמטיקס,תל אביב–יפו,dan,חבילות טיפולים לפדיקור רפואי,package,nails,on_request,,website,/ops/businesses?branch=b9090e87-3422-4ae0-8847-4dec673e85a0
598061a6-320e-41b5-a1a5-cf8a00490a5b,9de5fe8a-48df-47f1-9013-3c5653e3b84a,"ד""ר ערן חדד - מנתח פלסטי, מומחה לכירורגיה פלסטית - כירורג פלסטי",תל אביב–יפו,dan,חגורת בטן לאחר ניתוח מתיחת בטן,sentence,plastic-surgery,on_request,,website,/ops/businesses?branch=9de5fe8a-48df-47f1-9013-3c5653e3b84a
621b04b0-aff3-4003-9c7b-e7f7a4df5fb1,92c6dd2a-714d-4328-8de6-46744895b9b9,"ד""ר זיידמן אלון יישור שיניים נסתר",תל אביב–יפו,dan,חדשות בתחום יישור שיניים לבוגרים ואורתודונטיה,sentence,dental-aesthetics,on_request,,website,/ops/businesses?branch=92c6dd2a-714d-4328-8de6-46744895b9b9
b69c38b0-eaf1-4cba-abdc-6e2ef1b07291,b34e54bc-33f3-4d27-8ae0-3ab122dc7895,"כירורגיה פלסטית ואסתטית | ד""ר אייל שפירא",תל אביב–יפו,dan,"חוזרים לגזרה: טכניקות לניתוח עיצוב הגוף- ד""ר אייל שפירא",sentence,plastic-surgery,on_request,,website,/ops/businesses?branch=b34e54bc-33f3-4d27-8ae0-3ab122dc7895
80d6b772-6c3d-43c4-90c0-902532b18a42,459b4ea6-3f45-44f9-940a-ba6cef88b204,"ד""ר יאיר יוסף",תל אביב–יפו,dan,חום גבוה (סאונה / אמבט חם מאוד),sentence,spa-massage,on_request,,website,/ops/businesses?branch=459b4ea6-3f45-44f9-940a-ba6cef88b204
91b4bc67-e40b-417c-950e-f6e212111c2e,22574d12-60c6-4a7d-8a02-e1f7da2b9c36,קליניקה כרמל - טיפול בפטרת ציפורניים בתל אביב,תל אביב–יפו,dan,חיטוי גוזז ציפורניים – איך גוזזים נכון ברגליים ובידיים,sentence,nails,on_request,,website,/ops/businesses?branch=22574d12-60c6-4a7d-8a02-e1f7da2b9c36
d055e2c1-b3ee-4a9d-96fd-3286375f1eae,4125d5eb-f414-4c25-b3dd-0e8069a75afa,הסרת נגעי עור | הסרת נקודות חן | הסרת קונדילומה | הסרת שומות | אנגיוקרטומה | קסנטלזמה | נקודות אדומות (המנגיומות) - Medical-C,תל אביב–יפו,dan,חיתוך כירורגי (ניתוח).,sentence,plastic-surgery,on_request,,website,/ops/businesses?branch=4125d5eb-f414-4c25-b3dd-0e8069a75afa
77d0f391-8165-40aa-b80f-e736946a00f6,462b5fe2-7d50-4c6a-82a9-530f1d0257ae,פרופורציה,תל אביב–יפו,dan,טאץ' ליפט – מתיחת פנים ללא ניתוח,sentence,plastic-surgery,on_request,,website,/ops/businesses?branch=462b5fe2-7d50-4c6a-82a9-530f1d0257ae
38a5d61f-ba91-49bc-9c20-7845dacb5c82,22574d12-60c6-4a7d-8a02-e1f7da2b9c36,קליניקה כרמל - טיפול בפטרת ציפורניים בתל אביב,תל אביב–יפו,dan,טווח המחירים שלנו נע בין,sentence,,fixed,500,website,/ops/businesses?branch=22574d12-60c6-4a7d-8a02-e1f7da2b9c36
f8f9a2c1-21f7-4843-b002-d582b5a9d8b7,960f825a-daf1-4751-833f-e798cc293459,Horizon Spa,תל אביב–יפו,dan,טופס יצירת קשר – הורייזן ספא,sentence,spa-massage,on_request,,website,/ops/businesses?branch=960f825a-daf1-4751-833f-e798cc293459
c752a0a2-4342-4cfe-bf07-ff5de21a76bb,e0e7c443-ee21-4be5-8bb3-2568adf37232,אתר דוקטור חן,תל אביב–יפו,dan,טיפול PRF ו- IPRF לנשירת שיער,sentence,hair-restoration,on_request,,website,/ops/businesses?branch=e0e7c443-ee21-4be5-8bb3-2568adf37232
0afcd604-54b0-4f64-a03a-576afc2bcc7c,5583a955-dc96-4c3b-9d44-3a7500bf06ba,"ד""ר אלי כלב - רפואה אסתטית ללא ניתוח",תל אביב–יפו,dan,טיפול PRP לחיזוק שורשי שער ולאחר השתלות שער,sentence,medical-aesthetics,fixed,1200,website,/ops/businesses?branch=5583a955-dc96-4c3b-9d44-3a7500bf06ba
eccaca2c-53cb-4e24-9730-97efa92b93c0,e0e7c443-ee21-4be5-8bb3-2568adf37232,אתר דוקטור חן,תל אביב–יפו,dan,טיפול PRP לפנים - טיפול ערפד,sentence,medical-aesthetics,on_request,,website,/ops/businesses?branch=e0e7c443-ee21-4be5-8bb3-2568adf37232
b57f584c-685b-40e4-a337-95a73f8859aa,428f7a54-124c-4b2c-917a-1c0772906303,"PRPclinic - טיפולי PRP, IPRF ו-CGF לנשירת שיער ואסתטיקה רפואית",תל אביב–יפו,dan,טיפול PRP לפנים – טיפול ערפד,sentence,medical-aesthetics,on_request,,website,/ops/businesses?branch=428f7a54-124c-4b2c-917a-1c0772906303
c619def2-a895-46a2-9dd3-50def2784379,4c6fbe8b-f945-4e62-8586-8c94d711366f,אנזו מד Anzo Med,תל אביב–יפו,dan,טיפול PRP – תהליך טבעי לשיער בריא,sentence,hair-restoration,on_request,,website,/ops/businesses?branch=4c6fbe8b-f945-4e62-8586-8c94d711366f
d6ff0729-d19a-4377-8796-d38970e52e55,c97ce44a-ce4d-412a-adeb-44258f3ca251,Or medical cosmetic treatments,תל אביב–יפו,dan,טיפול אנטי אייג'ינג ממוקד ורב עוצמה,sentence,facials,on_request,,website,/ops/businesses?branch=c97ce44a-ce4d-412a-adeb-44258f3ca251
299c0b0c-93b5-4208-b2b6-c2a621e85dc1,e0e7c443-ee21-4be5-8bb3-2568adf37232,אתר דוקטור חן,תל אביב–יפו,dan,"טיפול אקנה / פצעי בגרות ""> טיפול אקנה",sentence,facials,on_request,,website,/ops/businesses?branch=e0e7c443-ee21-4be5-8bb3-2568adf37232
732c4605-b46b-4750-b3ae-2610c24f21a0,1858d488-6e11-4238-acce-2bb62e302490,הזרקות וחומצה בתל אביב | קליניקה לרפואה אסתטית Théa | ד״ר יובל זינגר,תל אביב–יפו,dan,טיפול באולטרה סאונד - הייפו אולטרפורמר,sentence,facials,on_request,,website,/ops/businesses?branch=1858d488-6e11-4238-acce-2bb62e302490
af0f80a7-259a-41df-803c-87787fe9a5e3,e0e7c443-ee21-4be5-8bb3-2568adf37232,אתר דוקטור חן,תל אביב–יפו,dan,טיפול באקנה בלייזר | הסרת אקנה בלייזר,sentence,facials,on_request,,website,/ops/businesses?branch=e0e7c443-ee21-4be5-8bb3-2568adf37232
dbb9be5c-4397-48f7-ae45-c96725631e83,e0e7c443-ee21-4be5-8bb3-2568adf37232,אתר דוקטור חן,תל אביב–יפו,dan,טיפול באקנה בלייזר- לפי אזורים בגוף ובפנים,sentence,facials,on_request,,website,/ops/businesses?branch=e0e7c443-ee21-4be5-8bb3-2568adf37232
2b4ec875-4f97-41ff-8110-bc65d762d9f6,1858d488-6e11-4238-acce-2bb62e302490,הזרקות וחומצה בתל אביב | קליניקה לרפואה אסתטית Théa | ד״ר יובל זינגר,תל אביב–יפו,dan,טיפול בגלי רדיו - מורפיאוס 8,sentence,,on_request,,website,/ops/businesses?branch=1858d488-6e11-4238-acce-2bb62e302490
8ce14eaf-258e-436d-9fcc-5fa9e4e2d445,2bfb8414-092f-460d-86f5-6e60f0a007ba,ZOI Med Aesthetics - מרפאת זוי,תל אביב–יפו,dan,טיפול בהזעת יתר ללא ניתוח - ZOI Med,sentence,plastic-surgery,on_request,,website,/ops/businesses?branch=2bfb8414-092f-460d-86f5-6e60f0a007ba
d15761d4-6f09-4f4a-bdf5-61d68353b5dd,428f7a54-124c-4b2c-917a-1c0772906303,"PRPclinic - טיפולי PRP, IPRF ו-CGF לנשירת שיער ואסתטיקה רפואית",תל אביב–יפו,dan,טיפול בוטוקס להזעת יתר בכפות הידיים,sentence,medical-aesthetics,on_request,,website,/ops/businesses?branch=428f7a54-124c-4b2c-917a-1c0772906303
49414883-6fae-4fc5-bbaf-461684f414cb,c97ce44a-ce4d-412a-adeb-44258f3ca251,Or medical cosmetic treatments,תל אביב–יפו,dan,טיפול בכתמים | צלקות | אקנה |,sentence,facials,on_request,,website,/ops/businesses?branch=c97ce44a-ce4d-412a-adeb-44258f3ca251
00148e2a-7adc-4e34-bf88-355b824ea887,22574d12-60c6-4a7d-8a02-e1f7da2b9c36,קליניקה כרמל - טיפול בפטרת ציפורניים בתל אביב,תל אביב–יפו,dan,טיפול בלייזר לפטרת ציפורניים באישור FDA,sentence,nails,on_request,,website,/ops/businesses?branch=22574d12-60c6-4a7d-8a02-e1f7da2b9c36
d96f5ad2-ec28-4327-bc0c-1a2530080a5d,46e3c405-f43f-4c54-8e69-3405d446ad25,קרנית מלמד - המרכז לטיפולי קוסמטיקה רפואית,תל אביב–יפו,dan,טיפול בסבוריאה / רוזציאה / אוטופיק דרמטטיס,sentence,,on_request,,website,/ops/businesses?branch=46e3c405-f43f-4c54-8e69-3405d446ad25
ec967f78-99eb-4e8b-9171-be4016aa515a,2df2cf51-e69b-482e-9c6c-c609803964af,דר' שיין - מומחה בכירורגיה פלסטית,תל אביב–יפו,dan,טיפול בפגעי הגיל והשמש באמצעות קילוף (פילינג),sentence,facials,on_request,,website,/ops/businesses?branch=2df2cf51-e69b-482e-9c6c-c609803964af
7bd02157-62ef-4ca2-b59e-551ea18eb935,e0e7c443-ee21-4be5-8bb3-2568adf37232,אתר דוקטור חן,תל אביב–יפו,dan,"טיפול בפטרת ציפורניים בלייזר ""> טיפול פטרת ציפורניים בלייזר",sentence,nails,on_request,,website,/ops/businesses?branch=e0e7c443-ee21-4be5-8bb3-2568adf37232
24ba4ad7-5ec1-4cb8-8760-fa91bea1519c,22574d12-60c6-4a7d-8a02-e1f7da2b9c36,קליניקה כרמל - טיפול בפטרת ציפורניים בתל אביב,תל אביב–יפו,dan,טיפול בפטרת ציפורניים בלייזר בפתח תקווה,sentence,nails,from,500,website,/ops/businesses?branch=22574d12-60c6-4a7d-8a02-e1f7da2b9c36
4aef89f2-3cb2-464c-ac75-f9bd2fb3cdf7,22574d12-60c6-4a7d-8a02-e1f7da2b9c36,קליניקה כרמל - טיפול בפטרת ציפורניים בתל אביב,תל אביב–יפו,dan,טיפול בפטרת ציפורניים בלייזר בקריית מוצקין,sentence,nails,from,500,website,/ops/businesses?branch=22574d12-60c6-4a7d-8a02-e1f7da2b9c36
ac6da630-6d9b-4116-984b-79184f4a5513,22574d12-60c6-4a7d-8a02-e1f7da2b9c36,קליניקה כרמל - טיפול בפטרת ציפורניים בתל אביב,תל אביב–יפו,dan,טיפול בפטרת ציפורניים בלייזר בראשון לציון,sentence,nails,from,500,website,/ops/businesses?branch=22574d12-60c6-4a7d-8a02-e1f7da2b9c36
77548fa2-4fc7-472d-983c-5805878dd035,22574d12-60c6-4a7d-8a02-e1f7da2b9c36,קליניקה כרמל - טיפול בפטרת ציפורניים בתל אביב,תל אביב–יפו,dan,טיפול בפטרת ציפורניים בלייזר בתל אביב,sentence,nails,from,500,website,/ops/businesses?branch=22574d12-60c6-4a7d-8a02-e1f7da2b9c36
00e07072-98a0-4bb4-a921-c25a4bb21319,b9090e87-3422-4ae0-8847-4dec673e85a0,נטלי קוסמטיקס,תל אביב–יפו,dan,טיפול בפטרת ציפורניים להסרת הפטרת ולשיקום מראה הציפורניים.,sentence,nails,on_request,,website,/ops/businesses?branch=b9090e87-3422-4ae0-8847-4dec673e85a0
bec6cd3d-c7c7-4c82-9621-8a0c0391fadd,22574d12-60c6-4a7d-8a02-e1f7da2b9c36,קליניקה כרמל - טיפול בפטרת ציפורניים בתל אביב,תל אביב–יפו,dan,טיפול בפטרת ציפורניים – עזרה ראשונה,sentence,nails,on_request,,website,/ops/businesses?branch=22574d12-60c6-4a7d-8a02-e1f7da2b9c36
094b44ca-5078-4a6f-bb0f-3ea3b60a0589,b34e54bc-33f3-4d27-8ae0-3ab122dc7895,"כירורגיה פלסטית ואסתטית | ד""ר אייל שפירא",תל אביב–יפו,dan,טיפול בפיגמנטציה בפנים – טכנולוגיית היופי,sentence,facials,on_request,,website,/ops/businesses?branch=b34e54bc-33f3-4d27-8ae0-3ab122dc7895
a61ba9c9-5d96-40f8-bef2-b7fcc8dd30ac,b4da1f26-c7b3-444b-a71c-ee0f6f082877,H.Clinic | לייזר ואסתטיקה,תל אביב–יפו,dan,טיפול בפיגמנטציה לפגישת ייעוץ ללא עלות חייגו *8624,sentence,facials,fixed,500,website,/ops/businesses?branch=b4da1f26-c7b3-444b-a71c-ee0f6f082877
e002bcad-8dd3-4b69-a7fa-00fdbb136c0a,46e3c405-f43f-4c54-8e69-3405d446ad25,קרנית מלמד - המרכז לטיפולי קוסמטיקה רפואית,תל אביב–יפו,dan,"טיפול ברפיון העור, מיצוק וחיטוב הפנים והצוואר",sentence,body-contouring,on_request,,website,/ops/businesses?branch=46e3c405-f43f-4c54-8e69-3405d446ad25
76be3c32-58d8-41f0-9418-0114fd6ec287,e0e7c443-ee21-4be5-8bb3-2568adf37232,אתר דוקטור חן,תל אביב–יפו,dan,"טיפול הסרת פיגמנטציה ""> טיפול הסרת פיגמנטציה",sentence,facials,on_request,,website,/ops/businesses?branch=e0e7c443-ee21-4be5-8bb3-2568adf37232
f22b8b46-2a57-4b33-b001-4c605df43fc7,6276b316-e855-4071-bc62-76b30546fcbc,מושלמת האוס אוף ביוטי,תל אביב–יפו,dan,"טיפול הפדיקור נועד לשמור על הרגליים מטופחות ובריאות ,",sentence,nails,on_request,,website,/ops/businesses?branch=6276b316-e855-4071-bc62-76b30546fcbc
5a4f6445-c58d-4e9c-a4ad-b2742d9407bb,2bfb8414-092f-460d-86f5-6e60f0a007ba,ZOI Med Aesthetics - מרפאת זוי,תל אביב–יפו,dan,טיפול והבהרת הפיגמנטציה באזור כפות הידיים,sentence,facials,on_request,,website,/ops/businesses?branch=2bfb8414-092f-460d-86f5-6e60f0a007ba
fa6a524f-f9d2-437a-87ee-93bd9422667d,ab1d8481-8948-4cac-8955-7bd1c4e630f1,yullia Tzahala - מומחים בהסרת שיער בלייזר | הזרקות | טיפול פנים | מניקור | פדיקור רפואי,תל אביב–יפו,dan,טיפול זה כולל חבילה מלאה של מוצרי טיפוח ביתיים,product,,package,5700,website,/ops/businesses?branch=ab1d8481-8948-4cac-8955-7bd1c4e630f1
210deae1-412c-4733-9b41-2ce447a9bfb4,dacc8de0-1f8e-4477-87a2-0a4963319ac2,Yullia,תל אביב–יפו,dan,טיפול זה כולל חבילה מלאה של מוצרי טיפוח ביתיים,product,,package,5700,website,/ops/businesses?branch=dacc8de0-1f8e-4477-87a2-0a4963319ac2
080c7791-f46b-455b-ab88-c78c7c0e1d95,976d943f-892f-4dc3-a180-0a45663580f5,yullia King George,תל אביב–יפו,dan,טיפול זה כולל חבילה מלאה של מוצרי טיפוח ביתיים,product,,package,5700,website,/ops/businesses?branch=976d943f-892f-4dc3-a180-0a45663580f5
f7443438-c7b6-4c8e-96dd-1cc09860f3e5,38f43de7-2cc4-47ed-8683-9f8031c3eb42,yullia Yirmeyahu,תל אביב–יפו,dan,טיפול זה כולל חבילה מלאה של מוצרי טיפוח ביתיים,product,,package,5700,website,/ops/businesses?branch=38f43de7-2cc4-47ed-8683-9f8031c3eb42
6ef0f925-398b-4fb0-bb52-d78580826644,976d943f-892f-4dc3-a180-0a45663580f5,yullia King George,תל אביב–יפו,dan,טיפול זה כולל חבילה מלאה של מוצרים ביתיים,product,,package,2700,website,/ops/businesses?branch=976d943f-892f-4dc3-a180-0a45663580f5
4dab924a-4853-4956-934f-a1f93e49503e,dacc8de0-1f8e-4477-87a2-0a4963319ac2,Yullia,תל אביב–יפו,dan,טיפול זה כולל חבילה מלאה של מוצרים ביתיים,product,,package,2700,website,/ops/businesses?branch=dacc8de0-1f8e-4477-87a2-0a4963319ac2
c15442f1-4301-466a-b092-11cc2a00f591,ab1d8481-8948-4cac-8955-7bd1c4e630f1,yullia Tzahala - מומחים בהסרת שיער בלייזר | הזרקות | טיפול פנים | מניקור | פדיקור רפואי,תל אביב–יפו,dan,טיפול זה כולל חבילה מלאה של מוצרים ביתיים,product,,package,2700,website,/ops/businesses?branch=ab1d8481-8948-4cac-8955-7bd1c4e630f1
487b7c84-e30d-4617-b4fb-3cececbe6167,38f43de7-2cc4-47ed-8683-9f8031c3eb42,yullia Yirmeyahu,תל אביב–יפו,dan,טיפול זה כולל חבילה מלאה של מוצרים ביתיים,product,,package,2700,website,/ops/businesses?branch=38f43de7-2cc4-47ed-8683-9f8031c3eb42
ecfb3f28-9972-4c19-bdb5-d12c23b199d3,c97ce44a-ce4d-412a-adeb-44258f3ca251,Or medical cosmetic treatments,תל אביב–יפו,dan,טיפול חדשני לריסים ארוכות מעוגלות ומודגשות,sentence,brows-lashes,on_request,,website,/ops/businesses?branch=c97ce44a-ce4d-412a-adeb-44258f3ca251
24e5bba6-1bb1-47f0-bcae-8318d9d958f0,5583a955-dc96-4c3b-9d44-3a7500bf06ba,"ד""ר אלי כלב - רפואה אסתטית ללא ניתוח",תל אביב–יפו,dan,טיפול חיוך חושף חניכיים – Gummy smile,sentence,,fixed,1400,website,/ops/businesses?branch=5583a955-dc96-4c3b-9d44-3a7500bf06ba
8b5e5bdc-82c9-462f-ae08-2c53db56891c,428f7a54-124c-4b2c-917a-1c0772906303,"PRPclinic - טיפולי PRP, IPRF ו-CGF לנשירת שיער ואסתטיקה רפואית",תל אביב–יפו,dan,טיפול להזעת יתר בגב באמצעות בוטוקס,sentence,medical-aesthetics,on_request,,website,/ops/businesses?branch=428f7a54-124c-4b2c-917a-1c0772906303
e82f828c-9ce3-4e7b-b68f-08c4ddf0964c,1983207e-fcbc-44a1-88d5-ed9821777dfa,Sharoomba Cosmetics שרומבה קוסמטיקה,תל אביב–יפו,dan,טיפול לייזר בטן מלאה – 12 טיפולים,sentence,,package,1800,website,/ops/businesses?branch=1983207e-fcbc-44a1-88d5-ed9821777dfa
273ff0b7-01b1-4580-8d64-450e6e214fdc,1983207e-fcbc-44a1-88d5-ed9821777dfa,Sharoomba Cosmetics שרומבה קוסמטיקה,תל אביב–יפו,dan,טיפול לייזר חצי רגליים – 12 טיפולים,sentence,,package,2690,website,/ops/businesses?branch=1983207e-fcbc-44a1-88d5-ed9821777dfa
545c41c2-cc70-4009-b06e-31bee1873dc9,1983207e-fcbc-44a1-88d5-ed9821777dfa,Sharoomba Cosmetics שרומבה קוסמטיקה,תל אביב–יפו,dan,טיפול לייזר כף יד בלבד – 12 טיפולים,sentence,,package,720,website,/ops/businesses?branch=1983207e-fcbc-44a1-88d5-ed9821777dfa
e2da6d54-8d96-455d-8128-b3419c67a3dc,b34e54bc-33f3-4d27-8ae0-3ab122dc7895,"כירורגיה פלסטית ואסתטית | ד""ר אייל שפירא",תל אביב–יפו,dan,טיפול לייזר לצלקות אקנה ולאקנה פעיל,sentence,facials,on_request,,website,/ops/businesses?branch=b34e54bc-33f3-4d27-8ae0-3ab122dc7895
60a1cf2f-8671-4479-acf4-cca4dbf0348c,1983207e-fcbc-44a1-88d5-ed9821777dfa,Sharoomba Cosmetics שרומבה קוסמטיקה,תל אביב–יפו,dan,טיפול לייזר מפשעות קו ביקיני – 12 טיפולים,sentence,,package,1200,website,/ops/businesses?branch=1983207e-fcbc-44a1-88d5-ed9821777dfa
d87cbb0b-619b-4b37-a1e9-92e5a290b907,1983207e-fcbc-44a1-88d5-ed9821777dfa,Sharoomba Cosmetics שרומבה קוסמטיקה,תל אביב–יפו,dan,טיפול לייזר פס בטן – 12 טיפולים,sentence,,package,600,website,/ops/businesses?branch=1983207e-fcbc-44a1-88d5-ed9821777dfa
24b3b62a-49f8-490b-a0a5-37c6c2c587e1,1983207e-fcbc-44a1-88d5-ed9821777dfa,Sharoomba Cosmetics שרומבה קוסמטיקה,תל אביב–יפו,dan,טיפול לייזר רגליים מלאות – 12 טיפולים,sentence,,package,4800,website,/ops/businesses?branch=1983207e-fcbc-44a1-88d5-ed9821777dfa
d6dd0317-d0c7-4b98-92f7-9d19c52c0243,c97ce44a-ce4d-412a-adeb-44258f3ca251,Or medical cosmetic treatments,תל אביב–יפו,dan,טיפול לריסים - סלסול והרמה לריסים,sentence,brows-lashes,on_request,,website,/ops/businesses?branch=c97ce44a-ce4d-412a-adeb-44258f3ca251
41d28d3c-2fc9-40c7-a13a-1145beadcb91,8af31e3c-a298-4d41-933f-50031782d817,מסודרות,תל אביב–יפו,dan,"טיפול מלא, פילינג, עיסוי קל ופוליש",sentence,spa-massage,fixed,209,website,/ops/businesses?branch=8af31e3c-a298-4d41-933f-50031782d817
6718a607-b749-445f-b4ce-47bc80d00726,c97ce44a-ce4d-412a-adeb-44258f3ca251,Or medical cosmetic treatments,תל אביב–יפו,dan,טיפול פנים באבנים חמות בשילוב תמציות צמחים,sentence,spa-massage,on_request,,website,/ops/businesses?branch=c97ce44a-ce4d-412a-adeb-44258f3ca251
18992f28-b22f-479d-a4ef-72194c879409,46e3c405-f43f-4c54-8e69-3405d446ad25,קרנית מלמד - המרכז לטיפולי קוסמטיקה רפואית,תל אביב–יפו,dan,טיפול פנים וטיפוח לכלה לקראת החתונה,sentence,facials,on_request,,website,/ops/businesses?branch=46e3c405-f43f-4c54-8e69-3405d446ad25
ed7afffb-907e-49b2-9fb6-223c1b05299c,976d943f-892f-4dc3-a180-0a45663580f5,yullia King George,תל אביב–יפו,dan,"טיפול פנים לגברים – עור בריא, מטופח וזוהר",sentence,facials,on_request,,website,/ops/businesses?branch=976d943f-892f-4dc3-a180-0a45663580f5
b6bba651-e3ca-479a-a241-6d284763f556,dacc8de0-1f8e-4477-87a2-0a4963319ac2,Yullia,תל אביב–יפו,dan,"טיפול פנים לגברים – עור בריא, מטופח וזוהר",sentence,facials,on_request,,website,/ops/businesses?branch=dacc8de0-1f8e-4477-87a2-0a4963319ac2
79b0950f-4da8-40ad-ac72-ff6aae1f23bb,ab1d8481-8948-4cac-8955-7bd1c4e630f1,yullia Tzahala - מומחים בהסרת שיער בלייזר | הזרקות | טיפול פנים | מניקור | פדיקור רפואי,תל אביב–יפו,dan,"טיפול פנים לגברים – עור בריא, מטופח וזוהר",sentence,facials,on_request,,website,/ops/businesses?branch=ab1d8481-8948-4cac-8955-7bd1c4e630f1
12014579-5fd6-4615-9b9c-8160822b262f,38f43de7-2cc4-47ed-8683-9f8031c3eb42,yullia Yirmeyahu,תל אביב–יפו,dan,"טיפול פנים לגברים – עור בריא, מטופח וזוהר",sentence,facials,on_request,,website,/ops/businesses?branch=38f43de7-2cc4-47ed-8683-9f8031c3eb42
809a5386-4778-4aff-ac57-79981d4fcc14,46e3c405-f43f-4c54-8e69-3405d446ad25,קרנית מלמד - המרכז לטיפולי קוסמטיקה רפואית,תל אביב–יפו,dan,טיפול פנים לניקוי עמוק וחידוש העור,sentence,facials,on_request,,website,/ops/businesses?branch=46e3c405-f43f-4c54-8e69-3405d446ad25
fc81a325-9e3c-454a-a857-dcbe436589be,c97ce44a-ce4d-412a-adeb-44258f3ca251,Or medical cosmetic treatments,תל אביב–יפו,dan,טיפול פנים קוסמטי טבעי – פילינג מן הטבע,sentence,facials,on_request,,website,/ops/businesses?branch=c97ce44a-ce4d-412a-adeb-44258f3ca251
e69517cf-2f07-4fe7-897a-47625f779a7b,89213fc9-41cb-45ef-8025-37c7f5d2506a,"ד""ר אידלמן יצחק רופא שיניים",תל אביב–יפו,dan,טיפול שיניים תחת סדציה (טשטוש) או תחת הרדמה כללית,sentence,,on_request,,website,/ops/businesses?branch=89213fc9-41cb-45ef-8025-37c7f5d2506a
d976c6cf-a535-4d3b-a459-f7d3cd26d794,4c6fbe8b-f945-4e62-8586-8c94d711366f,אנזו מד Anzo Med,תל אביב–יפו,dan,טיפול שיער ופנים PRP / IPRF,sentence,hair-restoration,on_request,,website,/ops/businesses?branch=4c6fbe8b-f945-4e62-8586-8c94d711366f
10f01987-5718-4fae-a1ec-42e41a6b6d98,2ed585c3-f1d9-4baf-bedf-32d8d75aec6f,Adis place- עדי בוטיק קוסמטיקאית והסרת שיער בלייזר תל אביב,תל אביב–יפו,dan,טיפולי הסרת שיער בלייזר לגברים ונשים,sentence,hair-removal,on_request,,website,/ops/businesses?branch=2ed585c3-f1d9-4baf-bedf-32d8d75aec6f
e1e0e5b1-66f5-421c-9b0f-3bc8c7f22a00,8af31e3c-a298-4d41-933f-50031782d817,מסודרות,תל אביב–יפו,dan,"טיפולי יופי וטיפוח במקום אחד, בלי להתרוצץ",sentence,,from,95,website,/ops/businesses?branch=8af31e3c-a298-4d41-933f-50031782d817
74d12714-8e24-41e0-a76c-10f1571a11d8,5583a955-dc96-4c3b-9d44-3a7500bf06ba,"ד""ר אלי כלב - רפואה אסתטית ללא ניתוח",תל אביב–יפו,dan,טיפולי ערפד – PRP לפנים וצוואר,sentence,medical-aesthetics,fixed,2000,website,/ops/businesses?branch=5583a955-dc96-4c3b-9d44-3a7500bf06ba
a4e62c91-7375-4a04-96b9-598a19466645,39725c0f-27d3-43e2-b215-b440c24530bc,איילת גייר השתלות שיער בישראל וטיפולים מתקדמים,תל אביב–יפו,dan,טיפולי פלזמה - השתלת שיער בית,sentence,hair-restoration,on_request,,website,/ops/businesses?branch=39725c0f-27d3-43e2-b215-b440c24530bc
0a67719b-200c-4e34-babb-c396fcc6c2a8,39725c0f-27d3-43e2-b215-b440c24530bc,איילת גייר השתלות שיער בישראל וטיפולים מתקדמים,תל אביב–יפו,dan,טיפולי פלזמה PRP / PRGF / I-PRF / CGF,sentence,medical-aesthetics,on_request,,website,/ops/businesses?branch=39725c0f-27d3-43e2-b215-b440c24530bc
8af94f04-2e80-41a8-a955-ba778f30878d,39725c0f-27d3-43e2-b215-b440c24530bc,איילת גייר השתלות שיער בישראל וטיפולים מתקדמים,תל אביב–יפו,dan,טיפולי פלזמה מועשרת - השתלת שיער בית,sentence,hair-restoration,on_request,,website,/ops/businesses?branch=39725c0f-27d3-43e2-b215-b440c24530bc
c01524a6-f638-42a8-9732-547935b57166,1983207e-fcbc-44a1-88d5-ed9821777dfa,Sharoomba Cosmetics שרומבה קוסמטיקה,תל אביב–יפו,dan,טיפולי פנים | שרומבה קוסמטיקה sharoomba cosmeticshttps,sentence,facials,on_request,,website,/ops/businesses?branch=1983207e-fcbc-44a1-88d5-ed9821777dfa
9e7ff3db-8af1-4d20-8e5c-1e9c9e9695eb,2ed585c3-f1d9-4baf-bedf-32d8d75aec6f,Adis place- עדי בוטיק קוסמטיקאית והסרת שיער בלייזר תל אביב,תל אביב–יפו,dan,טיפולי פנים עם מוצרים מבית ביו פפטיקס,product,facials,on_request,,website,/ops/businesses?branch=2ed585c3-f1d9-4baf-bedf-32d8d75aec6f
ff3523f9-df4e-4b60-a17c-3c447e7581da,976d943f-892f-4dc3-a180-0a45663580f5,yullia King George,תל אביב–יפו,dan,טיפולי פנים קוסמטיים | Skincare Treatments by Dermalogica,sentence,facials,on_request,,website,/ops/businesses?branch=976d943f-892f-4dc3-a180-0a45663580f5
8e907e41-c2c8-47f7-93ce-a3b40d911f2a,dacc8de0-1f8e-4477-87a2-0a4963319ac2,Yullia,תל אביב–יפו,dan,"טיפולי פנים קוסמטיים | Skincare Treatments by Dermalogica/Процедуры для лица,",sentence,facials,on_request,,website,/ops/businesses?branch=dacc8de0-1f8e-4477-87a2-0a4963319ac2
fd7dff95-2395-4766-a711-3b018e9e2c8c,ab1d8481-8948-4cac-8955-7bd1c4e630f1,yullia Tzahala - מומחים בהסרת שיער בלייזר | הזרקות | טיפול פנים | מניקור | פדיקור רפואי,תל אביב–יפו,dan,"טיפולי פנים קוסמטיים | Skincare Treatments by Dermalogica/Процедуры для лица,",sentence,facials,on_request,,website,/ops/businesses?branch=ab1d8481-8948-4cac-8955-7bd1c4e630f1
a577a9e3-1c4c-4c6a-a1d4-58a261b2b480,38f43de7-2cc4-47ed-8683-9f8031c3eb42,yullia Yirmeyahu,תל אביב–יפו,dan,"טיפולי פנים קוסמטיים | Skincare Treatments by Dermalogica/Процедуры для лица,",sentence,facials,on_request,,website,/ops/businesses?branch=38f43de7-2cc4-47ed-8683-9f8031c3eb42
3cf866c6-11aa-4d99-8dd5-2c8390f27eb2,459b4ea6-3f45-44f9-940a-ba6cef88b204,"ד""ר יאיר יוסף",תל אביב–יפו,dan,טיפולי פנים/מכשור באזור בימים הראשונים לפי ההנחיה שתקבלי במרפאה,sentence,facials,on_request,,website,/ops/businesses?branch=459b4ea6-3f45-44f9-940a-ba6cef88b204
ffe69bd0-25a3-40d5-8fd0-08a52bb9f473,4c6fbe8b-f945-4e62-8586-8c94d711366f,אנזו מד Anzo Med,תל אביב–יפו,dan,טיפולי שיער טיפול PRP – תהליך טבעי לשיער בריא,sentence,hair-restoration,on_request,,website,/ops/businesses?branch=4c6fbe8b-f945-4e62-8586-8c94d711366f
66b85952-c7ab-4eb8-b04c-58db366c0d34,dacc8de0-1f8e-4477-87a2-0a4963319ac2,Yullia,תל אביב–יפו,dan,טיפולים Geneo 3-in-1 Super Facial Treatment לגברים,sentence,facials,on_request,,website,/ops/businesses?branch=dacc8de0-1f8e-4477-87a2-0a4963319ac2
243118e5-0729-42ba-9661-d6487741cded,ab1d8481-8948-4cac-8955-7bd1c4e630f1,yullia Tzahala - מומחים בהסרת שיער בלייזר | הזרקות | טיפול פנים | מניקור | פדיקור רפואי,תל אביב–יפו,dan,טיפולים Geneo 3-in-1 Super Facial Treatment לגברים,sentence,facials,on_request,,website,/ops/businesses?branch=ab1d8481-8948-4cac-8955-7bd1c4e630f1
3beb5871-1832-478b-bd55-72584d604e39,38f43de7-2cc4-47ed-8683-9f8031c3eb42,yullia Yirmeyahu,תל אביב–יפו,dan,טיפולים Geneo 3-in-1 Super Facial Treatment לגברים,sentence,facials,on_request,,website,/ops/businesses?branch=38f43de7-2cc4-47ed-8683-9f8031c3eb42
df42ed4c-7441-4b50-ab1c-8f59742a02d4,9de5fe8a-48df-47f1-9013-3c5653e3b84a,"ד""ר ערן חדד - מנתח פלסטי, מומחה לכירורגיה פלסטית - כירורג פלסטי",תל אביב–יפו,dan,טיפולים אסתטיים מתיחת פנים ללא ניתוח,sentence,plastic-surgery,on_request,,website,/ops/businesses?branch=9de5fe8a-48df-47f1-9013-3c5653e3b84a
1a62b129-2389-4a1a-b641-34489495bcec,596ba9f5-fd64-4973-a164-a5c73ca72f1c,Shooshka,תל אביב–יפו,dan,טיפולים בשושקה: כל סוגי האיפור כולל איפור צ׳יק צ׳יק,sentence,makeup,on_request,,website,/ops/businesses?branch=596ba9f5-fd64-4973-a164-a5c73ca72f1c
2a53636e-6b3a-4005-be77-079b1fcec3f2,39725c0f-27d3-43e2-b215-b440c24530bc,איילת גייר השתלות שיער בישראל וטיפולים מתקדמים,תל אביב–יפו,dan,טיפולים בתאי גזע - השתלת שיער בית,sentence,hair-restoration,on_request,,website,/ops/businesses?branch=39725c0f-27d3-43e2-b215-b440c24530bc
6b2a161d-9748-42d7-aa83-2bc3ac12e5a9,758de1cc-ed61-4ff7-97b1-0720b36184a0,"ד״ר אודי ארד, מומחה בניתוחים פלסטיים וטיפולים אסתטיים",תל אביב–יפו,dan,טיפולים חדשניים למניעת כאב סביב ניתוח.,sentence,plastic-surgery,on_request,,website,/ops/businesses?branch=758de1cc-ed61-4ff7-97b1-0720b36184a0
e514aed2-a4a7-4b11-a4e8-6089954880df,976d943f-892f-4dc3-a180-0a45663580f5,yullia King George,תל אביב–יפו,dan,טיפולים לגברים - yullia רשת להסרת שיער בלייזר וקוסמטיקה,sentence,hair-removal,on_request,,website,/ops/businesses?branch=976d943f-892f-4dc3-a180-0a45663580f5
905a88cc-769e-41e8-b177-9656c83af61f,ab1d8481-8948-4cac-8955-7bd1c4e630f1,yullia Tzahala - מומחים בהסרת שיער בלייזר | הזרקות | טיפול פנים | מניקור | פדיקור רפואי,תל אביב–יפו,dan,טיפולים לגברים - yullia רשת להסרת שיער בלייזר וקוסמטיקה,sentence,hair-removal,on_request,,website,/ops/businesses?branch=ab1d8481-8948-4cac-8955-7bd1c4e630f1
431c4604-35a4-46f0-9e69-23835cce6e16,38f43de7-2cc4-47ed-8683-9f8031c3eb42,yullia Yirmeyahu,תל אביב–יפו,dan,טיפולים לגברים - yullia רשת להסרת שיער בלייזר וקוסמטיקה,sentence,hair-removal,on_request,,website,/ops/businesses?branch=38f43de7-2cc4-47ed-8683-9f8031c3eb42
23eb54b3-0829-437d-be88-7a0787761a8f,dacc8de0-1f8e-4477-87a2-0a4963319ac2,Yullia,תל אביב–יפו,dan,טיפולים לגברים - yullia רשת להסרת שיער בלייזר וקוסמטיקה,sentence,hair-removal,on_request,,website,/ops/businesses?branch=dacc8de0-1f8e-4477-87a2-0a4963319ac2
ad005e02-fc44-4e2e-aed6-f545c5860714,39725c0f-27d3-43e2-b215-b440c24530bc,איילת גייר השתלות שיער בישראל וטיפולים מתקדמים,תל אביב–יפו,dan,טיפולים לשימור שיער - השתלת שיער בית,sentence,hair-restoration,on_request,,website,/ops/businesses?branch=39725c0f-27d3-43e2-b215-b440c24530bc
26af95d5-bb9e-47f4-a505-2bcdd4ebd4e7,1e8c108d-20ea-4043-bd39-5461c64f0c86,"ד""ר נועם חי | מנתח פלסטי בכיר בתל אביב",תל אביב–יפו,dan,טיפולים מודרניים כיום מתמקדים באנטי אייג׳ינג או פרו-לונג׳ביטי,sentence,facials,on_request,,website,/ops/businesses?branch=1e8c108d-20ea-4043-bd39-5461c64f0c86
b71a10c0-d083-4415-bca4-4cfef0e8af16,b34e54bc-33f3-4d27-8ae0-3ab122dc7895,"כירורגיה פלסטית ואסתטית | ד""ר אייל שפירא",תל אביב–יפו,dan,טיפולים מתקדמים לצלקות (אקנה/טראומה/ניתוח),sentence,plastic-surgery,on_request,,website,/ops/businesses?branch=b34e54bc-33f3-4d27-8ae0-3ab122dc7895
5669af35-e742-4b08-ac4b-28b781823354,c97ce44a-ce4d-412a-adeb-44258f3ca251,Or medical cosmetic treatments,תל אביב–יפו,dan,טיפולים שרק החמירו את המצב וגרמו לפיגמנטציה לבלוט יותר,sentence,facials,on_request,,website,/ops/businesses?branch=c97ce44a-ce4d-412a-adeb-44258f3ca251
3c7d0110-011c-4279-a99d-c16128f9d797,9de5fe8a-48df-47f1-9013-3c5653e3b84a,"ד""ר ערן חדד - מנתח פלסטי, מומחה לכירורגיה פלסטית - כירורג פלסטי",תל אביב–יפו,dan,טיפים לקבלת תוצאה אופטימלית במתיחת פנים,article,plastic-surgery,on_request,,website,/ops/businesses?branch=9de5fe8a-48df-47f1-9013-3c5653e3b84a
30cb4233-9ad5-48d6-9555-a9019f205c27,9de5fe8a-48df-47f1-9013-3c5653e3b84a,"ד""ר ערן חדד - מנתח פלסטי, מומחה לכירורגיה פלסטית - כירורג פלסטי",תל אביב–יפו,dan,טיפים לתוצאה אופטימלית בניתוח מתיחת בטן,article,plastic-surgery,on_request,,website,/ops/businesses?branch=9de5fe8a-48df-47f1-9013-3c5653e3b84a
76df6ebd-cedc-42aa-9fcb-f100b119e234,b34e54bc-33f3-4d27-8ae0-3ab122dc7895,"כירורגיה פלסטית ואסתטית | ד""ר אייל שפירא",תל אביב–יפו,dan,"טכנולוגיה מתקדמת המשפרת תוצאות ניתוחים פלסטיים- ד""ר אייל שפירא",sentence,plastic-surgery,on_request,,website,/ops/businesses?branch=b34e54bc-33f3-4d27-8ae0-3ab122dc7895
821e6e16-1b0a-42f1-a102-b283ae2acede,e0e7c443-ee21-4be5-8bb3-2568adf37232,אתר דוקטור חן,תל אביב–יפו,dan,טכנולוגיות תלת ממד להשתלות שיניים ושיקום הפה,sentence,dental-aesthetics,on_request,,website,/ops/businesses?branch=e0e7c443-ee21-4be5-8bb3-2568adf37232
deb50d98-bfff-46cc-a372-8dad3429e437,459b4ea6-3f45-44f9-940a-ba6cef88b204,"ד""ר יאיר יוסף",תל אביב–יפו,dan,"טשטוש והחלקה של קמטי רוחב עמוקים (""קמטי שרשרת"")",sentence,hair-salons,on_request,,website,/ops/businesses?branch=459b4ea6-3f45-44f9-940a-ba6cef88b204
219f41b8-4bdd-4317-a32c-964b5e06af83,8af31e3c-a298-4d41-933f-50031782d817,מסודרות,תל אביב–יפו,dan,"ידיים, רגליים, פנים, גבות והסרת שיער",sentence,hair-removal,on_request,,website,/ops/businesses?branch=8af31e3c-a298-4d41-933f-50031782d817
231f86f3-309d-4c2e-98b0-85d01daac790,960f825a-daf1-4751-833f-e798cc293459,Horizon Spa,תל אביב–יפו,dan,יום כיף בספא מחכה במרחק קליק אחד,sentence,spa-massage,on_request,,website,/ops/businesses?branch=960f825a-daf1-4751-833f-e798cc293459
7867183c-49d5-4ed0-a0b5-7e2df236ba97,92c6dd2a-714d-4328-8de6-46744895b9b9,"ד""ר זיידמן אלון יישור שיניים נסתר",תל אביב–יפו,dan,יישור שיניים נסתר ללא הפרעה בשגרת יומכם,sentence,dental-aesthetics,on_request,,website,/ops/businesses?branch=92c6dd2a-714d-4328-8de6-46744895b9b9
d2bd05c9-12c7-4cb4-91d8-0a41c5405e10,92c6dd2a-714d-4328-8de6-46744895b9b9,"ד""ר זיידמן אלון יישור שיניים נסתר",תל אביב–יפו,dan,יישור שיניים פנימי ונסתר בשיטות WIN / INCOGNITO,sentence,dental-aesthetics,on_request,,website,/ops/businesses?branch=92c6dd2a-714d-4328-8de6-46744895b9b9
ead0de89-91d5-4be9-b489-d236e1bcf7f3,e54fa942-5742-4408-8cad-cc2019be3403,"מרפאת השיניים והאסטתיקה של ד""ר צבי אבירם",תל אביב–יפו,dan,יישור שיניים שקוף - בשיטת Unismile,sentence,dental-aesthetics,on_request,,website,/ops/businesses?branch=e54fa942-5742-4408-8cad-cc2019be3403
c0a2d683-1dd1-4f55-8a3b-d835ac98ce38,46e3c405-f43f-4c54-8e69-3405d446ad25,קרנית מלמד - המרכז לטיפולי קוסמטיקה רפואית,תל אביב–יפו,dan,יעוץ ואיבחון קליני לתוכנית טיפול בקליניקה ובבית,sentence,,on_request,,website,/ops/businesses?branch=46e3c405-f43f-4c54-8e69-3405d446ad25
728a6e54-d1d3-4637-b1a2-aa35bc957b07,89213fc9-41cb-45ef-8025-37c7f5d2506a,"ד""ר אידלמן יצחק רופא שיניים",תל אביב–יפו,dan,יש לתחזק את הכתרים כמו את יתר השיניים,sentence,dental-aesthetics,on_request,,website,/ops/businesses?branch=89213fc9-41cb-45ef-8025-37c7f5d2506a
73ee28ce-f7cd-43ea-ab59-50729e84be03,2df2cf51-e69b-482e-9c6c-c609803964af,דר' שיין - מומחה בכירורגיה פלסטית,תל אביב–יפו,dan,ישנן מספר סיבות שעשויות להצדיק ביצוע ניתוח להרמת חזה,sentence,plastic-surgery,on_request,,website,/ops/businesses?branch=2df2cf51-e69b-482e-9c6c-c609803964af
1ed70cf1-aa2b-4241-9418-b1808f1d424c,38f43de7-2cc4-47ed-8683-9f8031c3eb42,yullia Yirmeyahu,תל אביב–יפו,dan,יתרונות טיפולי פנים לגברים ב Yullia,sentence,facials,on_request,,website,/ops/businesses?branch=38f43de7-2cc4-47ed-8683-9f8031c3eb42
54405fe4-c6bd-4657-85b4-8d23469905e3,976d943f-892f-4dc3-a180-0a45663580f5,yullia King George,תל אביב–יפו,dan,יתרונות טיפולי פנים לגברים ב Yullia,sentence,facials,on_request,,website,/ops/businesses?branch=976d943f-892f-4dc3-a180-0a45663580f5
1c5baecc-5725-4ef7-9262-09b6139533da,dacc8de0-1f8e-4477-87a2-0a4963319ac2,Yullia,תל אביב–יפו,dan,יתרונות טיפולי פנים לגברים ב Yullia,sentence,facials,on_request,,website,/ops/businesses?branch=dacc8de0-1f8e-4477-87a2-0a4963319ac2
682ca674-9708-4926-bed6-4d53040aa2b5,ab1d8481-8948-4cac-8955-7bd1c4e630f1,yullia Tzahala - מומחים בהסרת שיער בלייזר | הזרקות | טיפול פנים | מניקור | פדיקור רפואי,תל אביב–יפו,dan,יתרונות טיפולי פנים לגברים ב Yullia,sentence,facials,on_request,,website,/ops/businesses?branch=ab1d8481-8948-4cac-8955-7bd1c4e630f1
f3f9ce2a-0217-4857-8dbd-8737d2fe3f58,e0e7c443-ee21-4be5-8bb3-2568adf37232,אתר דוקטור חן,תל אביב–יפו,dan,יתרונות נוספים לטיפול באקנה בשיטת לייזר,sentence,facials,on_request,,website,/ops/businesses?branch=e0e7c443-ee21-4be5-8bb3-2568adf37232
d8683bfe-d80a-43e8-84ea-c298560b0f76,1e8c108d-20ea-4043-bd39-5461c64f0c86,"ד""ר נועם חי | מנתח פלסטי בכיר בתל אביב",תל אביב–יפו,dan,כיצד ומתי התפתחו ניתוחים פלסטיים והכירורגיה הפלסטית,article,plastic-surgery,on_request,,website,/ops/businesses?branch=1e8c108d-20ea-4043-bd39-5461c64f0c86
079f3e2e-1834-48ec-b74f-d7ec052f4392,2df2cf51-e69b-482e-9c6c-c609803964af,דר' שיין - מומחה בכירורגיה פלסטית,תל אביב–יפו,dan,כל המידע על ניתוח הגדלת חזה,sentence,plastic-surgery,on_request,,website,/ops/businesses?branch=2df2cf51-e69b-482e-9c6c-c609803964af
d5609457-5ba3-48fd-831e-bc4f9dff5810,428f7a54-124c-4b2c-917a-1c0772906303,"PRPclinic - טיפולי PRP, IPRF ו-CGF לנשירת שיער ואסתטיקה רפואית",תל אביב–יפו,dan,כל מה שרציתם לדעת על מזותרפיה,sentence,medical-aesthetics,on_request,,website,/ops/businesses?branch=428f7a54-124c-4b2c-917a-1c0772906303
a58f18d2-3179-40dd-a63b-e0d7e73544e5,459b4ea6-3f45-44f9-940a-ba6cef88b204,"ד""ר יאיר יוסף",תל אביב–יפו,dan,"כן, זה נפוץ וזה חלק רגיל מהתהליך.",sentence,,on_request,,website,/ops/businesses?branch=459b4ea6-3f45-44f9-940a-ba6cef88b204
2fc2b083-48a2-484f-918b-f88ceb379f3d,428f7a54-124c-4b2c-917a-1c0772906303,"PRPclinic - טיפולי PRP, IPRF ו-CGF לנשירת שיער ואסתטיקה רפואית",תל אביב–יפו,dan,"כרטיסיית בוטוקס, 5 טיפולים הכוללים 3 אזורים + ביקורת ב",sentence,medical-aesthetics,package,4995,website,/ops/businesses?branch=428f7a54-124c-4b2c-917a-1c0772906303
ab23e413-d437-401f-8088-386886b70f7d,1983207e-fcbc-44a1-88d5-ed9821777dfa,Sharoomba Cosmetics שרומבה קוסמטיקה,תל אביב–יפו,dan,כרטיסיית ניקובים ג’ל בלי מניקור לציפורניים קצרות,sentence,nails,fixed,995,website,/ops/businesses?branch=1983207e-fcbc-44a1-88d5-ed9821777dfa
68d3fe14-c2ff-451e-a063-034a9e3d9343,1983207e-fcbc-44a1-88d5-ed9821777dfa,Sharoomba Cosmetics שרומבה קוסמטיקה,תל אביב–יפו,dan,כרטיסיית ניקובים מיני פדיקור רגיל (לא כולל עקב),sentence,nails,fixed,850,website,/ops/businesses?branch=1983207e-fcbc-44a1-88d5-ed9821777dfa
c356a54a-5ea7-4a8a-bf18-deffc2d270ab,1983207e-fcbc-44a1-88d5-ed9821777dfa,Sharoomba Cosmetics שרומבה קוסמטיקה,תל אביב–יפו,dan,כרטיסיית ניקובים מניקור ג’ל בינוני-ארוכות,sentence,nails,fixed,1400,website,/ops/businesses?branch=1983207e-fcbc-44a1-88d5-ed9821777dfa
e937dad5-17bf-4ed8-b1ce-541d3d9d60ab,1983207e-fcbc-44a1-88d5-ed9821777dfa,Sharoomba Cosmetics שרומבה קוסמטיקה,תל אביב–יפו,dan,כרטיסיית ניקובים מניקור מלא עם לק רגיל,sentence,nails,fixed,750,website,/ops/businesses?branch=1983207e-fcbc-44a1-88d5-ed9821777dfa
257cbb96-410c-4b83-89c2-3be988b72a4a,1983207e-fcbc-44a1-88d5-ed9821777dfa,Sharoomba Cosmetics שרומבה קוסמטיקה,תל אביב–יפו,dan,"כרטיסיית ניקובים פדיקור רגיל כולל לק, אישה או גבר",sentence,nails,fixed,1295,website,/ops/businesses?branch=1983207e-fcbc-44a1-88d5-ed9821777dfa
28866fc8-a31f-41b7-b036-42ac51af0290,c97ce44a-ce4d-412a-adeb-44258f3ca251,Or medical cosmetic treatments,תל אביב–יפו,dan,כתמים כתוצאה מטיפול לייזר - אור טיפולים קוסמטיים רפואיים,sentence,facials,on_request,,website,/ops/businesses?branch=c97ce44a-ce4d-412a-adeb-44258f3ca251
991d020b-4e76-4f2d-ad6d-ae70daebfdf4,84b983eb-e26b-4cee-ac49-3db5cf30cf13,"ד""ר רון יהב - מרפאת אמייזינג סמייל, מרפאת שיניים בתל אביב",תל אביב–יפו,dan,כתרים בשעה - ד''ר רון יהב,sentence,dental-aesthetics,on_request,,website,/ops/businesses?branch=84b983eb-e26b-4cee-ac49-3db5cf30cf13
2b776aea-de04-4177-8054-bb9205d47e8c,89213fc9-41cb-45ef-8025-37c7f5d2506a,"ד""ר אידלמן יצחק רופא שיניים",תל אביב–יפו,dan,כתרים וגשרים מחוזקי גרפן – ללכת עם ולהרגיש בלי,sentence,dental-aesthetics,on_request,,website,/ops/businesses?branch=89213fc9-41cb-45ef-8025-37c7f5d2506a
c5b98dc8-32f1-45b7-93fb-bd8358c43867,39725c0f-27d3-43e2-b215-b440c24530bc,איילת גייר השתלות שיער בישראל וטיפולים מתקדמים,תל אביב–יפו,dan,"לא צריך להפסיק את החיים, אם חייבת החלקה, תמשיכי.",sentence,hair-salons,on_request,,website,/ops/businesses?branch=39725c0f-27d3-43e2-b215-b440c24530bc
a41549c7-cacd-40e0-a29f-c2948fb78f3d,1e8c108d-20ea-4043-bd39-5461c64f0c86,"ד""ר נועם חי | מנתח פלסטי בכיר בתל אביב",תל אביב–יפו,dan,"להיט חדש בדרום קוריאה: ניתוח ""הרמת חיוך""",sentence,plastic-surgery,on_request,,website,/ops/businesses?branch=1e8c108d-20ea-4043-bd39-5461c64f0c86
549e1dc7-666c-4e9c-b928-5fd9cea7bbc5,758de1cc-ed61-4ff7-97b1-0720b36184a0,"ד״ר אודי ארד, מומחה בניתוחים פלסטיים וטיפולים אסתטיים",תל אביב–יפו,dan,ליווי ואחריות אישית גם לאחר הניתוח.,sentence,plastic-surgery,on_request,,website,/ops/businesses?branch=758de1cc-ed61-4ff7-97b1-0720b36184a0
37a26855-da24-42fd-827d-ff1efecc4729,2df2cf51-e69b-482e-9c6c-c609803964af,דר' שיין - מומחה בכירורגיה פלסטית,תל אביב–יפו,dan,לכל התמונות לפני ואחרי של ניתוח הגדלת חזה,sentence,plastic-surgery,on_request,,website,/ops/businesses?branch=2df2cf51-e69b-482e-9c6c-c609803964af
b3614ff5-cccf-4ff8-82f1-087f15524650,2df2cf51-e69b-482e-9c6c-c609803964af,דר' שיין - מומחה בכירורגיה פלסטית,תל אביב–יפו,dan,לכל התמונות לפני ואחרי של ניתוח החלפת שתלים,sentence,plastic-surgery,on_request,,website,/ops/businesses?branch=2df2cf51-e69b-482e-9c6c-c609803964af
33ba2915-5582-4adc-aa1c-81aed6f55f60,2df2cf51-e69b-482e-9c6c-c609803964af,דר' שיין - מומחה בכירורגיה פלסטית,תל אביב–יפו,dan,לכל התמונות לפני ואחרי של ניתוח הרמת חזה,sentence,plastic-surgery,on_request,,website,/ops/businesses?branch=2df2cf51-e69b-482e-9c6c-c609803964af
651b1797-4518-4c93-bf6a-9287d2b63ebe,2df2cf51-e69b-482e-9c6c-c609803964af,דר' שיין - מומחה בכירורגיה פלסטית,תל אביב–יפו,dan,למאמר המלא בנושא – הנקה לאחר הגדלת חזה .,sentence,plastic-surgery,on_request,,website,/ops/businesses?branch=2df2cf51-e69b-482e-9c6c-c609803964af
78a7d36b-62d0-492b-9b85-592fa636c9f5,22574d12-60c6-4a7d-8a02-e1f7da2b9c36,קליניקה כרמל - טיפול בפטרת ציפורניים בתל אביב,תל אביב–יפו,dan,לסקירה מלאה על פטרת הציפורניים קראו עוד &gt;,sentence,nails,on_request,,website,/ops/businesses?branch=22574d12-60c6-4a7d-8a02-e1f7da2b9c36
ae8a6500-b9e6-4114-902e-9ac95f457cda,1e8c108d-20ea-4043-bd39-5461c64f0c86,"ד""ר נועם חי | מנתח פלסטי בכיר בתל אביב",תל אביב–יפו,dan,לפני/ אחרי הגדלת חזה לפני אחרי,sentence,plastic-surgery,on_request,,website,/ops/businesses?branch=1e8c108d-20ea-4043-bd39-5461c64f0c86
806fbffd-3901-4bbf-bb94-81be70c9083e,2df2cf51-e69b-482e-9c6c-c609803964af,דר' שיין - מומחה בכירורגיה פלסטית,תל אביב–יפו,dan,לקריאה נוספת – ניתוח הרמת חזה,sentence,plastic-surgery,on_request,,website,/ops/businesses?branch=2df2cf51-e69b-482e-9c6c-c609803964af
44bdad85-1648-4400-853c-4e5bf47978a4,b34e54bc-33f3-4d27-8ae0-3ab122dc7895,"כירורגיה פלסטית ואסתטית | ד""ר אייל שפירא",תל אביב–יפו,dan,מאוד מרוצה מהשירות והניתוח.,sentence,plastic-surgery,on_request,,website,/ops/businesses?branch=b34e54bc-33f3-4d27-8ae0-3ab122dc7895
a43b6d37-e02f-4eca-9d26-910e6afbad16,e0e7c443-ee21-4be5-8bb3-2568adf37232,אתר דוקטור חן,תל אביב–יפו,dan,מבוצע במסגרת קליניקה ללא צורך בחדר ניתוח.,sentence,plastic-surgery,on_request,,website,/ops/businesses?branch=e0e7c443-ee21-4be5-8bb3-2568adf37232
904e18ee-4999-4459-8f20-eefdaa4f8691,b34e54bc-33f3-4d27-8ae0-3ab122dc7895,"כירורגיה פלסטית ואסתטית | ד""ר אייל שפירא",תל אביב–יפו,dan,מבט חדש: ניתוח עפעפיים עליונים ותחתונים,sentence,plastic-surgery,on_request,,website,/ops/businesses?branch=b34e54bc-33f3-4d27-8ae0-3ab122dc7895
a34c6d16-57aa-4642-92b0-51f6fddd7892,1a02e569-909f-430f-82f6-3a144f206baa,"ד""ר דורון אבניאלי, השתלות שיניים, טיפולי שיניים בהרדמה מלאה",תל אביב–יפו,dan,מבצע השתלות שיניים החל בשנת 1987 .,sentence,dental-aesthetics,on_request,,website,/ops/businesses?branch=1a02e569-909f-430f-82f6-3a144f206baa
a7c04177-64ef-4c1f-b402-c06ee02acf54,5583a955-dc96-4c3b-9d44-3a7500bf06ba,"ד""ר אלי כלב - רפואה אסתטית ללא ניתוח",תל אביב–יפו,dan,מגוון טיפולים אסתטיים מתקדמים ללא ניתוח בתל אביב,sentence,plastic-surgery,on_request,,website,/ops/businesses?branch=5583a955-dc96-4c3b-9d44-3a7500bf06ba
e31ae940-fe6b-4755-9864-75c6ddfdcca4,e0e7c443-ee21-4be5-8bb3-2568adf37232,אתר דוקטור חן,תל אביב–יפו,dan,מה בודקים בפגישת ייעוץ בטיפול באקנה,article,facials,on_request,,website,/ops/businesses?branch=e0e7c443-ee21-4be5-8bb3-2568adf37232
508a9177-9647-4334-84d5-b5673517ac0f,1e8c108d-20ea-4043-bd39-5461c64f0c86,"ד""ר נועם חי | מנתח פלסטי בכיר בתל אביב",תל אביב–יפו,dan,מה הן הסיבות לפופולאריות גוברת לניתוחי עיצוב זרועות,article,plastic-surgery,on_request,,website,/ops/businesses?branch=1e8c108d-20ea-4043-bd39-5461c64f0c86
6c937fa8-d546-4bd2-aab5-6075a22127ce,4c6fbe8b-f945-4e62-8586-8c94d711366f,אנזו מד Anzo Med,תל אביב–יפו,dan,מוזמנים ליצור קשר בנוגע לכל שאלה וקבלת ייעוץ לטיפול הראשון שלכם!,sentence,,free,0,website,/ops/businesses?branch=4c6fbe8b-f945-4e62-8586-8c94d711366f
994faea5-7345-4097-98fd-6928036ba3ae,4c6fbe8b-f945-4e62-8586-8c94d711366f,אנזו מד Anzo Med,תל אביב–יפו,dan,מוכנים להתחיל? ייעוץ בקליניקה בתל אביב,sentence,,free,0,website,/ops/businesses?branch=4c6fbe8b-f945-4e62-8586-8c94d711366f
4b36463c-f7b6-4279-b555-830b23691754,b88742b2-8f26-47aa-8d62-b36a6d1967e5,"ד""ר כריס השתלת שיער CHOIEXPERT",תל אביב–יפו,dan,מומחה להשתלת שיער בשיטת CHOI | חבר ISHRS ו־GMC,sentence,hair-restoration,on_request,,website,/ops/businesses?branch=b88742b2-8f26-47aa-8d62-b36a6d1967e5
80488188-69e0-4e5d-b0e5-dba6247980cf,84b983eb-e26b-4cee-ac49-3db5cf30cf13,"ד""ר רון יהב - מרפאת אמייזינג סמייל, מרפאת שיניים בתל אביב",תל אביב–יפו,dan,מומחית ביישור שיניים ולסתות לילדים ומבוגרים.,sentence,dental-aesthetics,on_request,,website,/ops/businesses?branch=84b983eb-e26b-4cee-ac49-3db5cf30cf13
8a4ea0e0-d312-4065-bdc7-5918b685a07d,758de1cc-ed61-4ff7-97b1-0720b36184a0,"ד״ר אודי ארד, מומחה בניתוחים פלסטיים וטיפולים אסתטיים",תל אביב–יפו,dan,מומלץ מאוד להפסיק לעשן לפני הניתוח.,sentence,plastic-surgery,on_request,,website,/ops/businesses?branch=758de1cc-ed61-4ff7-97b1-0720b36184a0
72f6697c-1ad1-4c8c-bd16-38482f892478,2ed585c3-f1d9-4baf-bedf-32d8d75aec6f,Adis place- עדי בוטיק קוסמטיקאית והסרת שיער בלייזר תל אביב,תל אביב–יפו,dan,מוצרי ביו פפטיקס,product,,on_request,,website,/ops/businesses?branch=2ed585c3-f1d9-4baf-bedf-32d8d75aec6f
4807e947-45bc-4695-bd4a-e8faa956ad72,5583a955-dc96-4c3b-9d44-3a7500bf06ba,"ד""ר אלי כלב - רפואה אסתטית ללא ניתוח",תל אביב–יפו,dan,"מזותרפיה למיצוק, להבהרה, לצלוליט - Mesotherapy",sentence,medical-aesthetics,on_request,,website,/ops/businesses?branch=5583a955-dc96-4c3b-9d44-3a7500bf06ba
00c0c4f1-8f7d-49bc-9d15-cdc89a55b883,462b5fe2-7d50-4c6a-82a9-530f1d0257ae,פרופורציה,תל אביב–יפו,dan,מזותרפיה – הדור החדש של אנטי אייג'ינג,sentence,medical-aesthetics,on_request,,website,/ops/businesses?branch=462b5fe2-7d50-4c6a-82a9-530f1d0257ae
30b63bd2-86ef-4ed8-bba0-edcab914f530,5583a955-dc96-4c3b-9d44-3a7500bf06ba,"ד""ר אלי כלב - רפואה אסתטית ללא ניתוח",תל אביב–יפו,dan,מזרק וולוקס לעיצוב והגדרת קו הלסת - VOLUX,sentence,,fixed,2200,website,/ops/businesses?branch=5583a955-dc96-4c3b-9d44-3a7500bf06ba
5b6f1422-168a-4cb5-85af-0a3a27caa0c6,5583a955-dc96-4c3b-9d44-3a7500bf06ba,"ד""ר אלי כלב - רפואה אסתטית ללא ניתוח",תל אביב–יפו,dan,מזרק חומצה היאלרונית לעידון קימטוטים – Skin booster,sentence,medical-aesthetics,fixed,1400,website,/ops/businesses?branch=5583a955-dc96-4c3b-9d44-3a7500bf06ba
5845f9f8-38de-4b55-9e3f-51eb548590a7,5583a955-dc96-4c3b-9d44-3a7500bf06ba,"ד""ר אלי כלב - רפואה אסתטית ללא ניתוח",תל אביב–יפו,dan,מזרק לעידון קימטוטים - Restylan VITAL/ Juviderm VOLITE,sentence,,fixed,1400,website,/ops/businesses?branch=5583a955-dc96-4c3b-9d44-3a7500bf06ba
ba1738c7-2e12-46fa-a023-b853caff1ba9,5583a955-dc96-4c3b-9d44-3a7500bf06ba,"ד""ר אלי כלב - רפואה אסתטית ללא ניתוח",תל אביב–יפו,dan,מזרק פרופילו לעידון קימטוטים - PROFHILO,sentence,medical-aesthetics,fixed,2500,website,/ops/businesses?branch=5583a955-dc96-4c3b-9d44-3a7500bf06ba
1e18034b-241a-4c82-8cf4-b2cfeadd81b9,5583a955-dc96-4c3b-9d44-3a7500bf06ba,"ד""ר אלי כלב - רפואה אסתטית ללא ניתוח",תל אביב–יפו,dan,מזרק רדנסיטי 2 למילוי שקעי עיניים - REDENSITY2,sentence,,fixed,2000,website,/ops/businesses?branch=5583a955-dc96-4c3b-9d44-3a7500bf06ba
0fd9d31c-64a2-485e-9261-3fabf494f942,48804575-e784-45c7-a79d-6c087329fe49,גיל דורמן - המרכז לטיפולי פיגמנטציה,תל אביב–יפו,dan,מחיר,function_word,,fixed,1394,website,/ops/businesses?branch=48804575-e784-45c7-a79d-6c087329fe49
7a1c32e2-5628-4d79-b484-07c01790febd,428f7a54-124c-4b2c-917a-1c0772906303,"PRPclinic - טיפולי PRP, IPRF ו-CGF לנשירת שיער ואסתטיקה רפואית",תל אביב–יפו,dan,"מחיר בוטוקס לפנים והזעת יתר, מבצע 3 אזורים מ",sentence,medical-aesthetics,from,999,website,/ops/businesses?branch=428f7a54-124c-4b2c-917a-1c0772906303
af0dcf21-2303-4eb7-9cc8-f36c1c7f86ce,428f7a54-124c-4b2c-917a-1c0772906303,"PRPclinic - טיפולי PRP, IPRF ו-CGF לנשירת שיער ואסתטיקה רפואית",תל אביב–יפו,dan,מחיר בוטוקס – כל מה שרצית לדעת,sentence,medical-aesthetics,on_request,,website,/ops/businesses?branch=428f7a54-124c-4b2c-917a-1c0772906303
22dd2697-301d-4994-be82-76365db4a1ee,428f7a54-124c-4b2c-917a-1c0772906303,"PRPclinic - טיפולי PRP, IPRF ו-CGF לנשירת שיער ואסתטיקה רפואית",תל אביב–יפו,dan,"מחיר טיפול PRP, iPRF, CGF ו-Activated PRP",sentence,medical-aesthetics,from,800,website,/ops/businesses?branch=428f7a54-124c-4b2c-917a-1c0772906303
055bf386-5ff7-45c4-9e1d-b1b82046946c,2df2cf51-e69b-482e-9c6c-c609803964af,דר' שיין - מומחה בכירורגיה פלסטית,תל אביב–יפו,dan,מחירה של הרמת חזה ללא שתל הוא,sentence,plastic-surgery,fixed,40200,website,/ops/businesses?branch=2df2cf51-e69b-482e-9c6c-c609803964af
aeb419c1-7789-4455-bb7a-325bbd5b9ae0,dacc8de0-1f8e-4477-87a2-0a4963319ac2,Yullia,תל אביב–יפו,dan,מחירון ומידע אודות טיפולי אנטי אייג'ינג לגברים - yullia,sentence,facials,on_request,,website,/ops/businesses?branch=dacc8de0-1f8e-4477-87a2-0a4963319ac2
28c71d61-616c-43a3-970a-21593500d6c3,ab1d8481-8948-4cac-8955-7bd1c4e630f1,yullia Tzahala - מומחים בהסרת שיער בלייזר | הזרקות | טיפול פנים | מניקור | פדיקור רפואי,תל אביב–יפו,dan,מחירון ומידע אודות טיפולי אנטי אייג'ינג לגברים - yullia,sentence,facials,on_request,,website,/ops/businesses?branch=ab1d8481-8948-4cac-8955-7bd1c4e630f1
fccdd123-e1eb-4395-a403-2a8bab43ed23,976d943f-892f-4dc3-a180-0a45663580f5,yullia King George,תל אביב–יפו,dan,מחירון ומידע אודות טיפולי אנטי אייג'ינג לגברים - yullia,sentence,facials,on_request,,website,/ops/businesses?branch=976d943f-892f-4dc3-a180-0a45663580f5
dd8b2b08-7834-49d1-b0d2-8c6b7792b7ee,38f43de7-2cc4-47ed-8683-9f8031c3eb42,yullia Yirmeyahu,תל אביב–יפו,dan,מחירון ומידע אודות טיפולי אנטי אייג'ינג לגברים - yullia,sentence,facials,on_request,,website,/ops/businesses?branch=38f43de7-2cc4-47ed-8683-9f8031c3eb42
c03dbb17-1271-4ce2-b9e1-696e7207878a,38f43de7-2cc4-47ed-8683-9f8031c3eb42,yullia Yirmeyahu,תל אביב–יפו,dan,מחירון ומידע אודות טיפולי פדיקור לגברים - yullia,sentence,nails,on_request,,website,/ops/businesses?branch=38f43de7-2cc4-47ed-8683-9f8031c3eb42
bba67bd6-8c15-425b-af07-0d636f84f525,428f7a54-124c-4b2c-917a-1c0772906303,"PRPclinic - טיפולי PRP, IPRF ו-CGF לנשירת שיער ואסתטיקה רפואית",תל אביב–יפו,dan,"מחירון טיפול PRP, iPRF, Activated PRP, CGF וריגנרה",sentence,medical-aesthetics,on_request,,website,/ops/businesses?branch=428f7a54-124c-4b2c-917a-1c0772906303
d424934d-6465-4b5e-b83b-1ae6593a3988,428f7a54-124c-4b2c-917a-1c0772906303,"PRPclinic - טיפולי PRP, IPRF ו-CGF לנשירת שיער ואסתטיקה רפואית",תל אביב–יפו,dan,"מחירון טיפול PRP, iPRF, Activated PRP, CGF – מ",sentence,medical-aesthetics,from,800,website,/ops/businesses?branch=428f7a54-124c-4b2c-917a-1c0772906303
bb04c312-e89b-4ae6-90d1-022a2c325128,1983207e-fcbc-44a1-88d5-ed9821777dfa,Sharoomba Cosmetics שרומבה קוסמטיקה,תל אביב–יפו,dan,מחירון טיפולי פנים | שרומבה קוסמטיקה sharoomba cosmeticshttps,sentence,facials,on_request,,website,/ops/businesses?branch=1983207e-fcbc-44a1-88d5-ed9821777dfa
83968826-c8e6-42a6-9165-fca5d977fdcf,1983207e-fcbc-44a1-88d5-ed9821777dfa,Sharoomba Cosmetics שרומבה קוסמטיקה,תל אביב–יפו,dan,מחירון מניקור | שרומבה קוסמטיקה sharoomba cosmeticshttps,sentence,nails,on_request,,website,/ops/businesses?branch=1983207e-fcbc-44a1-88d5-ed9821777dfa
1bfe09cc-58af-4951-bb4f-0ff8bacfb45d,1983207e-fcbc-44a1-88d5-ed9821777dfa,Sharoomba Cosmetics שרומבה קוסמטיקה,תל אביב–יפו,dan,מחירון פדיקור | שרומבה קוסמטיקה sharoomba cosmeticshttps,sentence,nails,on_request,,website,/ops/businesses?branch=1983207e-fcbc-44a1-88d5-ed9821777dfa
eaf4375b-299e-44dc-b474-f2ba18409f24,1983207e-fcbc-44a1-88d5-ed9821777dfa,Sharoomba Cosmetics שרומבה קוסמטיקה,תל אביב–יפו,dan,מחירון שעוות | שרומבה קוסמטיקה sharoomba cosmeticshttps,sentence,hair-removal,on_request,,website,/ops/businesses?branch=1983207e-fcbc-44a1-88d5-ed9821777dfa
bf37f39e-bc08-4cb7-9eb3-755c4ea9b258,b471583e-01ec-4a83-82f2-82912addd521,Winkler Clinic - Prof. Eyal Winkler,תל אביב–יפו,dan,"מטרות: הפחתת פיגמנטציה, הבהרת העור, אחידות וטיפוח זוהר טבעי.",sentence,facials,on_request,,website,/ops/businesses?branch=b471583e-01ec-4a83-82f2-82912addd521
141a243a-313b-4ae4-a09b-f97f9a4e0202,4c6fbe8b-f945-4e62-8586-8c94d711366f,אנזו מד Anzo Med,תל אביב–יפו,dan,מי שיש לו פיגמנטציה ונזקי שמש,sentence,facials,on_request,,website,/ops/businesses?branch=4c6fbe8b-f945-4e62-8586-8c94d711366f
c95aa336-5d61-40cd-a365-dd23b0d65555,976d943f-892f-4dc3-a180-0a45663580f5,yullia King George,תל אביב–יפו,dan,מידע ומחירון אודות הסרת שיער בלייזר לגברים - yullia,sentence,hair-removal,on_request,,website,/ops/businesses?branch=976d943f-892f-4dc3-a180-0a45663580f5
11ea8421-8e77-4b3e-9342-578b9b116818,dacc8de0-1f8e-4477-87a2-0a4963319ac2,Yullia,תל אביב–יפו,dan,מידע ומחירון אודות הסרת שיער בלייזר לגברים - yullia,sentence,hair-removal,on_request,,website,/ops/businesses?branch=dacc8de0-1f8e-4477-87a2-0a4963319ac2
e10c1a65-3656-43a2-996e-a6be8d3e4771,ab1d8481-8948-4cac-8955-7bd1c4e630f1,yullia Tzahala - מומחים בהסרת שיער בלייזר | הזרקות | טיפול פנים | מניקור | פדיקור רפואי,תל אביב–יפו,dan,מידע ומחירון אודות הסרת שיער בלייזר לגברים - yullia,sentence,hair-removal,on_request,,website,/ops/businesses?branch=ab1d8481-8948-4cac-8955-7bd1c4e630f1
f76dd632-aa9c-4044-b589-bfba94de9841,38f43de7-2cc4-47ed-8683-9f8031c3eb42,yullia Yirmeyahu,תל אביב–יפו,dan,מידע ומחירון אודות הסרת שיער בלייזר לגברים - yullia,sentence,hair-removal,on_request,,website,/ops/businesses?branch=38f43de7-2cc4-47ed-8683-9f8031c3eb42
7f23c663-fb22-43c1-bb46-3207aefb0e92,dacc8de0-1f8e-4477-87a2-0a4963319ac2,Yullia,תל אביב–יפו,dan,מידע ומחירון אודות טיפולי פנים לגברים - yullia,sentence,facials,on_request,,website,/ops/businesses?branch=dacc8de0-1f8e-4477-87a2-0a4963319ac2
a4be86e5-47f2-4625-b1d6-7ce1fb29c98d,ab1d8481-8948-4cac-8955-7bd1c4e630f1,yullia Tzahala - מומחים בהסרת שיער בלייזר | הזרקות | טיפול פנים | מניקור | פדיקור רפואי,תל אביב–יפו,dan,מידע ומחירון אודות טיפולי פנים לגברים - yullia,sentence,facials,on_request,,website,/ops/businesses?branch=ab1d8481-8948-4cac-8955-7bd1c4e630f1
bccbc14e-ecf0-489f-a0b8-567ad88334a9,976d943f-892f-4dc3-a180-0a45663580f5,yullia King George,תל אביב–יפו,dan,מידע ומחירון אודות טיפולי פנים לגברים - yullia,sentence,facials,on_request,,website,/ops/businesses?branch=976d943f-892f-4dc3-a180-0a45663580f5
33c1f98a-f657-4ab1-8a20-4049b240f01e,38f43de7-2cc4-47ed-8683-9f8031c3eb42,yullia Yirmeyahu,תל אביב–יפו,dan,מידע ומחירון אודות טיפולי פנים לגברים - yullia,sentence,facials,on_request,,website,/ops/businesses?branch=38f43de7-2cc4-47ed-8683-9f8031c3eb42
d90e094d-546e-4b24-b402-fc7aa3570163,9de5fe8a-48df-47f1-9013-3c5653e3b84a,"ד""ר ערן חדד - מנתח פלסטי, מומחה לכירורגיה פלסטית - כירורג פלסטי",תל אביב–יפו,dan,מידע חיוני על שתלי סיליקון והגדלת חזה,sentence,plastic-surgery,on_request,,website,/ops/businesses?branch=9de5fe8a-48df-47f1-9013-3c5653e3b84a
32372d38-53a0-4ef5-991d-ad06983f3dad,22574d12-60c6-4a7d-8a02-e1f7da2b9c36,קליניקה כרמל - טיפול בפטרת ציפורניים בתל אביב,תל אביב–יפו,dan,מידע חשוב על פטרת ציפורניים,sentence,nails,on_request,,website,/ops/businesses?branch=22574d12-60c6-4a7d-8a02-e1f7da2b9c36
695cb35f-5d2a-4022-a678-01cdf986f084,5583a955-dc96-4c3b-9d44-3a7500bf06ba,"ד""ר אלי כלב - רפואה אסתטית ללא ניתוח",תל אביב–יפו,dan,מילוי והרמת לחיים – Star Lift,sentence,,range,2400,website,/ops/businesses?branch=5583a955-dc96-4c3b-9d44-3a7500bf06ba
e083e4c6-4eaa-4a0f-b0b8-d516015d31fb,4125d5eb-f414-4c25-b3dd-0e8069a75afa,הסרת נגעי עור | הסרת נקודות חן | הסרת קונדילומה | הסרת שומות | אנגיוקרטומה | קסנטלזמה | נקודות אדומות (המנגיומות) - Medical-C,תל אביב–יפו,dan,מילוי וטיפולים אסתטיים שאינם ניתוחיים.,sentence,plastic-surgery,on_request,,website,/ops/businesses?branch=4125d5eb-f414-4c25-b3dd-0e8069a75afa
e8337dff-dd09-4be7-bf62-c00bb8847aa8,b4da1f26-c7b3-444b-a71c-ee0f6f082877,H.Clinic | לייזר ואסתטיקה,תל אביב–יפו,dan,מיצוק העור - סינדרלה כבר אחרי הטיפול הראשון,sentence,,fixed,500,website,/ops/businesses?branch=b4da1f26-c7b3-444b-a71c-ee0f6f082877
1c84ca18-1801-4015-af7b-ec47695e5bb0,54ee89bb-3240-4ccd-bf88-bdcdb2dd189e,Doctor Ram Silfen - Tel Aviv Plastic,תל אביב–יפו,dan,מיקרונידילנג ומזותרפיה זה אותו דבר.,sentence,medical-aesthetics,on_request,,website,/ops/businesses?branch=54ee89bb-3240-4ccd-bf88-bdcdb2dd189e
2f7bf6bf-5e67-4f5c-8fdf-8e60d7a5ecbe,2b8e6318-5a0d-4b4d-aaf3-b52b5d94ccab,הקומה של אהובה,תל אביב–יפו,dan,מכירת מוצרי קוסמטיקה מובילים,product,,on_request,,website,/ops/businesses?branch=2b8e6318-5a0d-4b4d-aaf3-b52b5d94ccab
491017ef-7a6a-49e9-a6b7-7e926b3a152a,2b8e6318-5a0d-4b4d-aaf3-b52b5d94ccab,הקומה של אהובה,תל אביב–יפו,dan,"מכירת מוצרי קוסמטיקה מובילים GUINOT פריז (צרפת), SAL (יפן), REFINITY (ארה""ב).",product,,on_request,,website,/ops/businesses?branch=2b8e6318-5a0d-4b4d-aaf3-b52b5d94ccab
aee6fa5a-ea78-4471-aaa2-1c522ec6e55c,4c6fbe8b-f945-4e62-8586-8c94d711366f,אנזו מד Anzo Med,תל אביב–יפו,dan,מכשור רפואי מתקדם: לטיפול בכתמים ושיפור מרקם העור.,sentence,facials,on_request,,website,/ops/businesses?branch=4c6fbe8b-f945-4e62-8586-8c94d711366f
e4cf5e2d-9f7d-4a7e-aecf-c695b7738749,b9090e87-3422-4ae0-8847-4dec673e85a0,נטלי קוסמטיקס,תל אביב–יפו,dan,ממליץ על טיפול בציפורן חודרנית ופדיקור רפואי,sentence,nails,on_request,,website,/ops/businesses?branch=b9090e87-3422-4ae0-8847-4dec673e85a0
9c3220cb-aca2-4c2f-92ea-70b2dfa780f9,b9090e87-3422-4ae0-8847-4dec673e85a0,נטלי קוסמטיקס,תל אביב–יפו,dan,ממליץ על טיפול הפדיקור הרפואי שלנו,sentence,nails,on_request,,website,/ops/businesses?branch=b9090e87-3422-4ae0-8847-4dec673e85a0
0fde36bb-4fe6-467a-afbd-26ddc5608d77,b9090e87-3422-4ae0-8847-4dec673e85a0,נטלי קוסמטיקס,תל אביב–יפו,dan,ממליץ על טיפול פדיקור רפואי ויבלת,sentence,nails,on_request,,website,/ops/businesses?branch=b9090e87-3422-4ae0-8847-4dec673e85a0
b4e3b0bf-1e09-45c8-b3eb-86fd34031691,b9090e87-3422-4ae0-8847-4dec673e85a0,נטלי קוסמטיקס,תל אביב–יפו,dan,ממליץ על פדיקור רפואי עד הבית מלון,sentence,nails,on_request,,website,/ops/businesses?branch=b9090e87-3422-4ae0-8847-4dec673e85a0
e4ae4c32-26d2-4909-9c47-74401a15a885,b9090e87-3422-4ae0-8847-4dec673e85a0,נטלי קוסמטיקס,תל אביב–יפו,dan,ממליצה על טיפול פדיקור רפואי עד הבית,sentence,nails,on_request,,website,/ops/businesses?branch=b9090e87-3422-4ae0-8847-4dec673e85a0
7df4da2c-c56e-4d6e-be3d-8e84ee6f941f,b9090e87-3422-4ae0-8847-4dec673e85a0,נטלי קוסמטיקס,תל אביב–יפו,dan,ממליצה על פדיקור רפואי בנטלי קוסמטיקס,sentence,nails,on_request,,website,/ops/businesses?branch=b9090e87-3422-4ae0-8847-4dec673e85a0
110e88dc-bbbd-4826-9db4-250e3c6ec87d,b9090e87-3422-4ae0-8847-4dec673e85a0,נטלי קוסמטיקס,תל אביב–יפו,dan,ממניקור פדיקור .,sentence,nails,on_request,,website,/ops/businesses?branch=b9090e87-3422-4ae0-8847-4dec673e85a0
2f0274f6-97cc-4ef5-bb62-887f735f80f8,ab1d8481-8948-4cac-8955-7bd1c4e630f1,yullia Tzahala - מומחים בהסרת שיער בלייזר | הזרקות | טיפול פנים | מניקור | פדיקור רפואי,תל אביב–יפו,dan,מניקור & מניקור לק ג’ל לילדים ונוער,sentence,nails,on_request,,website,/ops/businesses?branch=ab1d8481-8948-4cac-8955-7bd1c4e630f1
fb2bb3f6-338c-4c15-8fdc-af951c7c130c,976d943f-892f-4dc3-a180-0a45663580f5,yullia King George,תל אביב–יפו,dan,מניקור & מניקור לק ג’ל לילדים ונוער,sentence,nails,on_request,,website,/ops/businesses?branch=976d943f-892f-4dc3-a180-0a45663580f5
42d444d3-fa5c-4522-8c48-a3dee6226b3d,dacc8de0-1f8e-4477-87a2-0a4963319ac2,Yullia,תל אביב–יפו,dan,מניקור & מניקור לק ג’ל לילדים ונוער,sentence,nails,on_request,,website,/ops/businesses?branch=dacc8de0-1f8e-4477-87a2-0a4963319ac2
9c8b16f3-78be-4dc9-9c66-548daf14a299,38f43de7-2cc4-47ed-8683-9f8031c3eb42,yullia Yirmeyahu,תל אביב–יפו,dan,מניקור & מניקור לק ג’ל לילדים ונוער,sentence,nails,on_request,,website,/ops/businesses?branch=38f43de7-2cc4-47ed-8683-9f8031c3eb42
4888efc1-7ca2-47c4-b849-5d165446fb66,38f43de7-2cc4-47ed-8683-9f8031c3eb42,yullia Yirmeyahu,תל אביב–יפו,dan,מניקור & מניקור לק ג’ל לנשים,sentence,nails,on_request,,website,/ops/businesses?branch=38f43de7-2cc4-47ed-8683-9f8031c3eb42
493884c7-1b5b-4cba-83df-d7b0ec1a69b7,dacc8de0-1f8e-4477-87a2-0a4963319ac2,Yullia,תל אביב–יפו,dan,מניקור & מניקור לק ג’ל לנשים,sentence,nails,on_request,,website,/ops/businesses?branch=dacc8de0-1f8e-4477-87a2-0a4963319ac2
078b185b-ef62-423f-8dd2-a9e542cdae40,ab1d8481-8948-4cac-8955-7bd1c4e630f1,yullia Tzahala - מומחים בהסרת שיער בלייזר | הזרקות | טיפול פנים | מניקור | פדיקור רפואי,תל אביב–יפו,dan,מניקור & מניקור לק ג’ל לנשים,sentence,nails,on_request,,website,/ops/businesses?branch=ab1d8481-8948-4cac-8955-7bd1c4e630f1
631dee6f-0fe6-47ea-b9ac-71bca659280f,976d943f-892f-4dc3-a180-0a45663580f5,yullia King George,תל אביב–יפו,dan,מניקור & מניקור לק ג’ל לנשים,sentence,nails,on_request,,website,/ops/businesses?branch=976d943f-892f-4dc3-a180-0a45663580f5
d58e492d-219e-4784-8c5e-1f5b01f8be1b,8af31e3c-a298-4d41-933f-50031782d817,מסודרות,תל אביב–יפו,dan,"מניקור קלאסי, ערכת טיפוח ואמבט פרפין",product,nails,fixed,209,website,/ops/businesses?branch=8af31e3c-a298-4d41-933f-50031782d817
1893a3ba-ce43-47e1-ba28-371048794001,46e3c405-f43f-4c54-8e69-3405d446ad25,קרנית מלמד - המרכז לטיפולי קוסמטיקה רפואית,תל אביב–יפו,dan,מניקור- פינוק מושלם לידיים בריאות ויפות,sentence,nails,on_request,,website,/ops/businesses?branch=46e3c405-f43f-4c54-8e69-3405d446ad25
e37df6dd-5f1b-4785-b6de-ec2cf33f14e6,38f43de7-2cc4-47ed-8683-9f8031c3eb42,yullia Yirmeyahu,תל אביב–יפו,dan,מניקור/פדיקור /Manicure/Pedicure/Маникюр/Педикюр,sentence,nails,on_request,,website,/ops/businesses?branch=38f43de7-2cc4-47ed-8683-9f8031c3eb42
39730f41-014c-40e9-b790-582eced17bde,dacc8de0-1f8e-4477-87a2-0a4963319ac2,Yullia,תל אביב–יפו,dan,מניקור/פדיקור /Manicure/Pedicure/Маникюр/Педикюр,sentence,nails,on_request,,website,/ops/businesses?branch=dacc8de0-1f8e-4477-87a2-0a4963319ac2
30b21ce8-06e3-4af5-9a5a-f18bd7f29d2b,ab1d8481-8948-4cac-8955-7bd1c4e630f1,yullia Tzahala - מומחים בהסרת שיער בלייזר | הזרקות | טיפול פנים | מניקור | פדיקור רפואי,תל אביב–יפו,dan,מניקור/פדיקור /Manicure/Pedicure/Маникюр/Педикюр,sentence,nails,on_request,,website,/ops/businesses?branch=ab1d8481-8948-4cac-8955-7bd1c4e630f1
a61b6123-30a0-49a9-ab6f-19f290a42972,c97ce44a-ce4d-412a-adeb-44258f3ca251,Or medical cosmetic treatments,תל אביב–יפו,dan,מסקרה OUT הדגשה וסלסול ריסים IN,sentence,brows-lashes,on_request,,website,/ops/businesses?branch=c97ce44a-ce4d-412a-adeb-44258f3ca251
26a66159-a1a4-46ee-8f75-b9b15ba71b3b,2ea2ab17-1678-4a57-b255-4c4fb620740c,"מאי לי ביוטי - הדגשת תווי פנים: מיקרובליידינג, היפראליזם, מיקרושיידינג, הדגשת שפתיים, אייליינר, הסרת איפור קבוע בלייזר",תל אביב–יפו,dan,מעוניינת בייעוץ ? שלחי הודעה ונחזור אלייך בהקדם.,sentence,,free,0,website,/ops/businesses?branch=2ea2ab17-1678-4a57-b255-4c4fb620740c
c6fc3b61-8921-4edf-ad36-56da6e332018,2ea2ab17-1678-4a57-b255-4c4fb620740c,"מאי לי ביוטי - הדגשת תווי פנים: מיקרובליידינג, היפראליזם, מיקרושיידינג, הדגשת שפתיים, אייליינר, הסרת איפור קבוע בלייזר",תל אביב–יפו,dan,מעוניינת בפרטים ובייעוץ ?,article,,free,0,website,/ops/businesses?branch=2ea2ab17-1678-4a57-b255-4c4fb620740c
ccde679e-01f1-4f57-bee5-74a1910cd431,1983207e-fcbc-44a1-88d5-ed9821777dfa,Sharoomba Cosmetics שרומבה קוסמטיקה,תל אביב–יפו,dan,מפשעות ברזילאיות(לא כולל ישבן פנימי) – 12 טיפולים,sentence,,package,1900,website,/ops/businesses?branch=1983207e-fcbc-44a1-88d5-ed9821777dfa
cebe684d-cd82-4352-820f-a9dac1e8cc7e,73dcc4d5-53ab-492c-847c-0c9ebe462c3d,"ד""ר דרור בן-שלמה רופא שיניים וטיפולים אסתטיים בתל אביב",תל אביב–יפו,dan,"מצב השיניים הקיים: שחיקה, סדקים, כתמים",sentence,facials,on_request,,website,/ops/businesses?branch=73dcc4d5-53ab-492c-847c-0c9ebe462c3d
dcd768f1-b8ac-48cf-aebc-4095cad0313e,c97ce44a-ce4d-412a-adeb-44258f3ca251,Or medical cosmetic treatments,תל אביב–יפו,dan,מקבלת בברכה נערים | נערות עם צרכים מיוחדים טיפולי פנים בהתאמה אישית,sentence,facials,on_request,,website,/ops/businesses?branch=c97ce44a-ce4d-412a-adeb-44258f3ca251
c93320a6-5767-4f5f-b730-2d7ca23f84b8,22574d12-60c6-4a7d-8a02-e1f7da2b9c36,קליניקה כרמל - טיפול בפטרת ציפורניים בתל אביב,תל אביב–יפו,dan,מקומות בהם נפוץ להידבק מפטרת ציפורניים,sentence,nails,on_request,,website,/ops/businesses?branch=22574d12-60c6-4a7d-8a02-e1f7da2b9c36
a859b7af-d476-4fa3-a30e-aa8537a1cfe9,c97ce44a-ce4d-412a-adeb-44258f3ca251,Or medical cosmetic treatments,תל אביב–יפו,dan,מקור הכתמים נמצא בעומק העור ולכן הטיפול נעשה בשילוב,sentence,facials,on_request,,website,/ops/businesses?branch=c97ce44a-ce4d-412a-adeb-44258f3ca251
10162ee5-b3df-4d38-b703-db766bae0f90,4125d5eb-f414-4c25-b3dd-0e8069a75afa,הסרת נגעי עור | הסרת נקודות חן | הסרת קונדילומה | הסרת שומות | אנגיוקרטומה | קסנטלזמה | נקודות אדומות (המנגיומות) - Medical-C,תל אביב–יפו,dan,"מקצועי, שאלות נפוצות וטיפולי לייזר להסרת נגעי עור.",sentence,,on_request,,website,/ops/businesses?branch=4125d5eb-f414-4c25-b3dd-0e8069a75afa
521dbb17-5d66-49e3-9e60-1362b38a1415,64b5961c-3884-407b-8737-9b72f855f632,The Beauty Lounge,תל אביב–יפו,dan,מריחת ג׳ל – סידור ועיצוב הציפורן ומריחת ג׳ל ב,sentence,,fixed,159,website,/ops/businesses?branch=64b5961c-3884-407b-8737-9b72f855f632
5678a691-5b05-46bc-9e50-6b7169f2aaec,c32691a2-ca0a-4d69-ac16-370d93db0799,מוסקונה - מרפאות לניתוחים פלסטיים הזרקות וטיפולים משלימים,תל אביב–יפו,dan,מרפאות מוסקונה &raquo; ניתוחי חזה,sentence,plastic-surgery,on_request,,website,/ops/businesses?branch=c32691a2-ca0a-4d69-ac16-370d93db0799
eb9d1828-65cd-4f9c-ba4a-2c0ff388ebb1,c32691a2-ca0a-4d69-ac16-370d93db0799,מוסקונה - מרפאות לניתוחים פלסטיים הזרקות וטיפולים משלימים,תל אביב–יפו,dan,מרפאות מוסקונה &raquo; ניתוחי חזה &raquo; הגדלת חזה,sentence,plastic-surgery,on_request,,website,/ops/businesses?branch=c32691a2-ca0a-4d69-ac16-370d93db0799
f2cadbb7-3384-47d6-b573-e6fa649634ce,c32691a2-ca0a-4d69-ac16-370d93db0799,מוסקונה - מרפאות לניתוחים פלסטיים הזרקות וטיפולים משלימים,תל אביב–יפו,dan,מרפאות מוסקונה &raquo; ניתוחי חזה &raquo; הרמת חזה,sentence,plastic-surgery,on_request,,website,/ops/businesses?branch=c32691a2-ca0a-4d69-ac16-370d93db0799
e38e7d2a-9958-4dc7-9b49-e971e3497a61,c32691a2-ca0a-4d69-ac16-370d93db0799,מוסקונה - מרפאות לניתוחים פלסטיים הזרקות וטיפולים משלימים,תל אביב–יפו,dan,מרפאות מוסקונה ניתוחים פלסטיים וטיפולי אסתטיקה,sentence,plastic-surgery,on_request,,website,/ops/businesses?branch=c32691a2-ca0a-4d69-ac16-370d93db0799
b73fde65-9a0a-4a76-b80e-3c5d28ae7b58,e2015e53-cb22-4eba-b819-7efea95d1963,מרכז כירורגי שוורץ - ארד,תל אביב–יפו,dan,מרפאת ניתוחי פה ולסת במרכז – מרכז כירורגי שוורץ-ארד,sentence,plastic-surgery,on_request,,website,/ops/businesses?branch=e2015e53-cb22-4eba-b819-7efea95d1963
42baedc7-e469-4dfe-a6e4-fe0782fe7254,1a02e569-909f-430f-82f6-3a144f206baa,"ד""ר דורון אבניאלי, השתלות שיניים, טיפולי שיניים בהרדמה מלאה",תל אביב–יפו,dan,משחררים פקטורי ריפוי ומזרזים את קצב ריפוי הפצע ניתוחי.,sentence,,on_request,,website,/ops/businesses?branch=1a02e569-909f-430f-82f6-3a144f206baa
8c1321cc-f5c5-44bb-8147-84e463c29ab2,b34e54bc-33f3-4d27-8ae0-3ab122dc7895,"כירורגיה פלסטית ואסתטית | ד""ר אייל שפירא",תל אביב–יפו,dan,משך ההחלמה של ניתוח נרתיק רחב אחרי לידה,sentence,plastic-surgery,on_request,,website,/ops/businesses?branch=b34e54bc-33f3-4d27-8ae0-3ab122dc7895
98cb6cf9-8cb1-41d8-a22b-2ae5173e09a3,960f825a-daf1-4751-833f-e798cc293459,Horizon Spa,תל אביב–יפו,dan,"מתחם סאונות הכולל סאונה רטובה, סאונה יבשה וסאונת מלח",sentence,spa-massage,on_request,,website,/ops/businesses?branch=960f825a-daf1-4751-833f-e798cc293459
3034eb04-9c32-4394-81f5-9c85e2ee7bcd,9de5fe8a-48df-47f1-9013-3c5653e3b84a,"ד""ר ערן חדד - מנתח פלסטי, מומחה לכירורגיה פלסטית - כירורג פלסטי",תל אביב–יפו,dan,מתיחת בטן ושאיבת שומן שאיבת שומן מתיחת זרועות,sentence,plastic-surgery,on_request,,website,/ops/businesses?branch=9de5fe8a-48df-47f1-9013-3c5653e3b84a
585601bc-9d0f-41c6-8e05-f611f55bb94d,53c9fbe6-c038-45f0-a742-9c4aa40f82f6,"ד""ר אור פרידמן מומחה לכירורגיה פלסטית משחזרת ואסתטית",תל אביב–יפו,dan,"מתיחת בטן רב-שכבתית, Multi-Level Abdominoplasty",sentence,plastic-surgery,on_request,,website,/ops/businesses?branch=53c9fbe6-c038-45f0-a742-9c4aa40f82f6
25ef4ef0-62bd-4824-8991-7d701681c678,9de5fe8a-48df-47f1-9013-3c5653e3b84a,"ד""ר ערן חדד - מנתח פלסטי, מומחה לכירורגיה פלסטית - כירורג פלסטי",תל אביב–יפו,dan,מתיחת בטן שאיבת שומן בבטן מיני מתיחת בטן,sentence,plastic-surgery,on_request,,website,/ops/businesses?branch=9de5fe8a-48df-47f1-9013-3c5653e3b84a
725de2ea-a3f5-418f-bafb-87318a3d8d26,459b4ea6-3f45-44f9-940a-ba6cef88b204,"ד""ר יאיר יוסף",תל אביב–יפו,dan,"מתיחת פנים בחוטים - ד""ר יאיר יוסף",sentence,plastic-surgery,on_request,,website,/ops/businesses?branch=459b4ea6-3f45-44f9-940a-ba6cef88b204
04370f2d-65d9-4fda-a700-2c1ab7f5cd68,c32691a2-ca0a-4d69-ac16-370d93db0799,מוסקונה - מרפאות לניתוחים פלסטיים הזרקות וטיפולים משלימים,תל אביב–יפו,dan,מתיחת פנים ללא ניתוח באמצעות חוטים,sentence,plastic-surgery,on_request,,website,/ops/businesses?branch=c32691a2-ca0a-4d69-ac16-370d93db0799
144f72a3-de3c-46e6-a14b-dd3e9b2eff37,b34e54bc-33f3-4d27-8ae0-3ab122dc7895,"כירורגיה פלסטית ואסתטית | ד""ר אייל שפירא",תל אביב–יפו,dan,מתיחת פנים עם חוטים ללא ניתוח,sentence,plastic-surgery,on_request,,website,/ops/businesses?branch=b34e54bc-33f3-4d27-8ae0-3ab122dc7895
25c7d5a1-0350-4d3e-8f40-725901e56181,54ee89bb-3240-4ccd-bf88-bdcdb2dd189e,Doctor Ram Silfen - Tel Aviv Plastic,תל אביב–יפו,dan,"מתיחת פנים, ניתוח עפעפיים, מתיחת צוואר,עיצוב סנטר",sentence,plastic-surgery,on_request,,website,/ops/businesses?branch=54ee89bb-3240-4ccd-bf88-bdcdb2dd189e
891adc83-8921-46bf-8829-969aee054f9b,5583a955-dc96-4c3b-9d44-3a7500bf06ba,"ד""ר אלי כלב - רפואה אסתטית ללא ניתוח",תל אביב–יפו,dan,מתיחת צוואר והדגשת קו הלסת -Nefertiti lift,sentence,,fixed,3000,website,/ops/businesses?branch=5583a955-dc96-4c3b-9d44-3a7500bf06ba
f0ea22e3-3f0a-4481-98b6-a89a071452ce,9de5fe8a-48df-47f1-9013-3c5653e3b84a,"ד""ר ערן חדד - מנתח פלסטי, מומחה לכירורגיה פלסטית - כירורג פלסטי",תל אביב–יפו,dan,מתיחת צוואר שאיבת שומן בצוואר מתיחת פנים,sentence,plastic-surgery,on_request,,website,/ops/businesses?branch=9de5fe8a-48df-47f1-9013-3c5653e3b84a
95e7f981-d0b9-42fd-a11d-83d3bf5786ce,23ca4a86-1c20-4b51-a8b6-30a5c76f4a95,"ד""ר אכי פרידמן",תל אביב–יפו,dan,נאספות באופן אנונימי ומשמשות לניתוח ושיפור ביצועי האתר,sentence,plastic-surgery,on_request,,website,/ops/businesses?branch=23ca4a86-1c20-4b51-a8b6-30a5c76f4a95
c678bdeb-069b-450d-8d0a-82d38c4ed8ca,c97ce44a-ce4d-412a-adeb-44258f3ca251,Or medical cosmetic treatments,תל אביב–יפו,dan,נוירו לימפו מסאג’ – טיפול פנים קוסמטי טבעי,sentence,facials,on_request,,website,/ops/businesses?branch=c97ce44a-ce4d-412a-adeb-44258f3ca251
24e25819-f9a0-42f1-8e1f-89a03f6a352b,b9090e87-3422-4ae0-8847-4dec673e85a0,נטלי קוסמטיקס,תל אביב–יפו,dan,נטלי קוסמטיקס | פדיקור רפואי בתל אביב,sentence,nails,on_request,,website,/ops/businesses?branch=b9090e87-3422-4ae0-8847-4dec673e85a0
1e38e985-2208-4768-b621-b5375d6662b8,976d943f-892f-4dc3-a180-0a45663580f5,yullia King George,תל אביב–יפו,dan,ניקוב חורים באוזניים ללא אקדח' | Painless no-gun ear piercing,sentence,,on_request,,website,/ops/businesses?branch=976d943f-892f-4dc3-a180-0a45663580f5
716e72c3-8043-490f-81ec-8557b1f7b935,46e3c405-f43f-4c54-8e69-3405d446ad25,קרנית מלמד - המרכז לטיפולי קוסמטיקה רפואית,תל אביב–יפו,dan,ניקוי וניקוז קומדונים (ניקוי עמוק).,sentence,facials,on_request,,website,/ops/businesses?branch=46e3c405-f43f-4c54-8e69-3405d446ad25
6d0b56ea-9fe3-44ef-851d-0726e99f6b13,54ee89bb-3240-4ccd-bf88-bdcdb2dd189e,Doctor Ram Silfen - Tel Aviv Plastic,תל אביב–יפו,dan,ניתוח FFS - מרכז תל אביב לכירורגיה פלסטית,sentence,plastic-surgery,on_request,,website,/ops/businesses?branch=54ee89bb-3240-4ccd-bf88-bdcdb2dd189e
503a73b9-a1c6-4eaa-ab47-0ea0c07aaa0c,54ee89bb-3240-4ccd-bf88-bdcdb2dd189e,Doctor Ram Silfen - Tel Aviv Plastic,תל אביב–יפו,dan,ניתוח FFS – הניתוחים המבוצעים בשליש העליון של הפנים,sentence,plastic-surgery,on_request,,website,/ops/businesses?branch=54ee89bb-3240-4ccd-bf88-bdcdb2dd189e
3c6ddea4-9346-4c50-a344-8b3a1ddf7939,e2015e53-cb22-4eba-b819-7efea95d1963,מרכז כירורגי שוורץ - ארד,תל אביב–יפו,dan,ניתוח אורתוגנטי: לפני ואחרי – תוצאות מדהימות שמשנות חיים,sentence,plastic-surgery,on_request,,website,/ops/businesses?branch=e2015e53-cb22-4eba-b819-7efea95d1963
860221b0-4ad6-4423-b564-80ba9c94f22e,b34e54bc-33f3-4d27-8ae0-3ab122dc7895,"כירורגיה פלסטית ואסתטית | ד""ר אייל שפירא",תל אביב–יפו,dan,"ניתוח אסתטי לקראת אירוע- ד""ר אייל שפירא",sentence,plastic-surgery,on_request,,website,/ops/businesses?branch=b34e54bc-33f3-4d27-8ae0-3ab122dc7895
5d61d39f-4158-4417-821f-9c6700206a88,b34e54bc-33f3-4d27-8ae0-3ab122dc7895,"כירורגיה פלסטית ואסתטית | ד""ר אייל שפירא",תל אביב–יפו,dan,ניתוח גניקומסטיה – סיפור אישי וחשוף מחדר הניתוחים,sentence,plastic-surgery,on_request,,website,/ops/businesses?branch=b34e54bc-33f3-4d27-8ae0-3ab122dc7895
bdaa6798-0772-4c8e-a298-33c682fc3421,2df2cf51-e69b-482e-9c6c-c609803964af,דר' שיין - מומחה בכירורגיה פלסטית,תל אביב–יפו,dan,ניתוח הגדלת חזה נמשך כשעה בדרך כלל קצת פחות.,sentence,plastic-surgery,on_request,,website,/ops/businesses?branch=2df2cf51-e69b-482e-9c6c-c609803964af
2de61c00-26b1-4a41-b919-30265258c870,9de5fe8a-48df-47f1-9013-3c5653e3b84a,"ד""ר ערן חדד - מנתח פלסטי, מומחה לכירורגיה פלסטית - כירורג פלסטי",תל אביב–יפו,dan,ניתוח הצמדת אוזניים - סרטוני וידאו,sentence,plastic-surgery,on_request,,website,/ops/businesses?branch=9de5fe8a-48df-47f1-9013-3c5653e3b84a
0b4099d1-9dd7-424a-b8cc-9176064e2b9c,54ee89bb-3240-4ccd-bf88-bdcdb2dd189e,Doctor Ram Silfen - Tel Aviv Plastic,תל אביב–יפו,dan,ניתוח הצמדת אוזניים – המדריך המלא,sentence,plastic-surgery,on_request,,website,/ops/businesses?branch=54ee89bb-3240-4ccd-bf88-bdcdb2dd189e
f2aa2016-f854-421d-b2e5-0020b5bc09d1,b34e54bc-33f3-4d27-8ae0-3ab122dc7895,"כירורגיה פלסטית ואסתטית | ד""ר אייל שפירא",תל אביב–יפו,dan,ניתוח הרמת גבות לנשים: המדריך המקיף,sentence,plastic-surgery,on_request,,website,/ops/businesses?branch=b34e54bc-33f3-4d27-8ae0-3ab122dc7895
ec622c40-2222-41f2-bcef-9014cc408960,c32691a2-ca0a-4d69-ac16-370d93db0799,מוסקונה - מרפאות לניתוחים פלסטיים הזרקות וטיפולים משלימים,תל אביב–יפו,dan,ניתוח הרמת חזה – המראה החדש,sentence,plastic-surgery,on_request,,website,/ops/businesses?branch=c32691a2-ca0a-4d69-ac16-370d93db0799
2d82768f-0b92-49a6-abff-adc429a668c3,c32691a2-ca0a-4d69-ac16-370d93db0799,מוסקונה - מרפאות לניתוחים פלסטיים הזרקות וטיפולים משלימים,תל אביב–יפו,dan,ניתוח הרמת חזה – תופעות לוואי וסיבוכים,sentence,plastic-surgery,on_request,,website,/ops/businesses?branch=c32691a2-ca0a-4d69-ac16-370d93db0799
bb238602-2e1b-421d-a552-1cdffc63381b,b34e54bc-33f3-4d27-8ae0-3ab122dc7895,"כירורגיה פלסטית ואסתטית | ד""ר אייל שפירא",תל אביב–יפו,dan,ניתוח לביופלסטיקה: כל מה שצריך לדעת,sentence,plastic-surgery,on_request,,website,/ops/businesses?branch=b34e54bc-33f3-4d27-8ae0-3ab122dc7895
98852808-2607-4f1a-8eec-10bc902c0ac3,54ee89bb-3240-4ccd-bf88-bdcdb2dd189e,Doctor Ram Silfen - Tel Aviv Plastic,תל אביב–יפו,dan,ניתוח להסרת שומן מהלחי (Buccal fat pad reduction),sentence,plastic-surgery,on_request,,website,/ops/businesses?branch=54ee89bb-3240-4ccd-bf88-bdcdb2dd189e
c6af2261-8571-4306-9c99-f884d1895c1b,b34e54bc-33f3-4d27-8ae0-3ab122dc7895,"כירורגיה פלסטית ואסתטית | ד""ר אייל שפירא",תל אביב–יפו,dan,ניתוח מאמי מייק אובר ( בטן+חזה),sentence,plastic-surgery,on_request,,website,/ops/businesses?branch=b34e54bc-33f3-4d27-8ae0-3ab122dc7895
4109cdf8-7970-4422-a23b-29e1def2c3b2,9de5fe8a-48df-47f1-9013-3c5653e3b84a,"ד""ר ערן חדד - מנתח פלסטי, מומחה לכירורגיה פלסטית - כירורג פלסטי",תל אביב–יפו,dan,ניתוח מתיחת צוואר - טכניקות מתקדמות,sentence,plastic-surgery,on_request,,website,/ops/businesses?branch=9de5fe8a-48df-47f1-9013-3c5653e3b84a
bf1b86bd-91ed-457b-b73b-90fa0a2ff1cd,c32691a2-ca0a-4d69-ac16-370d93db0799,מוסקונה - מרפאות לניתוחים פלסטיים הזרקות וטיפולים משלימים,תל אביב–יפו,dan,ניתוח סנטר משולב עם ניתוח אף,sentence,plastic-surgery,on_request,,website,/ops/businesses?branch=c32691a2-ca0a-4d69-ac16-370d93db0799
b524c6c2-2fb6-4aea-88e4-79a00ed30b24,54ee89bb-3240-4ccd-bf88-bdcdb2dd189e,Doctor Ram Silfen - Tel Aviv Plastic,תל אביב–יפו,dan,ניתוח פנים וצוואר עדויות – דינה,sentence,plastic-surgery,on_request,,website,/ops/businesses?branch=54ee89bb-3240-4ccd-bf88-bdcdb2dd189e
fb431079-cf9e-4568-b07c-c7729f696452,54ee89bb-3240-4ccd-bf88-bdcdb2dd189e,Doctor Ram Silfen - Tel Aviv Plastic,תל אביב–יפו,dan,ניתוחי המבוצעים בשליש האמצעי והתחתון של הפנים,sentence,plastic-surgery,on_request,,website,/ops/businesses?branch=54ee89bb-3240-4ccd-bf88-bdcdb2dd189e
55e24081-b8c6-49b7-ba53-c352497ffce3,1e8c108d-20ea-4043-bd39-5461c64f0c86,"ד""ר נועם חי | מנתח פלסטי בכיר בתל אביב",תל אביב–יפו,dan,ניתוחי הקטנת חזה משפרים את איכות החיים,sentence,plastic-surgery,on_request,,website,/ops/businesses?branch=1e8c108d-20ea-4043-bd39-5461c64f0c86
95211220-78e7-49e0-8367-1302af604227,c32691a2-ca0a-4d69-ac16-370d93db0799,מוסקונה - מרפאות לניתוחים פלסטיים הזרקות וטיפולים משלימים,תל אביב–יפו,dan,ניתוחי חזה Archives &ndash; מרפאות מוסקונה,sentence,plastic-surgery,on_request,,website,/ops/businesses?branch=c32691a2-ca0a-4d69-ac16-370d93db0799
e9aaed0f-3fd0-4f40-bca2-8454a444861a,1e8c108d-20ea-4043-bd39-5461c64f0c86,"ד""ר נועם חי | מנתח פלסטי בכיר בתל אביב",תל אביב–יפו,dan,"ניתוחי פנים: ניתוח אף, הצמדת אוזניים",sentence,plastic-surgery,on_request,,website,/ops/businesses?branch=1e8c108d-20ea-4043-bd39-5461c64f0c86
63a0ac44-675f-4110-8277-a3a50efc1c78,b34e54bc-33f3-4d27-8ae0-3ab122dc7895,"כירורגיה פלסטית ואסתטית | ד""ר אייל שפירא",תל אביב–יפו,dan,"ניתוחים אסתטיים לאזור העיניים - ד""ר אייל שפירא",sentence,plastic-surgery,on_request,,website,/ops/businesses?branch=b34e54bc-33f3-4d27-8ae0-3ab122dc7895
5d54254b-b1e4-4adc-8484-c112deb89606,54ee89bb-3240-4ccd-bf88-bdcdb2dd189e,Doctor Ram Silfen - Tel Aviv Plastic,תל אביב–יפו,dan,"ניתוחים לאחר תאונות דרכים, כוויות וניתוחים פלסטיים",sentence,plastic-surgery,on_request,,website,/ops/businesses?branch=54ee89bb-3240-4ccd-bf88-bdcdb2dd189e
f02c9c5a-15d3-48f1-a6b5-a90078db90bf,b34e54bc-33f3-4d27-8ae0-3ab122dc7895,"כירורגיה פלסטית ואסתטית | ד""ר אייל שפירא",תל אביב–יפו,dan,"ניתוחים משולבים לעיצוב הגוף- ד""ר אייל שפירא",sentence,plastic-surgery,on_request,,website,/ops/businesses?branch=b34e54bc-33f3-4d27-8ae0-3ab122dc7895
4748093a-01d7-4642-8d82-b91013517d0b,b471583e-01ec-4a83-82f2-82912addd521,Winkler Clinic - Prof. Eyal Winkler,תל אביב–יפו,dan,ניתוחים פלסטיים | טיפולים אסתטיים | וינקלר קליניק,sentence,plastic-surgery,on_request,,website,/ops/businesses?branch=b471583e-01ec-4a83-82f2-82912addd521
1b2f8925-3768-4bca-a244-6cbccddfee20,1e8c108d-20ea-4043-bd39-5461c64f0c86,"ד""ר נועם חי | מנתח פלסטי בכיר בתל אביב",תל אביב–יפו,dan,ניתוחים פלסטיים מתחלקים לשני תחומי עשיה עיקריים,sentence,plastic-surgery,on_request,,website,/ops/businesses?branch=1e8c108d-20ea-4043-bd39-5461c64f0c86
95b41f5e-3975-419d-a2b5-3054fd37f4bd,c97ce44a-ce4d-412a-adeb-44258f3ca251,Or medical cosmetic treatments,תל אביב–יפו,dan,ניתן להבחין בברור שהעור מגורה ופצוע ועם פיגמנטציה,sentence,facials,on_request,,website,/ops/businesses?branch=c97ce44a-ce4d-412a-adeb-44258f3ca251
a9157ea0-cfba-4a7c-892a-c4b866ba9135,2df2cf51-e69b-482e-9c6c-c609803964af,דר' שיין - מומחה בכירורגיה פלסטית,תל אביב–יפו,dan,"נכון לפברואר 2026, הגדלת חזה בסיסית עם שתלי mesmo עולה",sentence,plastic-surgery,fixed,26200,website,/ops/businesses?branch=2df2cf51-e69b-482e-9c6c-c609803964af
b2fc45d5-987c-4ffa-ba64-a036e9f76543,428f7a54-124c-4b2c-917a-1c0772906303,"PRPclinic - טיפולי PRP, IPRF ו-CGF לנשירת שיער ואסתטיקה רפואית",תל אביב–יפו,dan,נפלאות הבוטוקס לפנים – ריענון המראה בקלות,sentence,medical-aesthetics,on_request,,website,/ops/businesses?branch=428f7a54-124c-4b2c-917a-1c0772906303
beef4de8-fae5-4961-a824-273658f684ef,46e3c405-f43f-4c54-8e69-3405d446ad25,קרנית מלמד - המרכז לטיפולי קוסמטיקה רפואית,תל אביב–יפו,dan,סדרת אנטי אייגינג,package,facials,on_request,,website,/ops/businesses?branch=46e3c405-f43f-4c54-8e69-3405d446ad25
89b0108a-c5de-49f3-a85a-0e0e23501d35,46e3c405-f43f-4c54-8e69-3405d446ad25,קרנית מלמד - המרכז לטיפולי קוסמטיקה רפואית,תל אביב–יפו,dan,סדרת הבהרה,package,hair-salons,on_request,,website,/ops/businesses?branch=46e3c405-f43f-4c54-8e69-3405d446ad25
6e0e9635-6685-4968-8a43-e5b73ba7b546,1983207e-fcbc-44a1-88d5-ed9821777dfa,Sharoomba Cosmetics שרומבה קוסמטיקה,תל אביב–יפו,dan,סדרת לייזר אוזניים – 12 טיפולים,package,,package,900,website,/ops/businesses?branch=1983207e-fcbc-44a1-88d5-ed9821777dfa
f5c69317-b8ef-43db-9c32-bc049461d72d,1983207e-fcbc-44a1-88d5-ed9821777dfa,Sharoomba Cosmetics שרומבה קוסמטיקה,תל אביב–יפו,dan,סדרת לייזר בתי שחי – 12 טיפולים,package,,package,1200,website,/ops/businesses?branch=1983207e-fcbc-44a1-88d5-ed9821777dfa
45466bb6-d8d0-4351-acd7-e9b939f88426,1983207e-fcbc-44a1-88d5-ed9821777dfa,Sharoomba Cosmetics שרומבה קוסמטיקה,תל אביב–יפו,dan,סדרת לייזר גב מלא – 12 טיפולים,package,,package,4000,website,/ops/businesses?branch=1983207e-fcbc-44a1-88d5-ed9821777dfa
7f37bb74-25a1-4dae-a4c4-77a7fc0442ac,1983207e-fcbc-44a1-88d5-ed9821777dfa,Sharoomba Cosmetics שרומבה קוסמטיקה,תל אביב–יפו,dan,סדרת לייזר חזה מלא אישה – 12 טיפולים,package,,package,2400,website,/ops/businesses?branch=1983207e-fcbc-44a1-88d5-ed9821777dfa
5ed05bb0-b164-4884-b454-bfad4542c314,1983207e-fcbc-44a1-88d5-ed9821777dfa,Sharoomba Cosmetics שרומבה קוסמטיקה,תל אביב–יפו,dan,סדרת לייזר חזה מלא גבר – 12 טיפולים,package,,package,3000,website,/ops/businesses?branch=1983207e-fcbc-44a1-88d5-ed9821777dfa
a4446690-e79c-45c0-891d-5324c61d7b68,1983207e-fcbc-44a1-88d5-ed9821777dfa,Sharoomba Cosmetics שרומבה קוסמטיקה,תל אביב–יפו,dan,סדרת לייזר חצי גב תחתון/עליון – 12 טיפולים,package,,package,2000,website,/ops/businesses?branch=1983207e-fcbc-44a1-88d5-ed9821777dfa
fce880fb-1bd8-4a5a-a123-6e0647eee383,1983207e-fcbc-44a1-88d5-ed9821777dfa,Sharoomba Cosmetics שרומבה קוסמטיקה,תל אביב–יפו,dan,סדרת לייזר ישבן חיצוני – 12 טיפולים,package,,package,1500,website,/ops/businesses?branch=1983207e-fcbc-44a1-88d5-ed9821777dfa
b72aebb5-ce5a-40b4-bfa1-eff3bb3bc60a,1983207e-fcbc-44a1-88d5-ed9821777dfa,Sharoomba Cosmetics שרומבה קוסמטיקה,תל אביב–יפו,dan,סדרת לייזר ישבן פנימי – 12 טיפולים,package,,package,1080,website,/ops/businesses?branch=1983207e-fcbc-44a1-88d5-ed9821777dfa
19ec2f31-57cd-4080-a2a5-7320c9a5a618,1983207e-fcbc-44a1-88d5-ed9821777dfa,Sharoomba Cosmetics שרומבה קוסמטיקה,תל אביב–יפו,dan,סדרת לייזר כתפיים אישה – 12 טיפולים,package,,package,1800,website,/ops/businesses?branch=1983207e-fcbc-44a1-88d5-ed9821777dfa
8973cedd-db78-42ad-b929-0ec2db3400b0,1983207e-fcbc-44a1-88d5-ed9821777dfa,Sharoomba Cosmetics שרומבה קוסמטיקה,תל אביב–יפו,dan,סדרת לייזר כתפיים גבר – 12 טיפולים,package,,package,2800,website,/ops/businesses?branch=1983207e-fcbc-44a1-88d5-ed9821777dfa
0b2491b0-2b45-44ea-b48e-434609833d00,1983207e-fcbc-44a1-88d5-ed9821777dfa,Sharoomba Cosmetics שרומבה קוסמטיקה,תל אביב–יפו,dan,סדרת לייזר לחיים 12 טיפולים,package,,package,1000,website,/ops/businesses?branch=1983207e-fcbc-44a1-88d5-ed9821777dfa
ba98b98a-69ef-4b99-9f45-1fa5abaed14a,1983207e-fcbc-44a1-88d5-ed9821777dfa,Sharoomba Cosmetics שרומבה קוסמטיקה,תל אביב–יפו,dan,סדרת לייזר סנטר- 12 טיפולים,package,,package,900,website,/ops/businesses?branch=1983207e-fcbc-44a1-88d5-ed9821777dfa
dc5bd944-267a-42fe-8804-25540d496ce7,1983207e-fcbc-44a1-88d5-ed9821777dfa,Sharoomba Cosmetics שרומבה קוסמטיקה,תל אביב–יפו,dan,סדרת לייזר עורף – 12 טיפולים,package,,package,1000,website,/ops/businesses?branch=1983207e-fcbc-44a1-88d5-ed9821777dfa
0d226e23-3832-480b-9967-84e623526674,1983207e-fcbc-44a1-88d5-ed9821777dfa,Sharoomba Cosmetics שרומבה קוסמטיקה,תל אביב–יפו,dan,סדרת לייזר פאות – 12 טיפולים,package,,package,900,website,/ops/businesses?branch=1983207e-fcbc-44a1-88d5-ed9821777dfa
4d30df12-2ca2-48ed-94c0-a73900bf56e4,1983207e-fcbc-44a1-88d5-ed9821777dfa,Sharoomba Cosmetics שרומבה קוסמטיקה,תל אביב–יפו,dan,סדרת לייזר פטמות – 12 טיפולים,package,,package,1200,website,/ops/businesses?branch=1983207e-fcbc-44a1-88d5-ed9821777dfa
5fb11b7e-8e5c-44c4-80a6-845037737696,1983207e-fcbc-44a1-88d5-ed9821777dfa,Sharoomba Cosmetics שרומבה קוסמטיקה,תל אביב–יפו,dan,סדרת לייזר פנים מלאות – 12 טיפולים,package,,package,2200,website,/ops/businesses?branch=1983207e-fcbc-44a1-88d5-ed9821777dfa
5e7c2aa2-250e-44d1-9c2c-67441db17088,1983207e-fcbc-44a1-88d5-ed9821777dfa,Sharoomba Cosmetics שרומבה קוסמטיקה,תל אביב–יפו,dan,סדרת לייזר צוואר – 12 טיפולים,package,,package,1000,website,/ops/businesses?branch=1983207e-fcbc-44a1-88d5-ed9821777dfa
b635d459-d26c-459a-becd-4d5b1bfe5d1a,1983207e-fcbc-44a1-88d5-ed9821777dfa,Sharoomba Cosmetics שרומבה קוסמטיקה,תל אביב–יפו,dan,סדרת לייזר שפם – 12 טיפולים,package,,package,1000,website,/ops/businesses?branch=1983207e-fcbc-44a1-88d5-ed9821777dfa
dafdd390-7bed-42a3-8728-7a8c0cf349d6,596ba9f5-fd64-4973-a164-a5c73ca72f1c,Shooshka,תל אביב–יפו,dan,"סידור הציפורניים, העור מסביב, עיסוי בקרם ומריחת לק",sentence,nails,on_request,,website,/ops/businesses?branch=596ba9f5-fd64-4973-a164-a5c73ca72f1c
0db3c19a-35dc-4021-8690-c57b698257b8,8af31e3c-a298-4d41-933f-50031782d817,מסודרות,תל אביב–יפו,dan,"סידור, הסרת עור, קרם ופוליש",product,,fixed,119,website,/ops/businesses?branch=8af31e3c-a298-4d41-933f-50031782d817
626f5d52-ca8e-4a24-b97f-44790613e96c,758de1cc-ed61-4ff7-97b1-0720b36184a0,"ד״ר אודי ארד, מומחה בניתוחים פלסטיים וטיפולים אסתטיים",תל אביב–יפו,dan,סיכום עקרונות טיפול לאחר ניתוח הקטנת חזה,sentence,plastic-surgery,on_request,,website,/ops/businesses?branch=758de1cc-ed61-4ff7-97b1-0720b36184a0
36636a20-871f-477b-9a6b-f0d3e60bbd01,c32691a2-ca0a-4d69-ac16-370d93db0799,מוסקונה - מרפאות לניתוחים פלסטיים הזרקות וטיפולים משלימים,תל אביב–יפו,dan,סיכונים וסיבוכים בעקבות ניתוח הגדלת חזה,sentence,plastic-surgery,on_request,,website,/ops/businesses?branch=c32691a2-ca0a-4d69-ac16-370d93db0799
144bd03b-bbd0-4e94-a07c-4b89214d57a0,960f825a-daf1-4751-833f-e798cc293459,Horizon Spa,תל אביב–יפו,dan,ספא בתל אביב הייחודיות שלנו ב- SPA HORIZON,sentence,spa-massage,on_request,,website,/ops/businesses?branch=960f825a-daf1-4751-833f-e798cc293459
c0e4ebe7-48f7-467e-9846-afede77843df,c32691a2-ca0a-4d69-ac16-370d93db0799,מוסקונה - מרפאות לניתוחים פלסטיים הזרקות וטיפולים משלימים,תל אביב–יפו,dan,סקולפטרה (Sculptra) – עיכוב תהליך ההזדקנות,sentence,medical-aesthetics,on_request,,website,/ops/businesses?branch=c32691a2-ca0a-4d69-ac16-370d93db0799
06e553d9-7e5b-4c71-b48b-8b8950f8bc81,428f7a54-124c-4b2c-917a-1c0772906303,"PRPclinic - טיפולי PRP, IPRF ו-CGF לנשירת שיער ואסתטיקה רפואית",תל אביב–יפו,dan,סקולפטרה לשיפור מראה העור באמצעות חומצה פולילקטית,sentence,medical-aesthetics,on_request,,website,/ops/businesses?branch=428f7a54-124c-4b2c-917a-1c0772906303
b276c301-879a-4938-9ddf-35e3be64bba2,4c6fbe8b-f945-4e62-8586-8c94d711366f,אנזו מד Anzo Med,תל אביב–יפו,dan,סקין בוסטר ומזותרפיה לשיפור מרקם העור,sentence,medical-aesthetics,on_request,,website,/ops/businesses?branch=4c6fbe8b-f945-4e62-8586-8c94d711366f
3d657069-bd3a-4f12-9c69-8f1b82f62719,31cd10f7-8728-4caf-b8d5-a52fafdfb6bf,רעות ששון – עיצוב גבות ואיפור קבוע בצפון תל אביב,תל אביב–יפו,dan,סרגל מדידה + הדרכה דיגיטלית כולל משלוח,sentence,,fixed,149,website,/ops/businesses?branch=31cd10f7-8728-4caf-b8d5-a52fafdfb6bf
f20e6f0b-99af-4527-8f46-930e023b8c88,1e8c108d-20ea-4043-bd39-5461c64f0c86,"ד""ר נועם חי | מנתח פלסטי בכיר בתל אביב",תל אביב–יפו,dan,"סרטונים וראיונות עם ד""ר נועם חי סרטונים הגדלת חזה",sentence,plastic-surgery,on_request,,website,/ops/businesses?branch=1e8c108d-20ea-4043-bd39-5461c64f0c86
b3956a6b-05ec-4cbe-8b46-a572f2b6ebfe,e0e7c443-ee21-4be5-8bb3-2568adf37232,אתר דוקטור חן,תל אביב–יפו,dan,סרטונים על השתלות שיניים ושיקום הפה בטכנולוגיות חדשניות.,sentence,dental-aesthetics,on_request,,website,/ops/businesses?branch=e0e7c443-ee21-4be5-8bb3-2568adf37232
047e9333-a4f5-41a7-b45d-005823e55cad,2df2cf51-e69b-482e-9c6c-c609803964af,דר' שיין - מומחה בכירורגיה פלסטית,תל אביב–יפו,dan,עברתי ניתוח להגדלת חזה בשילוב שומן עצמי,sentence,plastic-surgery,on_request,,website,/ops/businesses?branch=2df2cf51-e69b-482e-9c6c-c609803964af
303efcc6-764e-42f0-9d01-8407ae033922,4125d5eb-f414-4c25-b3dd-0e8069a75afa,הסרת נגעי עור | הסרת נקודות חן | הסרת קונדילומה | הסרת שומות | אנגיוקרטומה | קסנטלזמה | נקודות אדומות (המנגיומות) - Medical-C,תל אביב–יפו,dan,עוסק בטיפולים אסתטיים שאינם ניתוחיים ובהתאמת תכנית טיפול,sentence,plastic-surgery,on_request,,website,/ops/businesses?branch=4125d5eb-f414-4c25-b3dd-0e8069a75afa
e1cb233f-6e62-4346-a2d1-5ae8b29d8950,46e3c405-f43f-4c54-8e69-3405d446ad25,קרנית מלמד - המרכז לטיפולי קוסמטיקה רפואית,תל אביב–יפו,dan,"עור בעל הדוק, מיצוק וחיטוב הפנים והצוואר",sentence,body-contouring,on_request,,website,/ops/businesses?branch=46e3c405-f43f-4c54-8e69-3405d446ad25
e18043de-f1fd-40ee-b74e-8fc6feb8057f,428f7a54-124c-4b2c-917a-1c0772906303,"PRPclinic - טיפולי PRP, IPRF ו-CGF לנשירת שיער ואסתטיקה רפואית",תל אביב–יפו,dan,עיבוי שפתיים באמצעות חומצה היאלורונית – המדריך השלם,sentence,medical-aesthetics,on_request,,website,/ops/businesses?branch=428f7a54-124c-4b2c-917a-1c0772906303
0adc24e9-6d8e-444e-8793-22f2fae23cce,5583a955-dc96-4c3b-9d44-3a7500bf06ba,"ד""ר אלי כלב - רפואה אסתטית ללא ניתוח",תל אביב–יפו,dan,עידון קמטי גשר האף – Bunny lines,sentence,,fixed,700,website,/ops/businesses?branch=5583a955-dc96-4c3b-9d44-3a7500bf06ba
e7b53cfe-ac96-49ac-9b64-47adc14a17bd,5583a955-dc96-4c3b-9d44-3a7500bf06ba,"ד""ר אלי כלב - רפואה אסתטית ללא ניתוח",תל אביב–יפו,dan,עידון שקעי צדי השפתיים - המריונטות,sentence,,range,2400,website,/ops/businesses?branch=5583a955-dc96-4c3b-9d44-3a7500bf06ba
907a9253-310e-499e-a682-64a27b92e5dc,960f825a-daf1-4751-833f-e798cc293459,Horizon Spa,תל אביב–יפו,dan,עיסוי אבנים חמות – הורייזן ספא,sentence,spa-massage,on_request,,website,/ops/businesses?branch=960f825a-daf1-4751-833f-e798cc293459
319a612e-4725-4552-911a-928189649462,960f825a-daf1-4751-833f-e798cc293459,Horizon Spa,תל אביב–יפו,dan,עיסוי הניתן לנשים בהריון משבוע ה 16 ומעלה.,sentence,spa-massage,on_request,,website,/ops/businesses?branch=960f825a-daf1-4751-833f-e798cc293459
da461255-387d-4896-ba4e-50ce9ca71193,960f825a-daf1-4751-833f-e798cc293459,Horizon Spa,תל אביב–יפו,dan,עיסוי זוגי – פינוק חלומי – הורייזן ספא,sentence,spa-massage,on_request,,website,/ops/businesses?branch=960f825a-daf1-4751-833f-e798cc293459
193feb67-73f3-4e08-a0ab-665a52b654a1,64b5961c-3884-407b-8737-9b72f855f632,The Beauty Lounge,תל אביב–יפו,dan,עיסוי לימפתי מתקדם – Vacuum + RF,sentence,spa-massage,on_request,,website,/ops/businesses?branch=64b5961c-3884-407b-8737-9b72f855f632
6fc8aaa7-e950-45a0-9c41-0fb3ebd2c81e,960f825a-daf1-4751-833f-e798cc293459,Horizon Spa,תל אביב–יפו,dan,עיסוי לנשים בהריון – הורייזן ספא,sentence,spa-massage,on_request,,website,/ops/businesses?branch=960f825a-daf1-4751-833f-e798cc293459
c6ec1203-9b32-4f39-b918-c73280a79856,960f825a-daf1-4751-833f-e798cc293459,Horizon Spa,תל אביב–יפו,dan,"עיסוי ממוקד בקרקפת וברגליים, לתחושה עילאית וצבירת אנרגיות חדשות.",sentence,spa-massage,on_request,,website,/ops/businesses?branch=960f825a-daf1-4751-833f-e798cc293459
e4ff01d6-2158-4ecf-84ef-3e22298f0fc2,46e3c405-f43f-4c54-8e69-3405d446ad25,קרנית מלמד - המרכז לטיפולי קוסמטיקה רפואית,תל אביב–יפו,dan,עיסוי מפנק בפנים ובשכמות באמצעות שמנים ארומתראפיים.,sentence,,on_request,,website,/ops/businesses?branch=46e3c405-f43f-4c54-8e69-3405d446ad25
0f0fe502-c82d-4c65-88ef-0984853a0ac0,960f825a-daf1-4751-833f-e798cc293459,Horizon Spa,תל אביב–יפו,dan,עיסוי רקמות עמוק – הורייזן ספא,sentence,spa-massage,on_request,,website,/ops/businesses?branch=960f825a-daf1-4751-833f-e798cc293459
da418ca6-6b3a-4f8b-b735-6f94ba491bbe,459b4ea6-3f45-44f9-940a-ba6cef88b204,"ד""ר יאיר יוסף",תל אביב–יפו,dan,עיסוי/לחץ באזור הלחיים (אלא אם נאמר לך אחרת),sentence,spa-massage,on_request,,website,/ops/businesses?branch=459b4ea6-3f45-44f9-940a-ba6cef88b204
071321c5-d153-4e68-9e90-adbde69e8c32,459b4ea6-3f45-44f9-940a-ba6cef88b204,"ד""ר יאיר יוסף",תל אביב–יפו,dan,עיסוי/לחץ באזור הרקות (אלא אם נאמר לך אחרת),sentence,spa-massage,on_request,,website,/ops/businesses?branch=459b4ea6-3f45-44f9-940a-ba6cef88b204
68b7706c-e7de-4295-823e-78cd4d081bbc,459b4ea6-3f45-44f9-940a-ba6cef88b204,"ד""ר יאיר יוסף",תל אביב–יפו,dan,עיסוי/לחץ באזור מתחת לעיניים (אלא אם נאמר לך אחרת),sentence,spa-massage,on_request,,website,/ops/businesses?branch=459b4ea6-3f45-44f9-940a-ba6cef88b204
fe9d195f-19b9-41b2-b5f4-2159ade67a8e,459b4ea6-3f45-44f9-940a-ba6cef88b204,"ד""ר יאיר יוסף",תל אביב–יפו,dan,עיסוי/לחץ באזור קמטי החיוך (אלא אם נאמר לך אחרת),sentence,spa-massage,on_request,,website,/ops/businesses?branch=459b4ea6-3f45-44f9-940a-ba6cef88b204
ee6f0c67-1dfc-4da8-af71-fe92740641be,459b4ea6-3f45-44f9-940a-ba6cef88b204,"ד""ר יאיר יוסף",תל אביב–יפו,dan,עיסוי/לחץ באזורי ההזרקה (אלא אם נאמר לך אחרת),sentence,spa-massage,on_request,,website,/ops/businesses?branch=459b4ea6-3f45-44f9-940a-ba6cef88b204
43b3a449-7195-40a3-b72b-69d3620e89f0,8af31e3c-a298-4d41-933f-50031782d817,מסודרות,תל אביב–יפו,dan,עיצוב גבות וטיפולי טיפוח לנשים ולגברים.,sentence,brows-lashes,on_request,,website,/ops/businesses?branch=8af31e3c-a298-4d41-933f-50031782d817
c76f1a32-9468-4e1d-8c01-e27a19871177,b9090e87-3422-4ae0-8847-4dec673e85a0,נטלי קוסמטיקס,תל אביב–יפו,dan,"עיצוב גבות,שיקום גבות,עיצוב גבות לגברים,בחוט,פיצטה,שעווה,אבן גבירול,",sentence,hair-removal,fixed,65,website,/ops/businesses?branch=b9090e87-3422-4ae0-8847-4dec673e85a0
91fd8981-29e7-4c1b-a4ab-02db2a587015,b471583e-01ec-4a83-82f2-82912addd521,Winkler Clinic - Prof. Eyal Winkler,תל אביב–יפו,dan,עיצוב הסנטר וקו הלסת ללא ניתוח (אנדוליפט),sentence,plastic-surgery,on_request,,website,/ops/businesses?branch=b471583e-01ec-4a83-82f2-82912addd521
5a5b8367-bc28-404d-baf7-c1c1a74458c0,b34e54bc-33f3-4d27-8ae0-3ab122dc7895,"כירורגיה פלסטית ואסתטית | ד""ר אייל שפירא",תל אביב–יפו,dan,עיצוב והדגשת קו הלסת ללא ניתוח,sentence,plastic-surgery,on_request,,website,/ops/businesses?branch=b34e54bc-33f3-4d27-8ae0-3ab122dc7895
2d31f5ab-fb63-4b49-88b1-e8f5e18b1737,5583a955-dc96-4c3b-9d44-3a7500bf06ba,"ד""ר אלי כלב - רפואה אסתטית ללא ניתוח",תל אביב–יפו,dan,עיצוב ומתיחת פנים לא ניתוחית – Liquid Facelift,sentence,plastic-surgery,on_request,,website,/ops/businesses?branch=5583a955-dc96-4c3b-9d44-3a7500bf06ba
9c7cfe4b-3eb4-4ee9-8a2b-15a5c269bb7b,5583a955-dc96-4c3b-9d44-3a7500bf06ba,"ד""ר אלי כלב - רפואה אסתטית ללא ניתוח",תל אביב–יפו,dan,עיצוב ומתיחת פנים מלאה – Full Liquid Facelift,sentence,plastic-surgery,range,14000,website,/ops/businesses?branch=5583a955-dc96-4c3b-9d44-3a7500bf06ba
cc23ea6d-6a6c-45c1-817f-3478f021ba84,7ef56877-6de8-4ee3-85d3-84f2c43fac74,חנה מושייב,תל אביב–יפו,dan,"עיצוב וקיצור ציפורניים, טיפול משקם ולק ג’ל איכותי",sentence,nails,on_request,,website,/ops/businesses?branch=7ef56877-6de8-4ee3-85d3-84f2c43fac74
79efd96d-87ad-4be8-bc71-78a74a973d5f,92c6dd2a-714d-4328-8de6-46744895b9b9,"ד""ר זיידמן אלון יישור שיניים נסתר",תל אביב–יפו,dan,עיצוב עצמות לחיים באמצעות חומצה היאלורונית,sentence,medical-aesthetics,on_request,,website,/ops/businesses?branch=92c6dd2a-714d-4328-8de6-46744895b9b9
3de09a7c-2daf-4cea-b84f-e8e69dd19bb9,428f7a54-124c-4b2c-917a-1c0772906303,"PRPclinic - טיפולי PRP, IPRF ו-CGF לנשירת שיער ואסתטיקה רפואית",תל אביב–יפו,dan,עיצוב עצמות לחיים ומילוי לחיים בחומצה היאלורונית,sentence,medical-aesthetics,on_request,,website,/ops/businesses?branch=428f7a54-124c-4b2c-917a-1c0772906303
1f587bee-8d25-47de-9536-d6c529aa9b7c,1e8c108d-20ea-4043-bd39-5461c64f0c86,"ד""ר נועם חי | מנתח פלסטי בכיר בתל אביב",תל אביב–יפו,dan,עלייה מתמשכת במספר ניתוחי הקטנת החזה לגברים ברחבי העולם,sentence,plastic-surgery,on_request,,website,/ops/businesses?branch=1e8c108d-20ea-4043-bd39-5461c64f0c86
f111df4e-b395-4598-ac2b-11dbee4ab95d,48804575-e784-45c7-a79d-6c087329fe49,גיל דורמן - המרכז לטיפולי פיגמנטציה,תל אביב–יפו,dan,ערכת אקנה,product,facials,on_request,,website,/ops/businesses?branch=48804575-e784-45c7-a79d-6c087329fe49
36e8f2a2-59cd-48af-aab9-5b906572ba08,48804575-e784-45c7-a79d-6c087329fe49,גיל דורמן - המרכז לטיפולי פיגמנטציה,תל אביב–יפו,dan,ערכת הבהרה,product,hair-salons,on_request,,website,/ops/businesses?branch=48804575-e784-45c7-a79d-6c087329fe49
10af12de-79c4-49a9-9149-089a6437cb35,48804575-e784-45c7-a79d-6c087329fe49,גיל דורמן - המרכז לטיפולי פיגמנטציה,תל אביב–יפו,dan,ערכת הבהרה להריון והנקה,product,hair-salons,on_request,,website,/ops/businesses?branch=48804575-e784-45c7-a79d-6c087329fe49
91d46d6b-a754-41db-9625-7cb454e8a4ab,2df2cf51-e69b-482e-9c6c-c609803964af,דר' שיין - מומחה בכירורגיה פלסטית,תל אביב–יפו,dan,עשיתי ניתוח הקטנת חזה אצל ד״ר שיין לפני שנה,sentence,plastic-surgery,on_request,,website,/ops/businesses?branch=2df2cf51-e69b-482e-9c6c-c609803964af
50726b83-8fe7-46b0-80a2-cab7716aa4c1,b9090e87-3422-4ae0-8847-4dec673e85a0,נטלי קוסמטיקס,תל אביב–יפו,dan,פדיקור רפואי וטיפולים קוסמטיים בתל אביב,sentence,nails,on_request,,website,/ops/businesses?branch=b9090e87-3422-4ae0-8847-4dec673e85a0
f5a43034-2a32-4303-8a80-5076c8e7382c,7ef56877-6de8-4ee3-85d3-84f2c43fac74,חנה מושייב,תל אביב–יפו,dan,פדיקור רפואי לטיפול ושמירה על בריאות הרגל,sentence,nails,on_request,,website,/ops/businesses?branch=7ef56877-6de8-4ee3-85d3-84f2c43fac74
d2693adb-ab66-45d1-82c6-54f3bc747516,64b5961c-3884-407b-8737-9b72f855f632,The Beauty Lounge,תל אביב–יפו,dan,פדיקור רפואי – במידת הצורך ניקוי יבלות יבלות מסמר חודרניות,sentence,nails,fixed,199,website,/ops/businesses?branch=64b5961c-3884-407b-8737-9b72f855f632
2479b421-c734-4b42-a81d-6836b472524b,8af31e3c-a298-4d41-933f-50031782d817,מסודרות,תל אביב–יפו,dan,"פטרת, יבלות וציפורניים חודרניות לפי צורך",sentence,nails,fixed,259,website,/ops/businesses?branch=8af31e3c-a298-4d41-933f-50031782d817
834782f9-b157-4129-8189-99b64d8daa8d,b34e54bc-33f3-4d27-8ae0-3ab122dc7895,"כירורגיה פלסטית ואסתטית | ד""ר אייל שפירא",תל אביב–יפו,dan,"פיגמנטציה והטיפול בו- ד""ר אייל שפירא",sentence,facials,on_request,,website,/ops/businesses?branch=b34e54bc-33f3-4d27-8ae0-3ab122dc7895
6691670d-4fa9-47ea-8039-be657b1c14a9,c97ce44a-ce4d-412a-adeb-44258f3ca251,Or medical cosmetic treatments,תל אביב–יפו,dan,פילינג - קילוף עור לבעיית כתמים | אקנה | צלקות,sentence,facials,on_request,,website,/ops/businesses?branch=c97ce44a-ce4d-412a-adeb-44258f3ca251
ef258500-83aa-454f-902c-f198c52f3b26,c32691a2-ca0a-4d69-ac16-370d93db0799,מוסקונה - מרפאות לניתוחים פלסטיים הזרקות וטיפולים משלימים,תל אביב–יפו,dan,פילינג PRX-T33 – גירוי ושיקום עור ללא זמן החלמה,sentence,facials,on_request,,website,/ops/businesses?branch=c32691a2-ca0a-4d69-ac16-370d93db0799
57d791b2-6efc-4a56-b375-f2b69fd28403,428f7a54-124c-4b2c-917a-1c0772906303,"PRPclinic - טיפולי PRP, IPRF ו-CGF לנשירת שיער ואסתטיקה רפואית",תל אביב–יפו,dan,"פילינג רפואי – הדרך הבטוחה לעור חלק, צעיר ובריא",sentence,facials,on_request,,website,/ops/businesses?branch=428f7a54-124c-4b2c-917a-1c0772906303
7c2c824c-97f7-4894-910c-2e4900ac3fce,459b4ea6-3f45-44f9-940a-ba6cef88b204,"ד""ר יאיר יוסף",תל אביב–יפו,dan,פילינגים וטיפולי פנים אגרסיביים עד שהעור נרגע,sentence,facials,on_request,,website,/ops/businesses?branch=459b4ea6-3f45-44f9-940a-ba6cef88b204
01b04d49-12b4-4a55-b0a0-590895477fb8,459b4ea6-3f45-44f9-940a-ba6cef88b204,"ד""ר יאיר יוסף",תל אביב–יפו,dan,פילינגים וטיפולי פנים/צוואר אגרסיביים עד שהעור נרגע,sentence,facials,on_request,,website,/ops/businesses?branch=459b4ea6-3f45-44f9-940a-ba6cef88b204
6866dce9-d646-46da-bede-0cca6f0026d9,64b5961c-3884-407b-8737-9b72f855f632,The Beauty Lounge,תל אביב–יפו,dan,"פלוראז' – עיסוי ממריץ להזרמת דם ניקוז לימפטי, עבודה על שרירי פנים.",sentence,spa-massage,fixed,280,website,/ops/businesses?branch=64b5961c-3884-407b-8737-9b72f855f632
b592c4c7-3f60-4235-82e4-8ac498181b72,4125d5eb-f414-4c25-b3dd-0e8069a75afa,הסרת נגעי עור | הסרת נקודות חן | הסרת קונדילומה | הסרת שומות | אנגיוקרטומה | קסנטלזמה | נקודות אדומות (המנגיומות) - Medical-C,תל אביב–יפו,dan,פלזמה (פלסמה).,sentence,medical-aesthetics,on_request,,website,/ops/businesses?branch=4125d5eb-f414-4c25-b3dd-0e8069a75afa
8361e68f-1f33-4d7a-970e-88e8ec9906c3,39725c0f-27d3-43e2-b215-b440c24530bc,איילת גייר השתלות שיער בישראל וטיפולים מתקדמים,תל אביב–יפו,dan,פלזמה מועשרת: הפתרון החדשני לשיער בריא וחזק,sentence,medical-aesthetics,on_request,,website,/ops/businesses?branch=39725c0f-27d3-43e2-b215-b440c24530bc
b566e597-b318-406d-b15e-5e5ff056c8f0,c97ce44a-ce4d-412a-adeb-44258f3ca251,Or medical cosmetic treatments,תל אביב–יפו,dan,"פסגת טיפולי האנטי אייג'ינג, אהוב במיוחד על כוכבי הוליווד.",sentence,facials,on_request,,website,/ops/businesses?branch=c97ce44a-ce4d-412a-adeb-44258f3ca251
3366bea1-d2d9-4f26-a151-80788239e7a4,23ca4a86-1c20-4b51-a8b6-30a5c76f4a95,"ד""ר אכי פרידמן",תל אביב–יפו,dan,פתר לי בעיות בשיטות טבעיות כשרופאים אחרים המליצו ניתוח,sentence,plastic-surgery,on_request,,website,/ops/businesses?branch=23ca4a86-1c20-4b51-a8b6-30a5c76f4a95
8c74e043-7d01-43c4-b8f5-b55e890e09e1,39725c0f-27d3-43e2-b215-b440c24530bc,איילת גייר השתלות שיער בישראל וטיפולים מתקדמים,תל אביב–יפו,dan,פתרונות משלימים להשתלת שיער השתלות שיער סינתטי,sentence,hair-restoration,on_request,,website,/ops/businesses?branch=39725c0f-27d3-43e2-b215-b440c24530bc
58d5b28b-daf5-41f0-a465-e64e43a24347,73dcc4d5-53ab-492c-847c-0c9ebe462c3d,"ד""ר דרור בן-שלמה רופא שיניים וטיפולים אסתטיים בתל אביב",תל אביב–יפו,dan,ציפוי חרסינה - שיניים קדמיות בעלות מראה טבעי,sentence,dental-aesthetics,on_request,,website,/ops/businesses?branch=73dcc4d5-53ab-492c-847c-0c9ebe462c3d
a6978bc2-3d2c-44b8-82e9-95e5bf1bc64f,92c6dd2a-714d-4328-8de6-46744895b9b9,"ד""ר זיידמן אלון יישור שיניים נסתר",תל אביב–יפו,dan,"ציפוי שיניים בחרסינה,ציפוי שיניים בחזיתיות מפורצלן",sentence,dental-aesthetics,on_request,,website,/ops/businesses?branch=92c6dd2a-714d-4328-8de6-46744895b9b9
04e22540-da4c-4165-b9f4-44545a223991,428f7a54-124c-4b2c-917a-1c0772906303,"PRPclinic - טיפולי PRP, IPRF ו-CGF לנשירת שיער ואסתטיקה רפואית",תל אביב–יפו,dan,צרו קשר - PRP CLINIC,sentence,medical-aesthetics,on_request,,website,/ops/businesses?branch=428f7a54-124c-4b2c-917a-1c0772906303
359b7566-23a7-4dba-9784-c5d72deb9094,31cd10f7-8728-4caf-b8d5-a52fafdfb6bf,רעות ששון – עיצוב גבות ואיפור קבוע בצפון תל אביב,תל אביב–יפו,dan,קורס הרמת ריסים,package,brows-lashes,on_request,,website,/ops/businesses?branch=31cd10f7-8728-4caf-b8d5-a52fafdfb6bf
370a4188-f612-49de-bf0a-685eb45c0085,cfedd499-1a35-4c61-a48a-61925886df64,דיאנה - בית הספר לעיצוב שיער ומקצועות היופי,תל אביב–יפו,dan,קורס מניקור פדיקור,package,nails,on_request,,website,/ops/businesses?branch=cfedd499-1a35-4c61-a48a-61925886df64
24c946cb-7c9c-42ab-b65a-8da6e60aaeb4,cfedd499-1a35-4c61-a48a-61925886df64,דיאנה - בית הספר לעיצוב שיער ומקצועות היופי,תל אביב–יפו,dan,קורס ספרות גברים וילדים וברבר,package,,on_request,,website,/ops/businesses?branch=cfedd499-1a35-4c61-a48a-61925886df64
96653bc1-7ec3-4cf6-95bd-1c508dc914d9,960f825a-daf1-4751-833f-e798cc293459,Horizon Spa,תל אביב–יפו,dan,קורס עיסוי שוודי,package,spa-massage,on_request,,website,/ops/businesses?branch=960f825a-daf1-4751-833f-e798cc293459
e30dea55-7cbf-49bd-8e36-0081eeb93204,cfedd499-1a35-4c61-a48a-61925886df64,דיאנה - בית הספר לעיצוב שיער ומקצועות היופי,תל אביב–יפו,dan,קורסים לספרות נשים ועיצוב שיער,package,,on_request,,website,/ops/businesses?branch=cfedd499-1a35-4c61-a48a-61925886df64
938c044e-b141-4d97-b37c-3d0871a2c08a,c97ce44a-ce4d-412a-adeb-44258f3ca251,Or medical cosmetic treatments,תל אביב–יפו,dan,קילופים מבוקרים וחומרי הבהרה - זהו טיפול דו-עומקי בכתם.,sentence,hair-salons,on_request,,website,/ops/businesses?branch=c97ce44a-ce4d-412a-adeb-44258f3ca251
4b0a9428-1a4f-4729-a0fa-5cf81956ae9c,c32691a2-ca0a-4d69-ac16-370d93db0799,מוסקונה - מרפאות לניתוחים פלסטיים הזרקות וטיפולים משלימים,תל אביב–יפו,dan,קיצור שפה או הרמת שפה עליונה בניתוח,sentence,plastic-surgery,on_request,,website,/ops/businesses?branch=c32691a2-ca0a-4d69-ac16-370d93db0799
eb854310-c253-438e-a80a-db87d39295c3,8af31e3c-a298-4d41-933f-50031782d817,מסודרות,תל אביב–יפו,dan,"קלאסי, פילינג, קרמים, פרפין ועיסוי קל",product,spa-massage,fixed,309,website,/ops/businesses?branch=8af31e3c-a298-4d41-933f-50031782d817
5331054c-68fa-4dd7-b8f2-b7bc81800d16,22574d12-60c6-4a7d-8a02-e1f7da2b9c36,קליניקה כרמל - טיפול בפטרת ציפורניים בתל אביב,תל אביב–יפו,dan,קראו את כל המידע על פטרת ציפורניים &gt;,sentence,nails,on_request,,website,/ops/businesses?branch=22574d12-60c6-4a7d-8a02-e1f7da2b9c36
2e9f52d6-5e3a-4cb9-8e7c-2e58bb3a2126,22574d12-60c6-4a7d-8a02-e1f7da2b9c36,קליניקה כרמל - טיפול בפטרת ציפורניים בתל אביב,תל אביב–יפו,dan,קראו על כל סוגי פטרת ציפורניים בהרחבה &gt;,sentence,nails,on_request,,website,/ops/businesses?branch=22574d12-60c6-4a7d-8a02-e1f7da2b9c36
08b96f34-7601-49e9-848f-1bd50a6f2157,5583a955-dc96-4c3b-9d44-3a7500bf06ba,"ד""ר אלי כלב - רפואה אסתטית ללא ניתוח",תל אביב–יפו,dan,קרם להבהרה והיפרפיגמנטציה,product,hair-salons,fixed,300,website,/ops/businesses?branch=5583a955-dc96-4c3b-9d44-3a7500bf06ba
def46187-7dee-4455-8936-21eedec12634,5583a955-dc96-4c3b-9d44-3a7500bf06ba,"ד""ר אלי כלב - רפואה אסתטית ללא ניתוח",תל אביב–יפו,dan,קרם לנפיחות מתחת לעיניים,product,,fixed,300,website,/ops/businesses?branch=5583a955-dc96-4c3b-9d44-3a7500bf06ba
0a53bb83-c0b3-42e2-9311-b82417c5be77,c97ce44a-ce4d-412a-adeb-44258f3ca251,Or medical cosmetic treatments,תל אביב–יפו,dan,ראשי &raquo; מאמרים &raquo; טיפול פילינג לגבר,sentence,facials,on_request,,website,/ops/businesses?branch=c97ce44a-ce4d-412a-adeb-44258f3ca251
0d6c10eb-8a82-4207-a718-62ede7ef7ae7,c97ce44a-ce4d-412a-adeb-44258f3ca251,Or medical cosmetic treatments,תל אביב–יפו,dan,ראשי &raquo; מאמרים &raquo; טיפול פנים באבנים חמות,sentence,spa-massage,on_request,,website,/ops/businesses?branch=c97ce44a-ce4d-412a-adeb-44258f3ca251
f804dfac-e6c9-45e3-93fe-2116659a1446,c97ce44a-ce4d-412a-adeb-44258f3ca251,Or medical cosmetic treatments,תל אביב–יפו,dan,ראשי &raquo; מאמרים &raquo; טיפול פנים קוסמטי טבעי,sentence,facials,on_request,,website,/ops/businesses?branch=c97ce44a-ce4d-412a-adeb-44258f3ca251
656ae9fd-2a17-4492-b5fd-cf83cfc15e3d,c97ce44a-ce4d-412a-adeb-44258f3ca251,Or medical cosmetic treatments,תל אביב–יפו,dan,ראשי &raquo; מאמרים &raquo; טיפול קוסמטי באקנה הורמונלי,sentence,facials,on_request,,website,/ops/businesses?branch=c97ce44a-ce4d-412a-adeb-44258f3ca251
81f9e880-18e5-4688-b092-336638ed7fb5,c97ce44a-ce4d-412a-adeb-44258f3ca251,Or medical cosmetic treatments,תל אביב–יפו,dan,ראשי &raquo; מאמרים &raquo; כתמים כתוצאה מטיפול לייזר,sentence,facials,on_request,,website,/ops/businesses?branch=c97ce44a-ce4d-412a-adeb-44258f3ca251
4cf516ac-20f4-45dc-9c53-d74d8701b485,b471583e-01ec-4a83-82f2-82912addd521,Winkler Clinic - Prof. Eyal Winkler,תל אביב–יפו,dan,ראשי טיפולים טיפולים אסתטיים פנים מילוי קמטים,sentence,medical-aesthetics,on_request,,website,/ops/businesses?branch=b471583e-01ec-4a83-82f2-82912addd521
ed082b69-6c2b-48f0-8b8d-c901f25ffd35,b471583e-01ec-4a83-82f2-82912addd521,Winkler Clinic - Prof. Eyal Winkler,תל אביב–יפו,dan,ראשי טיפולים ניתוחים קוסמטיים עור הסרת כתמים בלייזר,sentence,plastic-surgery,on_request,,website,/ops/businesses?branch=b471583e-01ec-4a83-82f2-82912addd521
43d56c47-cd40-428a-b8ba-75148bc544a7,428f7a54-124c-4b2c-917a-1c0772906303,"PRPclinic - טיפולי PRP, IPRF ו-CGF לנשירת שיער ואסתטיקה רפואית",תל אביב–יפו,dan,רדיאס וטיפול בחומר מילוי מבוסס סידן,sentence,medical-aesthetics,on_request,,website,/ops/businesses?branch=428f7a54-124c-4b2c-917a-1c0772906303
4a7463f8-bb7b-4039-ab68-b0ac28625150,2df2cf51-e69b-482e-9c6c-c609803964af,דר' שיין - מומחה בכירורגיה פלסטית,תל אביב–יפו,dan,רוב המנותחות שעברו ניתוח לתיקון א-סימטריה בחזה יוכלו להניק.,sentence,plastic-surgery,on_request,,website,/ops/businesses?branch=2df2cf51-e69b-482e-9c6c-c609803964af
fa94181f-6a4c-4895-adce-8250d9080267,4125d5eb-f414-4c25-b3dd-0e8069a75afa,הסרת נגעי עור | הסרת נקודות חן | הסרת קונדילומה | הסרת שומות | אנגיוקרטומה | קסנטלזמה | נקודות אדומות (המנגיומות) - Medical-C,תל אביב–יפו,dan,"רופא בעל רישיון ישראלי, העוסק ברפואה אסתטית שאינה ניתוחית",sentence,plastic-surgery,on_request,,website,/ops/businesses?branch=4125d5eb-f414-4c25-b3dd-0e8069a75afa
11293687-11ef-4247-81ba-186e35669a94,c32691a2-ca0a-4d69-ac16-370d93db0799,מוסקונה - מרפאות לניתוחים פלסטיים הזרקות וטיפולים משלימים,תל אביב–יפו,dan,ריגנרה (Regenera) – הטיפול החדש לנשירת שיער,sentence,,on_request,,website,/ops/businesses?branch=c32691a2-ca0a-4d69-ac16-370d93db0799
5b269601-f8a4-4a2d-8013-bfcd872bdd3b,459b4ea6-3f45-44f9-940a-ba6cef88b204,"ד""ר יאיר יוסף",תל אביב–יפו,dan,ריכוך והחלקה של הקפלים העמוקים מצידי האף לזוויות הפה,sentence,hair-salons,on_request,,website,/ops/businesses?branch=459b4ea6-3f45-44f9-940a-ba6cef88b204
44eeccd3-d7d6-4c69-a74c-d5d0b9a440e8,dacc8de0-1f8e-4477-87a2-0a4963319ac2,Yullia,תל אביב–יפו,dan,ריסים / גבות / שפם /Брови/Усы/Ресницы/ Eyelashes / Eyebrows /Mustache,sentence,brows-lashes,on_request,,website,/ops/businesses?branch=dacc8de0-1f8e-4477-87a2-0a4963319ac2
22ad2561-8fc2-403d-a524-254a09830b62,38f43de7-2cc4-47ed-8683-9f8031c3eb42,yullia Yirmeyahu,תל אביב–יפו,dan,ריסים / גבות / שפם /Брови/Усы/Ресницы/ Eyelashes / Eyebrows /Mustache,sentence,brows-lashes,on_request,,website,/ops/businesses?branch=38f43de7-2cc4-47ed-8683-9f8031c3eb42
b1d8d016-9569-4fb8-a744-7896ee68ea91,ab1d8481-8948-4cac-8955-7bd1c4e630f1,yullia Tzahala - מומחים בהסרת שיער בלייזר | הזרקות | טיפול פנים | מניקור | פדיקור רפואי,תל אביב–יפו,dan,ריסים / גבות / שפם /Брови/Усы/Ресницы/ Eyelashes / Eyebrows /Mustache,sentence,brows-lashes,fixed,35,website,/ops/businesses?branch=ab1d8481-8948-4cac-8955-7bd1c4e630f1
951ec5aa-c33a-4d81-a841-328f7c64d000,976d943f-892f-4dc3-a180-0a45663580f5,yullia King George,תל אביב–יפו,dan,ריסים / גבות / שפם | Eyelashes / Eyebrows /Mustache,sentence,brows-lashes,on_request,,website,/ops/businesses?branch=976d943f-892f-4dc3-a180-0a45663580f5
757c7740-6b61-4cc1-8e99-a83fdc26f7a8,758de1cc-ed61-4ff7-97b1-0720b36184a0,"ד״ר אודי ארד, מומחה בניתוחים פלסטיים וטיפולים אסתטיים",תל אביב–יפו,dan,רכישת ערכת אובאגי אנטיאייג'ינג,product,,on_request,,website,/ops/businesses?branch=758de1cc-ed61-4ff7-97b1-0720b36184a0
8dfacac0-38ab-4f08-b29b-227b54852da5,31cd10f7-8728-4caf-b8d5-a52fafdfb6bf,רעות ששון – עיצוב גבות ואיפור קבוע בצפון תל אביב,תל אביב–יפו,dan,רעות ששון - עיצוב גבות והרמת ריסים,sentence,brows-lashes,on_request,,website,/ops/businesses?branch=31cd10f7-8728-4caf-b8d5-a52fafdfb6bf
e36f695e-342b-46ca-ad9c-2dde9153c4ab,4125d5eb-f414-4c25-b3dd-0e8069a75afa,הסרת נגעי עור | הסרת נקודות חן | הסרת קונדילומה | הסרת שומות | אנגיוקרטומה | קסנטלזמה | נקודות אדומות (המנגיומות) - Medical-C,תל אביב–יפו,dan,רפואה אסתטית שאינה ניתוחית וטיפולי לייזר,sentence,plastic-surgery,on_request,,website,/ops/businesses?branch=4125d5eb-f414-4c25-b3dd-0e8069a75afa
aafb98d0-c5a1-4b33-9ded-d798f1b38adb,960f825a-daf1-4751-833f-e798cc293459,Horizon Spa,תל אביב–יפו,dan,"רפלקסולוגיה היא שיטת ריפוי מערבית, המפיגה מתחים ומנקזת רעלים.",sentence,spa-massage,on_request,,website,/ops/businesses?branch=960f825a-daf1-4751-833f-e798cc293459
38cf573d-ba25-49e2-85b4-8a79a298fafd,e0e7c443-ee21-4be5-8bb3-2568adf37232,אתר דוקטור חן,תל אביב–יפו,dan,רקע על התהליך הטיפולי באקנה בשיטת לייזר המתקדמת והחדשנית,sentence,facials,on_request,,website,/ops/businesses?branch=e0e7c443-ee21-4be5-8bb3-2568adf37232
017c7482-5d59-4cc3-b8d5-833f33fbf9bc,459b4ea6-3f45-44f9-940a-ba6cef88b204,"ד""ר יאיר יוסף",תל אביב–יפו,dan,שאלות נפוצות על בוטוקס וטיפול בקמטים,sentence,medical-aesthetics,on_request,,website,/ops/businesses?branch=459b4ea6-3f45-44f9-940a-ba6cef88b204
00d74174-c70f-4a60-aef7-54201d0c3729,459b4ea6-3f45-44f9-940a-ba6cef88b204,"ד""ר יאיר יוסף",תל אביב–יפו,dan,שאלות נפוצות על מתיחת פנים בחוטים,sentence,plastic-surgery,on_request,,website,/ops/businesses?branch=459b4ea6-3f45-44f9-940a-ba6cef88b204
3bd66ef1-3a0f-4163-aa5c-f5aa6056985f,596ba9f5-fd64-4973-a164-a5c73ca72f1c,Shooshka,תל אביב–יפו,dan,שושקה מניקור פדיקור איפור והסרת שיער בשעווה בלייזר,sentence,hair-removal,on_request,,website,/ops/businesses?branch=596ba9f5-fd64-4973-a164-a5c73ca72f1c
aee64fa3-7bc5-45a6-8407-71f294ff69c1,9de5fe8a-48df-47f1-9013-3c5653e3b84a,"ד""ר ערן חדד - מנתח פלסטי, מומחה לכירורגיה פלסטית - כירורג פלסטי",תל אביב–יפו,dan,שיטה ייחודית להקטנת חזה עם צלקת קצרה,sentence,plastic-surgery,on_request,,website,/ops/businesses?branch=9de5fe8a-48df-47f1-9013-3c5653e3b84a
f1ca7376-bc9c-463a-a9b6-07023ea87d5c,46e3c405-f43f-4c54-8e69-3405d446ad25,קרנית מלמד - המרכז לטיפולי קוסמטיקה רפואית,תל אביב–יפו,dan,שיטות הטיפול בכתמים על העור ופיגמנטציה בפנים.,sentence,facials,on_request,,website,/ops/businesses?branch=46e3c405-f43f-4c54-8e69-3405d446ad25
fd2620c1-1375-4d99-9b49-4166023f260b,e54fa942-5742-4408-8cad-cc2019be3403,"מרפאת השיניים והאסטתיקה של ד""ר צבי אבירם",תל אביב–יפו,dan,"שיטות הלבנת שיניים במרפאת ד""ר צבי אבירם",sentence,dental-aesthetics,on_request,,website,/ops/businesses?branch=e54fa942-5742-4408-8cad-cc2019be3403
8c6f54d5-c4fa-4615-a1ae-4184aa6b478c,c97ce44a-ce4d-412a-adeb-44258f3ca251,Or medical cosmetic treatments,תל אביב–יפו,dan,שימוש בתכשירים שונים לטיפול קוסמטי באקנה הורמונלי,sentence,facials,on_request,,website,/ops/businesses?branch=c97ce44a-ce4d-412a-adeb-44258f3ca251
96b830e9-3275-4cea-bd51-4087f24ff568,73dcc4d5-53ab-492c-847c-0c9ebe462c3d,"ד""ר דרור בן-שלמה רופא שיניים וטיפולים אסתטיים בתל אביב",תל אביב–יפו,dan,"שיפור אסתטיקת הפה: הלבנת שיניים, ציפוי שיניים, יישור שיניים.",sentence,dental-aesthetics,on_request,,website,/ops/businesses?branch=73dcc4d5-53ab-492c-847c-0c9ebe462c3d
a9776c28-5deb-4d87-a19b-9b285e60917f,2bfb8414-092f-460d-86f5-6e60f0a007ba,ZOI Med Aesthetics - מרפאת זוי,תל אביב–יפו,dan,"שיפור מרקם העור ע""י סקין בוסטר ומזוטרפיה",sentence,medical-aesthetics,on_request,,website,/ops/businesses?branch=2bfb8414-092f-460d-86f5-6e60f0a007ba
1d9ad975-11ad-47b1-9eb4-688cc6577052,459b4ea6-3f45-44f9-940a-ba6cef88b204,"ד""ר יאיר יוסף",תל אביב–יפו,dan,שיפור משמעותי במראה של נקבוביות פעורות וריכוך צלקות אקנה,sentence,facials,on_request,,website,/ops/businesses?branch=459b4ea6-3f45-44f9-940a-ba6cef88b204
e13f32ce-67c7-44f2-8d3b-a16e90800bdf,98bf9648-5e49-4df3-81b3-f68142edcdfd,ד״ר ערן צנציפר- מומחה לשיקום הפה,תל אביב–יפו,dan,שיקום פה כללי אחרי השתלות שיניים,sentence,dental-aesthetics,on_request,,website,/ops/businesses?branch=98bf9648-5e49-4df3-81b3-f68142edcdfd
74713340-dabf-4cd5-84c5-08687ed50d85,dacc8de0-1f8e-4477-87a2-0a4963319ac2,Yullia,תל אביב–יפו,dan,שירות לקוחות רשת ספא וקוסמטיקה אורבנית - yullia,sentence,spa-massage,on_request,,website,/ops/businesses?branch=dacc8de0-1f8e-4477-87a2-0a4963319ac2
403c93c4-e529-4deb-92ca-2f723dfd0090,976d943f-892f-4dc3-a180-0a45663580f5,yullia King George,תל אביב–יפו,dan,שירות לקוחות רשת ספא וקוסמטיקה אורבנית - yullia,sentence,spa-massage,on_request,,website,/ops/businesses?branch=976d943f-892f-4dc3-a180-0a45663580f5
bb505ea2-d28c-4e6a-bea6-f0297a463516,ab1d8481-8948-4cac-8955-7bd1c4e630f1,yullia Tzahala - מומחים בהסרת שיער בלייזר | הזרקות | טיפול פנים | מניקור | פדיקור רפואי,תל אביב–יפו,dan,שירות לקוחות רשת ספא וקוסמטיקה אורבנית - yullia,sentence,spa-massage,on_request,,website,/ops/businesses?branch=ab1d8481-8948-4cac-8955-7bd1c4e630f1
afec7f27-f331-4057-a675-40f18ae27238,38f43de7-2cc4-47ed-8683-9f8031c3eb42,yullia Yirmeyahu,תל אביב–יפו,dan,שירות לקוחות רשת ספא וקוסמטיקה אורבנית - yullia,sentence,spa-massage,on_request,,website,/ops/businesses?branch=38f43de7-2cc4-47ed-8683-9f8031c3eb42
c3b6cbaa-6779-46a4-8ffb-94ef7eb5679f,e0e7c443-ee21-4be5-8bb3-2568adf37232,אתר דוקטור חן,תל אביב–יפו,dan,"שכרוחים בהם סיכונים,ניתוחים, כאבים וצלקות",sentence,plastic-surgery,on_request,,website,/ops/businesses?branch=e0e7c443-ee21-4be5-8bb3-2568adf37232
e79279fd-e7ad-4a1e-9b77-75024e1ccda5,c97ce44a-ce4d-412a-adeb-44258f3ca251,Or medical cosmetic treatments,תל אביב–יפו,dan,שלושת השלבים ההכרחיים לטיפול יעיל באקנה,sentence,facials,on_request,,website,/ops/businesses?branch=c97ce44a-ce4d-412a-adeb-44258f3ca251
12eb5c8a-7582-417b-a1b5-a168b40f9554,dacc8de0-1f8e-4477-87a2-0a4963319ac2,Yullia,תל אביב–יפו,dan,שמירה על היגיינה בטיפולי פנים לגברים,sentence,facials,on_request,,website,/ops/businesses?branch=dacc8de0-1f8e-4477-87a2-0a4963319ac2
a046ac40-2223-4f95-b759-04e1b6e3b574,976d943f-892f-4dc3-a180-0a45663580f5,yullia King George,תל אביב–יפו,dan,שמירה על היגיינה בטיפולי פנים לגברים,sentence,facials,on_request,,website,/ops/businesses?branch=976d943f-892f-4dc3-a180-0a45663580f5
51152291-3333-400b-b57c-481ed3889061,ab1d8481-8948-4cac-8955-7bd1c4e630f1,yullia Tzahala - מומחים בהסרת שיער בלייזר | הזרקות | טיפול פנים | מניקור | פדיקור רפואי,תל אביב–יפו,dan,שמירה על היגיינה בטיפולי פנים לגברים,sentence,facials,on_request,,website,/ops/businesses?branch=ab1d8481-8948-4cac-8955-7bd1c4e630f1
5e720a50-de5f-43d3-8b78-7e65ff011117,38f43de7-2cc4-47ed-8683-9f8031c3eb42,yullia Yirmeyahu,תל אביב–יפו,dan,שמירה על היגיינה בטיפולי פנים לגברים,sentence,facials,on_request,,website,/ops/businesses?branch=38f43de7-2cc4-47ed-8683-9f8031c3eb42
97408ca4-b3c4-4088-b27b-ee7c90c9ad75,c32691a2-ca0a-4d69-ac16-370d93db0799,מוסקונה - מרפאות לניתוחים פלסטיים הזרקות וטיפולים משלימים,תל אביב–יפו,dan,שני גורמים הינם בעלי חשיבות מכרעת בניתוח זה,sentence,plastic-surgery,on_request,,website,/ops/businesses?branch=c32691a2-ca0a-4d69-ac16-370d93db0799
b74b1120-79c0-49c2-96bb-e2654a91762a,b9090e87-3422-4ae0-8847-4dec673e85a0,נטלי קוסמטיקס,תל אביב–יפו,dan,"שעווה כל הגוף,הסרת שיער,שעווה ידיים,אבן גבירול תל אביב",sentence,hair-removal,fixed,60,website,/ops/businesses?branch=b9090e87-3422-4ae0-8847-4dec673e85a0
c28b1cea-215e-4c9b-a871-c2115c63aeea,b9090e87-3422-4ae0-8847-4dec673e85a0,נטלי קוסמטיקס,תל אביב–יפו,dan,"שעווה רגליים שלמות,רגל שלמה,באבן גבירול תל אביב 050-7376194",sentence,hair-removal,fixed,80,website,/ops/businesses?branch=b9090e87-3422-4ae0-8847-4dec673e85a0
ff6ea598-eeb2-411a-8448-5215accbd325,b34e54bc-33f3-4d27-8ae0-3ab122dc7895,"כירורגיה פלסטית ואסתטית | ד""ר אייל שפירא",תל אביב–יפו,dan,"תהליך החלמה מניתוח אסתטי- ד""ר אייל שפירא",sentence,plastic-surgery,on_request,,website,/ops/businesses?branch=b34e54bc-33f3-4d27-8ae0-3ab122dc7895
66ade8fb-c308-4c23-a6d1-92ab5fb2b0e9,89213fc9-41cb-45ef-8025-37c7f5d2506a,"ד""ר אידלמן יצחק רופא שיניים",תל אביב–יפו,dan,תהליך היצור של כתרים וגשרים מחוזקי גרפן G-CAM,sentence,dental-aesthetics,on_request,,website,/ops/businesses?branch=89213fc9-41cb-45ef-8025-37c7f5d2506a
fb168b3b-d681-45e6-98e6-f89ec906e17d,22574d12-60c6-4a7d-8a02-e1f7da2b9c36,קליניקה כרמל - טיפול בפטרת ציפורניים בתל אביב,תל אביב–יפו,dan,תהליך טיפול פטרת ציפורניים בקליניקה כרמל,sentence,nails,on_request,,website,/ops/businesses?branch=22574d12-60c6-4a7d-8a02-e1f7da2b9c36
3e9cd2c6-b7b5-44d4-96b8-51aea966943d,b471583e-01ec-4a83-82f2-82912addd521,Winkler Clinic - Prof. Eyal Winkler,תל אביב–יפו,dan,תוכנית חצי שנתית לפיגמנטציה.,sentence,facials,on_request,,website,/ops/businesses?branch=b471583e-01ec-4a83-82f2-82912addd521
4edf80fb-c6f1-461f-a2fa-70042fe5609b,b471583e-01ec-4a83-82f2-82912addd521,Winkler Clinic - Prof. Eyal Winkler,תל אביב–יפו,dan,תוכנית שנתית לאקנה וצלקות.,sentence,facials,on_request,,website,/ops/businesses?branch=b471583e-01ec-4a83-82f2-82912addd521
b833285b-4f1c-4a46-bad9-4674a8c3eb03,b34e54bc-33f3-4d27-8ae0-3ab122dc7895,"כירורגיה פלסטית ואסתטית | ד""ר אייל שפירא",תל אביב–יפו,dan,"תיאום ציפיות לקראת ניתוח אסתטי- ד""ר אייל שפירא",sentence,plastic-surgery,on_request,,website,/ops/businesses?branch=b34e54bc-33f3-4d27-8ae0-3ab122dc7895
22c0c669-19ee-49b5-acf0-6ea57bfd6312,e2015e53-cb22-4eba-b819-7efea95d1963,מרכז כירורגי שוורץ - ארד,תל אביב–יפו,dan,תכנון אורתודונטי (יישור שיניים) שבו שן הבינה עלולה להפריע.,sentence,dental-aesthetics,on_request,,website,/ops/businesses?branch=e2015e53-cb22-4eba-b819-7efea95d1963
201f9a56-ae5d-489d-8f03-b02337245659,9de5fe8a-48df-47f1-9013-3c5653e3b84a,"ד""ר ערן חדד - מנתח פלסטי, מומחה לכירורגיה פלסטית - כירורג פלסטי",תל אביב–יפו,dan,תמונות לפני ואחרי הגדלת חזה לפני ואחרי,sentence,plastic-surgery,on_request,,website,/ops/businesses?branch=9de5fe8a-48df-47f1-9013-3c5653e3b84a
871762cd-e0c1-4fe3-82e2-5cb25452c17d,22574d12-60c6-4a7d-8a02-e1f7da2b9c36,קליניקה כרמל - טיפול בפטרת ציפורניים בתל אביב,תל אביב–יפו,dan,תמונות לפני ואחרי טיפול בפטרת ציפורניים,sentence,nails,on_request,,website,/ops/businesses?branch=22574d12-60c6-4a7d-8a02-e1f7da2b9c36
a689c364-9290-4f03-bf63-bb7b563a72a4,2df2cf51-e69b-482e-9c6c-c609803964af,דר' שיין - מומחה בכירורגיה פלסטית,תל אביב–יפו,dan,תמונות לפני ואחרי של הגדלת חזה,sentence,plastic-surgery,on_request,,website,/ops/businesses?branch=2df2cf51-e69b-482e-9c6c-c609803964af
4fc7ddc0-d3db-4692-b36c-e62a67b9edad,64b5961c-3884-407b-8737-9b72f855f632,The Beauty Lounge,תל אביב–יפו,dan,✨ פירוק צלוליט ושיפור משמעותי במראה העור,sentence,body-contouring,on_request,,website,/ops/businesses?branch=64b5961c-3884-407b-8737-9b72f855f632
