record_id,name,field,phrases,before,after,public_url
d7418901-971c-4287-8770-a3e8ab9bf52c,תל אביב–יפו,city.name,תל אביב–יפו x1,תל אביב–יפו,תל אביב-יפו,
23aa6881-bebf-4804-982d-727428129ef1,TALETSKY ROOM TLV,cityName,תל אביב–יפו x1,תל אביב–יפו,תל אביב-יפו,https://beautyfind.co.il/dan/biz/taletsky-room-tlv
92d8659d-5d9f-459d-8221-c67756d5e310,ורה קליניק,cityName,תל אביב–יפו x1,תל אביב–יפו,תל אביב-יפו,https://beautyfind.co.il/dan/biz/ורה-קליניק
a0f49337-6233-424f-a268-5c0450c7f411,Dr. Tali Friedman - International Center for Body Shaping,cityName,תל אביב–יפו x1,תל אביב–יפו,תל אביב-יפו,https://beautyfind.co.il/dan/biz/dr-tali-friedman-international-center-for-body-shaping
142e0ef4-d3fe-47ab-803c-a44e2e6e6825,Éclat beauty space,cityName,תל אביב–יפו x1,תל אביב–יפו,תל אביב-יפו,https://beautyfind.co.il/dan/biz/eclat-beauty-space
960f825a-daf1-4751-833f-e798cc293459,Horizon Spa,cityName,תל אביב–יפו x1,תל אביב–יפו,תל אביב-יפו,https://beautyfind.co.il/dan/biz/horizon-spa
ce18701c-19d9-4b43-a72c-ec1d5a9b3002,"ד""ר תומר פרלוק",cityName,תל אביב–יפו x1,תל אביב–יפו,תל אביב-יפו,https://beautyfind.co.il/dan/biz/דר-תומר-פרלוק
86dcf669-765a-4931-8ad5-ae4a67f86c38,ביוטי פייס מכון הסרת שיער,cityName,תל אביב–יפו x1,תל אביב–יפו,תל אביב-יפו,https://beautyfind.co.il/dan/biz/ביוטי-פייס-מכון-הסרת-שיער
6c599493-1abb-4bb8-bb35-4738572296ca,"ד""ר אבנר בן שושן",cityName,תל אביב–יפו x1,תל אביב–יפו,תל אביב-יפו,https://beautyfind.co.il/dan/biz/דר-אבנר-בן-שושן
53c9fbe6-c038-45f0-a742-9c4aa40f82f6,"ד""ר אור פרידמן מומחה לכירורגיה פלסטית משחזרת ואסתטית",cityName,תל אביב–יפו x1,תל אביב–יפו,תל אביב-יפו,https://beautyfind.co.il/dan/biz/דר-אור-פרידמן-מומחה-לכירורגיה-פלסטית-משחזרת-ואסתטית
31cd10f7-8728-4caf-b8d5-a52fafdfb6bf,רעות ששון – עיצוב גבות ואיפור קבוע בצפון תל אביב,cityName,תל אביב–יפו x1,תל אביב–יפו,תל אביב-יפו,https://beautyfind.co.il/dan/biz/רעות-ששון-עיצוב-גבות-ואיפור-קבוע-בצפון-תל-אביב
aded8126-8d8c-49e7-a035-0dc0f889ccba,"הסרת שיער בלייזר , לק ג'ל מניקור פדיקור , טיפולי פנים רמת החייל",cityName,תל אביב–יפו x1,תל אביב–יפו,תל אביב-יפו,https://beautyfind.co.il/dan/biz/הסרת-שיער-בלייזר-לק-גל-מניקור-פדיקור-טיפולי-פנים-רמת-החייל
a6205955-18a0-4099-8f66-79ef26092e33,"ד""ר אלון לירן - מנתח פלסטי בכיר | מומחה בכירורגיה פלסטית, אסתטית ומשחזרת",cityName,תל אביב–יפו x1,תל אביב–יפו,תל אביב-יפו,https://beautyfind.co.il/dan/biz/דר-אלון-לירן-מנתח-פלסטי-בכיר-מומחה-בכירורגיה-פלסטית-אסתטית-ו
e2015e53-cb22-4eba-b819-7efea95d1963,מרכז כירורגי שוורץ - ארד,cityName,תל אביב–יפו x1,תל אביב–יפו,תל אביב-יפו,https://beautyfind.co.il/dan/biz/מרכז-כירורגי-שוורץ-ארד
b542c385-aad1-4b5d-94af-e485109d570f,דוקטור אילקר - מומחה עולמי להשתלות שיער,cityName,תל אביב–יפו x1,תל אביב–יפו,תל אביב-יפו,https://beautyfind.co.il/dan/biz/דוקטור-אילקר-מומחה-עולמי-להשתלות-שיער
08e9db34-039c-4a8b-b288-e390cbb38da2,"מרפאת ד""ר ליבי כרמי, תל אביב",cityName,תל אביב–יפו x1,תל אביב–יפו,תל אביב-יפו,https://beautyfind.co.il/dan/biz/מרפאת-דר-ליבי-כרמי-תל-אביב
22574d12-60c6-4a7d-8a02-e1f7da2b9c36,קליניקה כרמל - טיפול בפטרת ציפורניים בתל אביב,cityName,תל אביב–יפו x1,תל אביב–יפו,תל אביב-יפו,https://beautyfind.co.il/dan/biz/קליניקה-כרמל-טיפול-בפטרת-ציפורניים-בתל-אביב
22574d12-60c6-4a7d-8a02-e1f7da2b9c36,קליניקה כרמל - טיפול בפטרת ציפורניים בתל אביב,coverAlt,תל אביב–יפו x1,"קליניקה כרמל - טיפול בפטרת ציפורניים בתל אביב, תל אביב–יפו","קליניקה כרמל - טיפול בפטרת ציפורניים בתל אביב, תל אביב-יפו",https://beautyfind.co.il/dan/biz/קליניקה-כרמל-טיפול-בפטרת-ציפורניים-בתל-אביב
7ebda09d-9c17-40d7-8f6e-aa8337cc0d6a,קראוס קליניק - Krauss Clinic - ד״ר עומרי קראוס,cityName,תל אביב–יפו x1,תל אביב–יפו,תל אביב-יפו,https://beautyfind.co.il/dan/biz/krauss-clinic
75fb76c5-de75-45f0-af66-85d6fb7a8834,"לימור שמואל קוסמטיקאית,פדיקור,מניקור ג׳ל, ליזר ,שעוות ,אפילציה",cityName,תל אביב–יפו x1,תל אביב–יפו,תל אביב-יפו,https://beautyfind.co.il/dan/biz/לימור-שמואל-קוסמטיקאית-פדיקור-מניקור-גל-ליזר-שעוות-אפילציה
75fb76c5-de75-45f0-af66-85d6fb7a8834,"לימור שמואל קוסמטיקאית,פדיקור,מניקור ג׳ל, ליזר ,שעוות ,אפילציה",coverAlt,תל אביב–יפו x1,"לימור שמואל קוסמטיקאית,פדיקור,מניקור ג׳ל, ליזר ,שעוות ,אפילציה, תל אביב–יפו","לימור שמואל קוסמטיקאית,פדיקור,מניקור ג׳ל, ליזר ,שעוות ,אפילציה, תל אביב-יפו",https://beautyfind.co.il/dan/biz/לימור-שמואל-קוסמטיקאית-פדיקור-מניקור-גל-ליזר-שעוות-אפילציה
f891816e-6a01-419a-8508-f6bfad688354,קרולין אופק,cityName,תל אביב–יפו x1,תל אביב–יפו,תל אביב-יפו,https://beautyfind.co.il/dan/biz/קרולין-אופק
4a91d675-61e9-48c8-94c9-f663c0ad9ff8,יוסי ממן,cityName,תל אביב–יפו x1,תל אביב–יפו,תל אביב-יפו,https://beautyfind.co.il/dan/biz/יוסי-ממן
2ea2ab17-1678-4a57-b255-4c4fb620740c,"מאי לי ביוטי - הדגשת תווי פנים: מיקרובליידינג, היפראליזם, מיקרושיידינג, הדגשת שפתיים, אייליינר, הסרת איפור קבוע בלייזר",cityName,תל אביב–יפו x1,תל אביב–יפו,תל אביב-יפו,https://beautyfind.co.il/dan/biz/מאי-לי-ביוטי-הדגשת-תווי-פנים-מיקרובליידינג-היפראליזם-מיקרושי
f70ad100-5e81-4531-8b98-3fde4a60573d,Beautique by Poly,cityName,תל אביב–יפו x1,תל אביב–יפו,תל אביב-יפו,https://beautyfind.co.il/dan/biz/beautique-by-poly
9016d4c1-c7f3-4da5-89b5-62689cc58321,CUT THE BULLSHIT BarberShop,cityName,תל אביב–יפו x1,תל אביב–יפו,תל אביב-יפו,https://beautyfind.co.il/dan/biz/cut-bullshit-barbershop
9016d4c1-c7f3-4da5-89b5-62689cc58321,CUT THE BULLSHIT BarberShop,coverAlt,תל אביב–יפו x1,"CUT THE BULLSHIT BarberShop, תל אביב–יפו","CUT THE BULLSHIT BarberShop, תל אביב-יפו",https://beautyfind.co.il/dan/biz/cut-bullshit-barbershop
e7f4f6f5-896d-43dc-8ec8-6f800b29887c,Cosmetology Tel-Aviv קוסמטיקאית תל אביב,cityName,תל אביב–יפו x1,תל אביב–יפו,תל אביב-יפו,https://beautyfind.co.il/dan/biz/cosmetology-tel-aviv
54ee89bb-3240-4ccd-bf88-bdcdb2dd189e,Doctor Ram Silfen - Tel Aviv Plastic,cityName,תל אביב–יפו x1,תל אביב–יפו,תל אביב-יפו,https://beautyfind.co.il/dan/biz/doctor-ram-silfen-tel-aviv-plastic
73b348b3-79f0-49e4-9a0f-69019ab3b7f2,Dr. Mor-expert Aesthetic Plastic Lcirogih,cityName,תל אביב–יפו x1,תל אביב–יפו,תל אביב-יפו,https://beautyfind.co.il/dan/biz/dr-mor-expert-aesthetic-plastic-lcirogih
409bfe62-4056-4144-804a-aa1821b63992,Dreamboat,cityName,תל אביב–יפו x1,תל אביב–יפו,תל אביב-יפו,https://beautyfind.co.il/dan/biz/dreamboat
b4da1f26-c7b3-444b-a71c-ee0f6f082877,H.Clinic | לייזר ואסתטיקה,cityName,תל אביב–יפו x1,תל אביב–יפו,תל אביב-יפו,https://beautyfind.co.il/dan/biz/h-clinic
15759f8a-3002-4f1d-9b88-e918ff89eb3f,סנס Sense,cityName,תל אביב–יפו x1,תל אביב–יפו,תל אביב-יפו,https://beautyfind.co.il/dan/biz/sense
e4e613ba-3131-4b3c-b1df-7dcbdd6465c9,Happy hour דיזנגוף,cityName,תל אביב–יפו x1,תל אביב–יפו,תל אביב-יפו,https://beautyfind.co.il/dan/biz/happy-hour
e4e613ba-3131-4b3c-b1df-7dcbdd6465c9,Happy hour דיזנגוף,coverAlt,תל אביב–יפו x1,"Happy hour דיזנגוף, תל אביב–יפו","Happy hour דיזנגוף, תל אביב-יפו",https://beautyfind.co.il/dan/biz/happy-hour
0ebe5101-7451-4419-a0d6-41cb7b7dae84,L'Occitane ל'אוקסיטן ספא עזריאלי שרונה,cityName,תל אביב–יפו x1,תל אביב–יפו,תל אביב-יפו,https://beautyfind.co.il/dan/biz/l-occitane
0ebe5101-7451-4419-a0d6-41cb7b7dae84,L'Occitane ל'אוקסיטן ספא עזריאלי שרונה,coverAlt,תל אביב–יפו x1,"L'Occitane ל'אוקסיטן ספא עזריאלי שרונה, תל אביב–יפו","L'Occitane ל'אוקסיטן ספא עזריאלי שרונה, תל אביב-יפו",https://beautyfind.co.il/dan/biz/l-occitane
c32691a2-ca0a-4d69-ac16-370d93db0799,מוסקונה - מרפאות לניתוחים פלסטיים הזרקות וטיפולים משלימים,cityName,תל אביב–יפו x1,תל אביב–יפו,תל אביב-יפו,https://beautyfind.co.il/dan/biz/מוסקונה-מרפאות-לניתוחים-פלסטיים-הזרקות-וטיפולים-משלימים
7cbf57bc-682f-4799-adb8-f07fcd7faf8c,Lavic Beauty & Advanced Cosmetology,cityName,תל אביב–יפו x1,תל אביב–יפו,תל אביב-יפו,https://beautyfind.co.il/dan/biz/lavic-beauty-and-advanced-cosmetology
b14d94eb-53eb-43ce-ae27-0e3b7c7ecdb4,Lilly Kai רמת אביב,cityName,תל אביב–יפו x1,תל אביב–יפו,תל אביב-יפו,https://beautyfind.co.il/dan/biz/lilly-kai
38ba7202-3c4f-4444-a4ee-48c19deb0937,Lily & Nina skin care and nail beauty salon,cityName,תל אביב–יפו x1,תל אביב–יפו,תל אביב-יפו,https://beautyfind.co.il/dan/biz/lily-and-nina-skin-care-and-nail-beauty-salon
33ac1e19-50b8-4836-8854-7c6ea5f0a763,Luck Nail Boutique,cityName,תל אביב–יפו x1,תל אביב–יפו,תל אביב-יפו,https://beautyfind.co.il/dan/biz/luck-nail-boutique
33ac1e19-50b8-4836-8854-7c6ea5f0a763,Luck Nail Boutique,coverAlt,תל אביב–יפו x1,"Luck Nail Boutique, תל אביב–יפו","Luck Nail Boutique, תל אביב-יפו",https://beautyfind.co.il/dan/biz/luck-nail-boutique
feac125f-51d1-472c-b7d2-89a6d79eefb1,Nails by the Sea TLV,cityName,תל אביב–יפו x1,תל אביב–יפו,תל אביב-יפו,https://beautyfind.co.il/dan/biz/nails-by-sea-tlv
05b89bca-a6d1-406e-946b-44228d4e71dd,Nailtov,cityName,תל אביב–יפו x1,תל אביב–יפו,תל אביב-יפו,https://beautyfind.co.il/dan/biz/nailtov
05b89bca-a6d1-406e-946b-44228d4e71dd,Nailtov,coverAlt,תל אביב–יפו x1,"Nailtov, תל אביב–יפו","Nailtov, תל אביב-יפו",https://beautyfind.co.il/dan/biz/nailtov
1ba63936-05d0-4eb6-922e-17a870f09728,New York Barbershop TlV,cityName,תל אביב–יפו x1,תל אביב–יפו,תל אביב-יפו,https://beautyfind.co.il/dan/biz/new-york-barbershop-tlv
1ba63936-05d0-4eb6-922e-17a870f09728,New York Barbershop TlV,coverAlt,תל אביב–יפו x1,"New York Barbershop TlV, תל אביב–יפו","New York Barbershop TlV, תל אביב-יפו",https://beautyfind.co.il/dan/biz/new-york-barbershop-tlv
c97ce44a-ce4d-412a-adeb-44258f3ca251,Or medical cosmetic treatments,cityName,תל אביב–יפו x1,תל אביב–יפו,תל אביב-יפו,https://beautyfind.co.il/dan/biz/or-medical-cosmetic-treatments
428f7a54-124c-4b2c-917a-1c0772906303,"PRPclinic - טיפולי PRP, IPRF ו-CGF לנשירת שיער ואסתטיקה רפואית",cityName,תל אביב–יפו x1,תל אביב–יפו,תל אביב-יפו,https://beautyfind.co.il/dan/biz/prpclinic-prp-iprf-cgf
0a3536e4-1b46-4988-82cb-e3eb38374c53,Renée Cosmetics,cityName,תל אביב–יפו x1,תל אביב–יפו,תל אביב-יפו,https://beautyfind.co.il/dan/biz/renee-cosmetics
0a3536e4-1b46-4988-82cb-e3eb38374c53,Renée Cosmetics,coverAlt,תל אביב–יפו x1,"Renée Cosmetics, תל אביב–יפו","Renée Cosmetics, תל אביב-יפו",https://beautyfind.co.il/dan/biz/renee-cosmetics
b471583e-01ec-4a83-82f2-82912addd521,Winkler Clinic - Prof. Eyal Winkler,cityName,תל אביב–יפו x1,תל אביב–יפו,תל אביב-יפו,https://beautyfind.co.il/dan/biz/winkler-clinic-prof-eyal-winkler
dacc8de0-1f8e-4477-87a2-0a4963319ac2,Yullia,cityName,תל אביב–יפו x1,תל אביב–יפו,תל אביב-יפו,https://beautyfind.co.il/dan/biz/yullia
2bfb8414-092f-460d-86f5-6e60f0a007ba,ZOI Med Aesthetics - מרפאת זוי,cityName,תל אביב–יפו x1,תל אביב–יפו,תל אביב-יפו,https://beautyfind.co.il/dan/biz/zoi-med-aesthetics
e82c7cf7-1eca-4b89-ac42-4846b53f53c8,be studio תל-אביב - בי סטודיו,cityName,תל אביב–יפו x1,תל אביב–יפו,תל אביב-יפו,https://beautyfind.co.il/dan/biz/be-studio
9d70917d-d54a-45f9-b71f-1531509ecf2b,emi lee beauty salon – Nail & Beauty Tel Aviv,cityName,תל אביב–יפו x1,תל אביב–יפו,תל אביב-יפו,https://beautyfind.co.il/dan/biz/emi-lee-beauty-salon-nail-and-beauty-tel-aviv
9d70917d-d54a-45f9-b71f-1531509ecf2b,emi lee beauty salon – Nail & Beauty Tel Aviv,coverAlt,תל אביב–יפו x2,"emi lee beauty salon – Nail & Beauty Tel Aviv, תל אביב–יפו","emi lee beauty salon – Nail & Beauty Tel Aviv, תל אביב-יפו",https://beautyfind.co.il/dan/biz/emi-lee-beauty-salon-nail-and-beauty-tel-aviv
38f43de7-2cc4-47ed-8683-9f8031c3eb42,yullia Yirmeyahu,cityName,תל אביב–יפו x1,תל אביב–יפו,תל אביב-יפו,https://beautyfind.co.il/dan/biz/yullia-yirmeyahu
c3968672-6116-457f-b3da-24f7aacf2dbb,ĀTO,cityName,תל אביב–יפו x1,תל אביב–יפו,תל אביב-יפו,https://beautyfind.co.il/dan/biz/to
ecaaa21f-6402-480b-94a6-f54aeb71b095,אי-קו סלון - Ei-Co Salon,cityName,תל אביב–יפו x1,תל אביב–יפו,תל אביב-יפו,https://beautyfind.co.il/dan/biz/ei-co-salon
39725c0f-27d3-43e2-b215-b440c24530bc,איילת גייר השתלות שיער בישראל וטיפולים מתקדמים,cityName,תל אביב–יפו x1,תל אביב–יפו,תל אביב-יפו,https://beautyfind.co.il/dan/biz/איילת-גייר-השתלות-שיער-בישראל-וטיפולים-מתקדמים
b8d35e6b-4975-4351-8cdc-efb35b189595,אמריקן לייזר- תל אביב,cityName,תל אביב–יפו x1,תל אביב–יפו,תל אביב-יפו,https://beautyfind.co.il/dan/biz/אמריקן-לייזר-תל-אביב
b8d35e6b-4975-4351-8cdc-efb35b189595,אמריקן לייזר- תל אביב,coverAlt,תל אביב–יפו x1,"אמריקן לייזר- תל אביב, תל אביב–יפו","אמריקן לייזר- תל אביב, תל אביב-יפו",https://beautyfind.co.il/dan/biz/אמריקן-לייזר-תל-אביב
e0e7c443-ee21-4be5-8bb3-2568adf37232,אתר דוקטור חן,cityName,תל אביב–יפו x1,תל אביב–יפו,תל אביב-יפו,https://beautyfind.co.il/dan/biz/אתר-דוקטור-חן
7cdcfeb1-e294-4fd3-8c35-6af5e10b5669,"ד""ר אורי שבשין- מנתח פלסטי",cityName,תל אביב–יפו x1,תל אביב–יפו,תל אביב-יפו,https://beautyfind.co.il/dan/biz/דר-אורי-שבשין-מנתח-פלסטי
1bb5315d-d896-4421-a096-0271d97f0ba0,יגאל ויצמן - החלקה אורגנית | תוספות שיער | צמיד שיער,cityName,תל אביב–יפו x1,תל אביב–יפו,תל אביב-יפו,https://beautyfind.co.il/dan/biz/יגאל-ויצמן-החלקה-אורגנית-תוספות-שיער-צמיד-שיער
89213fc9-41cb-45ef-8025-37c7f5d2506a,"ד""ר אידלמן יצחק רופא שיניים",cityName,תל אביב–יפו x1,תל אביב–יפו,תל אביב-יפו,https://beautyfind.co.il/dan/biz/דר-אידלמן-יצחק-רופא-שיניים
733686c9-c4e1-4e6c-84a5-0ad0c95652f7,"ד""ר דנה בוכבוט - רפואת שיער ורפואה אסתטית",cityName,תל אביב–יפו x1,תל אביב–יפו,תל אביב-יפו,https://beautyfind.co.il/dan/biz/דר-דנה-בוכבוט-רפואת-שיער-ורפואה-אסתטית
459b4ea6-3f45-44f9-940a-ba6cef88b204,"ד""ר יאיר יוסף",cityName,תל אביב–יפו x1,תל אביב–יפו,תל אביב-יפו,https://beautyfind.co.il/dan/biz/דר-יאיר-יוסף
26523da2-0961-4a0e-99f4-fc9a05babf96,"ד""ר יונתן ווגמן",cityName,תל אביב–יפו x1,תל אביב–יפו,תל אביב-יפו,https://beautyfind.co.il/dan/biz/דר-יונתן-ווגמן
1e8c108d-20ea-4043-bd39-5461c64f0c86,"ד""ר נועם חי | מנתח פלסטי בכיר בתל אביב",cityName,תל אביב–יפו x1,תל אביב–יפו,תל אביב-יפו,https://beautyfind.co.il/dan/biz/דר-נועם-חי-מנתח-פלסטי-בכיר-בתל-אביב
8848c4aa-e0c4-43eb-b18a-ae99c2a356c4,"ד""ר עומר וולף - המרפאה הפרטית בע״מ",cityName,תל אביב–יפו x1,תל אביב–יפו,תל אביב-יפו,https://beautyfind.co.il/dan/biz/דר-עומר-וולף-המרפאה-הפרטית-בעמ
cfedd499-1a35-4c61-a48a-61925886df64,דיאנה - בית הספר לעיצוב שיער ומקצועות היופי,cityName,תל אביב–יפו x1,תל אביב–יפו,תל אביב-יפו,https://beautyfind.co.il/dan/biz/דיאנה-הספר-לעיצוב-שיער-ומקצועות-היופי
e7d42b0b-f6c3-4a29-a665-1be7b87c0432,דיוויס ואודי סלון ובית ספר לספרות,cityName,תל אביב–יפו x1,תל אביב–יפו,תל אביב-יפו,https://beautyfind.co.il/dan/biz/דיוויס-ואודי-סלון-ובית-ספר-לספרות
b0c1e25d-797e-4146-b2c2-175f5d144556,דיתי מסר | מאפרת,cityName,תל אביב–יפו x1,תל אביב–יפו,תל אביב-יפו,https://beautyfind.co.il/dan/biz/דיתי-מסר-מאפרת
cfd78421-587a-4765-9296-85be71ff69d3,ד״ר איתם וייס - מומחה לכירורגיה פלסטית ואסתטית,cityName,תל אביב–יפו x1,תל אביב–יפו,תל אביב-יפו,https://beautyfind.co.il/dan/biz/דר-איתם-וייס-מומחה-לכירורגיה-פלסטית-ואסתטית
aa34b022-a476-4b3c-a121-43d9a8a0ab3c,ד״ר דיאא זייד - Dr Diaa zaid,cityName,תל אביב–יפו x1,תל אביב–יפו,תל אביב-יפו,https://beautyfind.co.il/dan/biz/dr-diaa-zaid
2b8e6318-5a0d-4b4d-aaf3-b52b5d94ccab,הקומה של אהובה,cityName,תל אביב–יפו x1,תל אביב–יפו,תל אביב-יפו,https://beautyfind.co.il/dan/biz/הקומה-אהובה
e31afad1-b3c7-48b0-9817-b761d6e811ce,חיים קפלן,cityName,תל אביב–יפו x1,תל אביב–יפו,תל אביב-יפו,https://beautyfind.co.il/dan/biz/חיים-קפלן
7ef56877-6de8-4ee3-85d3-84f2c43fac74,חנה מושייב,cityName,תל אביב–יפו x1,תל אביב–יפו,תל אביב-יפו,https://beautyfind.co.il/dan/biz/חנה-מושייב
125f87c2-198c-4366-8112-ec766e68b10a,808 Haircut & Grooming 808TLV Tel Aviv Барбершоп | Barbershop - מספרה,cityName,תל אביב–יפו x1,תל אביב–יפו,תל אביב-יפו,https://beautyfind.co.il/dan/biz/808-haircut-and-grooming-808tlv-tel-aviv-barbershop
125f87c2-198c-4366-8112-ec766e68b10a,808 Haircut & Grooming 808TLV Tel Aviv Барбершоп | Barbershop - מספרה,coverAlt,תל אביב–יפו x1,"808 Haircut & Grooming 808TLV Tel Aviv Барбершоп | Barbershop - מספרה, תל אביב–יפו","808 Haircut & Grooming 808TLV Tel Aviv Барбершоп | Barbershop - מספרה, תל אביב-יפו",https://beautyfind.co.il/dan/biz/808-haircut-and-grooming-808tlv-tel-aviv-barbershop
77692c6f-a6bd-4c13-b92b-c41dea986f6d,ירון אזולאי - עיצוב שיער,cityName,תל אביב–יפו x1,תל אביב–יפו,תל אביב-יפו,https://beautyfind.co.il/dan/biz/ירון-אזולאי-עיצוב-שיער
6276b316-e855-4071-bc62-76b30546fcbc,מושלמת האוס אוף ביוטי,cityName,תל אביב–יפו x1,תל אביב–יפו,תל אביב-יפו,https://beautyfind.co.il/dan/biz/מושלמת-האוס-אוף-ביוטי
6276b316-e855-4071-bc62-76b30546fcbc,מושלמת האוס אוף ביוטי,coverAlt,תל אביב–יפו x1,"מושלמת האוס אוף ביוטי, תל אביב–יפו","מושלמת האוס אוף ביוטי, תל אביב-יפו",https://beautyfind.co.il/dan/biz/מושלמת-האוס-אוף-ביוטי
2ed585c3-f1d9-4baf-bedf-32d8d75aec6f,Adis place- עדי בוטיק קוסמטיקאית והסרת שיער בלייזר תל אביב,cityName,תל אביב–יפו x1,תל אביב–יפו,תל אביב-יפו,https://beautyfind.co.il/dan/biz/adis-place
2ed585c3-f1d9-4baf-bedf-32d8d75aec6f,Adis place- עדי בוטיק קוסמטיקאית והסרת שיער בלייזר תל אביב,coverAlt,תל אביב–יפו x1,"Adis place- עדי בוטיק קוסמטיקאית והסרת שיער בלייזר תל אביב, תל אביב–יפו","Adis place- עדי בוטיק קוסמטיקאית והסרת שיער בלייזר תל אביב, תל אביב-יפו",https://beautyfind.co.il/dan/biz/adis-place
30c39ad7-486e-4c94-9df4-c7c02f154bc9,מכבי אסתטיקה - סניף תל אביב,cityName,תל אביב–יפו x1,תל אביב–יפו,תל אביב-יפו,https://beautyfind.co.il/dan/biz/מכבי-אסתטיקה-סניף-תל-אביב
f0c9803e-0050-45be-8060-19eb1ed9f379,מכון שיזוף בהתזה ׳ספריי׳ - spray tanning salon,cityName,תל אביב–יפו x1,תל אביב–יפו,תל אביב-יפו,https://beautyfind.co.il/dan/biz/spray-tanning-salon
8af31e3c-a298-4d41-933f-50031782d817,מסודרות,cityName,תל אביב–יפו x1,תל אביב–יפו,תל אביב-יפו,https://beautyfind.co.il/dan/biz/מסודרות
e41cb1e0-4dba-4c0a-9ae9-62d4b07e7cfd,Gorgeous,cityName,תל אביב–יפו x1,תל אביב–יפו,תל אביב-יפו,https://beautyfind.co.il/dan/biz/gorgeous
70143afd-d45c-4eea-90f4-a53804b07168,מספרת שי גדון עיצוב שיער נשים,cityName,תל אביב–יפו x1,תל אביב–יפו,תל אביב-יפו,https://beautyfind.co.il/dan/biz/מספרת-שי-גדון-עיצוב-שיער-נשים
3a64ca0d-70ab-47a7-861b-a36f920413c2,Beauty Time Salon,cityName,תל אביב–יפו x1,תל אביב–יפו,תל אביב-יפו,https://beautyfind.co.il/dan/biz/beauty-time-salon
3a64ca0d-70ab-47a7-861b-a36f920413c2,Beauty Time Salon,coverAlt,תל אביב–יפו x1,"Beauty Time Salon, תל אביב–יפו","Beauty Time Salon, תל אביב-יפו",https://beautyfind.co.il/dan/biz/beauty-time-salon
4fa1f819-6541-45c9-b1d4-0ae3aa4104bd,סלון יפו jaffa salon,cityName,תל אביב–יפו x1,תל אביב–יפו,תל אביב-יפו,https://beautyfind.co.il/dan/biz/jaffa-salon
a359b297-0204-413e-b25a-ead4cef6829f,קליניקת ויקה קוסמטיקה מתקדמת | קוסמטיקאית רפואית,cityName,תל אביב–יפו x1,תל אביב–יפו,תל אביב-יפו,https://beautyfind.co.il/dan/biz/קליניקת-ויקה-קוסמטיקה-מתקדמת-קוסמטיקאית-רפואית
325eefa4-9a5e-4b94-ac44-43a7ef3ab21e,Express Spray Tan in Tel Aviv and Lash Extensions שיזוף בהתזה בתל אביב,cityName,תל אביב–יפו x1,תל אביב–יפו,תל אביב-יפו,https://beautyfind.co.il/dan/biz/express-spray-tan-in-tel-aviv-and-lash-extensions
325eefa4-9a5e-4b94-ac44-43a7ef3ab21e,Express Spray Tan in Tel Aviv and Lash Extensions שיזוף בהתזה בתל אביב,coverAlt,תל אביב–יפו x1,"Express Spray Tan in Tel Aviv and Lash Extensions שיזוף בהתזה בתל אביב, תל אביב–יפו","Express Spray Tan in Tel Aviv and Lash Extensions שיזוף בהתזה בתל אביב, תל אביב-יפו",https://beautyfind.co.il/dan/biz/express-spray-tan-in-tel-aviv-and-lash-extensions
2e9b1d49-a617-44d9-a0a1-cb4c51dd3a4f,רונית רפאל מדע היופי - תל אביב,cityName,תל אביב–יפו x1,תל אביב–יפו,תל אביב-יפו,https://beautyfind.co.il/dan/biz/רונית-רפאל-מדע-היופי-תל-אביב
2b6edc19-53a1-4177-af5f-f621c4fd05a3,"רופא שיניים בתל אביב - מרפאת לובנדנט בע""מ",cityName,תל אביב–יפו x1,תל אביב–יפו,תל אביב-יפו,https://beautyfind.co.il/dan/biz/רופא-שיניים-בתל-אביב-מרפאת-לובנדנט-בעמ
bac3185f-909b-482e-8fd5-1484b426acd0,BUBA beauty space,cityName,תל אביב–יפו x1,תל אביב–יפו,תל אביב-יפו,https://beautyfind.co.il/dan/biz/buba-beauty-space
800087b3-e648-4bb1-9f81-439a1022feda,Happy Hour TLV,cityName,תל אביב–יפו x1,תל אביב–יפו,תל אביב-יפו,https://beautyfind.co.il/dan/biz/happy-hour-tlv
90c397d2-b22b-47e1-81db-bc814a5ec773,Ida eyebrows and Hair Removal,cityName,תל אביב–יפו x1,תל אביב–יפו,תל אביב-יפו,https://beautyfind.co.il/dan/biz/ida-eyebrows-and-hair-removal
d5053444-6048-4dec-aa56-9a87c52467ac,Aesthetic Dentistry - ד''ר אילן הכט,cityName,תל אביב–יפו x1,תל אביב–יפו,תל אביב-יפו,https://beautyfind.co.il/dan/biz/aesthetic-dentistry
7e9708d2-4d30-49f7-9ecc-739a226463be,Eran Yaniv Katsav,cityName,תל אביב–יפו x1,תל אביב–יפו,תל אביב-יפו,https://beautyfind.co.il/dan/biz/eran-yaniv-katsav
ab1d8481-8948-4cac-8955-7bd1c4e630f1,yullia Tzahala - מומחים בהסרת שיער בלייזר | הזרקות | טיפול פנים | מניקור | פדיקור רפואי,cityName,תל אביב–יפו x1,תל אביב–יפו,תל אביב-יפו,https://beautyfind.co.il/dan/biz/yullia-tzahala
8dff0752-72ef-4f8e-8b12-13fd11e2d96e,Love is in the Hair By Ram Solan,cityName,תל אביב–יפו x1,תל אביב–יפו,תל אביב-יפו,https://beautyfind.co.il/dan/biz/love-is-in-hair-by-ram-solan
8dff0752-72ef-4f8e-8b12-13fd11e2d96e,Love is in the Hair By Ram Solan,coverAlt,תל אביב–יפו x1,"Love is in the Hair By Ram Solan, תל אביב–יפו","Love is in the Hair By Ram Solan, תל אביב-יפו",https://beautyfind.co.il/dan/biz/love-is-in-hair-by-ram-solan
596ba9f5-fd64-4973-a164-a5c73ca72f1c,Shooshka,cityName,תל אביב–יפו x1,תל אביב–יפו,תל אביב-יפו,https://beautyfind.co.il/dan/biz/shooshka
1983207e-fcbc-44a1-88d5-ed9821777dfa,Sharoomba Cosmetics שרומבה קוסמטיקה,cityName,תל אביב–יפו x1,תל אביב–יפו,תל אביב-יפו,https://beautyfind.co.il/dan/biz/sharoomba-cosmetics
1983207e-fcbc-44a1-88d5-ed9821777dfa,Sharoomba Cosmetics שרומבה קוסמטיקה,coverAlt,תל אביב–יפו x1,"Sharoomba Cosmetics שרומבה קוסמטיקה, תל אביב–יפו","Sharoomba Cosmetics שרומבה קוסמטיקה, תל אביב-יפו",https://beautyfind.co.il/dan/biz/sharoomba-cosmetics
e6d2762c-590a-4790-a561-f10f3a3fce4f,KEDEM SPA HOUSE קדם ספא וחמאם ביפו Spa in Jaffa,cityName,תל אביב–יפו x1,תל אביב–יפו,תל אביב-יפו,https://beautyfind.co.il/dan/biz/kedem-spa-house-spa-in-jaffa
e6d2762c-590a-4790-a561-f10f3a3fce4f,KEDEM SPA HOUSE קדם ספא וחמאם ביפו Spa in Jaffa,coverAlt,תל אביב–יפו x1,"KEDEM SPA HOUSE קדם ספא וחמאם ביפו Spa in Jaffa, תל אביב–יפו","KEDEM SPA HOUSE קדם ספא וחמאם ביפו Spa in Jaffa, תל אביב-יפו",https://beautyfind.co.il/dan/biz/kedem-spa-house-spa-in-jaffa
315529a9-a10b-410b-8791-83c50658470f,ViVi TELAViVi NAiLS ויוי תלאביבי ניילס,cityName,תל אביב–יפו x1,תל אביב–יפו,תל אביב-יפו,https://beautyfind.co.il/dan/biz/vivi-telavivi-nails
22769a43-e52e-43a2-b880-a4953adfa60c,STIKA Beauty TLV,cityName,תל אביב–יפו x1,תל אביב–יפו,תל אביב-יפו,https://beautyfind.co.il/dan/biz/stika-beauty-tlv
2a8ef746-7ca8-4823-a72f-f9341fa5a7cd,Jordan beauty,cityName,תל אביב–יפו x1,תל אביב–יפו,תל אביב-יפו,https://beautyfind.co.il/dan/biz/jordan-beauty
462b5fe2-7d50-4c6a-82a9-530f1d0257ae,פרופורציה,cityName,תל אביב–יפו x1,תל אביב–יפו,תל אביב-יפו,https://beautyfind.co.il/dan/biz/פרופורציה
b31e7964-7cb9-420e-86ad-9b8a746d6975,myclinic Lillienblum,cityName,תל אביב–יפו x1,תל אביב–יפו,תל אביב-יפו,https://beautyfind.co.il/dan/biz/myclinic-lillienblum
e29365c5-d113-429a-9a6f-a7469293eb5d,"מספרה Barak Shoshan Hair Design-Keratin,Japanese Treatment",cityName,תל אביב–יפו x1,תל אביב–יפו,תל אביב-יפו,https://beautyfind.co.il/dan/biz/barak-shoshan-hair-design-keratin-japanese-treatment
fbb4d1ed-8c4f-4d5e-a866-a86104204fa4,couture hair barbershop NYC New York,cityName,תל אביב–יפו x1,תל אביב–יפו,תל אביב-יפו,https://beautyfind.co.il/dan/biz/couture-hair-barbershop-nyc-new-york
fbb4d1ed-8c4f-4d5e-a866-a86104204fa4,couture hair barbershop NYC New York,coverAlt,תל אביב–יפו x1,"couture hair barbershop NYC New York, תל אביב–יפו","couture hair barbershop NYC New York, תל אביב-יפו",https://beautyfind.co.il/dan/biz/couture-hair-barbershop-nyc-new-york
b9090e87-3422-4ae0-8847-4dec673e85a0,נטלי קוסמטיקס,cityName,תל אביב–יפו x1,תל אביב–יפו,תל אביב-יפו,https://beautyfind.co.il/dan/biz/נטלי-קוסמטיקס
9c5b8ef0-27c9-4930-a164-4f47352d6053,Shosh Medical Pedicure,cityName,תל אביב–יפו x1,תל אביב–יפו,תל אביב-יפו,https://beautyfind.co.il/dan/biz/shosh-medical-pedicure
9c5b8ef0-27c9-4930-a164-4f47352d6053,Shosh Medical Pedicure,coverAlt,תל אביב–יפו x1,"Shosh Medical Pedicure, תל אביב–יפו","Shosh Medical Pedicure, תל אביב-יפו",https://beautyfind.co.il/dan/biz/shosh-medical-pedicure
41b33d29-6986-4758-b382-2bde08d435be,4Man - מכון יופי וטיפוח לגבר בתל אביב,cityName,תל אביב–יפו x1,תל אביב–יפו,תל אביב-יפו,https://beautyfind.co.il/dan/biz/4man
7a042352-928d-45bb-83d9-6d4421779406,אירית גולן קוסמטיקאית -טיפולי פנים והסרת שיער בלייזר,cityName,תל אביב–יפו x1,תל אביב–יפו,תל אביב-יפו,https://beautyfind.co.il/dan/biz/אירית-גולן-קוסמטיקאית-טיפולי-פנים-והסרת-שיער-בלייזר
10e7985d-1462-400f-bff7-4503254b418e,אנדר פלאנט Another planet,cityName,תל אביב–יפו x1,תל אביב–יפו,תל אביב-יפו,https://beautyfind.co.il/dan/biz/another-planet
10e7985d-1462-400f-bff7-4503254b418e,אנדר פלאנט Another planet,coverAlt,תל אביב–יפו x1,"אנדר פלאנט Another planet, תל אביב–יפו","אנדר פלאנט Another planet, תל אביב-יפו",https://beautyfind.co.il/dan/biz/another-planet
4c6fbe8b-f945-4e62-8586-8c94d711366f,אנזו מד Anzo Med,cityName,תל אביב–יפו x1,תל אביב–יפו,תל אביב-יפו,https://beautyfind.co.il/dan/biz/anzo-med
48804575-e784-45c7-a79d-6c087329fe49,גיל דורמן - המרכז לטיפולי פיגמנטציה,cityName,תל אביב–יפו x1,תל אביב–יפו,תל אביב-יפו,https://beautyfind.co.il/dan/biz/גיל-דורמן-המרכז-לטיפולי-פיגמנטציה
45e6545d-12da-4e23-a764-0ea9214e6744,"ד""ר אהרן עמיר -מומחה בינלאומי לכירורגיה פלסטית, אסתטית ומשחזרת",cityName,תל אביב–יפו x1,תל אביב–יפו,תל אביב-יפו,https://beautyfind.co.il/dan/biz/דר-אהרן-עמיר-מומחה-בינלאומי-לכירורגיה-פלסטית-אסתטית-ומשחזרת
758de1cc-ed61-4ff7-97b1-0720b36184a0,"ד״ר אודי ארד, מומחה בניתוחים פלסטיים וטיפולים אסתטיים",cityName,תל אביב–יפו x1,תל אביב–יפו,תל אביב-יפו,https://beautyfind.co.il/dan/biz/דר-אודי-ארד-מומחה-בניתוחים-פלסטיים-וטיפולים-אסתטיים
af501a92-5f78-47d4-ac11-d5d30dc6a60c,ד״ר אורן גולדשטיין,cityName,תל אביב–יפו x1,תל אביב–יפו,תל אביב-יפו,https://beautyfind.co.il/dan/biz/דר-אורן-גולדשטיין
1a02e569-909f-430f-82f6-3a144f206baa,"ד""ר דורון אבניאלי, השתלות שיניים, טיפולי שיניים בהרדמה מלאה",cityName,תל אביב–יפו x1,תל אביב–יפו,תל אביב-יפו,https://beautyfind.co.il/dan/biz/דר-דורון-אבניאלי-השתלות-שיניים-טיפולי-שיניים-בהרדמה-מלאה
73dcc4d5-53ab-492c-847c-0c9ebe462c3d,"ד""ר דרור בן-שלמה רופא שיניים וטיפולים אסתטיים בתל אביב",cityName,תל אביב–יפו x1,תל אביב–יפו,תל אביב-יפו,https://beautyfind.co.il/dan/biz/דר-דרור-בן-שלמה-רופא-שיניים-וטיפולים-אסתטיים-בתל-אביב
b88742b2-8f26-47aa-8d62-b36a6d1967e5,"ד""ר כריס השתלת שיער CHOIEXPERT",cityName,תל אביב–יפו x1,תל אביב–יפו,תל אביב-יפו,https://beautyfind.co.il/dan/biz/choiexpert
fbd81ef3-7e3f-4513-ab19-a496a68e22fe,"ד""ר נמרוד פרידמן- ניתוחים פלסטיים וטיפולים אסתטיים",cityName,תל אביב–יפו x1,תל אביב–יפו,תל אביב-יפו,https://beautyfind.co.il/dan/biz/דר-נמרוד-פרידמן-ניתוחים-פלסטיים-וטיפולים-אסתטיים
84b983eb-e26b-4cee-ac49-3db5cf30cf13,"ד""ר רון יהב - מרפאת אמייזינג סמייל, מרפאת שיניים בתל אביב",cityName,תל אביב–יפו x1,תל אביב–יפו,תל אביב-יפו,https://beautyfind.co.il/dan/biz/דר-רון-יהב-מרפאת-אמייזינג-סמייל-מרפאת-שיניים-בתל-אביב
9de5fe8a-48df-47f1-9013-3c5653e3b84a,"ד""ר ערן חדד - מנתח פלסטי, מומחה לכירורגיה פלסטית - כירורג פלסטי",cityName,תל אביב–יפו x1,תל אביב–יפו,תל אביב-יפו,https://beautyfind.co.il/dan/biz/דר-ערן-חדד-מנתח-פלסטי-מומחה-לכירורגיה-פלסטית-כירורג-פלסטי
2d77cda8-c9e8-4e41-b039-51c7d0edc141,אריאל מספרה נווה אביבים רמת אביב,cityName,תל אביב–יפו x1,תל אביב–יפו,תל אביב-יפו,https://beautyfind.co.il/dan/biz/אריאל-מספרה-נווה-אביבים-רמת-אביב
2d77cda8-c9e8-4e41-b039-51c7d0edc141,אריאל מספרה נווה אביבים רמת אביב,coverAlt,תל אביב–יפו x1,"אריאל מספרה נווה אביבים רמת אביב, תל אביב–יפו","אריאל מספרה נווה אביבים רמת אביב, תל אביב-יפו",https://beautyfind.co.il/dan/biz/אריאל-מספרה-נווה-אביבים-רמת-אביב
976d943f-892f-4dc3-a180-0a45663580f5,yullia King George,cityName,תל אביב–יפו x1,תל אביב–יפו,תל אביב-יפו,https://beautyfind.co.il/dan/biz/yullia-king-george
cb305c0b-e3b0-4d57-84c6-557f5f3efce0,דוקטור אברי רווה - מנתח פלסטי בכיר I כירורג פלסטי,cityName,תל אביב–יפו x1,תל אביב–יפו,תל אביב-יפו,https://beautyfind.co.il/dan/biz/דוקטור-אברי-רווה-מנתח-פלסטי-בכיר-i-כירורג-פלסטי
98bf9648-5e49-4df3-81b3-f68142edcdfd,ד״ר ערן צנציפר- מומחה לשיקום הפה,cityName,תל אביב–יפו x1,תל אביב–יפו,תל אביב-יפו,https://beautyfind.co.il/dan/biz/דר-ערן-צנציפר-מומחה-לשיקום-הפה
2df2cf51-e69b-482e-9c6c-c609803964af,דר' שיין - מומחה בכירורגיה פלסטית,cityName,תל אביב–יפו x1,תל אביב–יפו,תל אביב-יפו,https://beautyfind.co.il/dan/biz/דר-שיין-מומחה-בכירורגיה-פלסטית
92c6dd2a-714d-4328-8de6-46744895b9b9,"ד""ר זיידמן אלון יישור שיניים נסתר",cityName,תל אביב–יפו x1,תל אביב–יפו,תל אביב-יפו,https://beautyfind.co.il/dan/biz/דר-זיידמן-אלון-יישור-שיניים-נסתר
46e3c405-f43f-4c54-8e69-3405d446ad25,קרנית מלמד - המרכז לטיפולי קוסמטיקה רפואית,cityName,תל אביב–יפו x1,תל אביב–יפו,תל אביב-יפו,https://beautyfind.co.il/dan/biz/קרנית-מלמד-המרכז-לטיפולי-קוסמטיקה-רפואית
c2b50e3b-4b6e-4596-891f-0a0128237b55,כללית אסתטיקה - רמת אביב - תל אביב,cityName,תל אביב–יפו x1,תל אביב–יפו,תל אביב-יפו,https://beautyfind.co.il/dan/biz/כללית-אסתטיקה-רמת-אביב-תל-אביב
4125d5eb-f414-4c25-b3dd-0e8069a75afa,הסרת נגעי עור | הסרת נקודות חן | הסרת קונדילומה | הסרת שומות | אנגיוקרטומה | קסנטלזמה | נקודות אדומות (המנגיומות) - Medical-C,cityName,תל אביב–יפו x1,תל אביב–יפו,תל אביב-יפו,https://beautyfind.co.il/dan/biz/medical-c
84289740-1be4-4358-96e3-df00978b0e80,ד״ר יוני דללי - רפואה אסתטית,cityName,תל אביב–יפו x1,תל אביב–יפו,תל אביב-יפו,https://beautyfind.co.il/dan/biz/דר-יוני-דללי-רפואה-אסתטית
64b5961c-3884-407b-8737-9b72f855f632,The Beauty Lounge,cityName,תל אביב–יפו x1,תל אביב–יפו,תל אביב-יפו,https://beautyfind.co.il/dan/biz/beauty-lounge
23ca4a86-1c20-4b51-a8b6-30a5c76f4a95,"ד""ר אכי פרידמן",cityName,תל אביב–יפו x1,תל אביב–יפו,תל אביב-יפו,https://beautyfind.co.il/dan/biz/דר-אכי-פרידמן
6ce6a534-9359-40f3-bfb6-8d631d3724ea,Absolute Esthetics by Andrea,cityName,תל אביב–יפו x1,תל אביב–יפו,תל אביב-יפו,https://beautyfind.co.il/dan/biz/absolute-esthetics-by-andrea
1858d488-6e11-4238-acce-2bb62e302490,הזרקות וחומצה בתל אביב | קליניקה לרפואה אסתטית Théa | ד״ר יובל זינגר,cityName,תל אביב–יפו x1,תל אביב–יפו,תל אביב-יפו,https://beautyfind.co.il/dan/biz/thea
d28ebe09-451a-4ae9-ad6c-da08984ceae1,חד וחלק Pini Eliya,cityName,תל אביב–יפו x1,תל אביב–יפו,תל אביב-יפו,https://beautyfind.co.il/dan/biz/pini-eliya
e54fa942-5742-4408-8cad-cc2019be3403,"מרפאת השיניים והאסטתיקה של ד""ר צבי אבירם",cityName,תל אביב–יפו x1,תל אביב–יפו,תל אביב-יפו,https://beautyfind.co.il/dan/biz/מרפאת-השיניים-והאסטתיקה-דר-צבי-אבירם
5583a955-dc96-4c3b-9d44-3a7500bf06ba,"ד""ר אלי כלב - רפואה אסתטית ללא ניתוח",cityName,תל אביב–יפו x1,תל אביב–יפו,תל אביב-יפו,https://beautyfind.co.il/dan/biz/דר-אלי-כלב-רפואה-אסתטית-ללא-ניתוח
b34e54bc-33f3-4d27-8ae0-3ab122dc7895,"כירורגיה פלסטית ואסתטית | ד""ר אייל שפירא",cityName,תל אביב–יפו x1,תל אביב–יפו,תל אביב-יפו,https://beautyfind.co.il/dan/biz/כירורגיה-פלסטית-ואסתטית-דר-אייל-שפירא
0027474e-acfe-4f49-87b0-7962ca3984cb,חנה מושייב,importPlace.cityName,תל אביב–יפו x1,תל אביב–יפו,תל אביב-יפו,
251a4b9e-2a1e-40e7-b4b9-747a9dd598c0,מושלמת האוס אוף ביוטי,importPlace.cityName,תל אביב–יפו x1,תל אביב–יפו,תל אביב-יפו,
00879f44-5073-498f-ae9b-f99a278b62fe,"מספרה Barak Shoshan Hair Design-Keratin,Japanese Treatment",importPlace.cityName,תל אביב–יפו x1,תל אביב–יפו,תל אביב-יפו,
2a3f9300-1aff-42b3-8cc8-e6a5457085b1,Adis place- עדי בוטיק קוסמטיקאית והסרת שיער בלייזר תל אביב,importPlace.cityName,תל אביב–יפו x1,תל אביב–יפו,תל אביב-יפו,
66ba1894-7d12-4f30-9b9d-bc7affa92add,"ד""ר דורון פדהצור מרפאת שיניים",importPlace.cityName,תל אביב–יפו x1,תל אביב–יפו,תל אביב-יפו,
b7bb8620-1d70-46b8-9e62-f8318a0a9f53,"ד""ר יאיר יוסף",importPlace.cityName,תל אביב–יפו x1,תל אביב–יפו,תל אביב-יפו,
eaf599f5-57a6-4fb3-aee8-add33392e1f4,ViVi TELAViVi NAiLS ויוי תלאביבי ניילס,importPlace.cityName,תל אביב–יפו x1,תל אביב–יפו,תל אביב-יפו,
2edb72a7-f34d-4546-af0c-f9009ad8bd9a,אי-קו סלון - Ei-Co Salon,importPlace.cityName,תל אביב–יפו x1,תל אביב–יפו,תל אביב-יפו,
b7b6db97-f0fe-444b-92ea-ef35bd81a01c,אנדר פלאנט Another planet,importPlace.cityName,תל אביב–יפו x1,תל אביב–יפו,תל אביב-יפו,
80db6d7d-509b-43df-8231-fea9294467e7,אנזו מד Anzo Med,importPlace.cityName,תל אביב–יפו x1,תל אביב–יפו,תל אביב-יפו,
d526d01f-3173-4023-9d38-09f682353cc7,מכון שיזוף בהתזה ׳ספריי׳ - spray tanning salon,importPlace.cityName,תל אביב–יפו x1,תל אביב–יפו,תל אביב-יפו,
9d0c5802-6ab8-49c4-9b5e-638e8c5b7974,"לימור שמואל קוסמטיקאית,פדיקור,מניקור ג׳ל, ליזר ,שעוות ,אפילציה",importPlace.cityName,תל אביב–יפו x1,תל אביב–יפו,תל אביב-יפו,
72f07134-29ac-4679-9d7a-2c497994bd10,אתר דוקטור חן,importPlace.cityName,תל אביב–יפו x1,תל אביב–יפו,תל אביב-יפו,
844053f2-c3c9-4d52-833b-40ec9a29be7b,"ד""ר אבנר בן שושן",importPlace.cityName,תל אביב–יפו x1,תל אביב–יפו,תל אביב-יפו,
a0dbab30-672f-4edb-a55a-b7cc18a3b541,Dreamboat,importPlace.cityName,תל אביב–יפו x1,תל אביב–יפו,תל אביב-יפו,
a45a2a97-b147-4516-9923-cb5047023d3b,"ד״ר אודי ארד, מומחה בניתוחים פלסטיים וטיפולים אסתטיים",importPlace.cityName,תל אביב–יפו x1,תל אביב–יפו,תל אביב-יפו,
36a2dd3a-6ff5-4281-9222-115257792b68,"ד""ר דנה בוכבוט - רפואת שיער ורפואה אסתטית",importPlace.cityName,תל אביב–יפו x1,תל אביב–יפו,תל אביב-יפו,
100986a5-42e7-495d-916d-a5c8159cd7a0,"רופא שיניים בתל אביב - מרפאת לובנדנט בע""מ",importPlace.cityName,תל אביב–יפו x1,תל אביב–יפו,תל אביב-יפו,
496ad31a-a198-413c-b213-a8c10e3b87f0,"ד""ר אור פרידמן מומחה לכירורגיה פלסטית משחזרת ואסתטית",importPlace.cityName,תל אביב–יפו x1,תל אביב–יפו,תל אביב-יפו,
a8253ad3-8e95-44c0-8e61-ad54c2c14110,"ד""ר אורי שבשין- מנתח פלסטי",importPlace.cityName,תל אביב–יפו x1,תל אביב–יפו,תל אביב-יפו,
2192af14-c325-4e4e-830f-57c49b121e52,ד״ר אורן גולדשטיין,importPlace.cityName,תל אביב–יפו x1,תל אביב–יפו,תל אביב-יפו,
eb25471d-69b7-4e45-a51b-e77d7fddbbc9,"ד""ר אכי פרידמן",importPlace.cityName,תל אביב–יפו x1,תל אביב–יפו,תל אביב-יפו,
e1828952-8314-4884-b31a-7502d9c5c6f8,"ד""ר כריס השתלת שיער CHOIEXPERT",importPlace.cityName,תל אביב–יפו x1,תל אביב–יפו,תל אביב-יפו,
1ebe1f90-c8ba-402d-88fe-7456b39de0b8,ד״ר איתם וייס - מומחה לכירורגיה פלסטית ואסתטית,importPlace.cityName,תל אביב–יפו x1,תל אביב–יפו,תל אביב-יפו,
08421668-fcd1-4859-a3cd-d21b202f6460,"ד""ר נועם חי | מנתח פלסטי בכיר בתל אביב",importPlace.cityName,תל אביב–יפו x1,תל אביב–יפו,תל אביב-יפו,
566b2a0a-fa22-41bc-8fde-8d3159f40083,ביוטי פייס מכון הסרת שיער,importPlace.cityName,תל אביב–יפו x1,תל אביב–יפו,תל אביב-יפו,
a199314b-0101-4ebe-90ee-41ff6733e2c9,"ד""ר אידלמן יצחק רופא שיניים",importPlace.cityName,תל אביב–יפו x1,תל אביב–יפו,תל אביב-יפו,
b5c44110-6de0-43bf-a7fe-84c042c4aef5,דוקטור אילקר - מומחה עולמי להשתלות שיער,importPlace.cityName,תל אביב–יפו x1,תל אביב–יפו,תל אביב-יפו,
6fe02930-b3e3-4a2e-8597-bc5175651cc8,New York Barbershop TlV,importPlace.cityName,תל אביב–יפו x1,תל אביב–יפו,תל אביב-יפו,
36359cdf-b14c-4128-b498-fbc17302a830,דיאנה - בית הספר לעיצוב שיער ומקצועות היופי,importPlace.cityName,תל אביב–יפו x1,תל אביב–יפו,תל אביב-יפו,
ecaff33b-9705-4f27-8f6e-9dbba49be1ef,דיוויס ואודי סלון ובית ספר לספרות,importPlace.cityName,תל אביב–יפו x1,תל אביב–יפו,תל אביב-יפו,
0cba18d4-da56-44f6-a9f9-c5a494ddf1cd,דר' שיין - מומחה בכירורגיה פלסטית,importPlace.cityName,תל אביב–יפו x1,תל אביב–יפו,תל אביב-יפו,
543f18f7-307a-45b3-87b7-234f0303694c,הקומה של אהובה,importPlace.cityName,תל אביב–יפו x1,תל אביב–יפו,תל אביב-יפו,
541d3c51-ff37-4bbd-91fd-955570005810,Dr. Tali Friedman - International Center for Body Shaping,importPlace.cityName,תל אביב–יפו x1,תל אביב–יפו,תל אביב-יפו,
efa7131a-aeb8-45bc-a80b-3c722668db6e,הזרקות וחומצה בתל אביב | קליניקה לרפואה אסתטית Théa | ד״ר יובל זינגר,importPlace.cityName,תל אביב–יפו x1,תל אביב–יפו,תל אביב-יפו,
a782706d-4b1b-487f-b794-3c40cd74e5b3,הסרת נגעי עור | הסרת נקודות חן | הסרת קונדילומה | הסרת שומות | אנגיוקרטומה | קסנטלזמה | נקודות אדומות (המנגיומות) - Medical-C,importPlace.cityName,תל אביב–יפו x1,תל אביב–יפו,תל אביב-יפו,
6df5e013-2057-4078-81a8-865ef92ece07,ורה קליניק,importPlace.cityName,תל אביב–יפו x1,תל אביב–יפו,תל אביב-יפו,
2e59ea86-a3cb-4cec-8736-3d72844b34d4,חד וחלק Pini Eliya,importPlace.cityName,תל אביב–יפו x1,תל אביב–יפו,תל אביב-יפו,
f2f7d563-3b05-4c8f-8036-9ad0bc1a16d4,יוסי ממן,importPlace.cityName,תל אביב–יפו x1,תל אביב–יפו,תל אביב-יפו,
1f06ca36-1f87-47a6-a08f-17274d204faf,Dr. Mor-expert Aesthetic Plastic Lcirogih,importPlace.cityName,תל אביב–יפו x1,תל אביב–יפו,תל אביב-יפו,
04d3d845-2553-4841-9049-238998197309,"ד""ר אהרן עמיר -מומחה בינלאומי לכירורגיה פלסטית, אסתטית ומשחזרת",importPlace.cityName,תל אביב–יפו x1,תל אביב–יפו,תל אביב-יפו,
0d1f320b-4b1f-4634-9994-82f454a07283,"כירורגיה פלסטית ואסתטית | ד""ר אייל שפירא",importPlace.cityName,תל אביב–יפו x1,תל אביב–יפו,תל אביב-יפו,
3ff9ddca-4cf1-45a5-a4a7-cadf993b3efc,כללית אסתטיקה - רמת אביב - תל אביב,importPlace.cityName,תל אביב–יפו x1,תל אביב–יפו,תל אביב-יפו,
25c2a85d-1dd1-4ad4-899b-1a09d20ea9e0,מכבי אסתטיקה - סניף תל אביב,importPlace.cityName,תל אביב–יפו x1,תל אביב–יפו,תל אביב-יפו,
78399916-f9a8-4d0a-8128-49abf15bb9fa,מסודרות,importPlace.cityName,תל אביב–יפו x1,תל אביב–יפו,תל אביב-יפו,
617682e2-aa07-4e9b-9337-dc25ebca70a7,מספרת שי גדון עיצוב שיער נשים,importPlace.cityName,תל אביב–יפו x1,תל אביב–יפו,תל אביב-יפו,
69bf34cf-ad85-4822-8b67-59525f3b31cd,מרכז כירורגי שוורץ - ארד,importPlace.cityName,תל אביב–יפו x1,תל אביב–יפו,תל אביב-יפו,
a705d785-ad22-4862-a01e-bf2f643e6cc2,"מרפאת השיניים והאסטתיקה של ד""ר צבי אבירם",importPlace.cityName,תל אביב–יפו x1,תל אביב–יפו,תל אביב-יפו,
72c68b9e-a007-48f5-a577-524e19d9adbd,סלון יפו jaffa salon,importPlace.cityName,תל אביב–יפו x1,תל אביב–יפו,תל אביב-יפו,
f45e17ca-3c7f-4e04-96aa-139a28582a55,סנס Sense,importPlace.cityName,תל אביב–יפו x1,תל אביב–יפו,תל אביב-יפו,
130cb3e2-2bd4-4b39-b908-b6175f987987,"ד""ר עומר וולף - המרפאה הפרטית בע״מ",importPlace.cityName,תל אביב–יפו x1,תל אביב–יפו,תל אביב-יפו,
72f0b260-38f5-4bf7-8d7e-2f1c47c5cc61,קליניקה כרמל - טיפול בפטרת ציפורניים בתל אביב,importPlace.cityName,תל אביב–יפו x1,תל אביב–יפו,תל אביב-יפו,
443893fe-10cf-4ff7-bc7a-15e73d16af35,רונית רפאל מדע היופי - תל אביב,importPlace.cityName,תל אביב–יפו x1,תל אביב–יפו,תל אביב-יפו,
7cb78169-ae37-48bb-997c-e8f5e7ced327,Absolute Esthetics by Andrea,importPlace.cityName,תל אביב–יפו x1,תל אביב–יפו,תל אביב-יפו,
7e5f72b7-6494-40e9-a1cb-5aa7fcc7e8ba,יגאל ויצמן - החלקה אורגנית | תוספות שיער | צמיד שיער,importPlace.cityName,תל אביב–יפו x1,תל אביב–יפו,תל אביב-יפו,
0456fdb3-9196-4aa0-ab3a-61bf1b03fbe6,ĀTO,importPlace.cityName,תל אביב–יפו x1,תל אביב–יפו,תל אביב-יפו,
93e77eaf-403a-4dc8-ad76-5b7a0a3039e9,Beautique by Poly,importPlace.cityName,תל אביב–יפו x1,תל אביב–יפו,תל אביב-יפו,
2ba5fc6e-38d4-4271-a74e-3d3792a9a784,"ד""ר אלון לירן - מנתח פלסטי בכיר | מומחה בכירורגיה פלסטית, אסתטית ומשחזרת",importPlace.cityName,תל אביב–יפו x1,תל אביב–יפו,תל אביב-יפו,
ec5a74fb-7d51-41e9-9735-bd239ce54daf,Doctor Ram Silfen - Tel Aviv Plastic,importPlace.cityName,תל אביב–יפו x1,תל אביב–יפו,תל אביב-יפו,
fdcb7055-6503-40fd-abf7-87890d7e1e94,פרופורציה,importPlace.cityName,תל אביב–יפו x1,תל אביב–יפו,תל אביב-יפו,
745cbd7c-5c6c-4529-b4fb-c316f398e370,"ד""ר רון יהב - מרפאת אמייזינג סמייל, מרפאת שיניים בתל אביב",importPlace.cityName,תל אביב–יפו x1,תל אביב–יפו,תל אביב-יפו,
fb813322-65c4-4046-9876-a3b305d2a569,emi lee beauty salon – Nail & Beauty Tel Aviv,importPlace.cityName,תל אביב–יפו x1,תל אביב–יפו,תל אביב-יפו,
c40f5666-978f-4e25-85c3-4c8e824eb5e6,Happy hour דיזנגוף,importPlace.cityName,תל אביב–יפו x1,תל אביב–יפו,תל אביב-יפו,
0ac908b8-88fc-4100-b336-3061e71259cf,"ד""ר תומר פרלוק",importPlace.cityName,תל אביב–יפו x1,תל אביב–יפו,תל אביב-יפו,
0ebebbc3-a2ed-4834-921b-0583d284dc8d,Happy Hour TLV,importPlace.cityName,תל אביב–יפו x1,תל אביב–יפו,תל אביב-יפו,
9f52ec87-a1cb-4f16-8b00-44c37fe395dc,Jordan beauty,importPlace.cityName,תל אביב–יפו x1,תל אביב–יפו,תל אביב-יפו,
cda99450-3f8f-4068-a7b1-ac214f544938,L'Occitane ל'אוקסיטן ספא עזריאלי שרונה,importPlace.cityName,תל אביב–יפו x1,תל אביב–יפו,תל אביב-יפו,
794fbb6f-4bdc-4803-9e58-0cdbace9da16,Lavic Beauty & Advanced Cosmetology,importPlace.cityName,תל אביב–יפו x1,תל אביב–יפו,תל אביב-יפו,
9c81086c-9845-4b00-ae98-18271f5a512a,קראוס קליניק - Krauss Clinic - ד״ר עומרי קראוס,importPlace.cityName,תל אביב–יפו x1,תל אביב–יפו,תל אביב-יפו,
aad01f7c-e598-488c-aef0-bf8a71f2019c,BUBA beauty space,importPlace.cityName,תל אביב–יפו x1,תל אביב–יפו,תל אביב-יפו,
bd193841-e032-40a3-bf11-11a29b1acdbe,Lilly Kai רמת אביב,importPlace.cityName,תל אביב–יפו x1,תל אביב–יפו,תל אביב-יפו,
87a72399-8340-443f-b0b1-fe9b71c08e99,Love is in the Hair By Ram Solan,importPlace.cityName,תל אביב–יפו x1,תל אביב–יפו,תל אביב-יפו,
31de379e-c2ea-448e-b671-ffdb0b235260,נטלי קוסמטיקס,importPlace.cityName,תל אביב–יפו x1,תל אביב–יפו,תל אביב-יפו,
fcd86abb-7159-4d17-8907-4b4f34bcf473,Aesthetic Dentistry - ד''ר אילן הכט,importPlace.cityName,תל אביב–יפו x1,תל אביב–יפו,תל אביב-יפו,
585b42b2-9cc3-442e-8675-aa7f118e39a4,Luck Nail Boutique,importPlace.cityName,תל אביב–יפו x1,תל אביב–יפו,תל אביב-יפו,
cd93c2b0-5b6b-467a-8d19-74e932c87573,myclinic Lillienblum,importPlace.cityName,תל אביב–יפו x1,תל אביב–יפו,תל אביב-יפו,
6d75d714-3c84-4183-a6db-d310d188380c,Nailtov,importPlace.cityName,תל אביב–יפו x1,תל אביב–יפו,תל אביב-יפו,
c57f63dd-69bb-4fa4-ad01-b31a8616437b,קרנית מלמד - המרכז לטיפולי קוסמטיקה רפואית,importPlace.cityName,תל אביב–יפו x1,תל אביב–יפו,תל אביב-יפו,
800427ae-cdc7-44f0-8807-10cfe1063b56,Or medical cosmetic treatments,importPlace.cityName,תל אביב–יפו x1,תל אביב–יפו,תל אביב-יפו,
0c9f5d95-bd33-483e-815a-56e605a14aac,Renée Cosmetics,importPlace.cityName,תל אביב–יפו x1,תל אביב–יפו,תל אביב-יפו,
1ccaf15e-2127-48e7-b608-81eb8fab7885,ד״ר דיאא זייד - Dr Diaa zaid,importPlace.cityName,תל אביב–יפו x1,תל אביב–יפו,תל אביב-יפו,
13beea18-3983-4600-9643-9e5a80d8ed54,Sharoomba Cosmetics שרומבה קוסמטיקה,importPlace.cityName,תל אביב–יפו x1,תל אביב–יפו,תל אביב-יפו,
51c83197-ff98-4801-8298-21c9cb268dcf,808 Haircut & Grooming 808TLV Tel Aviv Барбершоп | Barbershop - מספרה,importPlace.cityName,תל אביב–יפו x1,תל אביב–יפו,תל אביב-יפו,
675388a5-ff1e-49fa-b66f-d888c0eae075,Shooshka,importPlace.cityName,תל אביב–יפו x1,תל אביב–יפו,תל אביב-יפו,
c892cbdc-18db-41eb-8e7e-23bf69a742d4,TALETSKY ROOM TLV,importPlace.cityName,תל אביב–יפו x1,תל אביב–יפו,תל אביב-יפו,
c72609e8-6aec-426a-a48e-2af110e004e2,The Beauty Lounge,importPlace.cityName,תל אביב–יפו x1,תל אביב–יפו,תל אביב-יפו,
93ac04f6-d1b2-4db9-b294-f6a090a5f01c,"ד""ר ערן חדד - מנתח פלסטי, מומחה לכירורגיה פלסטית - כירורג פלסטי",importPlace.cityName,תל אביב–יפו x1,תל אביב–יפו,תל אביב-יפו,
5d7f24d0-8eb6-4840-ad00-96ad81bf34d3,yullia King George,importPlace.cityName,תל אביב–יפו x1,תל אביב–יפו,תל אביב-יפו,
419b8942-da34-4ced-9faf-e80595c01c4c,yullia Tzahala - מומחים בהסרת שיער בלייזר | הזרקות | טיפול פנים | מניקור | פדיקור רפואי,importPlace.cityName,תל אביב–יפו x1,תל אביב–יפו,תל אביב-יפו,
7df7d979-efdd-4762-adb0-2d31bad260b8,חיים קפלן,importPlace.cityName,תל אביב–יפו x1,תל אביב–יפו,תל אביב-יפו,
095c22ee-c321-4bb4-909f-24fd5387188d,yullia Yirmeyahu,importPlace.cityName,תל אביב–יפו x1,תל אביב–יפו,תל אביב-יפו,
c25425f0-2ae5-47e5-bd85-3ed49273cce6,Gorgeous,importPlace.cityName,תל אביב–יפו x1,תל אביב–יפו,תל אביב-יפו,
c604fc92-9c44-4abe-8000-989d5ab7a13d,Odelia Ben Hur Cosmetica,importPlace.cityName,תל אביב–יפו x1,תל אביב–יפו,תל אביב-יפו,
468a61a0-ba60-472c-ba96-6c47e9db4a7d,Salon Seasons | סלון סיזונס,importPlace.cityName,תל אביב–יפו x1,תל אביב–יפו,תל אביב-יפו,
0170c00b-42a5-46e0-b914-1b0282a67233,ZOI Med Aesthetics - מרפאת זוי,importPlace.cityName,תל אביב–יפו x1,תל אביב–יפו,תל אביב-יפו,
0fe663cc-0a8d-473c-ad76-79db7224f7db,מוסקונה - מרפאות לניתוחים פלסטיים הזרקות וטיפולים משלימים,importPlace.cityName,תל אביב–יפו x1,תל אביב–יפו,תל אביב-יפו,
3ae1cab2-8836-4a70-bc48-d8bbd801875a,רעות ששון – עיצוב גבות ואיפור קבוע בצפון תל אביב,importPlace.cityName,תל אביב–יפו x1,תל אביב–יפו,תל אביב-יפו,
4339aff1-25fd-47e6-90ec-c6c576ef004c,Beauty Time Salon,importPlace.cityName,תל אביב–יפו x1,תל אביב–יפו,תל אביב-יפו,
03458f47-99ea-47f5-ade6-be9787171fd1,CUT THE BULLSHIT BarberShop,importPlace.cityName,תל אביב–יפו x1,תל אביב–יפו,תל אביב-יפו,
a9a9ff12-b58e-49f9-b19e-b25ece391c28,yullia Midtown - מומחים בהסרת שיער בלייזר | הזרקות | טיפול פנים | מניקור | פדיקור רפואי,importPlace.cityName,תל אביב–יפו x1,תל אביב–יפו,תל אביב-יפו,
dc22472d-f94d-4a80-b1a0-aa36e1141221,דוקטור אברי רווה - מנתח פלסטי בכיר I כירורג פלסטי,importPlace.cityName,תל אביב–יפו x1,תל אביב–יפו,תל אביב-יפו,
a521456b-84db-4fc1-95f6-7cdafe8598eb,Eran Yaniv Katsav,importPlace.cityName,תל אביב–יפו x1,תל אביב–יפו,תל אביב-יפו,
8009ed87-a295-46eb-8bf0-da4de7ada642,RESTYLE,importPlace.cityName,תל אביב–יפו x1,תל אביב–יפו,תל אביב-יפו,
1eb51a4c-aaa4-435f-9aac-c3770ad24d18,Express Spray Tan in Tel Aviv and Lash Extensions שיזוף בהתזה בתל אביב,importPlace.cityName,תל אביב–יפו x1,תל אביב–יפו,תל אביב-יפו,
55a39f82-190e-4b9d-bb8d-716afb7c7f87,yullia Azrielli mall Tel Aviv - מומחים בהסרת שיער בלייזר | הזרקות | טיפול פנים | מניקור | פדיקור רפואי,importPlace.cityName,תל אביב–יפו x1,תל אביב–יפו,תל אביב-יפו,
68f958c1-427d-4e44-b28e-987709be65d4,Ida eyebrows and Hair Removal,importPlace.cityName,תל אביב–יפו x1,תל אביב–יפו,תל אביב-יפו,
9db158ae-b9c0-4b9f-a80a-2b2e9864e16c,קרולין אופק,importPlace.cityName,תל אביב–יפו x1,תל אביב–יפו,תל אביב-יפו,
0bdc953c-e823-4a82-a950-60a2121a0676,ירון אזולאי - עיצוב שיער,importPlace.cityName,תל אביב–יפו x1,תל אביב–יפו,תל אביב-יפו,
a7a92a09-b4e0-40c0-961e-1716a2e78d27,קליניקת ויקה קוסמטיקה מתקדמת | קוסמטיקאית רפואית,importPlace.cityName,תל אביב–יפו x1,תל אביב–יפו,תל אביב-יפו,
bf0da5da-e989-4d95-aa52-1a84ebb27072,Horizon Spa,importPlace.cityName,תל אביב–יפו x1,תל אביב–יפו,תל אביב-יפו,
6c80aac9-23f8-4168-8278-ad0b0e230807,4Man - מכון יופי וטיפוח לגבר בתל אביב,importPlace.cityName,תל אביב–יפו x1,תל אביב–יפו,תל אביב-יפו,
cbf7abc2-27fb-417e-ad0b-b2ab9d1abd26,"מרפאת ד""ר ליבי כרמי, תל אביב",importPlace.cityName,תל אביב–יפו x1,תל אביב–יפו,תל אביב-יפו,
18e0f949-ce0b-4679-92ff-ba0d47d998e7,Cosmetology Tel-Aviv קוסמטיקאית תל אביב,importPlace.cityName,תל אביב–יפו x1,תל אביב–יפו,תל אביב-יפו,
9633076c-7b21-4c78-8be2-5f3299023eab,"ד""ר דורון אבניאלי, השתלות שיניים, טיפולי שיניים בהרדמה מלאה",importPlace.cityName,תל אביב–יפו x1,תל אביב–יפו,תל אביב-יפו,
ba0dd579-7aa2-4b08-a70a-7fc92ec202e7,H.Clinic | לייזר ואסתטיקה,importPlace.cityName,תל אביב–יפו x1,תל אביב–יפו,תל אביב-יפו,
d1a05683-b41c-477a-a2b3-1a77687f03c0,couture hair barbershop NYC New York,importPlace.cityName,תל אביב–יפו x1,תל אביב–יפו,תל אביב-יפו,
d5f94648-b499-4b3f-9892-bb3f359c8041,אריאל מספרה נווה אביבים רמת אביב,importPlace.cityName,תל אביב–יפו x1,תל אביב–יפו,תל אביב-יפו,
662806d8-134c-425e-a4cf-9be4fd5fdc65,Shosh Medical Pedicure,importPlace.cityName,תל אביב–יפו x1,תל אביב–יפו,תל אביב-יפו,
5ad68ee3-b80e-443e-bc3e-cd60c6102f18,KEDEM SPA HOUSE קדם ספא וחמאם ביפו Spa in Jaffa,importPlace.cityName,תל אביב–יפו x1,תל אביב–יפו,תל אביב-יפו,
5554fc9e-e2a4-4690-a78c-3b3d90ce7612,be studio תל-אביב - בי סטודיו,importPlace.cityName,תל אביב–יפו x1,תל אביב–יפו,תל אביב-יפו,
b5a7d69d-e823-434e-88a0-80766789ba7c,STIKA Beauty TLV,importPlace.cityName,תל אביב–יפו x1,תל אביב–יפו,תל אביב-יפו,
6343adb4-b563-4b0f-afcf-51c92bd6f808,Éclat beauty space,importPlace.cityName,תל אביב–יפו x1,תל אביב–יפו,תל אביב-יפו,
3c7894b8-881b-445d-8aa1-cb6af5a1641f,Nails by the Sea TLV,importPlace.cityName,תל אביב–יפו x1,תל אביב–יפו,תל אביב-יפו,
db8f69a8-1c6a-4ff2-a00f-0ca11d521878,איילת גייר השתלות שיער בישראל וטיפולים מתקדמים,importPlace.cityName,תל אביב–יפו x1,תל אביב–יפו,תל אביב-יפו,
9203cb77-c741-4af6-859d-d31fac47997c,אירית גולן קוסמטיקאית -טיפולי פנים והסרת שיער בלייזר,importPlace.cityName,תל אביב–יפו x1,תל אביב–יפו,תל אביב-יפו,
7fc180fe-a779-4d51-a29f-9c930d53096f,Lily & Nina skin care and nail beauty salon,importPlace.cityName,תל אביב–יפו x1,תל אביב–יפו,תל אביב-יפו,
62c43bc3-bf4f-4037-9f1e-4b5756f6454f,"PRPclinic - טיפולי PRP, IPRF ו-CGF לנשירת שיער ואסתטיקה רפואית",importPlace.cityName,תל אביב–יפו x1,תל אביב–יפו,תל אביב-יפו,
bd4719ef-4c8d-4b49-a2fa-5a6917ce35cb,Winkler Clinic - Prof. Eyal Winkler,importPlace.cityName,תל אביב–יפו x1,תל אביב–יפו,תל אביב-יפו,
ec028d4b-a895-42f7-ae0d-6ba82d2e918a,Yullia,importPlace.cityName,תל אביב–יפו x1,תל אביב–יפו,תל אביב-יפו,
f72dbfc8-daa0-4f2a-9a06-e2be35e4f923,אמריקן לייזר- תל אביב,importPlace.cityName,תל אביב–יפו x1,תל אביב–יפו,תל אביב-יפו,
a80cd059-7ce6-477e-b7ab-2477596cd468,ד״ר ערן צנציפר- מומחה לשיקום הפה,importPlace.cityName,תל אביב–יפו x1,תל אביב–יפו,תל אביב-יפו,
a52baa8c-49b9-4381-9dc3-a07b2f8a0497,"ד""ר זיידמן אלון יישור שיניים נסתר",importPlace.cityName,תל אביב–יפו x1,תל אביב–יפו,תל אביב-יפו,
7cd47361-3269-4072-abf6-151e899652f0,"ד""ר יונתן ווגמן",importPlace.cityName,תל אביב–יפו x1,תל אביב–יפו,תל אביב-יפו,
ec6af61e-e140-496d-909e-0a124cb84f97,ד״ר יוני דללי - רפואה אסתטית,importPlace.cityName,תל אביב–יפו x1,תל אביב–יפו,תל אביב-יפו,
da5d0351-2a4d-4cd2-b546-6aa2b0c45d4a,דיתי מסר | מאפרת,importPlace.cityName,תל אביב–יפו x1,תל אביב–יפו,תל אביב-יפו,
ac9af8ee-4425-4b0c-a7b8-14deea28147f,פאם קליניק,importPlace.cityName,תל אביב–יפו x1,תל אביב–יפו,תל אביב-יפו,
e667206c-0593-4022-8229-26d51ab27534,ANUCHKA,importPlace.cityName,תל אביב–יפו x1,תל אביב–יפו,תל אביב-יפו,
941b580b-0ef5-49cc-ad83-b6e0193aa16d,Zeus זאוס כושר חוגים ספא,importPlace.cityName,תל אביב–יפו x1,תל אביב–יפו,תל אביב-יפו,
dedb53eb-f062-4ed1-9d8d-04532e4d0470,מושלמת,importPlace.cityName,תל אביב–יפו x1,תל אביב–יפו,תל אביב-יפו,
9cd4a727-8b28-4ab9-8685-34532353f700,"ד""ר נמרוד פרידמן- ניתוחים פלסטיים וטיפולים אסתטיים",importPlace.cityName,תל אביב–יפו x1,תל אביב–יפו,תל אביב-יפו,
eba05b2b-5b75-4b5f-b9c4-ffd7e9fc6235,גיל דורמן - המרכז לטיפולי פיגמנטציה,importPlace.cityName,תל אביב–יפו x1,תל אביב–יפו,תל אביב-יפו,
4813de24-0af0-46df-b384-cb56ce1019d8,"ד""ר אלי כלב - רפואה אסתטית ללא ניתוח",importPlace.cityName,תל אביב–יפו x1,תל אביב–יפו,תל אביב-יפו,
369d9ad6-68bd-4b7c-9d41-45b1e86ddeb8,"ד""ר דרור בן-שלמה רופא שיניים וטיפולים אסתטיים בתל אביב",importPlace.cityName,תל אביב–יפו x1,תל אביב–יפו,תל אביב-יפו,
d803b8e1-2f85-4872-abdc-6fa842eba5ab,"הסרת שיער בלייזר , לק ג'ל מניקור פדיקור , טיפולי פנים רמת החייל",importPlace.cityName,תל אביב–יפו x1,תל אביב–יפו,תל אביב-יפו,
3d030294-37a0-4da4-a3da-12c305b856e0,"מאי לי ביוטי - הדגשת תווי פנים: מיקרובליידינג, היפראליזם, מיקרושיידינג, הדגשת שפתיים, אייליינר, הסרת איפור קבוע בלייזר",importPlace.cityName,תל אביב–יפו x1,תל אביב–יפו,תל אביב-יפו,
db107be2-1e0b-4809-a5a3-e98818abc8e1,public/ad445225-caba-47b1-9f94-cf8594dd7cfc.webp,media.alt,תל אביב–יפו x1,"L'Occitane ל'אוקסיטן ספא עזריאלי שרונה, תל אביב–יפו","L'Occitane ל'אוקסיטן ספא עזריאלי שרונה, תל אביב-יפו",
863c08b1-eab8-4623-b8c9-e6082b8696b4,public/5f240287-0980-4e35-9ccd-7b1705e60917.webp,media.alt,תל אביב–יפו x1,"L'Occitane ל'אוקסיטן ספא עזריאלי שרונה, תל אביב–יפו","L'Occitane ל'אוקסיטן ספא עזריאלי שרונה, תל אביב-יפו",
fd12deee-12ae-413c-a21f-1b2e836121e3,public/6f293e68-2731-4895-856d-f1c8421ffb4a.webp,media.alt,תל אביב–יפו x1,"L'Occitane ל'אוקסיטן ספא עזריאלי שרונה, תל אביב–יפו","L'Occitane ל'אוקסיטן ספא עזריאלי שרונה, תל אביב-יפו",
45f58693-99fa-4b29-b090-29fd402756a4,public/88119a3c-e33c-4ba4-bd69-c33d3dca4861.webp,media.alt,תל אביב–יפו x1,"couture hair barbershop NYC New York, תל אביב–יפו","couture hair barbershop NYC New York, תל אביב-יפו",
5804ccb8-576d-42e2-89a0-3ed5f5319b38,public/d5c719b1-77e7-40d3-b81f-0e5036b2b4e2.webp,media.alt,תל אביב–יפו x1,"couture hair barbershop NYC New York, תל אביב–יפו","couture hair barbershop NYC New York, תל אביב-יפו",
1f507fca-931a-40dc-9b1b-9f9161575282,orig/8de4e82d-44e6-4bb5-a41b-94b7716fd103.jpg,media.alt,תל אביב–יפו x1,"L'Occitane ל'אוקסיטן ספא עזריאלי שרונה, תל אביב–יפו","L'Occitane ל'אוקסיטן ספא עזריאלי שרונה, תל אביב-יפו",
3248a756-75ee-43e4-af0e-d828dd506391,orig/6dbe06d2-aff3-48c4-9b9a-4c7018157dba.jpg,media.alt,תל אביב–יפו x1,"couture hair barbershop NYC New York, תל אביב–יפו","couture hair barbershop NYC New York, תל אביב-יפו",
777e306c-0067-48d2-a526-99873196ed70,public/03cfe3a7-ac14-4cf7-9bf2-db705ed46ada.webp,media.alt,תל אביב–יפו x1,"couture hair barbershop NYC New York, תל אביב–יפו","couture hair barbershop NYC New York, תל אביב-יפו",
14960061-6009-4ba7-b8d8-b5f17315ea42,orig/558b3573-6a7e-46c8-93ac-dfb85770a916.jpg,media.alt,תל אביב–יפו x1,"L'Occitane ל'אוקסיטן ספא עזריאלי שרונה, תל אביב–יפו","L'Occitane ל'אוקסיטן ספא עזריאלי שרונה, תל אביב-יפו",
2cbd123e-b602-472c-8ead-8440b9a7bc9b,orig/8400bff0-371a-473f-b0e7-d849a88e1979.jpg,media.alt,תל אביב–יפו x1,"couture hair barbershop NYC New York, תל אביב–יפו","couture hair barbershop NYC New York, תל אביב-יפו",
e5690b58-6706-4ccf-9193-27f9c1d98089,public/89917a83-6d41-4406-b9d5-982d4576699b.webp,media.alt,תל אביב–יפו x1,"couture hair barbershop NYC New York, תל אביב–יפו","couture hair barbershop NYC New York, תל אביב-יפו",
5a2a090e-0af2-411d-a45f-c5c34e1b42e9,orig/41fc4e16-050d-4fd7-93f0-07f27ace9776.jpg,media.alt,תל אביב–יפו x1,"couture hair barbershop NYC New York, תל אביב–יפו","couture hair barbershop NYC New York, תל אביב-יפו",
6a74f68a-69b1-42b8-b38b-aad10fffcc76,orig/d3564996-defa-4ed3-b6a9-657c8bf79ca6.jpg,media.alt,תל אביב–יפו x1,"couture hair barbershop NYC New York, תל אביב–יפו","couture hair barbershop NYC New York, תל אביב-יפו",
db18510f-78eb-406a-8f6e-21a2ab3f6648,public/711988b7-a3ca-4fab-b981-a4c956d20ee1.webp,media.alt,תל אביב–יפו x1,"couture hair barbershop NYC New York, תל אביב–יפו","couture hair barbershop NYC New York, תל אביב-יפו",
5ca8c52a-20e9-476f-abc4-02ba53ffb8fd,public/490481e3-397e-40dd-a97a-dc89b1fb9802.webp,media.alt,תל אביב–יפו x1,"couture hair barbershop NYC New York, תל אביב–יפו","couture hair barbershop NYC New York, תל אביב-יפו",
7eb110ba-ba91-4a17-9433-3efb42a18687,orig/7e7e722a-dc55-4aac-ba3f-04ef386f55e0.jpg,media.alt,תל אביב–יפו x1,"couture hair barbershop NYC New York, תל אביב–יפו","couture hair barbershop NYC New York, תל אביב-יפו",
573d0461-09e2-44d7-99ec-b9479d61b970,public/5fe13c19-e4cc-43a8-a6d9-4da9a0585b81.webp,media.alt,תל אביב–יפו x1,"couture hair barbershop NYC New York, תל אביב–יפו","couture hair barbershop NYC New York, תל אביב-יפו",
13dd2bd4-9a25-4df2-8d5c-651f43e37c29,orig/0770c241-f2ec-4020-8956-c9c52de398e7.jpg,media.alt,תל אביב–יפו x1,"couture hair barbershop NYC New York, תל אביב–יפו","couture hair barbershop NYC New York, תל אביב-יפו",
d095ed4d-0df4-4d72-8208-4ad56a3a55fd,public/1c4151b9-653b-4864-9a34-be61606dacba.webp,media.alt,תל אביב–יפו x1,"couture hair barbershop NYC New York, תל אביב–יפו","couture hair barbershop NYC New York, תל אביב-יפו",
08d8ebd5-e1b4-4de2-bdad-c5752de317ed,orig/58a8fa7d-9d9e-4d73-95e9-f534526a0b8f.jpg,media.alt,תל אביב–יפו x1,"couture hair barbershop NYC New York, תל אביב–יפו","couture hair barbershop NYC New York, תל אביב-יפו",
7c8d48da-f355-4e8c-9d93-e1fd7e26b770,orig/8c0042ff-7fd5-4031-ac91-6e8a23cb47e5.jpg,media.alt,תל אביב–יפו x1,"couture hair barbershop NYC New York, תל אביב–יפו","couture hair barbershop NYC New York, תל אביב-יפו",
8aca1525-efc8-48ff-88f9-051121277340,orig/bc0128c6-0948-4711-9e0f-77545741d9a9.jpg,media.alt,תל אביב–יפו x1,"L'Occitane ל'אוקסיטן ספא עזריאלי שרונה, תל אביב–יפו","L'Occitane ל'אוקסיטן ספא עזריאלי שרונה, תל אביב-יפו",
5c19c444-0b60-475e-b712-7f2526dbe104,orig/b49f744d-3260-4ae9-b9ee-02921c2bfb5c.jpg,media.alt,תל אביב–יפו x1,"L'Occitane ל'אוקסיטן ספא עזריאלי שרונה, תל אביב–יפו","L'Occitane ל'אוקסיטן ספא עזריאלי שרונה, תל אביב-יפו",
d3ea05db-a479-4663-a2b3-2a1a58a1644a,orig/ce24a868-243a-4eb4-94c7-50ff0aa24f53.jpg,media.alt,תל אביב–יפו x1,"L'Occitane ל'אוקסיטן ספא עזריאלי שרונה, תל אביב–יפו","L'Occitane ל'אוקסיטן ספא עזריאלי שרונה, תל אביב-יפו",
378ccc98-057c-4abe-9328-f1873ba98d67,public/54946ae5-6289-405f-8734-400856d22daa.webp,media.alt,תל אביב–יפו x1,"קרנית מלמד - המרכז לטיפולי קוסמטיקה רפואית, תל אביב–יפו","קרנית מלמד - המרכז לטיפולי קוסמטיקה רפואית, תל אביב-יפו",
46ec121a-26fc-45cf-a7f1-01e8f7bcd492,orig/3c1dcc77-789a-467e-80fa-656ee5e472f9.jpg,media.alt,תל אביב–יפו x1,"קרנית מלמד - המרכז לטיפולי קוסמטיקה רפואית, תל אביב–יפו","קרנית מלמד - המרכז לטיפולי קוסמטיקה רפואית, תל אביב-יפו",
c3af90a5-4ff0-421c-a71e-73e3bc0c8261,orig/9ce7f00a-8ea4-461d-8493-b9ac161bfa4d.jpg,media.alt,תל אביב–יפו x1,"Adis place- עדי בוטיק קוסמטיקאית והסרת שיער בלייזר תל אביב, תל אביב–יפו","Adis place- עדי בוטיק קוסמטיקאית והסרת שיער בלייזר תל אביב, תל אביב-יפו",
20d5694e-180f-4726-addb-9b55623766fd,orig/4ecf2067-d421-45d5-b37d-0d665869b98c.jpg,media.alt,תל אביב–יפו x1,"Adis place- עדי בוטיק קוסמטיקאית והסרת שיער בלייזר תל אביב, תל אביב–יפו","Adis place- עדי בוטיק קוסמטיקאית והסרת שיער בלייזר תל אביב, תל אביב-יפו",
eea87d9d-cbd4-4174-8ead-d036bcdd395f,public/6e61f744-88a9-40f6-9b77-23cad4108707.webp,media.alt,תל אביב–יפו x1,"808 Haircut & Grooming 808TLV Tel Aviv Барбершоп | Barbershop - מספרה, תל אביב–יפו","808 Haircut & Grooming 808TLV Tel Aviv Барбершоп | Barbershop - מספרה, תל אביב-יפו",
25de24ea-7172-4a31-a3d1-565560c8a7b2,public/70f1ef8d-c7d9-4d6e-81b9-519dc10487ce.webp,media.alt,תל אביב–יפו x1,"Adis place- עדי בוטיק קוסמטיקאית והסרת שיער בלייזר תל אביב, תל אביב–יפו","Adis place- עדי בוטיק קוסמטיקאית והסרת שיער בלייזר תל אביב, תל אביב-יפו",
cd53cdac-ed37-4e8d-a448-df0aefddbfec,public/fe8e6623-7048-49b7-8eac-37ac59d00380.webp,media.alt,תל אביב–יפו x1,"Adis place- עדי בוטיק קוסמטיקאית והסרת שיער בלייזר תל אביב, תל אביב–יפו","Adis place- עדי בוטיק קוסמטיקאית והסרת שיער בלייזר תל אביב, תל אביב-יפו",
4d22cd6e-e662-4a3f-98f8-5cfe49668bb9,public/de883f99-4bb8-48db-ae4c-375e3281172b.webp,media.alt,תל אביב–יפו x1,"808 Haircut & Grooming 808TLV Tel Aviv Барбершоп | Barbershop - מספרה, תל אביב–יפו","808 Haircut & Grooming 808TLV Tel Aviv Барбершоп | Barbershop - מספרה, תל אביב-יפו",
ff09da70-64f3-42fb-bdec-731a3cf0bde2,orig/2bed2ad0-8fd9-47b2-9105-8053fa3c1ed6.jpg,media.alt,תל אביב–יפו x1,"808 Haircut & Grooming 808TLV Tel Aviv Барбершоп | Barbershop - מספרה, תל אביב–יפו","808 Haircut & Grooming 808TLV Tel Aviv Барбершоп | Barbershop - מספרה, תל אביב-יפו",
44db93a5-5d74-43d7-9466-f96671be100d,public/08d228c2-02a9-4ad2-b238-14caf2d4d81f.webp,media.alt,תל אביב–יפו x1,"808 Haircut & Grooming 808TLV Tel Aviv Барбершоп | Barbershop - מספרה, תל אביב–יפו","808 Haircut & Grooming 808TLV Tel Aviv Барбершоп | Barbershop - מספרה, תל אביב-יפו",
caf4c7f2-7c40-4340-a8a7-39c428ebb6f3,orig/54255c55-e14c-48d2-97f6-05a0450db377.jpg,media.alt,תל אביב–יפו x1,"808 Haircut & Grooming 808TLV Tel Aviv Барбершоп | Barbershop - מספרה, תל אביב–יפו","808 Haircut & Grooming 808TLV Tel Aviv Барбершоп | Barbershop - מספרה, תל אביב-יפו",
1735997f-ba82-4cc6-b4f7-494ddcfcc7a6,orig/e3485354-a2a3-4bc7-a9a0-7de748922f35.png,media.alt,תל אביב–יפו x1,"808 Haircut & Grooming 808TLV Tel Aviv Барбершоп | Barbershop - מספרה, תל אביב–יפו","808 Haircut & Grooming 808TLV Tel Aviv Барбершоп | Barbershop - מספרה, תל אביב-יפו",
6dc2d613-3681-44f5-870d-18aff4702327,public/21132759-da8d-4f5c-8ed3-db972e9d2904.webp,media.alt,תל אביב–יפו x1,"808 Haircut & Grooming 808TLV Tel Aviv Барбершоп | Barbershop - מספרה, תל אביב–יפו","808 Haircut & Grooming 808TLV Tel Aviv Барбершоп | Barbershop - מספרה, תל אביב-יפו",
aab39f11-e298-44ba-89d3-d05ecdf1140d,public/075022a3-0f4f-40cb-ba21-b33176a1b004.webp,media.alt,תל אביב–יפו x1,"808 Haircut & Grooming 808TLV Tel Aviv Барбершоп | Barbershop - מספרה, תל אביב–יפו","808 Haircut & Grooming 808TLV Tel Aviv Барбершоп | Barbershop - מספרה, תל אביב-יפו",
62a7baac-1a29-4f56-a654-2b9ca0d25568,public/82a6ee7a-236c-41d1-b6d8-7eaa22bf72bd.webp,media.alt,תל אביב–יפו x1,"808 Haircut & Grooming 808TLV Tel Aviv Барбершоп | Barbershop - מספרה, תל אביב–יפו","808 Haircut & Grooming 808TLV Tel Aviv Барбершоп | Barbershop - מספרה, תל אביב-יפו",
1b542d91-d831-4470-94a0-32b623d62373,public/8f24b6a8-b465-497b-a584-b117bfa05c23.webp,media.alt,תל אביב–יפו x1,"808 Haircut & Grooming 808TLV Tel Aviv Барбершоп | Barbershop - מספרה, תל אביב–יפו","808 Haircut & Grooming 808TLV Tel Aviv Барбершоп | Barbershop - מספרה, תל אביב-יפו",
2f4236f9-d271-4268-8c42-2a9589f96674,public/2dbbdec4-2d94-4972-9f37-4e6425c63525.webp,media.alt,תל אביב–יפו x1,"808 Haircut & Grooming 808TLV Tel Aviv Барбершоп | Barbershop - מספרה, תל אביב–יפו","808 Haircut & Grooming 808TLV Tel Aviv Барбершоп | Barbershop - מספרה, תל אביב-יפו",
fdb2852e-febc-4806-be9c-fdc7f020f9ed,orig/ae2e535b-4610-487b-9459-f7bcd6d54221.jpg,media.alt,תל אביב–יפו x1,"808 Haircut & Grooming 808TLV Tel Aviv Барбершоп | Barbershop - מספרה, תל אביב–יפו","808 Haircut & Grooming 808TLV Tel Aviv Барбершоп | Barbershop - מספרה, תל אביב-יפו",
d5134b19-bdd0-45cd-b643-31fb90f4a152,orig/94b74ce8-615a-4940-9f3e-f84211e79d81.jpg,media.alt,תל אביב–יפו x1,"808 Haircut & Grooming 808TLV Tel Aviv Барбершоп | Barbershop - מספרה, תל אביב–יפו","808 Haircut & Grooming 808TLV Tel Aviv Барбершоп | Barbershop - מספרה, תל אביב-יפו",
7295ea9d-1cbc-4e8f-901e-ff34b599ddf0,orig/693bc399-328b-4d4d-96e6-80e8b4940ece.jpg,media.alt,תל אביב–יפו x1,"808 Haircut & Grooming 808TLV Tel Aviv Барбершоп | Barbershop - מספרה, תל אביב–יפו","808 Haircut & Grooming 808TLV Tel Aviv Барбершоп | Barbershop - מספרה, תל אביב-יפו",
4e085bff-36e1-4242-8d92-bbc5f5ce2bf4,orig/33dc3770-c4e6-4f26-ac2c-47a3ee21625d.jpg,media.alt,תל אביב–יפו x1,"808 Haircut & Grooming 808TLV Tel Aviv Барбершоп | Barbershop - מספרה, תל אביב–יפו","808 Haircut & Grooming 808TLV Tel Aviv Барбершоп | Barbershop - מספרה, תל אביב-יפו",
225e4875-c240-42fd-b3d3-f997215db30d,orig/c086f289-93dc-4dd6-8a14-a364ac3ada8c.jpg,media.alt,תל אביב–יפו x1,"808 Haircut & Grooming 808TLV Tel Aviv Барбершоп | Barbershop - מספרה, תל אביב–יפו","808 Haircut & Grooming 808TLV Tel Aviv Барбершоп | Barbershop - מספרה, תל אביב-יפו",
3cdb714f-0852-4d1e-8760-2d80128465d3,public/6d848cd5-aecc-476f-b9a9-ed832e858af7.webp,media.alt,תל אביב–יפו x1,"New York Barbershop TlV, תל אביב–יפו","New York Barbershop TlV, תל אביב-יפו",
9ff0f521-dd64-4c27-9d22-5e82ff582527,public/67748ae2-344b-40c4-9b52-3d92245545a8.webp,media.alt,תל אביב–יפו x1,"New York Barbershop TlV, תל אביב–יפו","New York Barbershop TlV, תל אביב-יפו",
8ec5b895-d075-47cf-8dbe-e6d2279417d5,public/d6e719f3-3555-41af-853f-85a0d721514c.webp,media.alt,תל אביב–יפו x1,"New York Barbershop TlV, תל אביב–יפו","New York Barbershop TlV, תל אביב-יפו",
43f54d5b-ce1b-4813-96f3-8566f3af6acd,public/d0b5a7be-de85-43ae-9e2b-5647dc653b71.webp,media.alt,תל אביב–יפו x1,"L'Occitane ל'אוקסיטן ספא עזריאלי שרונה, תל אביב–יפו","L'Occitane ל'אוקסיטן ספא עזריאלי שרונה, תל אביב-יפו",
4a79f18d-68ac-4b9d-9bf3-4bb28aab3eea,public/406eca36-2269-41ed-bf27-77f2913e157d.webp,media.alt,תל אביב–יפו x1,"New York Barbershop TlV, תל אביב–יפו","New York Barbershop TlV, תל אביב-יפו",
b9feaa88-ddde-4577-b555-50f239c6a7b4,orig/57764196-3595-45ab-a345-af69632262c9.jpg,media.alt,תל אביב–יפו x1,"New York Barbershop TlV, תל אביב–יפו","New York Barbershop TlV, תל אביב-יפו",
9cc08685-8caa-4463-96f7-a6edca00b088,orig/4066c897-d396-4dee-ae6e-8d780589f21f.jpg,media.alt,תל אביב–יפו x1,"New York Barbershop TlV, תל אביב–יפו","New York Barbershop TlV, תל אביב-יפו",
600af8ab-e652-41c4-842c-a8097324a310,public/9b5aed16-c8a8-445b-83eb-380e0dcb6147.webp,media.alt,תל אביב–יפו x1,"L'Occitane ל'אוקסיטן ספא עזריאלי שרונה, תל אביב–יפו","L'Occitane ל'אוקסיטן ספא עזריאלי שרונה, תל אביב-יפו",
0cbeb05b-8db5-44b5-90a4-94081975d36e,orig/b13ab392-fbeb-4286-8ad4-03a74144bd6b.jpg,media.alt,תל אביב–יפו x1,"New York Barbershop TlV, תל אביב–יפו","New York Barbershop TlV, תל אביב-יפו",
6c0b7504-b6c0-47b5-a216-056a3e4bf63d,orig/d5f5d2ae-a0d1-439a-944c-0bbd60e6dbaa.jpg,media.alt,תל אביב–יפו x1,"New York Barbershop TlV, תל אביב–יפו","New York Barbershop TlV, תל אביב-יפו",
be72a66b-9df0-4092-8c36-f2bba97cc331,public/8ead4bc7-50f1-48d0-a0f1-aac9bac9a6b6.webp,media.alt,תל אביב–יפו x1,"New York Barbershop TlV, תל אביב–יפו","New York Barbershop TlV, תל אביב-יפו",
8a61c054-2986-4ea4-9416-94f08a115f6b,public/5abe6266-0433-4e67-872e-19add3874498.webp,media.alt,תל אביב–יפו x1,"New York Barbershop TlV, תל אביב–יפו","New York Barbershop TlV, תל אביב-יפו",
7eb92119-59b9-49f6-b85f-41124f056872,public/085e212b-9bf3-4b8a-ab20-4fcadb6c526e.webp,media.alt,תל אביב–יפו x1,"New York Barbershop TlV, תל אביב–יפו","New York Barbershop TlV, תל אביב-יפו",
c369baa8-3c7d-4e88-94c9-bb088c8b7cb0,public/1444d47a-8db3-497f-90df-ef6026032c0e.webp,media.alt,תל אביב–יפו x1,"New York Barbershop TlV, תל אביב–יפו","New York Barbershop TlV, תל אביב-יפו",
2a859c40-7b55-4ea3-977b-7cf28f88824d,orig/bbc58427-9e7c-4b4b-b3dd-d1250be3b80b.jpg,media.alt,תל אביב–יפו x1,"New York Barbershop TlV, תל אביב–יפו","New York Barbershop TlV, תל אביב-יפו",
ec3c3947-3c0b-4468-9d98-d1f743a1872c,orig/a8f97215-3fad-439f-9e71-e66c421f0ade.jpg,media.alt,תל אביב–יפו x1,"New York Barbershop TlV, תל אביב–יפו","New York Barbershop TlV, תל אביב-יפו",
0f6d42db-80dd-4b5a-ba7d-a945aa6e67f4,orig/d8f46935-ef73-45b6-bbb9-f122dcdfeada.jpg,media.alt,תל אביב–יפו x1,"New York Barbershop TlV, תל אביב–יפו","New York Barbershop TlV, תל אביב-יפו",
831ac9a8-54de-48e2-aefd-6c973f215d91,orig/62798dc8-8211-4d8a-b091-caddc9b274f8.jpg,media.alt,תל אביב–יפו x1,"New York Barbershop TlV, תל אביב–יפו","New York Barbershop TlV, תל אביב-יפו",
3d4d2291-4e8b-4269-917f-51f914aad03b,public/266dc3ba-c64b-48a1-bfbb-ecbe71d5ad36.webp,media.alt,תל אביב–יפו x1,"אריאל מספרה נווה אביבים רמת אביב, תל אביב–יפו","אריאל מספרה נווה אביבים רמת אביב, תל אביב-יפו",
eabdb863-3f98-4a23-82b7-f88659396897,public/828c2ef5-f1ee-43ae-91b7-6aa9454b287e.webp,media.alt,תל אביב–יפו x1,"אריאל מספרה נווה אביבים רמת אביב, תל אביב–יפו","אריאל מספרה נווה אביבים רמת אביב, תל אביב-יפו",
0f8810dd-7942-46b4-b76f-f3f35004b873,public/1cba3cc2-198b-4131-91c3-9fe71f7d5135.webp,media.alt,תל אביב–יפו x1,"אריאל מספרה נווה אביבים רמת אביב, תל אביב–יפו","אריאל מספרה נווה אביבים רמת אביב, תל אביב-יפו",
18e515c0-cc26-4827-865d-114c68ae8f38,public/87625ab1-7d9d-4f26-963e-8150df207382.webp,media.alt,תל אביב–יפו x1,"אריאל מספרה נווה אביבים רמת אביב, תל אביב–יפו","אריאל מספרה נווה אביבים רמת אביב, תל אביב-יפו",
f69ae6f7-d123-44c9-a512-25786752655b,orig/bc9d44f1-06af-4d76-99e1-66d1c0b143a2.jpg,media.alt,תל אביב–יפו x1,"אריאל מספרה נווה אביבים רמת אביב, תל אביב–יפו","אריאל מספרה נווה אביבים רמת אביב, תל אביב-יפו",
bde58d9f-b218-4b32-825b-58b64dac8b4e,public/b61d2fe4-f44e-4ca9-a0ad-7ea6ed3dea6d.webp,media.alt,תל אביב–יפו x1,"L'Occitane ל'אוקסיטן ספא עזריאלי שרונה, תל אביב–יפו","L'Occitane ל'אוקסיטן ספא עזריאלי שרונה, תל אביב-יפו",
fc4bb67e-acff-44c7-b914-d3866fb690d5,orig/e4b05ba2-06d5-4627-8042-a4c0563a9f11.jpg,media.alt,תל אביב–יפו x1,"אריאל מספרה נווה אביבים רמת אביב, תל אביב–יפו","אריאל מספרה נווה אביבים רמת אביב, תל אביב-יפו",
b325ef78-d705-4287-9749-7ddfbdd59469,orig/57d7c961-28a9-47ca-b294-60224bd1cef9.jpg,media.alt,תל אביב–יפו x1,"אריאל מספרה נווה אביבים רמת אביב, תל אביב–יפו","אריאל מספרה נווה אביבים רמת אביב, תל אביב-יפו",
2ba9f4f7-2ba9-4665-aa1e-e551991f167b,orig/cd3c0eea-c130-4793-b7b3-00ce13216c14.jpg,media.alt,תל אביב–יפו x1,"אריאל מספרה נווה אביבים רמת אביב, תל אביב–יפו","אריאל מספרה נווה אביבים רמת אביב, תל אביב-יפו",
3c484aea-8e4d-498d-8aa2-b5aa016b309b,public/42845768-92e1-4305-b55f-9805f9c4e860.webp,media.alt,תל אביב–יפו x1,"אריאל מספרה נווה אביבים רמת אביב, תל אביב–יפו","אריאל מספרה נווה אביבים רמת אביב, תל אביב-יפו",
189d8489-b13a-43fb-a4a3-676892babd0a,public/993d1fcc-bf17-4bfb-a5f7-5d46d22d5511.webp,media.alt,תל אביב–יפו x1,"אריאל מספרה נווה אביבים רמת אביב, תל אביב–יפו","אריאל מספרה נווה אביבים רמת אביב, תל אביב-יפו",
ea15087e-3525-40f5-90cc-a87b6df6775f,public/adc4b2d1-2cb5-49b4-8ebe-6d972986e016.webp,media.alt,תל אביב–יפו x1,"אריאל מספרה נווה אביבים רמת אביב, תל אביב–יפו","אריאל מספרה נווה אביבים רמת אביב, תל אביב-יפו",
e1f3d59e-6c7e-465c-90cf-9d8fea9f52ea,public/38b7267f-f892-454d-82fa-712ad46a1786.webp,media.alt,תל אביב–יפו x1,"אריאל מספרה נווה אביבים רמת אביב, תל אביב–יפו","אריאל מספרה נווה אביבים רמת אביב, תל אביב-יפו",
3b91c33c-7d8a-441b-806b-83bd2130debc,orig/fd6b7bd7-08d8-4ecb-80ba-a5fbb3d0b94c.jpg,media.alt,תל אביב–יפו x1,"L'Occitane ל'אוקסיטן ספא עזריאלי שרונה, תל אביב–יפו","L'Occitane ל'אוקסיטן ספא עזריאלי שרונה, תל אביב-יפו",
852df84d-bed7-46de-bc96-874871bbda59,orig/a61c9ccd-0d8e-4487-8f79-03b2036f665b.jpg,media.alt,תל אביב–יפו x1,"אריאל מספרה נווה אביבים רמת אביב, תל אביב–יפו","אריאל מספרה נווה אביבים רמת אביב, תל אביב-יפו",
64861509-c7cd-44b5-92d9-433985884827,orig/504b4abb-4ad3-46df-b1f3-b8e7dabb0dc4.jpg,media.alt,תל אביב–יפו x1,"אריאל מספרה נווה אביבים רמת אביב, תל אביב–יפו","אריאל מספרה נווה אביבים רמת אביב, תל אביב-יפו",
c5eb070c-5ce7-4aaf-99bf-338e72f7344f,orig/a586275d-2345-43d4-8ddb-2edc2bf0e4bc.jpg,media.alt,תל אביב–יפו x1,"אריאל מספרה נווה אביבים רמת אביב, תל אביב–יפו","אריאל מספרה נווה אביבים רמת אביב, תל אביב-יפו",
cc0e320d-465f-491d-b27c-44f7b26fa7d2,orig/f4bb3515-9fa2-4f5d-ac60-3b85120c882c.jpg,media.alt,תל אביב–יפו x1,"אריאל מספרה נווה אביבים רמת אביב, תל אביב–יפו","אריאל מספרה נווה אביבים רמת אביב, תל אביב-יפו",
dee3fd2b-377a-4ef6-afae-b106b62d9fbc,orig/d464dbbe-c494-4bc6-8928-7c0cea69f278.jpg,media.alt,תל אביב–יפו x1,"L'Occitane ל'אוקסיטן ספא עזריאלי שרונה, תל אביב–יפו","L'Occitane ל'אוקסיטן ספא עזריאלי שרונה, תל אביב-יפו",
2c7a3d2a-c34a-4485-92ce-9f8db6d3fa2d,orig/f193260e-7728-403c-9ffb-13628e9bfe07.jpg,media.alt,תל אביב–יפו x1,"L'Occitane ל'אוקסיטן ספא עזריאלי שרונה, תל אביב–יפו","L'Occitane ל'אוקסיטן ספא עזריאלי שרונה, תל אביב-יפו",
4f083b93-7d1d-4c64-a1ca-b40a7d31a840,public/87dd28ac-d94d-4e2f-81f6-36087e7d4de6.webp,media.alt,תל אביב–יפו x1,"Shooshka, תל אביב–יפו","Shooshka, תל אביב-יפו",
0f87aee3-8f2c-4b35-b7f9-881eadbc6b0b,public/3b654d9a-4437-4b58-8b0a-1a48d4715de8.webp,media.alt,תל אביב–יפו x1,"Shooshka, תל אביב–יפו","Shooshka, תל אביב-יפו",
cf8e7891-1f59-407c-9c9e-edc1e9421fa4,orig/ac5e2180-a95d-41fc-97cc-06b9b4bcc05c.jpg,media.alt,תל אביב–יפו x1,"Shooshka, תל אביב–יפו","Shooshka, תל אביב-יפו",
2ada145f-bc0b-48fe-a2af-93edbf9c634c,orig/a9519a7b-f946-4732-ac82-d11cb4a9feb3.jpg,media.alt,תל אביב–יפו x1,"Shooshka, תל אביב–יפו","Shooshka, תל אביב-יפו",
93c65987-89f5-4fcf-8eb4-44a1871e25d9,public/00cd56a1-6626-44a9-a85c-e28fde8ab8e5.webp,media.alt,תל אביב–יפו x1,"Shooshka, תל אביב–יפו","Shooshka, תל אביב-יפו",
96740dd7-759e-4eb2-9631-6f01154e8714,public/c0bc2a72-9cd3-4223-b1e4-b49433ac4cf7.webp,media.alt,תל אביב–יפו x1,"Shooshka, תל אביב–יפו","Shooshka, תל אביב-יפו",
e1d4cad4-3df1-4f0c-b781-9775f63c9ed4,public/f30c7027-1a85-4b57-a807-b92571d02677.webp,media.alt,תל אביב–יפו x1,"Shooshka, תל אביב–יפו","Shooshka, תל אביב-יפו",
a08ca9fa-2bef-4fc7-876a-11f23bb668fd,public/6830b16e-8e34-429a-8e48-427d33e7abcc.webp,media.alt,תל אביב–יפו x1,"Shooshka, תל אביב–יפו","Shooshka, תל אביב-יפו",
f1822730-39a2-4f00-bd1b-c1369e0b8b62,orig/e83eacfb-50a5-46d7-9bcd-5013291e4323.jpg,media.alt,תל אביב–יפו x1,"Shooshka, תל אביב–יפו","Shooshka, תל אביב-יפו",
64229a0a-72e4-4998-aa48-fe9807d12e8b,orig/bae4586a-54e4-4c6c-a80b-8c542e75e726.jpg,media.alt,תל אביב–יפו x1,"Shooshka, תל אביב–יפו","Shooshka, תל אביב-יפו",
3dbae544-4e7b-4923-bf3c-f2c78aa7d805,orig/9696de22-709a-4faf-be3d-722192404343.jpg,media.alt,תל אביב–יפו x1,"Shooshka, תל אביב–יפו","Shooshka, תל אביב-יפו",
042d8a36-f264-481d-b082-9facd30963fc,orig/b0d8cc6c-b190-4c80-bc54-030288616135.jpg,media.alt,תל אביב–יפו x1,"Shooshka, תל אביב–יפו","Shooshka, תל אביב-יפו",
6be28756-0da5-4a2d-88ce-b32ab9cfb1cf,public/e6e1e391-6428-4f1a-b82d-d9f3e5898117.webp,media.alt,תל אביב–יפו x1,"Shooshka, תל אביב–יפו","Shooshka, תל אביב-יפו",
e5deb5df-5e0a-4ed4-a3a8-232ed6ea9472,orig/61cd541b-5ce4-4a43-9d1b-d674dcf3b5d8.jpg,media.alt,תל אביב–יפו x1,"Shooshka, תל אביב–יפו","Shooshka, תל אביב-יפו",
c398242d-5ffe-4626-a83f-9cd2cb8b5b4e,public/b6f61e23-12b7-43e8-84ba-b25a69e08ec7.webp,media.alt,תל אביב–יפו x1,"Shooshka, תל אביב–יפו","Shooshka, תל אביב-יפו",
ad452938-260d-4ad6-b551-ca93bea2cf3a,public/a1bab50d-965f-4eef-a445-f028cdf450b9.webp,media.alt,תל אביב–יפו x1,"Shooshka, תל אביב–יפו","Shooshka, תל אביב-יפו",
0f0c404c-3bf6-4b8b-922d-d9534803d94d,public/7b7a5c49-b25d-4dd8-9f60-acb0e49a2c36.webp,media.alt,תל אביב–יפו x1,"Love is in the Hair By Ram Solan, תל אביב–יפו","Love is in the Hair By Ram Solan, תל אביב-יפו",
e6fc80b1-b721-465a-a18d-8dbbb64ed387,public/98253ed8-6660-473c-85be-c94e1092b1fe.webp,media.alt,תל אביב–יפו x1,"Love is in the Hair By Ram Solan, תל אביב–יפו","Love is in the Hair By Ram Solan, תל אביב-יפו",
6336bd04-91ae-4ca3-a0a0-7913b533cf8d,public/96c0447c-4b38-4d7b-89fe-b047f62c0525.webp,media.alt,תל אביב–יפו x1,"Adis place- עדי בוטיק קוסמטיקאית והסרת שיער בלייזר תל אביב, תל אביב–יפו","Adis place- עדי בוטיק קוסמטיקאית והסרת שיער בלייזר תל אביב, תל אביב-יפו",
3265e526-3d76-4af9-ac21-5bb6736204ab,public/6dd67c3f-3948-4b4d-8a91-ecfe58d22ec2.webp,media.alt,תל אביב–יפו x1,"Love is in the Hair By Ram Solan, תל אביב–יפו","Love is in the Hair By Ram Solan, תל אביב-יפו",
aac1316b-4053-496c-8449-52057bcec6e0,orig/72d3a258-fca9-449c-a444-3e223f9f4f0f.jpg,media.alt,תל אביב–יפו x1,"Love is in the Hair By Ram Solan, תל אביב–יפו","Love is in the Hair By Ram Solan, תל אביב-יפו",
a07aabda-bb4e-4d64-9ede-01513c5091cc,public/a75fafb2-c05d-4626-92b2-e3cf32c8ed12.webp,media.alt,תל אביב–יפו x1,"Love is in the Hair By Ram Solan, תל אביב–יפו","Love is in the Hair By Ram Solan, תל אביב-יפו",
73e1f11b-2819-4a31-9352-3148be41339e,orig/f3ba38c4-f740-4ce1-8caf-0705727d0948.jpg,media.alt,תל אביב–יפו x1,"Love is in the Hair By Ram Solan, תל אביב–יפו","Love is in the Hair By Ram Solan, תל אביב-יפו",
1b096043-0571-409f-87d6-03c6b1871c57,orig/521909b0-0660-4205-a967-4031bb691b2c.jpg,media.alt,תל אביב–יפו x1,"Love is in the Hair By Ram Solan, תל אביב–יפו","Love is in the Hair By Ram Solan, תל אביב-יפו",
5cfbe757-babf-462a-8104-7d838bb58762,orig/a5449340-0927-4fa0-a03c-8dddb4278cb2.jpg,media.alt,תל אביב–יפו x1,"Love is in the Hair By Ram Solan, תל אביב–יפו","Love is in the Hair By Ram Solan, תל אביב-יפו",
8db1aea1-df50-4f8f-bd9a-cf3922c5bc07,public/fb4fe2ae-1cb4-443e-a6f1-0fdfc92469e4.webp,media.alt,תל אביב–יפו x1,"Shosh Medical Pedicure, תל אביב–יפו","Shosh Medical Pedicure, תל אביב-יפו",
e8b91e9d-0a72-418e-9b07-fff8e296fcc5,public/76261f30-7f4f-4ad5-b031-252dd181cb1b.webp,media.alt,תל אביב–יפו x1,"Love is in the Hair By Ram Solan, תל אביב–יפו","Love is in the Hair By Ram Solan, תל אביב-יפו",
77c0128a-9c66-4be2-a0a7-21139910bc09,public/1e8f1d29-c9f5-4fbb-8d05-74d02e10495a.webp,media.alt,תל אביב–יפו x1,"Love is in the Hair By Ram Solan, תל אביב–יפו","Love is in the Hair By Ram Solan, תל אביב-יפו",
81e77a31-d951-4b95-b5e4-abe806a81ad1,public/e22d7380-f243-4295-820d-142f305c9460.webp,media.alt,תל אביב–יפו x1,"Love is in the Hair By Ram Solan, תל אביב–יפו","Love is in the Hair By Ram Solan, תל אביב-יפו",
e4eb0cbc-ad41-4eda-9091-84187a816802,public/f2ffe6a5-5a3b-47f6-8c16-1bbe514b616e.webp,media.alt,תל אביב–יפו x1,"Love is in the Hair By Ram Solan, תל אביב–יפו","Love is in the Hair By Ram Solan, תל אביב-יפו",
06438e65-326b-4ef8-9a53-0a32dd9c4b03,public/a18da2c3-727b-46df-a88e-250ace7491dd.webp,media.alt,תל אביב–יפו x1,"Shosh Medical Pedicure, תל אביב–יפו","Shosh Medical Pedicure, תל אביב-יפו",
f8ecb112-f753-4bd7-851b-0bfbe2697270,orig/9565b5b1-143b-4daf-a0b4-be151084879d.jpg,media.alt,תל אביב–יפו x1,"Love is in the Hair By Ram Solan, תל אביב–יפו","Love is in the Hair By Ram Solan, תל אביב-יפו",
e66b5560-2b84-406d-9de7-7c4f406d1faf,orig/d3a66371-36d8-4f10-8c23-2f5183e1fa4f.jpg,media.alt,תל אביב–יפו x1,"Love is in the Hair By Ram Solan, תל אביב–יפו","Love is in the Hair By Ram Solan, תל אביב-יפו",
0bda0b53-eba1-4cbf-aeae-429fb1fe285e,orig/37ef31f8-299d-4793-944e-12194e97adfe.jpg,media.alt,תל אביב–יפו x1,"Love is in the Hair By Ram Solan, תל אביב–יפו","Love is in the Hair By Ram Solan, תל אביב-יפו",
d3adaa78-e961-4d4e-9d36-9dcb56389b3a,orig/bb723713-d8e6-4ef1-a423-5d887e0a4759.jpg,media.alt,תל אביב–יפו x1,"Love is in the Hair By Ram Solan, תל אביב–יפו","Love is in the Hair By Ram Solan, תל אביב-יפו",
8a5eef7a-e1e0-477b-b592-d76b759b62bb,orig/739cc847-e168-4c52-b867-9b8f57782aa7.jpg,media.alt,תל אביב–יפו x1,"Shosh Medical Pedicure, תל אביב–יפו","Shosh Medical Pedicure, תל אביב-יפו",
ecc38c39-c103-4c35-884c-5de0d4fdcd15,public/6b57494c-7d11-4961-b5c7-ae8f80f6c365.webp,media.alt,תל אביב–יפו x1,"Happy hour דיזנגוף, תל אביב–יפו","Happy hour דיזנגוף, תל אביב-יפו",
5bbfb092-e038-4457-8f10-fc50e24f4b57,public/60d6e73d-1282-45c5-844e-175a306fa607.webp,media.alt,תל אביב–יפו x1,"Happy hour דיזנגוף, תל אביב–יפו","Happy hour דיזנגוף, תל אביב-יפו",
2eff7269-1782-457d-af56-2891543cb891,public/603ef89c-f771-40af-b55a-d9c2673e7d11.webp,media.alt,תל אביב–יפו x1,"Happy hour דיזנגוף, תל אביב–יפו","Happy hour דיזנגוף, תל אביב-יפו",
62de95b6-4eea-4a59-9f8b-1d69d824ee92,orig/23666e86-781a-44c0-8d1d-4719c0519610.jpg,media.alt,תל אביב–יפו x1,"Shosh Medical Pedicure, תל אביב–יפו","Shosh Medical Pedicure, תל אביב-יפו",
f13b53b4-9459-442f-a537-a875352c1b82,public/02c1a2c0-7552-48f3-9340-6cad1c17a1ab.webp,media.alt,תל אביב–יפו x1,"Happy hour דיזנגוף, תל אביב–יפו","Happy hour דיזנגוף, תל אביב-יפו",
cb979066-3961-4ce0-86da-e6f17ee1c44a,orig/8bd9b1a9-e4cc-48c8-a4e2-51305287d83c.jpg,media.alt,תל אביב–יפו x1,"Happy hour דיזנגוף, תל אביב–יפו","Happy hour דיזנגוף, תל אביב-יפו",
a3bec41f-2d43-40a7-a5c7-35e981b6d98f,orig/618ef26d-2d9b-4b71-a6c9-33f1b6306106.jpg,media.alt,תל אביב–יפו x1,"Happy hour דיזנגוף, תל אביב–יפו","Happy hour דיזנגוף, תל אביב-יפו",
98a50804-4355-4723-9b17-6bd770887247,orig/ed777eeb-8523-40e0-99bc-c3988235c28b.jpg,media.alt,תל אביב–יפו x1,"Happy hour דיזנגוף, תל אביב–יפו","Happy hour דיזנגוף, תל אביב-יפו",
798c0882-dc57-497e-81d2-b85f0ad3b2ae,orig/7e7014c5-91b5-4dde-8411-192502470765.jpg,media.alt,תל אביב–יפו x1,"Happy hour דיזנגוף, תל אביב–יפו","Happy hour דיזנגוף, תל אביב-יפו",
e08cecac-5cc7-4be8-a37a-27e8cd84c74d,public/b0eee221-ba84-49f3-b2c1-7040c7f176c5.webp,media.alt,תל אביב–יפו x1,"Happy hour דיזנגוף, תל אביב–יפו","Happy hour דיזנגוף, תל אביב-יפו",
c54af73d-5e57-4aae-8211-94e50ceab24c,public/8d24a83c-58a9-46de-8cc6-d5be2f803908.webp,media.alt,תל אביב–יפו x1,"Happy hour דיזנגוף, תל אביב–יפו","Happy hour דיזנגוף, תל אביב-יפו",
de246457-91f8-4dd0-a1b2-bdae6a5b3f94,public/e99262bb-60be-47a4-852d-d702629e53b6.webp,media.alt,תל אביב–יפו x1,"Happy hour דיזנגוף, תל אביב–יפו","Happy hour דיזנגוף, תל אביב-יפו",
60f9f63a-f437-4d57-8bc4-506e7122dbf4,public/f8acd765-1242-474a-90b7-0ed1eff2255e.webp,media.alt,תל אביב–יפו x1,"Happy hour דיזנגוף, תל אביב–יפו","Happy hour דיזנגוף, תל אביב-יפו",
e6c724cf-037e-4bf4-9bdd-ab74244193e5,orig/0c1df3ec-e5ce-4991-95fb-b40eb60fb078.jpg,media.alt,תל אביב–יפו x1,"Happy hour דיזנגוף, תל אביב–יפו","Happy hour דיזנגוף, תל אביב-יפו",
c21cad89-1281-4745-a89d-824d1977e5b2,orig/85b135fe-2c8f-45dc-a543-75a8838fb1d9.jpg,media.alt,תל אביב–יפו x1,"Happy hour דיזנגוף, תל אביב–יפו","Happy hour דיזנגוף, תל אביב-יפו",
1a1e55ca-b20e-465a-a59e-8101b433ae8f,orig/9f787d2d-4266-4bbe-8923-5402cfce1f9e.jpg,media.alt,תל אביב–יפו x1,"Happy hour דיזנגוף, תל אביב–יפו","Happy hour דיזנגוף, תל אביב-יפו",
0fb8f744-0c71-4ce8-8d8a-ad158cee1e2e,orig/4484c4bb-f414-4fa3-a50d-97977963a3b4.jpg,media.alt,תל אביב–יפו x1,"Happy hour דיזנגוף, תל אביב–יפו","Happy hour דיזנגוף, תל אביב-יפו",
3c9c4ec4-6a2a-4fe8-8fde-ac5e4263ed1a,public/ce002794-1707-47cd-820a-f5d7f68c2c31.webp,media.alt,תל אביב–יפו x1,"מושלמת האוס אוף ביוטי, תל אביב–יפו","מושלמת האוס אוף ביוטי, תל אביב-יפו",
e1fe8934-fd44-4517-9b79-79992fd7e262,public/61853e73-fec5-4301-a4fc-090ffaedc589.webp,media.alt,תל אביב–יפו x1,"מושלמת האוס אוף ביוטי, תל אביב–יפו","מושלמת האוס אוף ביוטי, תל אביב-יפו",
cc5ea1bd-9441-4488-886a-528bc59cf386,orig/4715abc9-7025-4ce0-9c61-daa7b48eacc0.jpg,media.alt,תל אביב–יפו x1,"מושלמת האוס אוף ביוטי, תל אביב–יפו","מושלמת האוס אוף ביוטי, תל אביב-יפו",
ebd7ee6c-c291-4a09-bff8-4976e58793c6,orig/dd4b8740-4325-469b-bb55-b101a45b1cdc.jpg,media.alt,תל אביב–יפו x1,"מושלמת האוס אוף ביוטי, תל אביב–יפו","מושלמת האוס אוף ביוטי, תל אביב-יפו",
f6b6dc5a-022c-448e-9b1b-af28cecd2238,public/48b1aea8-84ae-4e5a-9529-dcf6ac53a33c.webp,media.alt,תל אביב–יפו x1,"Sharoomba Cosmetics שרומבה קוסמטיקה, תל אביב–יפו","Sharoomba Cosmetics שרומבה קוסמטיקה, תל אביב-יפו",
019b085e-6044-4751-8e44-0d31bd85fa62,public/5b905047-caf3-455c-b490-f6799104219f.webp,media.alt,תל אביב–יפו x1,"Sharoomba Cosmetics שרומבה קוסמטיקה, תל אביב–יפו","Sharoomba Cosmetics שרומבה קוסמטיקה, תל אביב-יפו",
7c7445c1-b7a6-48b5-b15e-48cf0f1817c8,orig/487c3955-d4fd-48ee-91d9-78318066ae30.jpg,media.alt,תל אביב–יפו x1,"Sharoomba Cosmetics שרומבה קוסמטיקה, תל אביב–יפו","Sharoomba Cosmetics שרומבה קוסמטיקה, תל אביב-יפו",
f4f83442-0e6a-48fb-9473-85a7b25a24d8,orig/3dd4d321-0083-4e54-a4a6-96ea56aae6f4.jpg,media.alt,תל אביב–יפו x1,"Sharoomba Cosmetics שרומבה קוסמטיקה, תל אביב–יפו","Sharoomba Cosmetics שרומבה קוסמטיקה, תל אביב-יפו",
9a3908bb-c234-42b2-bf68-a3a6ad9318ac,public/e8e50511-ad13-4bcd-bd9d-3b03824c1c59.webp,media.alt,תל אביב–יפו x1,"Sharoomba Cosmetics שרומבה קוסמטיקה, תל אביב–יפו","Sharoomba Cosmetics שרומבה קוסמטיקה, תל אביב-יפו",
8499e208-38a8-4caf-bd8b-8c3dd917ea82,orig/9ca18564-8346-4e27-beeb-123f512223e3.jpg,media.alt,תל אביב–יפו x1,"Sharoomba Cosmetics שרומבה קוסמטיקה, תל אביב–יפו","Sharoomba Cosmetics שרומבה קוסמטיקה, תל אביב-יפו",
29a78574-f8a2-407c-906d-0d5af6b3c4a7,public/ec150ee3-d232-4ccc-82b5-5ef6f42f70c7.webp,media.alt,תל אביב–יפו x1,"Sharoomba Cosmetics שרומבה קוסמטיקה, תל אביב–יפו","Sharoomba Cosmetics שרומבה קוסמטיקה, תל אביב-יפו",
920521b9-bc4e-47dc-a29f-7b282d566b1d,public/fb96c48d-1e43-4209-b44a-c950ea7fd2ad.webp,media.alt,תל אביב–יפו x1,"Sharoomba Cosmetics שרומבה קוסמטיקה, תל אביב–יפו","Sharoomba Cosmetics שרומבה קוסמטיקה, תל אביב-יפו",
3d5d95f3-0f77-436c-b10c-2817d327660d,public/b5da260a-35d1-4918-bc79-6c455d0f1dd8.webp,media.alt,תל אביב–יפו x1,"Sharoomba Cosmetics שרומבה קוסמטיקה, תל אביב–יפו","Sharoomba Cosmetics שרומבה קוסמטיקה, תל אביב-יפו",
730b979e-d825-4632-8eae-59af9428c96a,public/94dd2494-c323-42f8-bb70-3552e07ba8e2.webp,media.alt,תל אביב–יפו x1,"Sharoomba Cosmetics שרומבה קוסמטיקה, תל אביב–יפו","Sharoomba Cosmetics שרומבה קוסמטיקה, תל אביב-יפו",
131dcc54-df60-4a1e-9498-fcb7ff659d17,public/3872a057-e533-4d43-9cd2-fee64d5dec62.webp,media.alt,תל אביב–יפו x1,"Sharoomba Cosmetics שרומבה קוסמטיקה, תל אביב–יפו","Sharoomba Cosmetics שרומבה קוסמטיקה, תל אביב-יפו",
2c87a8eb-b55e-4e33-b570-b1a1e53586fb,orig/e70e0f67-c53a-4072-afcd-3b47abe80f05.jpg,media.alt,תל אביב–יפו x1,"Sharoomba Cosmetics שרומבה קוסמטיקה, תל אביב–יפו","Sharoomba Cosmetics שרומבה קוסמטיקה, תל אביב-יפו",
cbaef32b-dc6a-4c81-956a-ea584f55d156,orig/95515987-91f1-4a1c-ac96-0f7117f4a131.jpg,media.alt,תל אביב–יפו x1,"Sharoomba Cosmetics שרומבה קוסמטיקה, תל אביב–יפו","Sharoomba Cosmetics שרומבה קוסמטיקה, תל אביב-יפו",
3b2c8bae-c90d-44c0-99e5-d37c42eb7dd7,orig/febd46bc-77ec-43eb-bd29-bc2569abe61c.jpg,media.alt,תל אביב–יפו x1,"Sharoomba Cosmetics שרומבה קוסמטיקה, תל אביב–יפו","Sharoomba Cosmetics שרומבה קוסמטיקה, תל אביב-יפו",
906140dd-32c8-4250-9b0f-97fc369232e2,orig/0e7c4d60-664e-4ef9-9dfa-af96fefcbe78.jpg,media.alt,תל אביב–יפו x1,"Sharoomba Cosmetics שרומבה קוסמטיקה, תל אביב–יפו","Sharoomba Cosmetics שרומבה קוסמטיקה, תל אביב-יפו",
f348bc6a-f672-461c-b937-5dc937dbec7f,orig/f34d8872-0a6e-4b2f-bc4b-34bb83ceed2b.jpg,media.alt,תל אביב–יפו x1,"Sharoomba Cosmetics שרומבה קוסמטיקה, תל אביב–יפו","Sharoomba Cosmetics שרומבה קוסמטיקה, תל אביב-יפו",
c5ae12e1-ce85-4eb8-ab6f-9e419afbfff2,public/aed001da-87da-47cc-bfa9-137e8ed67901.webp,media.alt,תל אביב–יפו x1,"KEDEM SPA HOUSE קדם ספא וחמאם ביפו Spa in Jaffa, תל אביב–יפו","KEDEM SPA HOUSE קדם ספא וחמאם ביפו Spa in Jaffa, תל אביב-יפו",
86f41f08-b57d-4816-b7dc-8a19c9b6444b,public/dde6b274-539f-4a63-a103-3615f37fbd4b.webp,media.alt,תל אביב–יפו x1,"KEDEM SPA HOUSE קדם ספא וחמאם ביפו Spa in Jaffa, תל אביב–יפו","KEDEM SPA HOUSE קדם ספא וחמאם ביפו Spa in Jaffa, תל אביב-יפו",
52840f91-bf19-4710-8243-aa867e45861d,public/6ca31889-24ee-4c9e-a57a-5357988e3801.webp,media.alt,תל אביב–יפו x1,"KEDEM SPA HOUSE קדם ספא וחמאם ביפו Spa in Jaffa, תל אביב–יפו","KEDEM SPA HOUSE קדם ספא וחמאם ביפו Spa in Jaffa, תל אביב-יפו",
33c02d1e-8b32-47ac-8216-c3274f8731bd,public/0c56a1b9-3ad8-4617-be01-6eb0de5f6bcf.webp,media.alt,תל אביב–יפו x1,"KEDEM SPA HOUSE קדם ספא וחמאם ביפו Spa in Jaffa, תל אביב–יפו","KEDEM SPA HOUSE קדם ספא וחמאם ביפו Spa in Jaffa, תל אביב-יפו",
4e628da4-4535-4343-9e1f-2b9ad7682419,public/d747a390-901e-466e-8c25-2b60d295998d.webp,media.alt,תל אביב–יפו x1,"מושלמת האוס אוף ביוטי, תל אביב–יפו","מושלמת האוס אוף ביוטי, תל אביב-יפו",
f647ea79-814f-4ca0-b196-bf9105971ca1,public/301b6d8f-baab-481d-b3e1-d73d48376ab9.webp,media.alt,תל אביב–יפו x1,"מושלמת האוס אוף ביוטי, תל אביב–יפו","מושלמת האוס אוף ביוטי, תל אביב-יפו",
a395e648-498d-43b0-9671-4928da04c200,public/5153e90f-33d7-4f71-beed-f36e2e291b90.webp,media.alt,תל אביב–יפו x1,"KEDEM SPA HOUSE קדם ספא וחמאם ביפו Spa in Jaffa, תל אביב–יפו","KEDEM SPA HOUSE קדם ספא וחמאם ביפו Spa in Jaffa, תל אביב-יפו",
83fb0ad2-3d9b-4f7c-9ed5-69554c64243c,orig/a39acf44-1c31-4cb6-a225-778714ae203c.jpg,media.alt,תל אביב–יפו x1,"KEDEM SPA HOUSE קדם ספא וחמאם ביפו Spa in Jaffa, תל אביב–יפו","KEDEM SPA HOUSE קדם ספא וחמאם ביפו Spa in Jaffa, תל אביב-יפו",
c20aaebb-eb6c-44af-a619-492e86a831b8,orig/ed14f566-4436-4ee6-a81a-8098e28b9237.jpg,media.alt,תל אביב–יפו x1,"KEDEM SPA HOUSE קדם ספא וחמאם ביפו Spa in Jaffa, תל אביב–יפו","KEDEM SPA HOUSE קדם ספא וחמאם ביפו Spa in Jaffa, תל אביב-יפו",
461e8805-5898-4d9b-b1a9-843e3cdc6d98,orig/08e5c73e-813d-4b20-8b87-f813a234a112.jpg,media.alt,תל אביב–יפו x1,"מושלמת האוס אוף ביוטי, תל אביב–יפו","מושלמת האוס אוף ביוטי, תל אביב-יפו",
e216ae89-f294-434f-a3f1-eabc200a0b8a,orig/00c599c8-aedf-45d0-9463-d154c306b844.jpg,media.alt,תל אביב–יפו x1,"מושלמת האוס אוף ביוטי, תל אביב–יפו","מושלמת האוס אוף ביוטי, תל אביב-יפו",
943bc710-008a-4c20-a1c5-3d78aa809e74,public/39710a68-bcc4-47eb-a7ef-a77f4956b373.webp,media.alt,תל אביב–יפו x1,"מושלמת האוס אוף ביוטי, תל אביב–יפו","מושלמת האוס אוף ביוטי, תל אביב-יפו",
dbd5a7e6-fb77-4d8d-b8d9-c88d5e5fd87f,public/3dea0946-daca-4441-90ae-973e7ae60199.webp,media.alt,תל אביב–יפו x1,"מושלמת האוס אוף ביוטי, תל אביב–יפו","מושלמת האוס אוף ביוטי, תל אביב-יפו",
6f491fdb-af08-4c56-8397-709c36987266,public/17af14c8-22fa-4a4e-a6a0-5c57c04ad62b.webp,media.alt,תל אביב–יפו x1,"מושלמת האוס אוף ביוטי, תל אביב–יפו","מושלמת האוס אוף ביוטי, תל אביב-יפו",
292ae867-113b-4774-b3e2-f69dffaf2764,orig/5d836c50-76fd-40c0-bd84-605f3cf01a2a.jpg,media.alt,תל אביב–יפו x1,"מושלמת האוס אוף ביוטי, תל אביב–יפו","מושלמת האוס אוף ביוטי, תל אביב-יפו",
7c889dd3-e4ac-46c0-9e5d-30eeda2b8fd1,orig/b78e7d36-5a3e-4b23-8df1-eb319d41ff45.jpg,media.alt,תל אביב–יפו x1,"מושלמת האוס אוף ביוטי, תל אביב–יפו","מושלמת האוס אוף ביוטי, תל אביב-יפו",
27b7c4ba-1b48-471a-83e6-1b4aaca726f9,orig/19b87f1d-1587-4d88-8119-cff37d875403.jpg,media.alt,תל אביב–יפו x1,"מושלמת האוס אוף ביוטי, תל אביב–יפו","מושלמת האוס אוף ביוטי, תל אביב-יפו",
b1c7bf3d-e97d-4350-aa64-91d63d5da1f1,public/93f3e79b-f535-4db8-8498-75c310f9d84d.webp,media.alt,תל אביב–יפו x1,"L'Occitane ל'אוקסיטן ספא עזריאלי שרונה, תל אביב–יפו","L'Occitane ל'אוקסיטן ספא עזריאלי שרונה, תל אביב-יפו",
bf755588-8dc9-466e-9fe4-62374bcb4952,public/8aeeb055-3538-4987-a1bf-a6321a45e805.webp,media.alt,תל אביב–יפו x1,"L'Occitane ל'אוקסיטן ספא עזריאלי שרונה, תל אביב–יפו","L'Occitane ל'אוקסיטן ספא עזריאלי שרונה, תל אביב-יפו",
ffdd7aee-d6e0-4069-bb3c-67b2ee617375,orig/e125c529-4aab-4e90-ae46-582a85286c74.jpg,media.alt,תל אביב–יפו x1,"KEDEM SPA HOUSE קדם ספא וחמאם ביפו Spa in Jaffa, תל אביב–יפו","KEDEM SPA HOUSE קדם ספא וחמאם ביפו Spa in Jaffa, תל אביב-יפו",
d4cdf883-a1de-43b8-b077-8d53eca7c5bb,orig/013f4c0a-58f7-42e0-9b90-e298bc117bf6.jpg,media.alt,תל אביב–יפו x1,"KEDEM SPA HOUSE קדם ספא וחמאם ביפו Spa in Jaffa, תל אביב–יפו","KEDEM SPA HOUSE קדם ספא וחמאם ביפו Spa in Jaffa, תל אביב-יפו",
26f0c1db-6a74-4e64-9dc2-30d714433564,orig/d02d909c-cca8-4e95-9d74-2ef986d0e513.jpg,media.alt,תל אביב–יפו x1,"KEDEM SPA HOUSE קדם ספא וחמאם ביפו Spa in Jaffa, תל אביב–יפו","KEDEM SPA HOUSE קדם ספא וחמאם ביפו Spa in Jaffa, תל אביב-יפו",
8b5730af-f028-4cb0-b0dc-807b1e2eb698,public/d6de683e-59ee-454d-b9dc-55547000dbd3.webp,media.alt,תל אביב–יפו x1,"KEDEM SPA HOUSE קדם ספא וחמאם ביפו Spa in Jaffa, תל אביב–יפו","KEDEM SPA HOUSE קדם ספא וחמאם ביפו Spa in Jaffa, תל אביב-יפו",
36992481-afbf-470c-b6ef-71a8866f3faf,public/e00c6609-26f1-427e-aab6-23f1851821ca.webp,media.alt,תל אביב–יפו x1,"KEDEM SPA HOUSE קדם ספא וחמאם ביפו Spa in Jaffa, תל אביב–יפו","KEDEM SPA HOUSE קדם ספא וחמאם ביפו Spa in Jaffa, תל אביב-יפו",
fd61c142-cbda-46bd-a036-d75a3e466454,public/8b22dbb8-2ee0-4393-b14e-2c3f3e54008f.webp,media.alt,תל אביב–יפו x1,"KEDEM SPA HOUSE קדם ספא וחמאם ביפו Spa in Jaffa, תל אביב–יפו","KEDEM SPA HOUSE קדם ספא וחמאם ביפו Spa in Jaffa, תל אביב-יפו",
e220789d-9303-425e-8492-ba624661304e,orig/69d419a6-8ac0-4b54-8367-f2f120ec58b2.jpg,media.alt,תל אביב–יפו x1,"KEDEM SPA HOUSE קדם ספא וחמאם ביפו Spa in Jaffa, תל אביב–יפו","KEDEM SPA HOUSE קדם ספא וחמאם ביפו Spa in Jaffa, תל אביב-יפו",
e4a8fc04-e25e-4563-9ab7-a4f2ca7b3716,orig/4a4926e4-cd79-447a-b9c1-97ea10367bc5.jpg,media.alt,תל אביב–יפו x1,"KEDEM SPA HOUSE קדם ספא וחמאם ביפו Spa in Jaffa, תל אביב–יפו","KEDEM SPA HOUSE קדם ספא וחמאם ביפו Spa in Jaffa, תל אביב-יפו",
3fe47985-cd71-4556-b6dc-03d5b236266b,orig/cc82955c-42e0-495c-a300-7e679143fe6b.jpg,media.alt,תל אביב–יפו x1,"KEDEM SPA HOUSE קדם ספא וחמאם ביפו Spa in Jaffa, תל אביב–יפו","KEDEM SPA HOUSE קדם ספא וחמאם ביפו Spa in Jaffa, תל אביב-יפו",
15f5d7d5-5d4f-4319-96fb-dbc52ffb41d9,public/0fad021b-45c3-4325-9383-fa39910a76d4.webp,media.alt,תל אביב–יפו x1,"קרנית מלמד - המרכז לטיפולי קוסמטיקה רפואית, תל אביב–יפו","קרנית מלמד - המרכז לטיפולי קוסמטיקה רפואית, תל אביב-יפו",
6c698ea6-e34a-4baa-b5bc-7e0ea743e3ad,orig/5c5e0c09-ab85-4616-a7cf-dd54357f541f.jpg,media.alt,תל אביב–יפו x1,"קרנית מלמד - המרכז לטיפולי קוסמטיקה רפואית, תל אביב–יפו","קרנית מלמד - המרכז לטיפולי קוסמטיקה רפואית, תל אביב-יפו",
226ccfe2-4285-46f5-a15e-b9cc3544030b,public/9a9b6a8c-da17-4a9c-a846-706cff802a77.webp,media.alt,תל אביב–יפו x1,"קרנית מלמד - המרכז לטיפולי קוסמטיקה רפואית, תל אביב–יפו","קרנית מלמד - המרכז לטיפולי קוסמטיקה רפואית, תל אביב-יפו",
2fe5aa58-4b3d-4351-9bb8-9f5e2e0e0ad2,public/f61a04e0-b8b3-45aa-96e9-79dfbcd6bf13.webp,media.alt,תל אביב–יפו x1,"קרנית מלמד - המרכז לטיפולי קוסמטיקה רפואית, תל אביב–יפו","קרנית מלמד - המרכז לטיפולי קוסמטיקה רפואית, תל אביב-יפו",
a2d1e00e-ba93-4cc2-8f73-facda9e1ffe7,orig/45f72b43-aed5-4df6-a35f-be709f39859f.jpg,media.alt,תל אביב–יפו x1,"קרנית מלמד - המרכז לטיפולי קוסמטיקה רפואית, תל אביב–יפו","קרנית מלמד - המרכז לטיפולי קוסמטיקה רפואית, תל אביב-יפו",
50f38c7e-4314-413a-9da7-c1c3b0399483,orig/fe0e409c-9eca-4a88-8141-65d4ced51e18.jpg,media.alt,תל אביב–יפו x1,"קרנית מלמד - המרכז לטיפולי קוסמטיקה רפואית, תל אביב–יפו","קרנית מלמד - המרכז לטיפולי קוסמטיקה רפואית, תל אביב-יפו",
f8a5de90-d2d2-403f-8612-5b55c7622da4,public/d3803da0-d7e0-4b8c-880e-af97a2cdf1e6.webp,media.alt,תל אביב–יפו x1,"Adis place- עדי בוטיק קוסמטיקאית והסרת שיער בלייזר תל אביב, תל אביב–יפו","Adis place- עדי בוטיק קוסמטיקאית והסרת שיער בלייזר תל אביב, תל אביב-יפו",
5ea84081-ecdd-49fc-99d1-5b579904b0b3,public/654aa02b-462e-4848-a33f-1d4a04cec7b6.webp,media.alt,תל אביב–יפו x1,"Adis place- עדי בוטיק קוסמטיקאית והסרת שיער בלייזר תל אביב, תל אביב–יפו","Adis place- עדי בוטיק קוסמטיקאית והסרת שיער בלייזר תל אביב, תל אביב-יפו",
9acdd151-90cf-48cc-b688-c052c1622b90,public/72b35d6c-9569-45db-8fb6-64c9a27e6d26.webp,media.alt,תל אביב–יפו x1,"Adis place- עדי בוטיק קוסמטיקאית והסרת שיער בלייזר תל אביב, תל אביב–יפו","Adis place- עדי בוטיק קוסמטיקאית והסרת שיער בלייזר תל אביב, תל אביב-יפו",
fa29f5af-1d2b-426a-9614-b7acd53f0297,public/37822de6-4d5c-45ad-b291-40a7e112eeaf.webp,media.alt,תל אביב–יפו x1,"Adis place- עדי בוטיק קוסמטיקאית והסרת שיער בלייזר תל אביב, תל אביב–יפו","Adis place- עדי בוטיק קוסמטיקאית והסרת שיער בלייזר תל אביב, תל אביב-יפו",
be059cbb-1eec-4d18-9db1-a30a068ef1b3,orig/8e13fe51-dedc-47bd-8aa5-bed2aa787d06.jpg,media.alt,תל אביב–יפו x1,"Adis place- עדי בוטיק קוסמטיקאית והסרת שיער בלייזר תל אביב, תל אביב–יפו","Adis place- עדי בוטיק קוסמטיקאית והסרת שיער בלייזר תל אביב, תל אביב-יפו",
2f0d9155-7239-450e-b334-f870f93f32a0,orig/453de8f0-1fdd-4bac-bd0c-51ae5045abab.jpg,media.alt,תל אביב–יפו x1,"Adis place- עדי בוטיק קוסמטיקאית והסרת שיער בלייזר תל אביב, תל אביב–יפו","Adis place- עדי בוטיק קוסמטיקאית והסרת שיער בלייזר תל אביב, תל אביב-יפו",
2626d55b-e125-4e3d-ac78-4cd2831fb1d4,orig/d33d4f71-665c-40d7-a2a3-b83b14a70cfe.jpg,media.alt,תל אביב–יפו x1,"Adis place- עדי בוטיק קוסמטיקאית והסרת שיער בלייזר תל אביב, תל אביב–יפו","Adis place- עדי בוטיק קוסמטיקאית והסרת שיער בלייזר תל אביב, תל אביב-יפו",
92ff3a30-0b07-4a8c-9407-eb10f02f58f9,public/fd3f795c-198f-4ec4-8e07-358742805b74.webp,media.alt,תל אביב–יפו x1,"Adis place- עדי בוטיק קוסמטיקאית והסרת שיער בלייזר תל אביב, תל אביב–יפו","Adis place- עדי בוטיק קוסמטיקאית והסרת שיער בלייזר תל אביב, תל אביב-יפו",
3caddf21-f3a6-4a07-80f8-37b126ba9d8f,orig/f6eb98a0-c633-4dbc-b00a-1f02a80e3631.jpg,media.alt,תל אביב–יפו x1,"Adis place- עדי בוטיק קוסמטיקאית והסרת שיער בלייזר תל אביב, תל אביב–יפו","Adis place- עדי בוטיק קוסמטיקאית והסרת שיער בלייזר תל אביב, תל אביב-יפו",
4910c63c-cffb-4441-b9e5-92fe2f810948,orig/376f85d1-189f-4969-afad-c43f4cb20191.jpg,media.alt,תל אביב–יפו x1,"Adis place- עדי בוטיק קוסמטיקאית והסרת שיער בלייזר תל אביב, תל אביב–יפו","Adis place- עדי בוטיק קוסמטיקאית והסרת שיער בלייזר תל אביב, תל אביב-יפו",
e0c3f0f0-5728-494d-8904-ace1535e4312,orig/98523df9-910a-4e10-8cdc-153189691ff2.jpg,media.alt,תל אביב–יפו x1,"Adis place- עדי בוטיק קוסמטיקאית והסרת שיער בלייזר תל אביב, תל אביב–יפו","Adis place- עדי בוטיק קוסמטיקאית והסרת שיער בלייזר תל אביב, תל אביב-יפו",
2f867629-972b-4ce3-ab79-d62ef87d1dc7,public/80efe845-6a8a-404f-a8da-4fb6f6229caf.webp,media.alt,תל אביב–יפו x1,"קליניקה כרמל - טיפול בפטרת ציפורניים בתל אביב, תל אביב–יפו","קליניקה כרמל - טיפול בפטרת ציפורניים בתל אביב, תל אביב-יפו",
481bb507-bdc2-4fe9-bc3f-79f6472b674c,orig/de15ded2-84ba-4e6a-8832-b35e98c599cc.webp,media.alt,תל אביב–יפו x1,"קליניקה כרמל - טיפול בפטרת ציפורניים בתל אביב, תל אביב–יפו","קליניקה כרמל - טיפול בפטרת ציפורניים בתל אביב, תל אביב-יפו",
85e8a3ef-733c-464d-bdbf-22e786c4a76d,public/d558bafb-0de6-49bb-a1c8-005b6c4f89ae.webp,media.alt,תל אביב–יפו x1,"קליניקה כרמל - טיפול בפטרת ציפורניים בתל אביב, תל אביב–יפו","קליניקה כרמל - טיפול בפטרת ציפורניים בתל אביב, תל אביב-יפו",
ee07e844-8067-4ecc-8cc0-4f724f7efbd2,orig/9c3b0658-abc4-45b1-80d7-c81f30e72f8d.jpg,media.alt,תל אביב–יפו x1,"קליניקה כרמל - טיפול בפטרת ציפורניים בתל אביב, תל אביב–יפו","קליניקה כרמל - טיפול בפטרת ציפורניים בתל אביב, תל אביב-יפו",
9bb7239a-6612-4c59-8c80-cb10bdfd5cec,public/f563032c-3fb1-4398-85e1-d1ebf0252968.webp,media.alt,תל אביב–יפו x1,"קליניקה כרמל - טיפול בפטרת ציפורניים בתל אביב, תל אביב–יפו","קליניקה כרמל - טיפול בפטרת ציפורניים בתל אביב, תל אביב-יפו",
51ac9ec2-9cb9-4172-abc2-dd9b6dc41080,public/174572f2-917e-45d9-85f3-72aa594c2ebc.webp,media.alt,תל אביב–יפו x1,"קליניקה כרמל - טיפול בפטרת ציפורניים בתל אביב, תל אביב–יפו","קליניקה כרמל - טיפול בפטרת ציפורניים בתל אביב, תל אביב-יפו",
54963b42-d9b6-41e1-bf9f-b0dcbaf067f7,public/beea5c78-f7a6-4ea6-8545-1589e7c1ebb5.webp,media.alt,תל אביב–יפו x1,"קליניקה כרמל - טיפול בפטרת ציפורניים בתל אביב, תל אביב–יפו","קליניקה כרמל - טיפול בפטרת ציפורניים בתל אביב, תל אביב-יפו",
25e7c4ee-0d6a-4d8f-bc43-d09ab56a7e55,public/62eecae9-7f9e-4b4b-ad2f-73e948662d93.webp,media.alt,תל אביב–יפו x1,"קליניקה כרמל - טיפול בפטרת ציפורניים בתל אביב, תל אביב–יפו","קליניקה כרמל - טיפול בפטרת ציפורניים בתל אביב, תל אביב-יפו",
634d341e-4233-42d0-9801-939d5f762cda,public/b4996bfb-09d7-440e-a223-aeb15eeb2e96.webp,media.alt,תל אביב–יפו x1,"קליניקה כרמל - טיפול בפטרת ציפורניים בתל אביב, תל אביב–יפו","קליניקה כרמל - טיפול בפטרת ציפורניים בתל אביב, תל אביב-יפו",
ddd5776e-d68a-46b6-bde6-bcc4f0fe91e9,orig/50b43ac3-b9da-4675-ba1b-a168332a2a90.jpg,media.alt,תל אביב–יפו x1,"קליניקה כרמל - טיפול בפטרת ציפורניים בתל אביב, תל אביב–יפו","קליניקה כרמל - טיפול בפטרת ציפורניים בתל אביב, תל אביב-יפו",
80c256ff-b087-49c1-9aa0-ad437933cf07,public/5d3da546-e1ca-4a41-9445-102c288d78c0.webp,media.alt,תל אביב–יפו x1,"קליניקה כרמל - טיפול בפטרת ציפורניים בתל אביב, תל אביב–יפו","קליניקה כרמל - טיפול בפטרת ציפורניים בתל אביב, תל אביב-יפו",
727e136e-2ece-408e-bcb1-080677d9bec0,orig/44358a78-8da4-4cd2-862b-12ed9ea330e9.jpg,media.alt,תל אביב–יפו x1,"קליניקה כרמל - טיפול בפטרת ציפורניים בתל אביב, תל אביב–יפו","קליניקה כרמל - טיפול בפטרת ציפורניים בתל אביב, תל אביב-יפו",
a3ab8128-bfb3-4118-b759-25393a9dcee0,orig/d80910e0-ac12-4211-b860-992f8429366b.jpg,media.alt,תל אביב–יפו x1,"קליניקה כרמל - טיפול בפטרת ציפורניים בתל אביב, תל אביב–יפו","קליניקה כרמל - טיפול בפטרת ציפורניים בתל אביב, תל אביב-יפו",
ba08f70b-4cec-4c4a-b678-7fc0909a0ac6,orig/96b94ab9-b206-4f6f-8179-fe665fc5ff4a.jpg,media.alt,תל אביב–יפו x1,"קליניקה כרמל - טיפול בפטרת ציפורניים בתל אביב, תל אביב–יפו","קליניקה כרמל - טיפול בפטרת ציפורניים בתל אביב, תל אביב-יפו",
e858f181-c8bc-4350-a3d7-d634bb8dd68e,orig/205e93e5-5601-4b20-b858-3c4d8c2b1721.jpg,media.alt,תל אביב–יפו x1,"קליניקה כרמל - טיפול בפטרת ציפורניים בתל אביב, תל אביב–יפו","קליניקה כרמל - טיפול בפטרת ציפורניים בתל אביב, תל אביב-יפו",
c9902a8a-0d09-415d-be87-7e5d130fce98,orig/c0536e3c-040e-4080-b20a-bacc8e64aa61.jpg,media.alt,תל אביב–יפו x1,"קליניקה כרמל - טיפול בפטרת ציפורניים בתל אביב, תל אביב–יפו","קליניקה כרמל - טיפול בפטרת ציפורניים בתל אביב, תל אביב-יפו",
049b524a-342d-420b-9ada-e95f7653e9e5,public/2183708b-1ea7-4531-95d3-75ba508b5d0b.webp,media.alt,תל אביב–יפו x1,"Nailtov, תל אביב–יפו","Nailtov, תל אביב-יפו",
f6ed5cf2-d1ce-4fc1-8341-a48c2dbc800f,public/ace16098-4ef5-46c3-82f3-0e1b352ba610.webp,media.alt,תל אביב–יפו x1,"Nailtov, תל אביב–יפו","Nailtov, תל אביב-יפו",
87e25c68-b3a9-4ec5-909f-30501d7ad6d0,public/75ba03d0-8cc7-40c0-bc6f-378ec43a33bf.webp,media.alt,תל אביב–יפו x1,"Nailtov, תל אביב–יפו","Nailtov, תל אביב-יפו",
c292ba97-5064-429f-b290-f1cf66542ed4,orig/6e1f4647-6d2d-46c1-a23f-63f57036f0f0.jpg,media.alt,תל אביב–יפו x1,"Nailtov, תל אביב–יפו","Nailtov, תל אביב-יפו",
7dacd9ac-433c-4019-b9c1-4b6f473028e1,orig/bc127cec-282f-4c47-bcf6-5bff36b04caf.jpg,media.alt,תל אביב–יפו x1,"Nailtov, תל אביב–יפו","Nailtov, תל אביב-יפו",
ed5042c9-61b2-4255-adea-8a24b9a0e0eb,orig/962c4c0f-ae07-47d0-8187-aa014836c5b0.jpg,media.alt,תל אביב–יפו x1,"Nailtov, תל אביב–יפו","Nailtov, תל אביב-יפו",
d1d146a1-ff06-4edd-a6b3-12290ef27466,public/03588d26-2802-4f9a-b0ca-c6320adda76f.webp,media.alt,תל אביב–יפו x1,"Nailtov, תל אביב–יפו","Nailtov, תל אביב-יפו",
ecc7e49b-6292-4653-b9f2-5d8e57c54dde,public/1d385ce7-019b-49b5-9124-9d0a1c2a5fcd.webp,media.alt,תל אביב–יפו x1,"Nailtov, תל אביב–יפו","Nailtov, תל אביב-יפו",
5b98fa50-274c-4d03-8b2c-880e434c8dd3,public/afd54209-ddd4-429d-a833-3bf58e195f3c.webp,media.alt,תל אביב–יפו x1,"Nailtov, תל אביב–יפו","Nailtov, תל אביב-יפו",
1820ca16-0907-481f-8b3f-2e8082baa9ec,public/9227d8d3-3abc-40d4-98b5-35c16d054e6d.webp,media.alt,תל אביב–יפו x1,"Nailtov, תל אביב–יפו","Nailtov, תל אביב-יפו",
8d2542c1-0fdf-4cc3-bff7-91a68d5ec6ee,public/6285541b-6aee-4650-8450-98a10f41919f.webp,media.alt,תל אביב–יפו x1,"Nailtov, תל אביב–יפו","Nailtov, תל אביב-יפו",
843358e5-c4f2-41c0-bbbe-6f0f954c842b,orig/0b9e3b78-d735-4e16-9cce-cba9e8239696.png,media.alt,תל אביב–יפו x1,"Nailtov, תל אביב–יפו","Nailtov, תל אביב-יפו",
fda645c4-a5cc-4452-90a8-c5e0308b766a,orig/31485e5d-5354-4454-9fdf-579cbb06c239.jpg,media.alt,תל אביב–יפו x1,"Nailtov, תל אביב–יפו","Nailtov, תל אביב-יפו",
b8f3fac5-2c26-4237-8125-81e36e2adcec,orig/cb2e5a00-7ba3-4662-a851-8d9ce4d36c0b.jpg,media.alt,תל אביב–יפו x1,"Nailtov, תל אביב–יפו","Nailtov, תל אביב-יפו",
f93e412e-7ab9-4ce2-930a-6282fa99c5ca,orig/855ff92e-e254-400e-9ae2-2fde2458d3cb.jpg,media.alt,תל אביב–יפו x1,"Nailtov, תל אביב–יפו","Nailtov, תל אביב-יפו",
c0fb978a-b35d-4a77-ac3c-8aa546140523,orig/6ae9e2ea-c4c4-480f-82b0-5f91a3105e94.png,media.alt,תל אביב–יפו x1,"Nailtov, תל אביב–יפו","Nailtov, תל אביב-יפו",
2c8cae82-47e5-4f0f-a7bf-1f1e223ce8a9,public/965769f7-1801-4699-acb0-25ebde616f3e.webp,media.alt,תל אביב–יפו x1,"אנדר פלאנט Another planet, תל אביב–יפו","אנדר פלאנט Another planet, תל אביב-יפו",
0ab5003f-4aea-49ed-847a-9213e32d0ce7,public/692bc483-68df-4527-a32e-ad7d412289af.webp,media.alt,תל אביב–יפו x1,"אנדר פלאנט Another planet, תל אביב–יפו","אנדר פלאנט Another planet, תל אביב-יפו",
7fd758a5-57cb-4551-9b77-cd324d1f1060,public/a3697ea8-2b85-448d-bb13-e6d17c4701f9.webp,media.alt,תל אביב–יפו x1,"אנדר פלאנט Another planet, תל אביב–יפו","אנדר פלאנט Another planet, תל אביב-יפו",
2b2b23cb-ea57-40ef-9f87-6d1c55a99064,public/899d2581-e56f-468d-9fb8-8559bbd2faea.webp,media.alt,תל אביב–יפו x1,"אנדר פלאנט Another planet, תל אביב–יפו","אנדר פלאנט Another planet, תל אביב-יפו",
ac6fa57e-2254-40f6-8274-2adfdf09dae4,orig/d61745af-f307-46a4-aaa1-dd2ce231219c.jpg,media.alt,תל אביב–יפו x1,"אנדר פלאנט Another planet, תל אביב–יפו","אנדר פלאנט Another planet, תל אביב-יפו",
d07e0206-31b6-46bd-a6db-557404ddb78e,orig/982e439d-f396-47ea-b588-ded31101f2e0.jpg,media.alt,תל אביב–יפו x1,"אנדר פלאנט Another planet, תל אביב–יפו","אנדר פלאנט Another planet, תל אביב-יפו",
0d699251-a2c2-4cb5-a99c-71a5afe12083,orig/fd77c9d1-d963-4041-923e-bedcdf7b7e2f.jpg,media.alt,תל אביב–יפו x1,"אנדר פלאנט Another planet, תל אביב–יפו","אנדר פלאנט Another planet, תל אביב-יפו",
a601d214-8069-4886-a2ed-8b60b270c7c5,orig/a6252e72-de88-4123-a535-a26ce49142d3.jpg,media.alt,תל אביב–יפו x1,"אנדר פלאנט Another planet, תל אביב–יפו","אנדר פלאנט Another planet, תל אביב-יפו",
7902d282-56f2-488e-ac44-002ef5ed5e26,public/7f96e965-460c-46d6-a46b-d28857398cb7.webp,media.alt,תל אביב–יפו x1,"אנדר פלאנט Another planet, תל אביב–יפו","אנדר פלאנט Another planet, תל אביב-יפו",
6d3bcd15-e782-42f4-b6f1-564c59dc0e46,public/bf0bdfb6-63fe-4b83-802d-b0b4a473342c.webp,media.alt,תל אביב–יפו x1,"אנדר פלאנט Another planet, תל אביב–יפו","אנדר פלאנט Another planet, תל אביב-יפו",
12ae9376-c472-47db-a8de-246d61173ec6,public/70ce1082-8c7b-40ce-b0ee-3e8c0209d72e.webp,media.alt,תל אביב–יפו x1,"אנדר פלאנט Another planet, תל אביב–יפו","אנדר פלאנט Another planet, תל אביב-יפו",
4c82170c-4fb3-4430-8953-dfa11078c0bc,public/b64960a5-79dc-4c10-a221-e67e7988a1c2.webp,media.alt,תל אביב–יפו x1,"אנדר פלאנט Another planet, תל אביב–יפו","אנדר פלאנט Another planet, תל אביב-יפו",
342da953-dc7b-4a0e-ad3b-68311425af86,orig/ccccd921-60fa-4300-b254-e3de88661a19.jpg,media.alt,תל אביב–יפו x1,"אנדר פלאנט Another planet, תל אביב–יפו","אנדר פלאנט Another planet, תל אביב-יפו",
c5ef74ab-a2ab-4733-9dc9-6df8d6c289cc,orig/eb1ba96f-bdcf-4100-a074-a492070230dc.jpg,media.alt,תל אביב–יפו x1,"אנדר פלאנט Another planet, תל אביב–יפו","אנדר פלאנט Another planet, תל אביב-יפו",
399bbeac-56dc-4f33-94c6-a049624a6be4,orig/9ee5fe80-7b50-41a4-bbb5-eb6ec0fce6ac.jpg,media.alt,תל אביב–יפו x1,"אנדר פלאנט Another planet, תל אביב–יפו","אנדר פלאנט Another planet, תל אביב-יפו",
c268c82d-c771-4ad7-bdc3-57d06f6da01a,orig/ec95d585-72ec-4899-91b0-61c96db2dd07.jpg,media.alt,תל אביב–יפו x1,"אנדר פלאנט Another planet, תל אביב–יפו","אנדר פלאנט Another planet, תל אביב-יפו",
3898c39a-6afa-49f7-9ba1-ba8229861e1e,public/49814fa7-a281-4295-947d-5f324d42e58e.webp,media.alt,תל אביב–יפו x1,"Renée Cosmetics, תל אביב–יפו","Renée Cosmetics, תל אביב-יפו",
2e048d7d-22c0-4bf5-915b-53cb4d6ffed4,public/cac0d15b-c2fb-46b6-9a36-6d64e5960346.webp,media.alt,תל אביב–יפו x1,"Renée Cosmetics, תל אביב–יפו","Renée Cosmetics, תל אביב-יפו",
297f7700-daa8-4354-a990-9874b11bf44f,orig/6f0e7ec9-b285-4e98-8949-08bbde7006d4.jpg,media.alt,תל אביב–יפו x1,"Renée Cosmetics, תל אביב–יפו","Renée Cosmetics, תל אביב-יפו",
c3a1b129-698f-4d84-b867-baf1c135d7d7,public/848ef16c-89f2-459e-8391-430152568ce1.webp,media.alt,תל אביב–יפו x1,"Renée Cosmetics, תל אביב–יפו","Renée Cosmetics, תל אביב-יפו",
0493d2b0-70ed-48ce-b263-a4120f4a4b3e,public/091512d2-c8e0-40db-91e7-fadfd0175a91.webp,media.alt,תל אביב–יפו x1,"Renée Cosmetics, תל אביב–יפו","Renée Cosmetics, תל אביב-יפו",
5baabc8d-7a5f-4903-9820-f98e093f162e,orig/2fcc89d4-79f6-43c9-9e79-b8c8b6a0d819.jpg,media.alt,תל אביב–יפו x1,"Renée Cosmetics, תל אביב–יפו","Renée Cosmetics, תל אביב-יפו",
874f9f63-ac75-4ab3-b88c-4e2385ae40d5,orig/930df68d-ef2f-44b9-a3f0-9a23d231c046.jpg,media.alt,תל אביב–יפו x1,"Renée Cosmetics, תל אביב–יפו","Renée Cosmetics, תל אביב-יפו",
37814726-56e4-4ec0-8f95-1388ced083d6,orig/fe25a010-db97-46cd-94eb-e55572d8d645.png,media.alt,תל אביב–יפו x1,"Renée Cosmetics, תל אביב–יפו","Renée Cosmetics, תל אביב-יפו",
3dfed62b-4f87-45f5-92f1-9ec2a2829644,public/7d615c5e-68b7-4a68-ae39-e9ff794e1060.webp,media.alt,תל אביב–יפו x1,"Renée Cosmetics, תל אביב–יפו","Renée Cosmetics, תל אביב-יפו",
b9a9cc1f-03ce-4f1a-b466-d13e5e0f6b16,orig/412b292e-80e9-482e-9f26-90eaacab193b.jpg,media.alt,תל אביב–יפו x1,"Renée Cosmetics, תל אביב–יפו","Renée Cosmetics, תל אביב-יפו",
d0acbf0e-3857-4fe4-8904-3e0e3ebf234c,public/ceb1b839-70f1-4ed8-9b2c-5d07f7ed2992.webp,media.alt,תל אביב–יפו x1,"ViVi TELAViVi NAiLS ויוי תלאביבי ניילס, תל אביב–יפו","ViVi TELAViVi NAiLS ויוי תלאביבי ניילס, תל אביב-יפו",
b4e48233-cc5f-441f-8df5-350ee4b9904d,public/5f2daa3b-7c4f-4192-9b9d-7d7664a41d58.webp,media.alt,תל אביב–יפו x1,"ViVi TELAViVi NAiLS ויוי תלאביבי ניילס, תל אביב–יפו","ViVi TELAViVi NAiLS ויוי תלאביבי ניילס, תל אביב-יפו",
016ca66f-12a4-4ec0-bf4f-dbac1c5314bf,public/c9ad7403-4932-4bd8-8dc9-4f3cacc59a73.webp,media.alt,תל אביב–יפו x1,"ViVi TELAViVi NAiLS ויוי תלאביבי ניילס, תל אביב–יפו","ViVi TELAViVi NAiLS ויוי תלאביבי ניילס, תל אביב-יפו",
87daaace-c45e-43b6-8d52-1822d1898612,public/9e861ec0-3672-4507-8dd3-3c5594cccaee.webp,media.alt,תל אביב–יפו x1,"ViVi TELAViVi NAiLS ויוי תלאביבי ניילס, תל אביב–יפו","ViVi TELAViVi NAiLS ויוי תלאביבי ניילס, תל אביב-יפו",
41a9f0bf-80b6-427b-8cc1-33125daa3e1a,orig/d0248381-a3a4-4322-845d-029d918a16b3.jpg,media.alt,תל אביב–יפו x1,"ViVi TELAViVi NAiLS ויוי תלאביבי ניילס, תל אביב–יפו","ViVi TELAViVi NAiLS ויוי תלאביבי ניילס, תל אביב-יפו",
02c2837f-e0f7-4521-be77-2c4a7e2d3247,public/0f884ff0-229f-4eaf-bf41-f12a00d597cd.webp,media.alt,תל אביב–יפו x1,"ViVi TELAViVi NAiLS ויוי תלאביבי ניילס, תל אביב–יפו","ViVi TELAViVi NAiLS ויוי תלאביבי ניילס, תל אביב-יפו",
4b2f871e-db12-4da7-8316-6d6cceea583e,orig/697a4232-67ce-42d5-9778-81d33b4c0360.jpg,media.alt,תל אביב–יפו x1,"ViVi TELAViVi NAiLS ויוי תלאביבי ניילס, תל אביב–יפו","ViVi TELAViVi NAiLS ויוי תלאביבי ניילס, תל אביב-יפו",
eeca52e5-dd81-4783-a95b-641a82409b55,orig/33c6e04c-5d58-4930-95f1-93d9fb9c1339.jpg,media.alt,תל אביב–יפו x1,"ViVi TELAViVi NAiLS ויוי תלאביבי ניילס, תל אביב–יפו","ViVi TELAViVi NAiLS ויוי תלאביבי ניילס, תל אביב-יפו",
574b11f6-a209-433e-ad21-7f68862ed6c2,orig/f5ffcb1f-4c01-48cf-9e02-4aa213843107.jpg,media.alt,תל אביב–יפו x1,"ViVi TELAViVi NAiLS ויוי תלאביבי ניילס, תל אביב–יפו","ViVi TELAViVi NAiLS ויוי תלאביבי ניילס, תל אביב-יפו",
5449ca75-0b1b-455b-9923-44fb293bb81d,orig/dce3bb94-bfc2-4702-a2a6-4d6b93b56b36.jpg,media.alt,תל אביב–יפו x1,"ViVi TELAViVi NAiLS ויוי תלאביבי ניילס, תל אביב–יפו","ViVi TELAViVi NAiLS ויוי תלאביבי ניילס, תל אביב-יפו",
a0f01ba2-ac23-4c23-bc15-8250087c9490,public/9c8b1092-98bd-4f48-a0bb-c11043f9852d.webp,media.alt,תל אביב–יפו x1,"ViVi TELAViVi NAiLS ויוי תלאביבי ניילס, תל אביב–יפו","ViVi TELAViVi NAiLS ויוי תלאביבי ניילס, תל אביב-יפו",
08c2dc39-7bf6-47e3-bf35-a3cdd1e972f2,public/245f9639-025d-4607-aca0-3fcb53d6715f.webp,media.alt,תל אביב–יפו x1,"CUT THE BULLSHIT BarberShop, תל אביב–יפו","CUT THE BULLSHIT BarberShop, תל אביב-יפו",
cb9d1344-11ad-4d17-8648-e5d25af35e35,public/b39f8e63-dd11-49af-99fc-ae4846a79637.webp,media.alt,תל אביב–יפו x1,"CUT THE BULLSHIT BarberShop, תל אביב–יפו","CUT THE BULLSHIT BarberShop, תל אביב-יפו",
414a5613-1e0c-41e7-a177-46d25ff59027,public/58c1ff4f-2a8b-4843-8fa4-b77c13e79268.webp,media.alt,תל אביב–יפו x1,"CUT THE BULLSHIT BarberShop, תל אביב–יפו","CUT THE BULLSHIT BarberShop, תל אביב-יפו",
378dd1f6-8016-45ad-b5b1-ec550831777e,public/b7aab3aa-f161-4848-8c60-903d09d22f93.webp,media.alt,תל אביב–יפו x1,"CUT THE BULLSHIT BarberShop, תל אביב–יפו","CUT THE BULLSHIT BarberShop, תל אביב-יפו",
914848a9-b07a-4512-8c5f-dea3cc94881e,public/88db3993-13ca-4c5d-8df5-1694315c0a25.webp,media.alt,תל אביב–יפו x1,"CUT THE BULLSHIT BarberShop, תל אביב–יפו","CUT THE BULLSHIT BarberShop, תל אביב-יפו",
b5c62165-24ea-4872-9117-f8f2b77e0455,orig/ecb90008-fdfb-468d-8273-9cecfaea767e.jpg,media.alt,תל אביב–יפו x1,"CUT THE BULLSHIT BarberShop, תל אביב–יפו","CUT THE BULLSHIT BarberShop, תל אביב-יפו",
23e1fdac-1716-4bc2-b04f-a0d581e33fa8,orig/aecb7bb4-363b-40fb-bb3e-f0a6b6e32ca3.jpg,media.alt,תל אביב–יפו x1,"CUT THE BULLSHIT BarberShop, תל אביב–יפו","CUT THE BULLSHIT BarberShop, תל אביב-יפו",
87767df5-d554-4adc-acde-27fe7dbf6fa0,orig/24c652db-11f0-4dd6-a14a-63f8275f5c12.jpg,media.alt,תל אביב–יפו x1,"CUT THE BULLSHIT BarberShop, תל אביב–יפו","CUT THE BULLSHIT BarberShop, תל אביב-יפו",
b6e24d54-75de-4c0d-82e0-5d0aea37e177,orig/afa12e95-e8c1-467e-8d51-973ad9b112d5.jpg,media.alt,תל אביב–יפו x1,"CUT THE BULLSHIT BarberShop, תל אביב–יפו","CUT THE BULLSHIT BarberShop, תל אביב-יפו",
d19021ac-e39e-4c01-9836-74969145f592,orig/0f4f46c7-4ca1-4b4c-a7b8-c77165bfbe11.jpg,media.alt,תל אביב–יפו x1,"CUT THE BULLSHIT BarberShop, תל אביב–יפו","CUT THE BULLSHIT BarberShop, תל אביב-יפו",
79f1eee3-0fdc-4dec-87e1-1184548aa9b6,public/a3716554-cbc9-4540-ab9f-4ea96579e266.webp,media.alt,תל אביב–יפו x1,"CUT THE BULLSHIT BarberShop, תל אביב–יפו","CUT THE BULLSHIT BarberShop, תל אביב-יפו",
7f14fa17-f945-4176-bea3-bb029c69ab43,public/ccfcdc2c-5ca5-4816-9539-28d529e18b92.webp,media.alt,תל אביב–יפו x1,"CUT THE BULLSHIT BarberShop, תל אביב–יפו","CUT THE BULLSHIT BarberShop, תל אביב-יפו",
f580913e-5bde-4815-abac-6768350573c4,public/97f256cf-8489-4f71-a72d-161aaefb3e48.webp,media.alt,תל אביב–יפו x1,"CUT THE BULLSHIT BarberShop, תל אביב–יפו","CUT THE BULLSHIT BarberShop, תל אביב-יפו",
a30d95b7-19f5-45a1-afde-1bd9fe18813d,orig/024bac6f-f5ae-46dd-8b52-b99220617545.jpg,media.alt,תל אביב–יפו x1,"CUT THE BULLSHIT BarberShop, תל אביב–יפו","CUT THE BULLSHIT BarberShop, תל אביב-יפו",
ed14f429-9e8a-4267-81fd-5de81d6e0e9c,orig/f6474ef3-0af6-449f-bdba-cf5cb7ff3214.jpg,media.alt,תל אביב–יפו x1,"CUT THE BULLSHIT BarberShop, תל אביב–יפו","CUT THE BULLSHIT BarberShop, תל אביב-יפו",
1d4dce92-8a1b-4b99-a5fb-d5637503d0ec,orig/f9daba41-2c90-47e5-9ae8-d7be924e0338.jpg,media.alt,תל אביב–יפו x1,"CUT THE BULLSHIT BarberShop, תל אביב–יפו","CUT THE BULLSHIT BarberShop, תל אביב-יפו",
2a34486e-91d4-4ed3-a7db-50a19cc820c8,public/b49e026c-a26a-4ef6-a820-47573916cf92.webp,media.alt,תל אביב–יפו x1,"Luck Nail Boutique, תל אביב–יפו","Luck Nail Boutique, תל אביב-יפו",
0c953dcb-8169-41a1-a357-09641be45dfc,public/5498d9e3-9304-49b1-84c0-ba7ffb71d186.webp,media.alt,תל אביב–יפו x1,"Luck Nail Boutique, תל אביב–יפו","Luck Nail Boutique, תל אביב-יפו",
fa0f87f1-da48-4195-8ce3-81a1ce0c78a9,public/ccc2ea64-9f94-468a-afba-c4d7f57ecf00.webp,media.alt,תל אביב–יפו x1,"Luck Nail Boutique, תל אביב–יפו","Luck Nail Boutique, תל אביב-יפו",
bcc36504-e43d-4ad6-adaa-9573f08ba86d,public/51653e65-b49b-4ef0-a5f7-3de10cd9e746.webp,media.alt,תל אביב–יפו x1,"Luck Nail Boutique, תל אביב–יפו","Luck Nail Boutique, תל אביב-יפו",
f238378a-b92a-4b95-a52a-99235effd720,orig/8a49a231-0557-47a4-b432-7bde17ddb61f.jpg,media.alt,תל אביב–יפו x2,"emi lee beauty salon – Nail & Beauty Tel Aviv, תל אביב–יפו","emi lee beauty salon – Nail & Beauty Tel Aviv, תל אביב-יפו",
c23f7f10-7a41-481c-981a-a43926fb7feb,public/5257b41b-5572-42bc-84df-9776fbb7c533.webp,media.alt,תל אביב–יפו x1,"Dreamboat, תל אביב–יפו","Dreamboat, תל אביב-יפו",
b150a2a3-2299-4161-9ad4-a053d0a64f0b,orig/8142f481-e659-4dc6-89a0-8e33c268c703.jpg,media.alt,תל אביב–יפו x1,"Luck Nail Boutique, תל אביב–יפו","Luck Nail Boutique, תל אביב-יפו",
2f72144c-1a16-4f0c-a767-186a49b2098f,orig/ab8de891-e183-4640-8d60-08a17824e902.jpg,media.alt,תל אביב–יפו x1,"Luck Nail Boutique, תל אביב–יפו","Luck Nail Boutique, תל אביב-יפו",
35cdf6a8-28e0-407c-9040-7766ffc2107a,orig/92cfdb2c-941b-4a13-b692-054871b57882.jpg,media.alt,תל אביב–יפו x1,"Luck Nail Boutique, תל אביב–יפו","Luck Nail Boutique, תל אביב-יפו",
5439af1d-00da-4f2b-a26c-430755c10f87,orig/5503ed3b-e375-45a9-ac2c-e34ed4b81e8b.jpg,media.alt,תל אביב–יפו x1,"Luck Nail Boutique, תל אביב–יפו","Luck Nail Boutique, תל אביב-יפו",
0b9d6de9-307b-4abc-9460-ae3e942462f3,public/d167ebdb-a356-4382-ad95-7e4b5ed9dc27.webp,media.alt,תל אביב–יפו x1,"Luck Nail Boutique, תל אביב–יפו","Luck Nail Boutique, תל אביב-יפו",
e913f12a-1962-4c5d-92b7-5be6c565f83a,public/f9217569-c50a-4a93-82b7-44aca0f41453.webp,media.alt,תל אביב–יפו x1,"Luck Nail Boutique, תל אביב–יפו","Luck Nail Boutique, תל אביב-יפו",
9c9f57c3-b1a9-441f-aebf-27d5c487b3be,public/7f40fa3a-12a6-41db-9b14-ca61b15be5bf.webp,media.alt,תל אביב–יפו x1,"Luck Nail Boutique, תל אביב–יפו","Luck Nail Boutique, תל אביב-יפו",
be252a6d-aa4e-456f-86da-e1d5ea72c360,orig/e8a5208b-1c14-4b7e-b0b0-84311211d342.jpg,media.alt,תל אביב–יפו x1,"Luck Nail Boutique, תל אביב–יפו","Luck Nail Boutique, תל אביב-יפו",
5149fac9-62d9-4de1-b70c-5a1865adc7f3,orig/a6878bb7-9e9c-43eb-a137-9cd5dcc9509c.jpg,media.alt,תל אביב–יפו x1,"Luck Nail Boutique, תל אביב–יפו","Luck Nail Boutique, תל אביב-יפו",
2c44805f-b995-4031-b4d2-189ff7d7e1ca,public/3134ff94-3def-4c72-b2d4-02803830b53e.webp,media.alt,תל אביב–יפו x1,"Luck Nail Boutique, תל אביב–יפו","Luck Nail Boutique, תל אביב-יפו",
b58c4bff-66d8-4f1c-a802-44bdff687689,orig/bccf970b-73c8-4358-9886-c2784e1a2afa.jpg,media.alt,תל אביב–יפו x1,"Luck Nail Boutique, תל אביב–יפו","Luck Nail Boutique, תל אביב-יפו",
da059e92-cb49-4328-ac29-4cc9ec37ed59,orig/dd17cf76-6f68-46e5-9b4c-ae120f1b9595.jpg,media.alt,תל אביב–יפו x1,"Luck Nail Boutique, תל אביב–יפו","Luck Nail Boutique, תל אביב-יפו",
99409678-210f-45b8-8ced-2d1a00d11dfb,public/04dd2b4e-15a9-49e5-8f7c-a3c60bd4d069.webp,media.alt,תל אביב–יפו x1,"Beauty Time Salon, תל אביב–יפו","Beauty Time Salon, תל אביב-יפו",
00716794-381f-47b9-b355-f42de4009592,public/9091903f-0296-4176-bf57-c2ee8dffa1c0.webp,media.alt,תל אביב–יפו x1,"Beauty Time Salon, תל אביב–יפו","Beauty Time Salon, תל אביב-יפו",
3f8c3d0d-9304-453a-917d-91081b696a5e,public/28c370a1-2ce4-4264-a7c7-b5283dfb67d4.webp,media.alt,תל אביב–יפו x1,"Beauty Time Salon, תל אביב–יפו","Beauty Time Salon, תל אביב-יפו",
cd2f5dc0-fc69-47dc-abd0-5e21410764a1,public/1a3fee25-a657-4484-832b-835f115f5420.webp,media.alt,תל אביב–יפו x1,"Beauty Time Salon, תל אביב–יפו","Beauty Time Salon, תל אביב-יפו",
4777f434-5b06-4c6c-b94c-b4456575a87b,orig/399e4058-ff5d-4564-95f3-3104c97c80cf.jpg,media.alt,תל אביב–יפו x1,"Beauty Time Salon, תל אביב–יפו","Beauty Time Salon, תל אביב-יפו",
8d91163d-6ec7-443d-99b5-0a6e58800fa3,orig/1a501f4b-4bba-4063-8ae8-cfc1495572b7.jpg,media.alt,תל אביב–יפו x1,"Beauty Time Salon, תל אביב–יפו","Beauty Time Salon, תל אביב-יפו",
02adac50-6f89-4359-ac1d-bcdb60ecc124,orig/11ee37ca-e77c-45d1-8988-4e088a82260e.jpg,media.alt,תל אביב–יפו x1,"Beauty Time Salon, תל אביב–יפו","Beauty Time Salon, תל אביב-יפו",
a892ebdd-75ec-4795-b21c-41a9f018835d,orig/f723f66b-5a9f-4b3c-8e7c-8e84764f3a07.jpg,media.alt,תל אביב–יפו x1,"Beauty Time Salon, תל אביב–יפו","Beauty Time Salon, תל אביב-יפו",
2351a7e9-7e40-42f7-9ca6-505b5acc8209,public/e3d607e6-ed78-435a-a15a-8cf250fb70a6.webp,media.alt,תל אביב–יפו x1,"Beauty Time Salon, תל אביב–יפו","Beauty Time Salon, תל אביב-יפו",
f474eb75-70ad-4e33-901c-bbc2fccfad79,public/696f47fb-c7f6-458f-8309-26a73564c41d.webp,media.alt,תל אביב–יפו x1,"Beauty Time Salon, תל אביב–יפו","Beauty Time Salon, תל אביב-יפו",
45cfa929-f9c5-411c-89ce-961a5f08eb2f,public/92ad345a-f1bc-4e98-b3e4-19a0443a5ced.webp,media.alt,תל אביב–יפו x1,"Beauty Time Salon, תל אביב–יפו","Beauty Time Salon, תל אביב-יפו",
227df164-138d-4d5a-9dae-475bb3dc2e50,orig/a576dfb4-3982-4b16-a792-78325251e213.jpg,media.alt,תל אביב–יפו x1,"Beauty Time Salon, תל אביב–יפו","Beauty Time Salon, תל אביב-יפו",
e43ab89e-34df-43f8-be7f-03d80264827b,public/549f20ac-fb7b-4c5e-924e-11311b89afe0.webp,media.alt,תל אביב–יפו x1,"Beauty Time Salon, תל אביב–יפו","Beauty Time Salon, תל אביב-יפו",
b63c4785-4c23-4ee8-b669-7ccba7d1ac7d,orig/fcf37942-8503-411c-9080-59f5a8fa850b.jpg,media.alt,תל אביב–יפו x1,"Beauty Time Salon, תל אביב–יפו","Beauty Time Salon, תל אביב-יפו",
5fb973dc-f1a0-4d52-9497-a90f76cfea0c,orig/7021f523-741a-436a-a555-0a7da0f39000.jpg,media.alt,תל אביב–יפו x1,"Beauty Time Salon, תל אביב–יפו","Beauty Time Salon, תל אביב-יפו",
640521b1-4462-4d5f-bfe6-f20637d303ee,orig/344e033c-f3c3-467c-831f-539fed95caae.jpg,media.alt,תל אביב–יפו x1,"Beauty Time Salon, תל אביב–יפו","Beauty Time Salon, תל אביב-יפו",
adf9658d-125e-4c3a-8389-510c4192af52,public/af70819f-8058-4b35-ae3f-e41cdd9cbcff.webp,media.alt,תל אביב–יפו x1,"לימור שמואל קוסמטיקאית,פדיקור,מניקור ג׳ל, ליזר ,שעוות ,אפילציה, תל אביב–יפו","לימור שמואל קוסמטיקאית,פדיקור,מניקור ג׳ל, ליזר ,שעוות ,אפילציה, תל אביב-יפו",
70e86e82-7ef9-4524-9eac-5690b9c0af35,public/ecbfa291-89d1-46e2-803c-279b49239456.webp,media.alt,תל אביב–יפו x1,"לימור שמואל קוסמטיקאית,פדיקור,מניקור ג׳ל, ליזר ,שעוות ,אפילציה, תל אביב–יפו","לימור שמואל קוסמטיקאית,פדיקור,מניקור ג׳ל, ליזר ,שעוות ,אפילציה, תל אביב-יפו",
02168331-fd83-4547-84d7-8aeebd65acd0,public/76c0f556-be29-428b-ad3c-b5e415da1819.webp,media.alt,תל אביב–יפו x1,"לימור שמואל קוסמטיקאית,פדיקור,מניקור ג׳ל, ליזר ,שעוות ,אפילציה, תל אביב–יפו","לימור שמואל קוסמטיקאית,פדיקור,מניקור ג׳ל, ליזר ,שעוות ,אפילציה, תל אביב-יפו",
bf84be7d-468f-43a1-8baf-65e32d904d7a,public/61eac19d-5280-4d72-88ea-df0f3b0dca02.webp,media.alt,תל אביב–יפו x1,"לימור שמואל קוסמטיקאית,פדיקור,מניקור ג׳ל, ליזר ,שעוות ,אפילציה, תל אביב–יפו","לימור שמואל קוסמטיקאית,פדיקור,מניקור ג׳ל, ליזר ,שעוות ,אפילציה, תל אביב-יפו",
3b4ce354-5083-4294-8114-961e3b60d9c4,orig/8d36ea8f-9ab5-4779-ab8c-399e8f774649.jpg,media.alt,תל אביב–יפו x1,"לימור שמואל קוסמטיקאית,פדיקור,מניקור ג׳ל, ליזר ,שעוות ,אפילציה, תל אביב–יפו","לימור שמואל קוסמטיקאית,פדיקור,מניקור ג׳ל, ליזר ,שעוות ,אפילציה, תל אביב-יפו",
e938f1c9-55b4-4333-ae86-4a7aaa63c460,orig/89563202-ebe9-45b1-aa5e-20343cb2fa7e.jpg,media.alt,תל אביב–יפו x1,"לימור שמואל קוסמטיקאית,פדיקור,מניקור ג׳ל, ליזר ,שעוות ,אפילציה, תל אביב–יפו","לימור שמואל קוסמטיקאית,פדיקור,מניקור ג׳ל, ליזר ,שעוות ,אפילציה, תל אביב-יפו",
48bfb12b-b5c2-48c1-ad90-0d86c99c6b22,orig/83ed0555-f243-4915-b5b3-406bbe4b82c0.jpg,media.alt,תל אביב–יפו x1,"לימור שמואל קוסמטיקאית,פדיקור,מניקור ג׳ל, ליזר ,שעוות ,אפילציה, תל אביב–יפו","לימור שמואל קוסמטיקאית,פדיקור,מניקור ג׳ל, ליזר ,שעוות ,אפילציה, תל אביב-יפו",
6e730a5f-41f1-427e-86ac-ac473b860552,orig/355c8b22-2ecb-4223-a9e1-870384caafdf.jpg,media.alt,תל אביב–יפו x1,"לימור שמואל קוסמטיקאית,פדיקור,מניקור ג׳ל, ליזר ,שעוות ,אפילציה, תל אביב–יפו","לימור שמואל קוסמטיקאית,פדיקור,מניקור ג׳ל, ליזר ,שעוות ,אפילציה, תל אביב-יפו",
518a2e82-d144-4dd6-97ee-b8d5286172d1,public/4617f027-7374-4372-a483-5e9c1dccc747.webp,media.alt,תל אביב–יפו x1,"לימור שמואל קוסמטיקאית,פדיקור,מניקור ג׳ל, ליזר ,שעוות ,אפילציה, תל אביב–יפו","לימור שמואל קוסמטיקאית,פדיקור,מניקור ג׳ל, ליזר ,שעוות ,אפילציה, תל אביב-יפו",
ba2792e5-be62-47f4-8c0c-23fa6f45561c,public/5ce27e8f-348e-47cb-8b36-387f9e4b366c.webp,media.alt,תל אביב–יפו x1,"לימור שמואל קוסמטיקאית,פדיקור,מניקור ג׳ל, ליזר ,שעוות ,אפילציה, תל אביב–יפו","לימור שמואל קוסמטיקאית,פדיקור,מניקור ג׳ל, ליזר ,שעוות ,אפילציה, תל אביב-יפו",
eff70fdb-ba90-4c04-96d1-6148fb9f4f3b,orig/1fabd93d-97ba-41a1-b375-9e91e50b61f1.jpg,media.alt,תל אביב–יפו x1,"לימור שמואל קוסמטיקאית,פדיקור,מניקור ג׳ל, ליזר ,שעוות ,אפילציה, תל אביב–יפו","לימור שמואל קוסמטיקאית,פדיקור,מניקור ג׳ל, ליזר ,שעוות ,אפילציה, תל אביב-יפו",
b3a2ae61-bbe4-49b8-a71f-93ecac8162a2,orig/dcbeace3-8ca8-4421-985e-e7281e63e2ed.jpg,media.alt,תל אביב–יפו x1,"לימור שמואל קוסמטיקאית,פדיקור,מניקור ג׳ל, ליזר ,שעוות ,אפילציה, תל אביב–יפו","לימור שמואל קוסמטיקאית,פדיקור,מניקור ג׳ל, ליזר ,שעוות ,אפילציה, תל אביב-יפו",
e9c8c623-6c6f-48d7-8cd4-0e374929ad67,public/4f76f7e8-1260-4cf6-bbf5-36f2b0e687b4.webp,media.alt,תל אביב–יפו x2,"emi lee beauty salon – Nail & Beauty Tel Aviv, תל אביב–יפו","emi lee beauty salon – Nail & Beauty Tel Aviv, תל אביב-יפו",
cd73dd37-0d2b-4cc5-9d30-b3850d98578b,public/4a77f9a4-0c4d-4565-a9ed-4831a0c4309b.webp,media.alt,תל אביב–יפו x2,"emi lee beauty salon – Nail & Beauty Tel Aviv, תל אביב–יפו","emi lee beauty salon – Nail & Beauty Tel Aviv, תל אביב-יפו",
88643c5d-34ed-42a5-8de6-176dbb9cb61c,public/d80758a2-c778-434c-91f6-3b7332c836c1.webp,media.alt,תל אביב–יפו x2,"emi lee beauty salon – Nail & Beauty Tel Aviv, תל אביב–יפו","emi lee beauty salon – Nail & Beauty Tel Aviv, תל אביב-יפו",
5878d938-1b04-46aa-8e90-7a84d5cca53c,public/d8befa60-150e-4c64-92a3-a698bcc72c78.webp,media.alt,תל אביב–יפו x1,"Dreamboat, תל אביב–יפו","Dreamboat, תל אביב-יפו",
dde07a3a-7aee-4c25-9620-059f50e2fdf2,public/0ab3c2bd-9283-4203-9ba6-58408b59df81.webp,media.alt,תל אביב–יפו x1,"Dreamboat, תל אביב–יפו","Dreamboat, תל אביב-יפו",
13ca5e91-ea67-4612-8f9d-0c228a3eb1e8,orig/43ee2a08-84bf-4c00-8d0c-568288753105.jpg,media.alt,תל אביב–יפו x1,"Dreamboat, תל אביב–יפו","Dreamboat, תל אביב-יפו",
2feff86e-cc60-4e26-b315-20e90b09e175,public/1cd76879-c8b5-4f70-a4c4-7964ce112509.webp,media.alt,תל אביב–יפו x1,"Dreamboat, תל אביב–יפו","Dreamboat, תל אביב-יפו",
92b89973-6cfd-487a-bf2a-658ec334be9c,public/d8689eb9-be2e-42f7-9f7b-656d5758aab5.webp,media.alt,תל אביב–יפו x1,"Dreamboat, תל אביב–יפו","Dreamboat, תל אביב-יפו",
bed1db1d-5be8-45bf-9b31-6fb98de46829,orig/eb8a9dfb-27de-452b-9019-7bc0cf2c60b1.jpg,media.alt,תל אביב–יפו x2,"emi lee beauty salon – Nail & Beauty Tel Aviv, תל אביב–יפו","emi lee beauty salon – Nail & Beauty Tel Aviv, תל אביב-יפו",
15b577b1-74d6-4dd6-83d6-74ea25e22544,orig/d1eeb9f5-852a-47a3-b9d6-506180eedd9c.png,media.alt,תל אביב–יפו x2,"emi lee beauty salon – Nail & Beauty Tel Aviv, תל אביב–יפו","emi lee beauty salon – Nail & Beauty Tel Aviv, תל אביב-יפו",
a96ac8fa-73b1-4b44-907f-d158cd917304,public/2f321233-43f1-4701-9aa4-ac6f9426f1b3.webp,media.alt,תל אביב–יפו x2,"emi lee beauty salon – Nail & Beauty Tel Aviv, תל אביב–יפו","emi lee beauty salon – Nail & Beauty Tel Aviv, תל אביב-יפו",
84cb8c1c-1b0f-428b-b0d1-fb3ee0835e93,public/5cc52e28-e984-41ae-bf95-c97ddb52ce76.webp,media.alt,תל אביב–יפו x2,"emi lee beauty salon – Nail & Beauty Tel Aviv, תל אביב–יפו","emi lee beauty salon – Nail & Beauty Tel Aviv, תל אביב-יפו",
e93e9fb2-4dc0-43c5-a350-f8b76b78f8d8,public/4001e278-ca94-4335-ba1a-f36a37d95a9b.webp,media.alt,תל אביב–יפו x2,"emi lee beauty salon – Nail & Beauty Tel Aviv, תל אביב–יפו","emi lee beauty salon – Nail & Beauty Tel Aviv, תל אביב-יפו",
2a1e342b-d8d7-4139-a3b7-c885e94eb949,public/6df40985-17fa-4dc9-967a-fa9090b05ccf.webp,media.alt,תל אביב–יפו x2,"emi lee beauty salon – Nail & Beauty Tel Aviv, תל אביב–יפו","emi lee beauty salon – Nail & Beauty Tel Aviv, תל אביב-יפו",
ac95a647-d526-402e-b6e6-57801251d851,public/c191a086-d648-4176-8fc6-a524c7d73f0b.webp,media.alt,תל אביב–יפו x2,"emi lee beauty salon – Nail & Beauty Tel Aviv, תל אביב–יפו","emi lee beauty salon – Nail & Beauty Tel Aviv, תל אביב-יפו",
03e073de-3609-43b4-bdbe-4ed02536338b,orig/4cf65710-0797-4c12-bfd6-2175a256d7ca.jpg,media.alt,תל אביב–יפו x2,"emi lee beauty salon – Nail & Beauty Tel Aviv, תל אביב–יפו","emi lee beauty salon – Nail & Beauty Tel Aviv, תל אביב-יפו",
34cc3c9c-3c6b-4a87-a68e-a47e56efb51e,orig/5a696065-667c-4ae3-8450-fd916b9c626b.jpg,media.alt,תל אביב–יפו x2,"emi lee beauty salon – Nail & Beauty Tel Aviv, תל אביב–יפו","emi lee beauty salon – Nail & Beauty Tel Aviv, תל אביב-יפו",
4a473de2-4c01-4ecc-8530-176f29455111,orig/abb153b4-dc0e-4397-b02f-487015123b36.jpg,media.alt,תל אביב–יפו x2,"emi lee beauty salon – Nail & Beauty Tel Aviv, תל אביב–יפו","emi lee beauty salon – Nail & Beauty Tel Aviv, תל אביב-יפו",
018b7086-59af-45e9-8b3d-472dcfd30339,orig/4c54d60b-af86-4149-8145-21193813b113.jpg,media.alt,תל אביב–יפו x2,"emi lee beauty salon – Nail & Beauty Tel Aviv, תל אביב–יפו","emi lee beauty salon – Nail & Beauty Tel Aviv, תל אביב-יפו",
22d1eb21-a48d-4df2-9b22-e1d83a928336,orig/54db7848-0047-4ce7-bc90-b41c6121154e.jpg,media.alt,תל אביב–יפו x2,"emi lee beauty salon – Nail & Beauty Tel Aviv, תל אביב–יפו","emi lee beauty salon – Nail & Beauty Tel Aviv, תל אביב-יפו",
ab3514e4-f76c-4f3b-84a6-0fb4f65a0d9c,public/bc4c807b-2330-4125-bc05-85e797b93e12.webp,media.alt,תל אביב–יפו x1,"Express Spray Tan in Tel Aviv and Lash Extensions שיזוף בהתזה בתל אביב, תל אביב–יפו","Express Spray Tan in Tel Aviv and Lash Extensions שיזוף בהתזה בתל אביב, תל אביב-יפו",
1d6945eb-06d7-43db-b79f-cf7fda6d6bbc,public/b5777282-e91c-4d31-b9f4-9388dcf27f0e.webp,media.alt,תל אביב–יפו x1,"Express Spray Tan in Tel Aviv and Lash Extensions שיזוף בהתזה בתל אביב, תל אביב–יפו","Express Spray Tan in Tel Aviv and Lash Extensions שיזוף בהתזה בתל אביב, תל אביב-יפו",
3f790da2-e79e-4bec-8993-958e313ce0a4,public/d02c3851-b01b-4a9a-95cb-0c27ec726223.webp,media.alt,תל אביב–יפו x1,"Express Spray Tan in Tel Aviv and Lash Extensions שיזוף בהתזה בתל אביב, תל אביב–יפו","Express Spray Tan in Tel Aviv and Lash Extensions שיזוף בהתזה בתל אביב, תל אביב-יפו",
50a68f59-7e4c-4afe-a2ba-c1f2073aefa1,orig/37a1b207-b6a5-4b59-b789-878ec127837f.jpg,media.alt,תל אביב–יפו x1,"Express Spray Tan in Tel Aviv and Lash Extensions שיזוף בהתזה בתל אביב, תל אביב–יפו","Express Spray Tan in Tel Aviv and Lash Extensions שיזוף בהתזה בתל אביב, תל אביב-יפו",
e8695c04-0170-43b3-95ce-4c57ac99744c,orig/8aac1cc0-39e7-4b49-bd50-eaef4f934b31.jpg,media.alt,תל אביב–יפו x1,"Express Spray Tan in Tel Aviv and Lash Extensions שיזוף בהתזה בתל אביב, תל אביב–יפו","Express Spray Tan in Tel Aviv and Lash Extensions שיזוף בהתזה בתל אביב, תל אביב-יפו",
3eae8f3e-9a53-4ce9-a038-dcf058498394,orig/a08f9c7e-2e58-4fee-bb29-49f02826950e.jpg,media.alt,תל אביב–יפו x1,"Express Spray Tan in Tel Aviv and Lash Extensions שיזוף בהתזה בתל אביב, תל אביב–יפו","Express Spray Tan in Tel Aviv and Lash Extensions שיזוף בהתזה בתל אביב, תל אביב-יפו",
19787923-ae44-4512-824a-06efe3075e3e,public/0a88af78-d0ff-4019-9bf6-8ed4cd5925ee.webp,media.alt,תל אביב–יפו x1,"Express Spray Tan in Tel Aviv and Lash Extensions שיזוף בהתזה בתל אביב, תל אביב–יפו","Express Spray Tan in Tel Aviv and Lash Extensions שיזוף בהתזה בתל אביב, תל אביב-יפו",
e52f5364-7704-4c99-ae4a-290142cf8c82,public/008ab1a9-0780-479d-b1af-19c415bd128a.webp,media.alt,תל אביב–יפו x1,"Express Spray Tan in Tel Aviv and Lash Extensions שיזוף בהתזה בתל אביב, תל אביב–יפו","Express Spray Tan in Tel Aviv and Lash Extensions שיזוף בהתזה בתל אביב, תל אביב-יפו",
e7474791-3d04-49ca-9378-c67e3aea6c30,public/f1a80dfe-9063-4d34-bf31-31d7089019ff.webp,media.alt,תל אביב–יפו x1,"Express Spray Tan in Tel Aviv and Lash Extensions שיזוף בהתזה בתל אביב, תל אביב–יפו","Express Spray Tan in Tel Aviv and Lash Extensions שיזוף בהתזה בתל אביב, תל אביב-יפו",
dae9de24-fedb-42a5-8b61-a130c72b34e8,public/f1c3087c-b77a-45ea-9711-3912cb6d740a.webp,media.alt,תל אביב–יפו x1,"Express Spray Tan in Tel Aviv and Lash Extensions שיזוף בהתזה בתל אביב, תל אביב–יפו","Express Spray Tan in Tel Aviv and Lash Extensions שיזוף בהתזה בתל אביב, תל אביב-יפו",
f230ccd1-d8c6-46b0-81c5-cd29754726d6,public/3de3dace-041b-4a85-8912-f16db283ff99.webp,media.alt,תל אביב–יפו x1,"Express Spray Tan in Tel Aviv and Lash Extensions שיזוף בהתזה בתל אביב, תל אביב–יפו","Express Spray Tan in Tel Aviv and Lash Extensions שיזוף בהתזה בתל אביב, תל אביב-יפו",
4c91ec45-d1cc-4ac7-866a-9f6a5683ef6a,orig/85c9f8c3-dba5-469d-bda6-c0d2296291b9.jpg,media.alt,תל אביב–יפו x1,"Express Spray Tan in Tel Aviv and Lash Extensions שיזוף בהתזה בתל אביב, תל אביב–יפו","Express Spray Tan in Tel Aviv and Lash Extensions שיזוף בהתזה בתל אביב, תל אביב-יפו",
431c3fc1-6c28-4c5a-a646-907cdc404bb6,orig/3b821b27-c559-46bb-b9de-4e0f9a4bfab7.jpg,media.alt,תל אביב–יפו x1,"Express Spray Tan in Tel Aviv and Lash Extensions שיזוף בהתזה בתל אביב, תל אביב–יפו","Express Spray Tan in Tel Aviv and Lash Extensions שיזוף בהתזה בתל אביב, תל אביב-יפו",
4a753e13-bac0-4c66-8fd6-b49393a90534,orig/22cd73dd-1d90-4329-95d5-3e51bc84e164.jpg,media.alt,תל אביב–יפו x1,"Express Spray Tan in Tel Aviv and Lash Extensions שיזוף בהתזה בתל אביב, תל אביב–יפו","Express Spray Tan in Tel Aviv and Lash Extensions שיזוף בהתזה בתל אביב, תל אביב-יפו",
8ebfa0ba-856c-46d8-8a52-85d07c3a49ec,orig/95a88b8d-d115-4884-b7f0-ce0e361b9cfa.jpg,media.alt,תל אביב–יפו x1,"Express Spray Tan in Tel Aviv and Lash Extensions שיזוף בהתזה בתל אביב, תל אביב–יפו","Express Spray Tan in Tel Aviv and Lash Extensions שיזוף בהתזה בתל אביב, תל אביב-יפו",
a9f4db48-3f3c-4d9a-accd-b9aabddff94a,orig/0c44506a-f96f-493a-81d7-b88c822d0b60.jpg,media.alt,תל אביב–יפו x1,"Express Spray Tan in Tel Aviv and Lash Extensions שיזוף בהתזה בתל אביב, תל אביב–יפו","Express Spray Tan in Tel Aviv and Lash Extensions שיזוף בהתזה בתל אביב, תל אביב-יפו",
aa24dc5c-8856-4519-8660-77850ade7f76,orig/7f04ae35-7c47-4d32-aaba-22964f52dc68.jpg,media.alt,תל אביב–יפו x1,"Dreamboat, תל אביב–יפו","Dreamboat, תל אביב-יפו",
b7ca3c95-08b0-4969-98b7-77307b661dbe,orig/78986723-78e0-435e-af78-0d07de33dc89.jpg,media.alt,תל אביב–יפו x1,"Dreamboat, תל אביב–יפו","Dreamboat, תל אביב-יפו",
92ce2a7d-4d2b-41ce-b299-421cd2dbc67f,orig/ed17a78e-e237-4d23-876f-848021e50065.jpg,media.alt,תל אביב–יפו x1,"Dreamboat, תל אביב–יפו","Dreamboat, תל אביב-יפו",
75db7cf5-c0d8-41ac-9331-c75b56206f6d,orig/f13e8cee-dd79-4e78-b51a-b7aa70c48976.jpg,media.alt,תל אביב–יפו x1,"Dreamboat, תל אביב–יפו","Dreamboat, תל אביב-יפו",
5439ca4c-972e-4dab-afef-70ba216cd2a0,public/cf471212-91a6-4c54-89f0-227230ef4f82.webp,media.alt,תל אביב–יפו x1,"אמריקן לייזר- תל אביב, תל אביב–יפו","אמריקן לייזר- תל אביב, תל אביב-יפו",
2c3527b7-92b6-4184-b699-9944b599535e,public/29b56f72-cf83-4f4d-9af3-b8d784cb940b.webp,media.alt,תל אביב–יפו x1,"אמריקן לייזר- תל אביב, תל אביב–יפו","אמריקן לייזר- תל אביב, תל אביב-יפו",
80775c7f-5ee7-4c3d-afcc-80dd840c8285,public/7242151b-18fd-4333-a51f-cbf6067d0941.webp,media.alt,תל אביב–יפו x1,"אמריקן לייזר- תל אביב, תל אביב–יפו","אמריקן לייזר- תל אביב, תל אביב-יפו",
45c300f3-e3f0-4d2a-9b29-b21619a262c2,public/394edefd-1dfc-484a-a28b-ae103ae4e58e.webp,media.alt,תל אביב–יפו x1,"אמריקן לייזר- תל אביב, תל אביב–יפו","אמריקן לייזר- תל אביב, תל אביב-יפו",
94e16084-0468-498f-baac-b880db68eec9,orig/7ff33bc0-61c7-462c-9c7b-0ed99a359597.jpg,media.alt,תל אביב–יפו x1,"אמריקן לייזר- תל אביב, תל אביב–יפו","אמריקן לייזר- תל אביב, תל אביב-יפו",
fff169fd-2f46-4fe0-bbc0-74de84f32c70,public/a84783b5-bfa9-4aff-a411-c657865e1640.webp,media.alt,תל אביב–יפו x1,"אמריקן לייזר- תל אביב, תל אביב–יפו","אמריקן לייזר- תל אביב, תל אביב-יפו",
e7db81fd-c1fa-4022-a6a5-4c27acbde73d,orig/c4eae8d3-5409-44df-be89-c16fa860be98.jpg,media.alt,תל אביב–יפו x1,"אמריקן לייזר- תל אביב, תל אביב–יפו","אמריקן לייזר- תל אביב, תל אביב-יפו",
cb8a3405-4922-47a6-85f5-9ebaa22eb7aa,orig/b95a914e-acfc-47a5-8f2c-7d93ee86a555.jpg,media.alt,תל אביב–יפו x1,"אמריקן לייזר- תל אביב, תל אביב–יפו","אמריקן לייזר- תל אביב, תל אביב-יפו",
b1745630-c46c-4760-a184-3fbcb21f491c,orig/21709e7b-c63e-4019-a19a-377882755200.jpg,media.alt,תל אביב–יפו x1,"אמריקן לייזר- תל אביב, תל אביב–יפו","אמריקן לייזר- תל אביב, תל אביב-יפו",
5f297bc7-f9ec-4509-bfe1-2b7201d8e6fa,orig/06a67535-ba4f-4cff-9a50-c8ac2ae599f5.jpg,media.alt,תל אביב–יפו x1,"אמריקן לייזר- תל אביב, תל אביב–יפו","אמריקן לייזר- תל אביב, תל אביב-יפו",
1aad067c-d3f9-4e07-b940-62ab2424250e,public/4079af2b-7b41-4d5a-a72d-9ff1c4c89f4c.webp,media.alt,תל אביב–יפו x1,"אמריקן לייזר- תל אביב, תל אביב–יפו","אמריקן לייזר- תל אביב, תל אביב-יפו",
62e6fd82-817e-46f4-b0a3-40bddd320532,orig/efd2a001-9b33-4cc6-97d1-2eb2794398c3.jpg,media.alt,תל אביב–יפו x1,"אמריקן לייזר- תל אביב, תל אביב–יפו","אמריקן לייזר- תל אביב, תל אביב-יפו",
1e341339-61db-4939-880e-f601cd5b0b45,public/acd5e464-711c-4917-be45-ab71108a6ebd.webp,media.alt,תל אביב–יפו x1,"אמריקן לייזר- תל אביב, תל אביב–יפו","אמריקן לייזר- תל אביב, תל אביב-יפו",
f6028d62-3502-46af-a463-2b10e659d869,orig/d017b637-4814-40ea-b22a-2cc331aa8ebd.jpg,media.alt,תל אביב–יפו x1,"אמריקן לייזר- תל אביב, תל אביב–יפו","אמריקן לייזר- תל אביב, תל אביב-יפו",
