branch_id,name,field,phrases,before,after,public_url
09da612a-7fd6-46f5-8b7a-269d8ea15cf0,Beauty salon Grubnik.Beauty.Bar,faqs,ב-Google x1,"[{""a"":""הסטודיו ממוקם בכיכר מאירהוף 4 בחיפה, באזור קריית אליעזר."",""q"":""איפה נמצא הסטודיו Grubnik.Beauty.Bar""},{""a"":""הסטודיו מציע קוסמטיקה כללית כולל ניקוי פנים, פילינג, מיקרוזרם, גלי רדיו, מזותרפיה וקרבוקסיתרפיה, לצד אפילציה חשמלית ואפילציית שעווה, איפור קבע לגבות ולשפתיים, למינציה וצביעה לגבות וריסים, הרכבת ריסים וטיפול בי.בי גלואו."",""q"":""אילו טיפולים מוצעים בסטודיו""},{""a"":""הסטודיו פתוח בימים ראשון עד חמישי בין 07:00 ל18:00 ובימי שישי בין 09:00 ל15:00, וסגור בשבת."",""q"":""מה שעות הפעילות של הסטודיו""},{""a"":""כן, יש חניה חינם במקום."",""q"":""האם יש חניה בסמוך לסטודיו""},{""a"":""אפשר ליצור קשר טלפונית כדי לתאם תור."",""q"":""איך אפשר לתאם תור בסטודיו""},{""a"":""הסטודיו מדורג 5 כוכבים על בסיס 3 ביקורות."",""q"":""מה הדירוג של הסטודיו ב-Google""}]","[{""a"":""הסטודיו ממוקם בכיכר מאירהוף 4 בחיפה, באזור קריית אליעזר."",""q"":""איפה נמצא הסטודיו Grubnik.Beauty.Bar""},{""a"":""הסטודיו מציע קוסמטיקה כללית כולל ניקוי פנים, פילינג, מיקרוזרם, גלי רדיו, מזותרפיה וקרבוקסיתרפיה, לצד אפילציה חשמלית ואפילציית שעווה, איפור קבע לגבות ולשפתיים, למינציה וצביעה לגבות וריסים, הרכבת ריסים וטיפול בי.בי גלואו."",""q"":""אילו טיפולים מוצעים בסטודיו""},{""a"":""הסטודיו פתוח בימים ראשון עד חמישי בין 07:00 ל18:00 ובימי שישי בין 09:00 ל15:00, וסגור בשבת."",""q"":""מה שעות הפעילות של הסטודיו""},{""a"":""כן, יש חניה חינם במקום."",""q"":""האם יש חניה בסמוך לסטודיו""},{""a"":""אפשר ליצור קשר טלפונית כדי לתאם תור."",""q"":""איך אפשר לתאם תור בסטודיו""},{""a"":""הסטודיו מדורג 5 כוכבים על בסיס 3 ביקורות."",""q"":""מה הדירוג של הסטודיו בגוגל""}]",https://beautyfind.co.il/haifa/biz/beauty-salon-grubnik-beauty-bar
41b33d29-6986-4758-b382-2bde08d435be,4Man - מכון יופי וטיפוח לגבר בתל אביב,metaTitle,תל אביב–יפו x1,4Man - מכון יופי וטיפוח לגבר בתל אביב תל אביב–יפו,4Man - מכון יופי וטיפוח לגבר בתל אביב תל אביב-יפו,https://beautyfind.co.il/dan/biz/4man
6ce6a534-9359-40f3-bfb6-8d631d3724ea,Absolute Esthetics by Andrea,metaTitle,תל אביב–יפו x1,Absolute Esthetics by Andrea תל אביב–יפו,Absolute Esthetics by Andrea תל אביב-יפו,https://beautyfind.co.il/dan/biz/absolute-esthetics-by-andrea
6ce6a534-9359-40f3-bfb6-8d631d3724ea,Absolute Esthetics by Andrea,metaDescription,תל אביב–יפו x1,"קליניקה בתל אביב–יפו עם טיפולי פנים, אסתטיקה רפואית, הסרת שיער ועיסויים. קביעת תור בטלפון, וואטסאפ או דוא""ל.","קליניקה בתל אביב-יפו עם טיפולי פנים, אסתטיקה רפואית, הסרת שיער ועיסויים. קביעת תור בטלפון, וואטסאפ או דוא""ל.",https://beautyfind.co.il/dan/biz/absolute-esthetics-by-andrea
d5053444-6048-4dec-aa56-9a87c52467ac,Aesthetic Dentistry - ד''ר אילן הכט,metaTitle,תל אביב–יפו x1,Aesthetic Dentistry - ד''ר אילן הכט תל אביב–יפו,Aesthetic Dentistry - ד''ר אילן הכט תל אביב-יפו,https://beautyfind.co.il/dan/biz/aesthetic-dentistry
bac3185f-909b-482e-8fd5-1484b426acd0,BUBA beauty space,metaTitle,תל אביב–יפו x1,BUBA beauty space תל אביב–יפו: גבות וריסים | מחירים וביקורות,BUBA beauty space תל אביב-יפו: גבות וריסים | מחירים וביקורות,https://beautyfind.co.il/dan/biz/buba-beauty-space
f70ad100-5e81-4531-8b98-3fde4a60573d,Beautique by Poly,metaTitle,תל אביב–יפו x1,Beautique by Poly תל אביב–יפו: הסרת שיער | מחירים וביקורות,Beautique by Poly תל אביב-יפו: הסרת שיער | מחירים וביקורות,https://beautyfind.co.il/dan/biz/beautique-by-poly
3a64ca0d-70ab-47a7-861b-a36f920413c2,Beauty Time Salon,metaTitle,תל אביב–יפו x1,Beauty Time Salon תל אביב–יפו: קוסמטיקה וטיפולי פנים,Beauty Time Salon תל אביב-יפו: קוסמטיקה וטיפולי פנים,https://beautyfind.co.il/dan/biz/beauty-time-salon
9016d4c1-c7f3-4da5-89b5-62689cc58321,CUT THE BULLSHIT BarberShop,description,תל אביב–יפו x1,"CUT THE BULLSHIT BarberShop בתל אביב–יפו היא מספרת גברים שמציעה תסרוקות וגימור זקן לצד טיפולי פנים לגבר. הכתובת המלאה נרשמה בחומר המקור, ולכן ניתן להגיע אל המקום לאורח או לתיאום פגישה ולמצוא אותו בעיר. התיאור הציבורי של המקום מציין גישה ישירה לעיצוב בהתאמה אישית, עם דגש על ייעוץ מקדים לפני כל תספורת.

התפריט כולל מגוון טיפולים קלאסיים של ברבר־שופ, תספורות גברים, חיתוך בגישה שיערית מותאמת, פיידים, סיזר קאט, תספורות צבאיות ובאז קאט. בתחום הזקנים יש סידור זקן, עיצוב זקנים, תספורות זקן וצביעת זקן. למי שמחפש גימור חלקי או טיפולי גילוח, המציעים בחנות כוללים גילוח מסור, גילוח בעזרת סכין ישרה וגילוח ראש.

מעבר למה שקשור לשיער ולזקן, המקום מציע גם טיפולי פנים המיועדים לגברים וטיפולי פנים כלליים, וכן שירותי הסרת שיער וחבילות טיפוח לגבר. בתחום השיער הארוך מוצעות החלקות קרטין והחלקה אורגנית, שירותים שנועדו לשנות את מרקם השיער באופן קוסמטי.

המספרה פועלת בשעות מסודרות שנרשמו במקור. ברוב הימים יש שעות פתיחה ארוכות במהלך היום, יש יום עם שעות מקוצרות ואחד הימים מסומן כסגור. למען תיאום זמן מומלץ לבדוק את השעות לפני הגעה או ליצור קשר טלפוני. לא קיים רישום של מערכת הזמנות מקוונת, ולכן תיאום מראש נעשה באמצעות שיחה טלפונית או הגעה ישירה.

המתחם מסומן כנגיש. פרטי צוות לא פורסמו במקורות שהועברו, כך שלא ניתנו שמות או מספר אנשי צוות. שפות בהן ניתנים השירותים לא צוינו. מחירון מפורט לא פורסם במקורות שנבדקו.

כדי ליצור קשר או לברר זמינות ישירות, החומר מציין שמשתמשים יכולים להתקשר בטלפון או להיכנס לאתר הרשום. אין פרטי אימייל או וואטסאפ בפירוט. אין במידע שנבדק פירוט לגבי חניה חופשית, לכן לא ניתן לאשר קיום חניה חינמית בסביבת המקום.

העמדות והתמונות הציבוריות שהועלו מציגות מראה טיפוסי של ברבר־שופ עם דגש על חיתוך וגימור, אך אין פירוט אודות ניסיון הצוות או תעודות מקצועיות. מי שמעוניין בהתאמה אישית של מראה, בייעוץ לפני התספורת או בבחירת טיפול פנים לגבר, יכול ליצור קשר טלפוני או לבקר באתר כדי לקבל פרטים נוספים ולהתמצא בשירותים המוצעים.","CUT THE BULLSHIT BarberShop בתל אביב-יפו היא מספרת גברים שמציעה תסרוקות וגימור זקן לצד טיפולי פנים לגבר. הכתובת המלאה נרשמה בחומר המקור, ולכן ניתן להגיע אל המקום לאורח או לתיאום פגישה ולמצוא אותו בעיר. התיאור הציבורי של המקום מציין גישה ישירה לעיצוב בהתאמה אישית, עם דגש על ייעוץ מקדים לפני כל תספורת.

התפריט כולל מגוון טיפולים קלאסיים של ברבר־שופ, תספורות גברים, חיתוך בגישה שיערית מותאמת, פיידים, סיזר קאט, תספורות צבאיות ובאז קאט. בתחום הזקנים יש סידור זקן, עיצוב זקנים, תספורות זקן וצביעת זקן. למי שמחפש גימור חלקי או טיפולי גילוח, המציעים בחנות כוללים גילוח מסור, גילוח בעזרת סכין ישרה וגילוח ראש.

מעבר למה שקשור לשיער ולזקן, המקום מציע גם טיפולי פנים המיועדים לגברים וטיפולי פנים כלליים, וכן שירותי הסרת שיער וחבילות טיפוח לגבר. בתחום השיער הארוך מוצעות החלקות קרטין והחלקה אורגנית, שירותים שנועדו לשנות את מרקם השיער באופן קוסמטי.

המספרה פועלת בשעות מסודרות שנרשמו במקור. ברוב הימים יש שעות פתיחה ארוכות במהלך היום, יש יום עם שעות מקוצרות ואחד הימים מסומן כסגור. למען תיאום זמן מומלץ לבדוק את השעות לפני הגעה או ליצור קשר טלפוני. לא קיים רישום של מערכת הזמנות מקוונת, ולכן תיאום מראש נעשה באמצעות שיחה טלפונית או הגעה ישירה.

המתחם מסומן כנגיש. פרטי צוות לא פורסמו במקורות שהועברו, כך שלא ניתנו שמות או מספר אנשי צוות. שפות בהן ניתנים השירותים לא צוינו. מחירון מפורט לא פורסם במקורות שנבדקו.

כדי ליצור קשר או לברר זמינות ישירות, החומר מציין שמשתמשים יכולים להתקשר בטלפון או להיכנס לאתר הרשום. אין פרטי אימייל או וואטסאפ בפירוט. אין במידע שנבדק פירוט לגבי חניה חופשית, לכן לא ניתן לאשר קיום חניה חינמית בסביבת המקום.

העמדות והתמונות הציבוריות שהועלו מציגות מראה טיפוסי של ברבר־שופ עם דגש על חיתוך וגימור, אך אין פירוט אודות ניסיון הצוות או תעודות מקצועיות. מי שמעוניין בהתאמה אישית של מראה, בייעוץ לפני התספורת או בבחירת טיפול פנים לגבר, יכול ליצור קשר טלפוני או לבקר באתר כדי לקבל פרטים נוספים ולהתמצא בשירותים המוצעים.",https://beautyfind.co.il/dan/biz/cut-bullshit-barbershop
9016d4c1-c7f3-4da5-89b5-62689cc58321,CUT THE BULLSHIT BarberShop,metaTitle,תל אביב–יפו x1,CUT THE BULLSHIT BarberShop תל אביב–יפו: מספרות ועיצוב שיער,CUT THE BULLSHIT BarberShop תל אביב-יפו: מספרות ועיצוב שיער,https://beautyfind.co.il/dan/biz/cut-bullshit-barbershop
9016d4c1-c7f3-4da5-89b5-62689cc58321,CUT THE BULLSHIT BarberShop,metaDescription,תל אביב–יפו x1,"מספרת גברים בתל אביב–יפו עם חיתוכים, גילוח מסור, טיפולי פנים לגבר והחלקות שיער. תיאום דרך טלפון או האתר.","מספרת גברים בתל אביב-יפו עם חיתוכים, גילוח מסור, טיפולי פנים לגבר והחלקות שיער. תיאום דרך טלפון או האתר.",https://beautyfind.co.il/dan/biz/cut-bullshit-barbershop
e7f4f6f5-896d-43dc-8ec8-6f800b29887c,Cosmetology Tel-Aviv קוסמטיקאית תל אביב,description,תל אביב–יפו x2,"Cosmetology Tel-Aviv קוסמטיקאית תל אביב פועלת בתל אביב–יפו ומציעה טווח טיפולים קוסמטיים, טיפולי ספא ועיסויים, הסרת שיער וטיפולי ציפורניים. הכתובת הרשומה של המקום היא Harav Reines St 18, Tel Aviv-Yafo, והיא מציינת מרכז טיפוח המאגד מספר שירותים תחת קורת גג אחת.

התפריט המקצועי כולל בין היתר טיפולי פנים ופילינגים, מיקרונידלינג לעור ולקרקפת, הזרקות קוסמטיות כגון מילוי שפתיים וטיפולים שנקראים בוטוקס בבתי השחי. בנוסף נמצאים ברשימה חבילות הסרת שיער לגברים, ויטמינים להזרקה ותוכניות ויטמינים משולבות. לצד טיפולים אלה מוצעים שירותי מניקור ופדיקור ומניקור רוסי, וכן למינציה של ריסים וגבות כפי שמתואר במקורות העסק.

השעות המצוינות במקורות מעידות על פעילות שוטפת במהלך השבוע בימים שני עד שישי בין עשר בבוקר ועשרים בערב, וביום שבת בין תשע בבוקר לשעה שתים עשרה וארבע וחצי. המקום מצוין כסגור ביום אחד בשבוע. לקביעת תורים או קבלת מידע ראשוני ניתן לפנות בטלפון או באמצעות האתר הרשמי cosmetologytelaviv.com, בהתאם לפרטי הקשר שסופקו.

על פי תיאור העסק, הצוות עבר הכשרה בין־לאומית, ומוצג כמקצועי בתחומי הקוסמטיקה והספא. למרות זאת, במידע המתקבל לא פורט צוות לפי תפקידים, השכלה או שמות פרטניים, ולכן לפרטים אלה יש לפנות ישירות אל בית העסק.

המרפאה, הספא מוגדרת כנגישה לפי נתוני המקור, מה שעשוי להקל על הגעה למטופלים שזקוקים לנגישות. פרטי חנייה חינם או זמינות חניה לא נמסרו במקורות; מי שזקוק לפרטי חנייה כדאי שיפנה ישירות לבusiness דרך הערוצים המצויים.

הציבור יכול למצוא ברשימת השירותים פריטים עם מחירים צמודים במקורות - לדוגמה טיפולים מסוימים מופיעים במחיר קבוע כפי שנרשמו. עם זאת, אתר או שיחה טלפונית יספקו את המידע המעודכן ביותר לגבי זמינות תורים, המלצות לטיפול מותאם ואפשרויות שילוב של טיפולים.

לסיכום, Cosmetology Tel-Aviv מציעה מגוון טיפולים קוסמטיים וספא בתל אביב–יפו, עם שעות פעילות ברורים ואפשרות לפנייה דרך הטלפון או האתר. עבור שאלות ספציפיות שלא צוינו במקור, כגון פרטים על צוות, שפות שירות או מדיניות חנייה, מומלץ לפנות ישירות לבית העסק.","Cosmetology Tel-Aviv קוסמטיקאית תל אביב פועלת בתל אביב-יפו ומציעה טווח טיפולים קוסמטיים, טיפולי ספא ועיסויים, הסרת שיער וטיפולי ציפורניים. הכתובת הרשומה של המקום היא Harav Reines St 18, Tel Aviv-Yafo, והיא מציינת מרכז טיפוח המאגד מספר שירותים תחת קורת גג אחת.

התפריט המקצועי כולל בין היתר טיפולי פנים ופילינגים, מיקרונידלינג לעור ולקרקפת, הזרקות קוסמטיות כגון מילוי שפתיים וטיפולים שנקראים בוטוקס בבתי השחי. בנוסף נמצאים ברשימה חבילות הסרת שיער לגברים, ויטמינים להזרקה ותוכניות ויטמינים משולבות. לצד טיפולים אלה מוצעים שירותי מניקור ופדיקור ומניקור רוסי, וכן למינציה של ריסים וגבות כפי שמתואר במקורות העסק.

השעות המצוינות במקורות מעידות על פעילות שוטפת במהלך השבוע בימים שני עד שישי בין עשר בבוקר ועשרים בערב, וביום שבת בין תשע בבוקר לשעה שתים עשרה וארבע וחצי. המקום מצוין כסגור ביום אחד בשבוע. לקביעת תורים או קבלת מידע ראשוני ניתן לפנות בטלפון או באמצעות האתר הרשמי cosmetologytelaviv.com, בהתאם לפרטי הקשר שסופקו.

על פי תיאור העסק, הצוות עבר הכשרה בין־לאומית, ומוצג כמקצועי בתחומי הקוסמטיקה והספא. למרות זאת, במידע המתקבל לא פורט צוות לפי תפקידים, השכלה או שמות פרטניים, ולכן לפרטים אלה יש לפנות ישירות אל בית העסק.

המרפאה, הספא מוגדרת כנגישה לפי נתוני המקור, מה שעשוי להקל על הגעה למטופלים שזקוקים לנגישות. פרטי חנייה חינם או זמינות חניה לא נמסרו במקורות; מי שזקוק לפרטי חנייה כדאי שיפנה ישירות לבusiness דרך הערוצים המצויים.

הציבור יכול למצוא ברשימת השירותים פריטים עם מחירים צמודים במקורות - לדוגמה טיפולים מסוימים מופיעים במחיר קבוע כפי שנרשמו. עם זאת, אתר או שיחה טלפונית יספקו את המידע המעודכן ביותר לגבי זמינות תורים, המלצות לטיפול מותאם ואפשרויות שילוב של טיפולים.

לסיכום, Cosmetology Tel-Aviv מציעה מגוון טיפולים קוסמטיים וספא בתל אביב-יפו, עם שעות פעילות ברורים ואפשרות לפנייה דרך הטלפון או האתר. עבור שאלות ספציפיות שלא צוינו במקור, כגון פרטים על צוות, שפות שירות או מדיניות חנייה, מומלץ לפנות ישירות לבית העסק.",https://beautyfind.co.il/dan/biz/cosmetology-tel-aviv
e7f4f6f5-896d-43dc-8ec8-6f800b29887c,Cosmetology Tel-Aviv קוסמטיקאית תל אביב,faqs,תל אביב–יפו x1,"[{""a"":""העסק רשום בכתובת Harav Reines St 18, Tel Aviv-Yafo, ומופיע כממוקם בתל אביב–יפו במקורות שנבדקו."",""q"":""מה הכתובת והעיר של המקום?""},{""a"":""העסק מצוין כפתוח בימים שני עד שישי בין עשר בבוקר לעשרים בערב, וביום שבת בין תשע בבוקר לשעות הצהריים המאוחרות. במקור מופיע יום אחד בשבוע שבו המקום סגור."",""q"":""באילו שעות המקום פתוח?""},{""a"":""ניתן ליצור קשר טלפוני או לעבור דרך האתר הרשמי cosmetologytelaviv.com כדי לקבל פרטים נוספים. לא נרשמה מערכת הזמנה מקוונת במקורות, ולכן יש לפנות ישירות לערוצי הקשר הזמינים."",""q"":""איך ניתן ליצור קשר ולקבוע תור?""},{""a"":""במקורות נכללו עלויות עבור מספר טיפולים ספציפיים, למשל טיפול בוטוקס בבתי השחי וטיפולים נוספים עם מחירים קבועים. המחיר המלא לכל טיפול ושינויים אינם מפורטים לכל השירותים, לכן לקבלת הצעת מחיר מלאה כדאי לפנות לבית העסק דרך פרטי הקשר."",""q"":""האם יש מידע על עלויות טיפולים?""},{""a"":""המקורות מציינים כי המקום נגיש, מה שמרמז על התאמות נגישות במקום. לפרטים על סוג ההתאמות ונגישות ספציפית מומלץ לברר ישירות עם בית העסק."",""q"":""האם המקום נגיש לנכים?""},{""a"":""המידע על חנייה חינם או פרטי חנייה לא פורסם במקורות שנבדקו. לקבלת פרטים על חנייה מומלץ לפנות ישירות לעסק דרך הטלפון או האתר."",""q"":""האם יש חניה חינם במקום?""},{""a"":""על פי תיאור העסק, הצוות עבר הכשרה בין־לאומית ומוצג כמומחה בתחומי קוסמטיקה, עיסויים ומניקור. עם זאת, שמות, תפקידים והכשרות מפורטות אינם נרשמו במקורות ולכן לפרטים נוספים יש לפנות ישירות לבית העסק."",""q"":""איזה צוות עובד במקום ומה הכישורים שלו?""}]","[{""a"":""העסק רשום בכתובת Harav Reines St 18, Tel Aviv-Yafo, ומופיע כממוקם בתל אביב-יפו במקורות שנבדקו."",""q"":""מה הכתובת והעיר של המקום?""},{""a"":""העסק מצוין כפתוח בימים שני עד שישי בין עשר בבוקר לעשרים בערב, וביום שבת בין תשע בבוקר לשעות הצהריים המאוחרות. במקור מופיע יום אחד בשבוע שבו המקום סגור."",""q"":""באילו שעות המקום פתוח?""},{""a"":""ניתן ליצור קשר טלפוני או לעבור דרך האתר הרשמי cosmetologytelaviv.com כדי לקבל פרטים נוספים. לא נרשמה מערכת הזמנה מקוונת במקורות, ולכן יש לפנות ישירות לערוצי הקשר הזמינים."",""q"":""איך ניתן ליצור קשר ולקבוע תור?""},{""a"":""במקורות נכללו עלויות עבור מספר טיפולים ספציפיים, למשל טיפול בוטוקס בבתי השחי וטיפולים נוספים עם מחירים קבועים. המחיר המלא לכל טיפול ושינויים אינם מפורטים לכל השירותים, לכן לקבלת הצעת מחיר מלאה כדאי לפנות לבית העסק דרך פרטי הקשר."",""q"":""האם יש מידע על עלויות טיפולים?""},{""a"":""המקורות מציינים כי המקום נגיש, מה שמרמז על התאמות נגישות במקום. לפרטים על סוג ההתאמות ונגישות ספציפית מומלץ לברר ישירות עם בית העסק."",""q"":""האם המקום נגיש לנכים?""},{""a"":""המידע על חנייה חינם או פרטי חנייה לא פורסם במקורות שנבדקו. לקבלת פרטים על חנייה מומלץ לפנות ישירות לעסק דרך הטלפון או האתר."",""q"":""האם יש חניה חינם במקום?""},{""a"":""על פי תיאור העסק, הצוות עבר הכשרה בין־לאומית ומוצג כמומחה בתחומי קוסמטיקה, עיסויים ומניקור. עם זאת, שמות, תפקידים והכשרות מפורטות אינם נרשמו במקורות ולכן לפרטים נוספים יש לפנות ישירות לבית העסק."",""q"":""איזה צוות עובד במקום ומה הכישורים שלו?""}]",https://beautyfind.co.il/dan/biz/cosmetology-tel-aviv
e7f4f6f5-896d-43dc-8ec8-6f800b29887c,Cosmetology Tel-Aviv קוסמטיקאית תל אביב,metaTitle,תל אביב–יפו x1,Cosmetology Tel-Aviv קוסמטיקאית תל אביב תל אביב–יפו,Cosmetology Tel-Aviv קוסמטיקאית תל אביב תל אביב-יפו,https://beautyfind.co.il/dan/biz/cosmetology-tel-aviv
e7f4f6f5-896d-43dc-8ec8-6f800b29887c,Cosmetology Tel-Aviv קוסמטיקאית תל אביב,metaDescription,תל אביב–יפו x1,"ספא וקוסמטיקה בתל אביב–יפו עם טיפולי פנים, הסרת שיער, מניקור ופדיקור, עיסויים וטיפולים קוסמטיים. לפרטים וקביעת תור בטלפון או באתר.","ספא וקוסמטיקה בתל אביב-יפו עם טיפולי פנים, הסרת שיער, מניקור ופדיקור, עיסויים וטיפולים קוסמטיים. לפרטים וקביעת תור בטלפון או באתר.",https://beautyfind.co.il/dan/biz/cosmetology-tel-aviv
54ee89bb-3240-4ccd-bf88-bdcdb2dd189e,Doctor Ram Silfen - Tel Aviv Plastic,metaTitle,תל אביב–יפו x1,Doctor Ram Silfen - Tel Aviv Plastic תל אביב–יפו,Doctor Ram Silfen - Tel Aviv Plastic תל אביב-יפו,https://beautyfind.co.il/dan/biz/doctor-ram-silfen-tel-aviv-plastic
73b348b3-79f0-49e4-9a0f-69019ab3b7f2,Dr. Mor-expert Aesthetic Plastic Lcirogih,metaTitle,תל אביב–יפו x1,Dr. Mor-expert Aesthetic Plastic Lcirogih תל אביב–יפו,Dr. Mor-expert Aesthetic Plastic Lcirogih תל אביב-יפו,https://beautyfind.co.il/dan/biz/dr-mor-expert-aesthetic-plastic-lcirogih
409bfe62-4056-4144-804a-aa1821b63992,Dreamboat,metaTitle,תל אביב–יפו x1,Dreamboat תל אביב–יפו: מספרות ועיצוב שיער | מחירים וביקורות,Dreamboat תל אביב-יפו: מספרות ועיצוב שיער | מחירים וביקורות,https://beautyfind.co.il/dan/biz/dreamboat
7e9708d2-4d30-49f7-9ecc-739a226463be,Eran Yaniv Katsav,metaTitle,תל אביב–יפו x1,Eran Yaniv Katsav תל אביב–יפו: מספרות ועיצוב שיער,Eran Yaniv Katsav תל אביב-יפו: מספרות ועיצוב שיער,https://beautyfind.co.il/dan/biz/eran-yaniv-katsav
e41cb1e0-4dba-4c0a-9ae9-62d4b07e7cfd,Gorgeous,metaTitle,תל אביב–יפו x1,Gorgeous תל אביב–יפו: קוסמטיקה וטיפולי פנים,Gorgeous תל אביב-יפו: קוסמטיקה וטיפולי פנים,https://beautyfind.co.il/dan/biz/gorgeous
b4da1f26-c7b3-444b-a71c-ee0f6f082877,H.Clinic | לייזר ואסתטיקה,metaTitle,תל אביב–יפו x1,H.Clinic | לייזר ואסתטיקה תל אביב–יפו: קוסמטיקה וטיפולי פנים,H.Clinic | לייזר ואסתטיקה תל אביב-יפו: קוסמטיקה וטיפולי פנים,https://beautyfind.co.il/dan/biz/h-clinic
800087b3-e648-4bb1-9f81-439a1022feda,Happy Hour TLV,metaTitle,תל אביב–יפו x1,"Happy Hour TLV תל אביב–יפו: ציפורניים, מניקור ופדיקור","Happy Hour TLV תל אביב-יפו: ציפורניים, מניקור ופדיקור",https://beautyfind.co.il/dan/biz/happy-hour-tlv
e4e613ba-3131-4b3c-b1df-7dcbdd6465c9,Happy hour דיזנגוף,description,תל אביב–יפו x1,"Happy hour דיזנגוף ממוקמת בתל אביב–יפו, ברחוב קינג ג'ורג 75, ומהווה סניף ברשת מכוני יופי Happy Hour. לפנייה ראשונית ולתיאום יש את מספר הטלפון שמופיע בפרופיל, וכן אתר אינטרנט רשמי להצגת מידע נוסף על הפעילות.

תחומי השירותים שמצוינים עבור הסניף כוללים טיפולי ציפורניים כמו מניקור ופדיקור. בקטגוריות העסק מופיעים גם קוסמטיקה וטיפולי פנים, מה שמעיד על היצע טיפולי פנים בקו השירותים, אך פירוט הטיפולים המדויק לא פורסם במקורות שנבדקו.

השעות הקבועות לפעילות הסניף מפורטות ברשומות הזמינות: בימים ראשון עד חמישי שעות הפעילות הן מתשעה בבוקר ועד עשרים ואחת בערב, ביום שישי עד שש עשרה, וביום השבת העסק סגור. מומלץ להתקשר מראש לקבלת מידע על זמינות מדויקת ותורים.

פרטי הצוות לא פורסמו במקורות הזמינים, כך שלא מתועד כאן מספר אנשי מקצוע, תארים או שפות מדוברת בצוות. מי שמעוניין בפרטים על המטפלות או המומחיות יכול לפנות לטלפון הרשום כדי לקבל מידע ישיר.

העסק מופיע כדירוג ממוצע שנמדד על פי חוות דעת, עם דירוג כולל של שלוש נקודה תשע מתוך חמש ומספר חוות דעת מצטבר של מאתיים שישים ושבע. דירוג זה ניתן כמקור נתונים בלבד ללא פירוט נוסף על תוכן הביקורות.

לא קיימת במקורות שמצורפים מערכת הזמנות מקוונת לסניף זה, לכן תיאום ביקור נעשה באמצעות שיחת טלפון. האתר של הרשת מופיע ככתובת להתרשמות ולמידע כללי אך אינו מתועד כמערכת הזמנות פעילה לסניף זה.

הפרסומים הרשמיים מציינים שמדובר בסניף של רשת שמציע מגוון טיפולים וטיפוח אישי, וממוקם באזור מרכזי בעיר. לקוחות שמעוניינים בפרטי טיפול מפורטים יותר, טווחי זמן של טיפולים או בהבהרות נוספות מתבקשים לפנות בטלפון או לעיין באתר הרשמי של הרשת.

המידע כאן נאסף ממקורות שנבדקו עבור הסניף וכולל כתובת, קטגוריות שירות, שעות פעילות, מספר טלפון, אתר אינטרנט ודירוג ממוצע. פרטים שלא צוינו במקורות אינם מפורטים בתיאור זה.","Happy hour דיזנגוף ממוקמת בתל אביב-יפו, ברחוב קינג ג'ורג 75, ומהווה סניף ברשת מכוני יופי Happy Hour. לפנייה ראשונית ולתיאום יש את מספר הטלפון שמופיע בפרופיל, וכן אתר אינטרנט רשמי להצגת מידע נוסף על הפעילות.

תחומי השירותים שמצוינים עבור הסניף כוללים טיפולי ציפורניים כמו מניקור ופדיקור. בקטגוריות העסק מופיעים גם קוסמטיקה וטיפולי פנים, מה שמעיד על היצע טיפולי פנים בקו השירותים, אך פירוט הטיפולים המדויק לא פורסם במקורות שנבדקו.

השעות הקבועות לפעילות הסניף מפורטות ברשומות הזמינות: בימים ראשון עד חמישי שעות הפעילות הן מתשעה בבוקר ועד עשרים ואחת בערב, ביום שישי עד שש עשרה, וביום השבת העסק סגור. מומלץ להתקשר מראש לקבלת מידע על זמינות מדויקת ותורים.

פרטי הצוות לא פורסמו במקורות הזמינים, כך שלא מתועד כאן מספר אנשי מקצוע, תארים או שפות מדוברת בצוות. מי שמעוניין בפרטים על המטפלות או המומחיות יכול לפנות לטלפון הרשום כדי לקבל מידע ישיר.

העסק מופיע כדירוג ממוצע שנמדד על פי חוות דעת, עם דירוג כולל של שלוש נקודה תשע מתוך חמש ומספר חוות דעת מצטבר של מאתיים שישים ושבע. דירוג זה ניתן כמקור נתונים בלבד ללא פירוט נוסף על תוכן הביקורות.

לא קיימת במקורות שמצורפים מערכת הזמנות מקוונת לסניף זה, לכן תיאום ביקור נעשה באמצעות שיחת טלפון. האתר של הרשת מופיע ככתובת להתרשמות ולמידע כללי אך אינו מתועד כמערכת הזמנות פעילה לסניף זה.

הפרסומים הרשמיים מציינים שמדובר בסניף של רשת שמציע מגוון טיפולים וטיפוח אישי, וממוקם באזור מרכזי בעיר. לקוחות שמעוניינים בפרטי טיפול מפורטים יותר, טווחי זמן של טיפולים או בהבהרות נוספות מתבקשים לפנות בטלפון או לעיין באתר הרשמי של הרשת.

המידע כאן נאסף ממקורות שנבדקו עבור הסניף וכולל כתובת, קטגוריות שירות, שעות פעילות, מספר טלפון, אתר אינטרנט ודירוג ממוצע. פרטים שלא צוינו במקורות אינם מפורטים בתיאור זה.",https://beautyfind.co.il/dan/biz/happy-hour
e4e613ba-3131-4b3c-b1df-7dcbdd6465c9,Happy hour דיזנגוף,faqs,תל אביב–יפו x1,"[{""a"":""הסניף נמצא בתל אביב–יפו בכתובת קינג ג'ורג 75. הכתובת ופירוט המיקום מופיעים בפרופיל העסק."",""q"":""איפה ממוקם הסניף ומה כתובתו?""},{""a"":""בפרופיל הסניף מופיעים מניקור ופדיקור וכן קטגוריית קוסמטיקה וטיפולי פנים. פירוט של טיפולי פנים ספציפיים או תיאורי טיפול מלאים לא פורסם במקורות שנבדקו."",""q"":""אילו שירותים מציעים בסניף זה?""},{""a"":""אין מערכת הזמנות מקוונת שמצוינת למקום. כדי לקבוע תור יש לפנות באמצעות מספר הטלפון שמופיע בפרופיל העסק."",""q"":""איך ניתן לקבוע תור?""},{""a"":""על פי הרשומות הזמינות, בימים ראשון עד חמישי המקום פתוח מתשעה בבוקר ועד עשרים ואחת בערב, ביום שישי עד שש עשרה, וביום השבת הסניף סגור. מומלץ להתקשר לפני הגעה כדי לאשר זמינות."",""q"":""מהן שעות הפעילות של הסניף?""},{""a"":""פרטים לגבי חנייה חינם או אפשרויות חנייה לא פורסמו במקורות שנבדקו. לקבלת פרטים על חנייה מומלץ לפנות לטלפון המופיע בפרופיל."",""q"":""יש חנייה בסמוך לסניף?""},{""a"":""פרטי הצוות והשפות המדוברות לא פורסמו בפרופיל העסק שמוצג. לקבלת מידע זה יש לפנות לטלפון שמופיע בפרופיל או לעיין באתר הרשת."",""q"":""כיצד ניתן לקבל מידע על הצוות והשפות המדוברות במקום?""}]","[{""a"":""הסניף נמצא בתל אביב-יפו בכתובת קינג ג'ורג 75. הכתובת ופירוט המיקום מופיעים בפרופיל העסק."",""q"":""איפה ממוקם הסניף ומה כתובתו?""},{""a"":""בפרופיל הסניף מופיעים מניקור ופדיקור וכן קטגוריית קוסמטיקה וטיפולי פנים. פירוט של טיפולי פנים ספציפיים או תיאורי טיפול מלאים לא פורסם במקורות שנבדקו."",""q"":""אילו שירותים מציעים בסניף זה?""},{""a"":""אין מערכת הזמנות מקוונת שמצוינת למקום. כדי לקבוע תור יש לפנות באמצעות מספר הטלפון שמופיע בפרופיל העסק."",""q"":""איך ניתן לקבוע תור?""},{""a"":""על פי הרשומות הזמינות, בימים ראשון עד חמישי המקום פתוח מתשעה בבוקר ועד עשרים ואחת בערב, ביום שישי עד שש עשרה, וביום השבת הסניף סגור. מומלץ להתקשר לפני הגעה כדי לאשר זמינות."",""q"":""מהן שעות הפעילות של הסניף?""},{""a"":""פרטים לגבי חנייה חינם או אפשרויות חנייה לא פורסמו במקורות שנבדקו. לקבלת פרטים על חנייה מומלץ לפנות לטלפון המופיע בפרופיל."",""q"":""יש חנייה בסמוך לסניף?""},{""a"":""פרטי הצוות והשפות המדוברות לא פורסמו בפרופיל העסק שמוצג. לקבלת מידע זה יש לפנות לטלפון שמופיע בפרופיל או לעיין באתר הרשת."",""q"":""כיצד ניתן לקבל מידע על הצוות והשפות המדוברות במקום?""}]",https://beautyfind.co.il/dan/biz/happy-hour
e4e613ba-3131-4b3c-b1df-7dcbdd6465c9,Happy hour דיזנגוף,metaTitle,תל אביב–יפו x1,"Happy hour דיזנגוף תל אביב–יפו: ציפורניים, מניקור ופדיקור","Happy hour דיזנגוף תל אביב-יפו: ציפורניים, מניקור ופדיקור",https://beautyfind.co.il/dan/biz/happy-hour
e4e613ba-3131-4b3c-b1df-7dcbdd6465c9,Happy hour דיזנגוף,metaDescription,תל אביב–יפו x1,"סניף רשת Happy hour בתל אביב–יפו, קינג ג'ורג 75. מניקור ופדיקור, קטגוריית טיפולי פנים, שעות פעילות ומספר טלפון לפרטים.","סניף רשת Happy hour בתל אביב-יפו, קינג ג'ורג 75. מניקור ופדיקור, קטגוריית טיפולי פנים, שעות פעילות ומספר טלפון לפרטים.",https://beautyfind.co.il/dan/biz/happy-hour
960f825a-daf1-4751-833f-e798cc293459,Horizon Spa,metaTitle,תל אביב–יפו x1,Horizon Spa תל אביב–יפו: ספא ועיסויים | מחירים וביקורות,Horizon Spa תל אביב-יפו: ספא ועיסויים | מחירים וביקורות,https://beautyfind.co.il/dan/biz/horizon-spa
90c397d2-b22b-47e1-81db-bc814a5ec773,Ida eyebrows and Hair Removal,metaTitle,תל אביב–יפו x1,Ida eyebrows and Hair Removal תל אביב–יפו,Ida eyebrows and Hair Removal תל אביב-יפו,https://beautyfind.co.il/dan/biz/ida-eyebrows-and-hair-removal
2a8ef746-7ca8-4823-a72f-f9341fa5a7cd,Jordan beauty,metaTitle,תל אביב–יפו x1,Jordan beauty תל אביב–יפו: קוסמטיקה וטיפולי פנים,Jordan beauty תל אביב-יפו: קוסמטיקה וטיפולי פנים,https://beautyfind.co.il/dan/biz/jordan-beauty
e6d2762c-590a-4790-a561-f10f3a3fce4f,KEDEM SPA HOUSE קדם ספא וחמאם ביפו Spa in Jaffa,description,תל אביב–יפו x1,"KEDEM SPA HOUSE קדם ספא וחמאם ביפו Spa in Jaffa הוא ספא בתל אביב–יפו בתחום ספא ועיסויים, קוסמטיקה וטיפולי פנים, ציפורניים, מניקור ופדיקור. הכתובת שפורסמה היא כיכר קדומים 5, Kikar Kedumim 5 st, Tel Aviv-Yafo, 6803784. העסק מציין 3 תחומים: ספא ועיסויים, קוסמטיקה וטיפולי פנים, ציפורניים, מניקור ופדיקור. כך העסק מציג את עצמו: מקום הדגל של רשת KEDEM SPA שפועלת במלונות THE YACHT, NORDOY בהרצליה ובקרוב PALATIN היוקרתי.
KEDEM SPA HOUSE שוכן בלב סמטאות יפו העתיקה, במבנה מהמאה ה-18 המשקיף לים. שילוב של טיפולי ספא וחמאם ברמה הגבוהה ביותר לצד אירועי קונספט הכוללים חוויות קולינריות בלתי נשכחות מול נוף עוצר הנשימה.
Kedem Spa House הינו מתחם Wellness ייחודי במבנה שמארח ריטריטים, שיעורי יוגה, סדנאות אמבטיית קרח ועוד.
במבנה חמאם מרוקאי לטיפולי גוף, 4 

השירותים שהעסק מפרסם בתחום הזה. בתחום שירותים נוספים מפורסמים: Skin treatments (המחיר לא פורסם).

עיסויים וטיפולי ספא נועדו להרפיה ולהקלה על הגוף. בתחום ספא ועיסויים מפורסמים: טיפולי חמאם, אירועים, וולנס (המחיר לא פורסם).

בסך הכול מפורסמים 2 שירותים, ללא מחירים מפורסמים.

ל2 שירותים לא פורסם מחיר במקורות שנבדקו (Skin treatments, טיפולי חמאם, אירועים, וולנס). לקבלת הצעת מחיר פונים לעסק ישירות דרך פרטי הקשר בעמוד.

שעות הפעילות שפורסמו: ראשון 09:00 עד 19:00, שני 09:00 עד 19:00, שלישי 09:00 עד 19:00, רביעי 09:00 עד 19:00, חמישי 09:00 עד 19:00, שישי 09:00 עד 17:00, שבת 09:00 עד 17:00. העסק פתוח כל ימות השבוע לפי הפרסום. השעות עשויות להשתנות בחגים ובימים מיוחדים, ולכן כדאי לוודא מול העסק לפני ההגעה.

יש חניה חינם לפי פרסום העסק. בעמוד מוצגות 8 תמונות מהעסק.

אפשר ליצור קשר עם העסק בטלפון, באתר kedemspahouse.com. דוא״ל לא פורסמו במקורות שנבדקו. בעמוד מופיעים גם הכתובת, מפה וקישורי ניווט בוויז ובגוגל. לבירור זמינות ותיאום פונים לעסק ישירות; אחרי שהעסק יאמת את הכרטיס אפשר יהיה להשאיר כאן פנייה. בגוגל יש לעסק דירוג 4.8 על סמך 195 ביקורות; הדירוג מוצג כפי שהוא ואינו נערך.

כל הפרטים בעמוד נאספו ממקורות פומביים של העסק, והעסק יכול לתקן ולהשלים אותם אחרי אימות הכרטיס. לשאלות נפוצות על המיקום, המחירים ודרכי הפנייה יש מדור נפרד בהמשך העמוד.","KEDEM SPA HOUSE קדם ספא וחמאם ביפו Spa in Jaffa הוא ספא בתל אביב-יפו בתחום ספא ועיסויים, קוסמטיקה וטיפולי פנים, ציפורניים, מניקור ופדיקור. הכתובת שפורסמה היא כיכר קדומים 5, Kikar Kedumim 5 st, Tel Aviv-Yafo, 6803784. העסק מציין 3 תחומים: ספא ועיסויים, קוסמטיקה וטיפולי פנים, ציפורניים, מניקור ופדיקור. כך העסק מציג את עצמו: מקום הדגל של רשת KEDEM SPA שפועלת במלונות THE YACHT, NORDOY בהרצליה ובקרוב PALATIN היוקרתי.
KEDEM SPA HOUSE שוכן בלב סמטאות יפו העתיקה, במבנה מהמאה ה-18 המשקיף לים. שילוב של טיפולי ספא וחמאם ברמה הגבוהה ביותר לצד אירועי קונספט הכוללים חוויות קולינריות בלתי נשכחות מול נוף עוצר הנשימה.
Kedem Spa House הינו מתחם Wellness ייחודי במבנה שמארח ריטריטים, שיעורי יוגה, סדנאות אמבטיית קרח ועוד.
במבנה חמאם מרוקאי לטיפולי גוף, 4 

השירותים שהעסק מפרסם בתחום הזה. בתחום שירותים נוספים מפורסמים: Skin treatments (המחיר לא פורסם).

עיסויים וטיפולי ספא נועדו להרפיה ולהקלה על הגוף. בתחום ספא ועיסויים מפורסמים: טיפולי חמאם, אירועים, וולנס (המחיר לא פורסם).

בסך הכול מפורסמים 2 שירותים, ללא מחירים מפורסמים.

ל2 שירותים לא פורסם מחיר במקורות שנבדקו (Skin treatments, טיפולי חמאם, אירועים, וולנס). לקבלת הצעת מחיר פונים לעסק ישירות דרך פרטי הקשר בעמוד.

שעות הפעילות שפורסמו: ראשון 09:00 עד 19:00, שני 09:00 עד 19:00, שלישי 09:00 עד 19:00, רביעי 09:00 עד 19:00, חמישי 09:00 עד 19:00, שישי 09:00 עד 17:00, שבת 09:00 עד 17:00. העסק פתוח כל ימות השבוע לפי הפרסום. השעות עשויות להשתנות בחגים ובימים מיוחדים, ולכן כדאי לוודא מול העסק לפני ההגעה.

יש חניה חינם לפי פרסום העסק. בעמוד מוצגות 8 תמונות מהעסק.

אפשר ליצור קשר עם העסק בטלפון, באתר kedemspahouse.com. דוא״ל לא פורסמו במקורות שנבדקו. בעמוד מופיעים גם הכתובת, מפה וקישורי ניווט בוויז ובגוגל. לבירור זמינות ותיאום פונים לעסק ישירות; אחרי שהעסק יאמת את הכרטיס אפשר יהיה להשאיר כאן פנייה. בגוגל יש לעסק דירוג 4.8 על סמך 195 ביקורות; הדירוג מוצג כפי שהוא ואינו נערך.

כל הפרטים בעמוד נאספו ממקורות פומביים של העסק, והעסק יכול לתקן ולהשלים אותם אחרי אימות הכרטיס. לשאלות נפוצות על המיקום, המחירים ודרכי הפנייה יש מדור נפרד בהמשך העמוד.",https://beautyfind.co.il/dan/biz/kedem-spa-house-spa-in-jaffa
e6d2762c-590a-4790-a561-f10f3a3fce4f,KEDEM SPA HOUSE קדם ספא וחמאם ביפו Spa in Jaffa,faqs,תל אביב–יפו x1,"[{""a"":""הכתובת היא כיכר קדומים 5, Kikar Kedumim 5 st, Tel Aviv-Yafo, 6803784, תל אביב–יפו. בעמוד יש קישורי ניווט בוויז ובגוגל."",""q"":""איפה נמצא KEDEM SPA HOUSE קדם ספא וחמאם ביפו Spa in Jaffa?""},{""a"":""לפי המקורות שנבדקו: Skin treatments, טיפולי חמאם, אירועים, וולנס. הרשימה המלאה מופיעה בעמוד תחת שירותים ומחירים."",""q"":""אילו שירותים מציע KEDEM SPA HOUSE קדם ספא וחמאם ביפו Spa in Jaffa?""},{""a"":""המחירים לא פורסמו במקורות שנבדקו. לקבלת מחיר מעודכן, אפשר לפנות לעסק דרך פרטי הקשר בעמוד."",""q"":""מה המחירים?""},{""a"":""פונים לעסק בטלפון, באתר kedemspahouse.com. אחרי שהעסק יאמת את הכרטיס אפשר יהיה להשאיר כאן פנייה."",""q"":""איך קובעים תור או מבררים זמינות?""},{""a"":""ראשון 09:00 עד 19:00, שני 09:00 עד 19:00, שלישי 09:00 עד 19:00, רביעי 09:00 עד 19:00, חמישי 09:00 עד 19:00, שישי 09:00 עד 17:00, שבת 09:00 עד 17:00. כדאי לוודא לפני הגעה."",""q"":""מה שעות הפעילות?""},{""a"":""לפי פרסום העסק יש חניה חינם במקום. על נגישות לא נמצא מידע מאומת. מומלץ לבדוק מול העסק לפני ההגעה."",""q"":""יש חניה ונגישות?""}]","[{""a"":""הכתובת היא כיכר קדומים 5, Kikar Kedumim 5 st, Tel Aviv-Yafo, 6803784, תל אביב-יפו. בעמוד יש קישורי ניווט בוויז ובגוגל."",""q"":""איפה נמצא KEDEM SPA HOUSE קדם ספא וחמאם ביפו Spa in Jaffa?""},{""a"":""לפי המקורות שנבדקו: Skin treatments, טיפולי חמאם, אירועים, וולנס. הרשימה המלאה מופיעה בעמוד תחת שירותים ומחירים."",""q"":""אילו שירותים מציע KEDEM SPA HOUSE קדם ספא וחמאם ביפו Spa in Jaffa?""},{""a"":""המחירים לא פורסמו במקורות שנבדקו. לקבלת מחיר מעודכן, אפשר לפנות לעסק דרך פרטי הקשר בעמוד."",""q"":""מה המחירים?""},{""a"":""פונים לעסק בטלפון, באתר kedemspahouse.com. אחרי שהעסק יאמת את הכרטיס אפשר יהיה להשאיר כאן פנייה."",""q"":""איך קובעים תור או מבררים זמינות?""},{""a"":""ראשון 09:00 עד 19:00, שני 09:00 עד 19:00, שלישי 09:00 עד 19:00, רביעי 09:00 עד 19:00, חמישי 09:00 עד 19:00, שישי 09:00 עד 17:00, שבת 09:00 עד 17:00. כדאי לוודא לפני הגעה."",""q"":""מה שעות הפעילות?""},{""a"":""לפי פרסום העסק יש חניה חינם במקום. על נגישות לא נמצא מידע מאומת. מומלץ לבדוק מול העסק לפני ההגעה."",""q"":""יש חניה ונגישות?""}]",https://beautyfind.co.il/dan/biz/kedem-spa-house-spa-in-jaffa
e6d2762c-590a-4790-a561-f10f3a3fce4f,KEDEM SPA HOUSE קדם ספא וחמאם ביפו Spa in Jaffa,metaTitle,תל אביב–יפו x1,KEDEM SPA HOUSE קדם ספא וחמאם ביפו Spa in Jaffa תל אביב–יפו,KEDEM SPA HOUSE קדם ספא וחמאם ביפו Spa in Jaffa תל אביב-יפו,https://beautyfind.co.il/dan/biz/kedem-spa-house-spa-in-jaffa
e6d2762c-590a-4790-a561-f10f3a3fce4f,KEDEM SPA HOUSE קדם ספא וחמאם ביפו Spa in Jaffa,metaDescription,תל אביב–יפו x1,"KEDEM SPA HOUSE קדם ספא וחמאם ביפו Spa in Jaffa בתל אביב–יפו, ספא ועיסויים וקוסמטיקה וטיפולי פנים. שירותים: Skin treatments, טיפולי חמאם, אירועים, וולנס. שעות פ","KEDEM SPA HOUSE קדם ספא וחמאם ביפו Spa in Jaffa בתל אביב-יפו, ספא ועיסויים וקוסמטיקה וטיפולי פנים. שירותים: Skin treatments, טיפולי חמאם, אירועים, וולנס. שעות פ",https://beautyfind.co.il/dan/biz/kedem-spa-house-spa-in-jaffa
0ebe5101-7451-4419-a0d6-41cb7b7dae84,L'Occitane ל'אוקסיטן ספא עזריאלי שרונה,metaTitle,תל אביב–יפו x1,L'Occitane ל'אוקסיטן ספא עזריאלי שרונה תל אביב–יפו,L'Occitane ל'אוקסיטן ספא עזריאלי שרונה תל אביב-יפו,https://beautyfind.co.il/dan/biz/l-occitane
7cbf57bc-682f-4799-adb8-f07fcd7faf8c,Lavic Beauty & Advanced Cosmetology,description,תל אביב–יפו x3,"Lavic Beauty & Advanced Cosmetology בתל אביב–יפו מציעה מגוון טיפולים קוסמטיים, רפואיים וספא תחת קורת גג אחת. הקליניקה משלבת טיפולי פנים מתקדמים, הסרת שיער וטיפולי גוף לצד שירותי מספרה, ציפורניים ואיפור מקצועי, וממוקמת בתל אביב–יפו עם נוף לים התיכון.

ההיצע כולל טיפולי פנים כמו טיפולים אנטי־אייגינג, ניקוי עמוק, הידראדרמבריישן והידרפיישל, פילינגים כימיים מסוגים שונים וטיפולים למיגור פצעוני ופיגמנטציה. טיפולים אלה כוללים שלבי ניקוי, פילינג והזנה שנועדו לשפר מראה וטקסטורת העור.

בתחום האסתטיקה הרפואית מציעה הקליניקה הזרקות בוטוקס ומזותרפיה. טיפולים אלה מסווגים כטיפולים רפואיים, ולכן החלטה על ביצועם ותכנונם מתקבלת במסגרת ייעוץ רפואי והערכה מוקדמת.

בין הטיפולים לגוף והסרת שיער ניתן למצוא הסרת שיער בלייזר, שעווה בגוף ובשיטות ממוקדות כולל ברזילאית, וטיפולים לחיטוב והפחתת צלוליטיס. הקליניקה מציעה גם טיפולים משולבים לשיפור מראה העור של הגוף.

שירותי היופי כוללים עיצוב ושירותי שיער, הארכות שיער ותסרוקות, איפור מקצועי ואף טיפולים לגבות וריסים כמו הארכת ריסים והרמת ריסים. בנוסף מוצעים טיפולי ציפורניים כגון מניקור ופדיקור והארכות ציפורניים.

לפי המידע הזמין, המקום נגיש ונמצא בתל אביב–יפו, עם נוף לים התיכון. המידע מתאר צוות מקצועי ומכשור מתקדם כחלק ממאפייני המקום, אם כי שמות אנשי הצוות ואישורים ספציפיים לא הוצגו במקורות שנבדקו.

שעות הפעילות מפורטות: ימי ראשון עד חמישי בין 09:00 ל־19:00, יום שישי בין 09:00 ל־15:00, ויום שבת סגור. להזמנת טיפולים או לבירורים ניתן לפנות בטלפון או בדואר אלקטרוני המצוינים במקורות, וכמו כן ניתן לעיין באתר האינטרנט לקבלת מידע נוסף. לפי המידע הזמין, אין אפשרות להזמנה מקוונת דרך מערכת של הקליניקה.

ללקוחות המתעניינים בטיפולים מורכבים או הטיפולים הרפואיים מומלץ להגיע לייעוץ ראשוני, שבו תתבצע הערכה ותיקבע תכנית טיפול ממוקדת. עבור פרטים ספציפיים על זמני טיפול או התאמות אישיות יש לפנות אל הקליניקה דרך פרטי הקשר המפורטים.","Lavic Beauty & Advanced Cosmetology בתל אביב-יפו מציעה מגוון טיפולים קוסמטיים, רפואיים וספא תחת קורת גג אחת. הקליניקה משלבת טיפולי פנים מתקדמים, הסרת שיער וטיפולי גוף לצד שירותי מספרה, ציפורניים ואיפור מקצועי, וממוקמת בתל אביב-יפו עם נוף לים התיכון.

ההיצע כולל טיפולי פנים כמו טיפולים אנטי־אייגינג, ניקוי עמוק, הידראדרמבריישן והידרפיישל, פילינגים כימיים מסוגים שונים וטיפולים למיגור פצעוני ופיגמנטציה. טיפולים אלה כוללים שלבי ניקוי, פילינג והזנה שנועדו לשפר מראה וטקסטורת העור.

בתחום האסתטיקה הרפואית מציעה הקליניקה הזרקות בוטוקס ומזותרפיה. טיפולים אלה מסווגים כטיפולים רפואיים, ולכן החלטה על ביצועם ותכנונם מתקבלת במסגרת ייעוץ רפואי והערכה מוקדמת.

בין הטיפולים לגוף והסרת שיער ניתן למצוא הסרת שיער בלייזר, שעווה בגוף ובשיטות ממוקדות כולל ברזילאית, וטיפולים לחיטוב והפחתת צלוליטיס. הקליניקה מציעה גם טיפולים משולבים לשיפור מראה העור של הגוף.

שירותי היופי כוללים עיצוב ושירותי שיער, הארכות שיער ותסרוקות, איפור מקצועי ואף טיפולים לגבות וריסים כמו הארכת ריסים והרמת ריסים. בנוסף מוצעים טיפולי ציפורניים כגון מניקור ופדיקור והארכות ציפורניים.

לפי המידע הזמין, המקום נגיש ונמצא בתל אביב-יפו, עם נוף לים התיכון. המידע מתאר צוות מקצועי ומכשור מתקדם כחלק ממאפייני המקום, אם כי שמות אנשי הצוות ואישורים ספציפיים לא הוצגו במקורות שנבדקו.

שעות הפעילות מפורטות: ימי ראשון עד חמישי בין 09:00 ל־19:00, יום שישי בין 09:00 ל־15:00, ויום שבת סגור. להזמנת טיפולים או לבירורים ניתן לפנות בטלפון או בדואר אלקטרוני המצוינים במקורות, וכמו כן ניתן לעיין באתר האינטרנט לקבלת מידע נוסף. לפי המידע הזמין, אין אפשרות להזמנה מקוונת דרך מערכת של הקליניקה.

ללקוחות המתעניינים בטיפולים מורכבים או הטיפולים הרפואיים מומלץ להגיע לייעוץ ראשוני, שבו תתבצע הערכה ותיקבע תכנית טיפול ממוקדת. עבור פרטים ספציפיים על זמני טיפול או התאמות אישיות יש לפנות אל הקליניקה דרך פרטי הקשר המפורטים.",https://beautyfind.co.il/dan/biz/lavic-beauty-and-advanced-cosmetology
7cbf57bc-682f-4799-adb8-f07fcd7faf8c,Lavic Beauty & Advanced Cosmetology,faqs,תל אביב–יפו x1,"[{""a"":""הזמנות ובירורים נעשים באמצעות טלפון ודואר אלקטרוני כפי שמצוינים במקורות. אין אפשרות להזמנה מקוונת לפי המידע הקיים."",""q"":""איך ניתן לקבוע תור בLavic בתל אביב–יפו?""},{""a"":""הקליניקה פתוחה בימים ראשון עד חמישי בין 09:00 ל־19:00, ביום שישי בין 09:00 ל־15:00, וביום שבת היא סגורה. שעות אלו מפורטות במידע הזמין מהעסק."",""q"":""מהן שעות הפעילות של הקליניקה?""},{""a"":""כן. בין הטיפולים המצוינים נמצאים טיפולים המוגדרים כטיפולים רפואיים כגון בוטוקס ומזותרפיה. טיפולים אלה נערכים לאחר הערכה וייעוץ רפואי."",""q"":""האם Lavic מציעה טיפולים רפואיים?""},{""a"":""המידע הזמין מציין כי המקום נגיש. לפרטים נוספים על נגישות ספציפית כדאי לפנות ישירות בטלפון או במייל."",""q"":""האם המקום נגיש לנכים?""},{""a"":""מידע על חניה חינם לא פורסם במקורות שנבדקו. לקבלת פרטים על חניה מומלץ לפנות אל העסק דרך פרטי הקשר בעמוד."",""q"":""האם יש חניה חופשית לשירות הלקוחות?""},{""a"":""בין הטיפולים הבולטים מצוין הידרדרמבריישן/הידרפיישל, טיפולים אנטי־אייגינג, פילינגים שונים, RF מיקרונידלינג וטיפולי הסרת שיער בלייזר. רשימת השירותים המלאה מופיעה במאגר השירותים של המקום."",""q"":""אילו טיפולים קוסמטיים בולטים מוצעים במקום?""}]","[{""a"":""הזמנות ובירורים נעשים באמצעות טלפון ודואר אלקטרוני כפי שמצוינים במקורות. אין אפשרות להזמנה מקוונת לפי המידע הקיים."",""q"":""איך ניתן לקבוע תור בLavic בתל אביב-יפו?""},{""a"":""הקליניקה פתוחה בימים ראשון עד חמישי בין 09:00 ל־19:00, ביום שישי בין 09:00 ל־15:00, וביום שבת היא סגורה. שעות אלו מפורטות במידע הזמין מהעסק."",""q"":""מהן שעות הפעילות של הקליניקה?""},{""a"":""כן. בין הטיפולים המצוינים נמצאים טיפולים המוגדרים כטיפולים רפואיים כגון בוטוקס ומזותרפיה. טיפולים אלה נערכים לאחר הערכה וייעוץ רפואי."",""q"":""האם Lavic מציעה טיפולים רפואיים?""},{""a"":""המידע הזמין מציין כי המקום נגיש. לפרטים נוספים על נגישות ספציפית כדאי לפנות ישירות בטלפון או במייל."",""q"":""האם המקום נגיש לנכים?""},{""a"":""מידע על חניה חינם לא פורסם במקורות שנבדקו. לקבלת פרטים על חניה מומלץ לפנות אל העסק דרך פרטי הקשר בעמוד."",""q"":""האם יש חניה חופשית לשירות הלקוחות?""},{""a"":""בין הטיפולים הבולטים מצוין הידרדרמבריישן/הידרפיישל, טיפולים אנטי־אייגינג, פילינגים שונים, RF מיקרונידלינג וטיפולי הסרת שיער בלייזר. רשימת השירותים המלאה מופיעה במאגר השירותים של המקום."",""q"":""אילו טיפולים קוסמטיים בולטים מוצעים במקום?""}]",https://beautyfind.co.il/dan/biz/lavic-beauty-and-advanced-cosmetology
7cbf57bc-682f-4799-adb8-f07fcd7faf8c,Lavic Beauty & Advanced Cosmetology,metaTitle,תל אביב–יפו x1,Lavic Beauty & Advanced Cosmetology תל אביב–יפו: הסרת שיער,Lavic Beauty & Advanced Cosmetology תל אביב-יפו: הסרת שיער,https://beautyfind.co.il/dan/biz/lavic-beauty-and-advanced-cosmetology
7cbf57bc-682f-4799-adb8-f07fcd7faf8c,Lavic Beauty & Advanced Cosmetology,metaDescription,תל אביב–יפו x1,"קליניקה וספא בתל אביב–יפו עם טיפולי פנים, לייזר, בוטוקס ושירותי יופי. יצירת קשר בטלפון או במייל.","קליניקה וספא בתל אביב-יפו עם טיפולי פנים, לייזר, בוטוקס ושירותי יופי. יצירת קשר בטלפון או במייל.",https://beautyfind.co.il/dan/biz/lavic-beauty-and-advanced-cosmetology
b14d94eb-53eb-43ce-ae27-0e3b7c7ecdb4,Lilly Kai רמת אביב,metaTitle,תל אביב–יפו x1,Lilly Kai רמת אביב תל אביב–יפו: קוסמטיקה וטיפולי פנים,Lilly Kai רמת אביב תל אביב-יפו: קוסמטיקה וטיפולי פנים,https://beautyfind.co.il/dan/biz/lilly-kai
38ba7202-3c4f-4444-a4ee-48c19deb0937,Lily & Nina skin care and nail beauty salon,metaTitle,תל אביב–יפו x1,Lily & Nina skin care and nail beauty salon תל אביב–יפו,Lily & Nina skin care and nail beauty salon תל אביב-יפו,https://beautyfind.co.il/dan/biz/lily-and-nina-skin-care-and-nail-beauty-salon
8dff0752-72ef-4f8e-8b12-13fd11e2d96e,Love is in the Hair By Ram Solan,description,תל אביב–יפו x1,"Love is in the Hair By Ram Solan בתל אביב–יפו היא מספרה הממוקמת ברחוב דיזנגוף. המקום מציע מגוון רחב של טיפולי שעווה וצבע ועיצוב שיער, עם דגש על צביעת בלונד, בליאז׳ והחלקות ושיקום שיער כפי שפורט במקורות העסק.

המספרה מפרטת שירותים חובה כמו צביעת שיער, תספורות לנשים כולל תספורות לשיער מתולתל, תסרוקות וסידורי תלתלים, לצד טיפולים משקמים וקראטין. בין השירותים מופיעים גם הליכי balayage, הבלטת גוונים, תיקוני צבע, פתיחת תלתלים והחלקות אורגניות ומשקמות. השירותים מיועדים למי שמחפשת שינוי גוון, סידור טקסטורת שיער טבעית או טיפול לשיקום מראה וברק השערה.

פרטי הזמינות השבועית נמסרו על ידי העסק. המספרה פתוחה בימים מסוימים בשעה מוקדמת ונגמרת בשעות אחה״צ, כאשר בין הימים יש יום סגור ושעות ייחודיות ביום שישי, כך שמומלץ לבדוק את שעות הפתיחה המדויקות לפני הגעה. יצירת קשר טלפוני זמינה, והעסק פעיל גם ברשת חברתית אינסטגרם לצפייה בתמונות ולעדכונים.

נגישות למבקרים צוינה כקיימת, וכן יש חניה חינם למתאמנים. פרטי צוות ספציפיים כמו שמות או שפות מדוברות לא פורסמו במקורות שנבדקו. כמו כן, לא פורסם קישור לפניה מקוונת או טופס הזמנה און ליין.

המסר השיווקי בעמוד העסק מתמקד בהתאמה אישית של עיצוב השיער ושמירה על בריאות הסיב, עם דגשים על מעברי צבע טבעיים וטכניקות לשימור ברק השערה. נתוניו של העסק כוללים תמונות שממחישות תוצאות טיפולים והשתקפות העבודות במספרה.

למתעניינות שמבקשות תיאום או ייעוץ ראשוני, אפשר לפנות בטלפון שצויין כזמין או דרך חשבון אינסטגרם של המקום. מכיוון שלא נמסרו פרטי דואר אלקטרוני או מערכת להזמנות מקוונות, מומלץ לתאם טלפונית או להיעזר בהודעות דרך אינסטגרם לקבלת מועד ופרטים נוספים.

ברמת השירותים, העסק משלב תספורת ועיצוב, צביעת בלונד ובליאז׳, החלקות ושיקום שיער, ותסרוקות המותאמות לטקסטורה טבעית של השיער. מי שמחפשת טיפול ספציפי יכולה לבקש בירור על זמינות אנשי מקצוע ומשך הטיפול בעת יצירת הקשר בטלפון או באמצעות הדף ברשת החברתית.","Love is in the Hair By Ram Solan בתל אביב-יפו היא מספרה הממוקמת ברחוב דיזנגוף. המקום מציע מגוון רחב של טיפולי שעווה וצבע ועיצוב שיער, עם דגש על צביעת בלונד, בליאז׳ והחלקות ושיקום שיער כפי שפורט במקורות העסק.

המספרה מפרטת שירותים חובה כמו צביעת שיער, תספורות לנשים כולל תספורות לשיער מתולתל, תסרוקות וסידורי תלתלים, לצד טיפולים משקמים וקראטין. בין השירותים מופיעים גם הליכי balayage, הבלטת גוונים, תיקוני צבע, פתיחת תלתלים והחלקות אורגניות ומשקמות. השירותים מיועדים למי שמחפשת שינוי גוון, סידור טקסטורת שיער טבעית או טיפול לשיקום מראה וברק השערה.

פרטי הזמינות השבועית נמסרו על ידי העסק. המספרה פתוחה בימים מסוימים בשעה מוקדמת ונגמרת בשעות אחה״צ, כאשר בין הימים יש יום סגור ושעות ייחודיות ביום שישי, כך שמומלץ לבדוק את שעות הפתיחה המדויקות לפני הגעה. יצירת קשר טלפוני זמינה, והעסק פעיל גם ברשת חברתית אינסטגרם לצפייה בתמונות ולעדכונים.

נגישות למבקרים צוינה כקיימת, וכן יש חניה חינם למתאמנים. פרטי צוות ספציפיים כמו שמות או שפות מדוברות לא פורסמו במקורות שנבדקו. כמו כן, לא פורסם קישור לפניה מקוונת או טופס הזמנה און ליין.

המסר השיווקי בעמוד העסק מתמקד בהתאמה אישית של עיצוב השיער ושמירה על בריאות הסיב, עם דגשים על מעברי צבע טבעיים וטכניקות לשימור ברק השערה. נתוניו של העסק כוללים תמונות שממחישות תוצאות טיפולים והשתקפות העבודות במספרה.

למתעניינות שמבקשות תיאום או ייעוץ ראשוני, אפשר לפנות בטלפון שצויין כזמין או דרך חשבון אינסטגרם של המקום. מכיוון שלא נמסרו פרטי דואר אלקטרוני או מערכת להזמנות מקוונות, מומלץ לתאם טלפונית או להיעזר בהודעות דרך אינסטגרם לקבלת מועד ופרטים נוספים.

ברמת השירותים, העסק משלב תספורת ועיצוב, צביעת בלונד ובליאז׳, החלקות ושיקום שיער, ותסרוקות המותאמות לטקסטורה טבעית של השיער. מי שמחפשת טיפול ספציפי יכולה לבקש בירור על זמינות אנשי מקצוע ומשך הטיפול בעת יצירת הקשר בטלפון או באמצעות הדף ברשת החברתית.",https://beautyfind.co.il/dan/biz/love-is-in-hair-by-ram-solan
8dff0752-72ef-4f8e-8b12-13fd11e2d96e,Love is in the Hair By Ram Solan,faqs,תל אביב–יפו x1,"[{""a"":""המספרה נמצאת בתל אביב–יפו ברחוב דיזנגוף כפי שנמסר במקורות העסק. לפרטים מדויקים על הגעה יש לפנות לעסק בטלפון או בעמוד האינסטגרם."",""q"":""איפה ממוקמת המספרה?""},{""a"":""ניתן ליצור קשר טלפוני שנמצא כזמין במקורות או לשלוח הודעה דרך חשבון האינסטגרם של העסק כדי לבדוק זמינות ולקבוע תור. לא פורסם טופס הזמנה מקוון."",""q"":""כיצד ניתן לתאם תור או לקבל פרטים על טיפול?""},{""a"":""העסק מציין פתיחה בשעות הבוקר והמשכה עד שעות אחה״צ בימים מסוימים בשבוע, כאשר יש יום סגור ושעות מקוצרות ביום שישי. מומלץ ליצור קשר כדי לאשר שעות המדויקות של היום המבוקש."",""q"":""מהן שעות הפעילות של המספרה?""},{""a"":""כן, צוין שהמקום נגיש למבקרים וכי קיימת חניה חינם. לפרטים לוגיסטיים מדויקים בהגעה כדאי לברר מול המספרה בטלפון."",""q"":""האם יש נגישות ומקומות חנייה?""},{""a"":""המחקר לא מצא אפשרות להזמנה מקוונת או קישור להזמנות. לקבלת מועד יש לפנות בטלפון או דרך האינסטגרם של העסק."",""q"":""האם אפשר להזמין טיפול דרך האתר או באפליקציה?""},{""a"":""ברשימת השירותים מופיעים בין היתר צביעת שיער, בליאז׳, גוונים, תיקוני צבע ושירותים לבלונד בתל אביב. ניתן לפנות לקבלת פרטים על זמינות סוגי הטיפולים והליך העבודה."",""q"":""אילו טיפולי צבע ועיצוב מספקת המספרה?""},{""a"":""המחיר לא פורסם במקורות שנבדקו. לקבלת מחיר מעודכן עבור טיפול ספציפי, ניתן לפנות לעסק דרך פרטי הקשר בעמוד."",""q"":""האם פורסמו מחירים וטווחי עלות?""}]","[{""a"":""המספרה נמצאת בתל אביב-יפו ברחוב דיזנגוף כפי שנמסר במקורות העסק. לפרטים מדויקים על הגעה יש לפנות לעסק בטלפון או בעמוד האינסטגרם."",""q"":""איפה ממוקמת המספרה?""},{""a"":""ניתן ליצור קשר טלפוני שנמצא כזמין במקורות או לשלוח הודעה דרך חשבון האינסטגרם של העסק כדי לבדוק זמינות ולקבוע תור. לא פורסם טופס הזמנה מקוון."",""q"":""כיצד ניתן לתאם תור או לקבל פרטים על טיפול?""},{""a"":""העסק מציין פתיחה בשעות הבוקר והמשכה עד שעות אחה״צ בימים מסוימים בשבוע, כאשר יש יום סגור ושעות מקוצרות ביום שישי. מומלץ ליצור קשר כדי לאשר שעות המדויקות של היום המבוקש."",""q"":""מהן שעות הפעילות של המספרה?""},{""a"":""כן, צוין שהמקום נגיש למבקרים וכי קיימת חניה חינם. לפרטים לוגיסטיים מדויקים בהגעה כדאי לברר מול המספרה בטלפון."",""q"":""האם יש נגישות ומקומות חנייה?""},{""a"":""המחקר לא מצא אפשרות להזמנה מקוונת או קישור להזמנות. לקבלת מועד יש לפנות בטלפון או דרך האינסטגרם של העסק."",""q"":""האם אפשר להזמין טיפול דרך האתר או באפליקציה?""},{""a"":""ברשימת השירותים מופיעים בין היתר צביעת שיער, בליאז׳, גוונים, תיקוני צבע ושירותים לבלונד בתל אביב. ניתן לפנות לקבלת פרטים על זמינות סוגי הטיפולים והליך העבודה."",""q"":""אילו טיפולי צבע ועיצוב מספקת המספרה?""},{""a"":""המחיר לא פורסם במקורות שנבדקו. לקבלת מחיר מעודכן עבור טיפול ספציפי, ניתן לפנות לעסק דרך פרטי הקשר בעמוד."",""q"":""האם פורסמו מחירים וטווחי עלות?""}]",https://beautyfind.co.il/dan/biz/love-is-in-hair-by-ram-solan
8dff0752-72ef-4f8e-8b12-13fd11e2d96e,Love is in the Hair By Ram Solan,metaTitle,תל אביב–יפו x1,Love is in the Hair By Ram Solan תל אביב–יפו,Love is in the Hair By Ram Solan תל אביב-יפו,https://beautyfind.co.il/dan/biz/love-is-in-hair-by-ram-solan
8dff0752-72ef-4f8e-8b12-13fd11e2d96e,Love is in the Hair By Ram Solan,metaDescription,תל אביב–יפו x1,"מספרה בדיזנגוף בתל אביב–יפו המציעה בליאז׳, בלונד, החלקות ושיקום שיער. יצירת קשר בטלפון או באינסטגרם.","מספרה בדיזנגוף בתל אביב-יפו המציעה בליאז׳, בלונד, החלקות ושיקום שיער. יצירת קשר בטלפון או באינסטגרם.",https://beautyfind.co.il/dan/biz/love-is-in-hair-by-ram-solan
33ac1e19-50b8-4836-8854-7c6ea5f0a763,Luck Nail Boutique,metaTitle,תל אביב–יפו x1,"Luck Nail Boutique תל אביב–יפו: ציפורניים, מניקור ופדיקור","Luck Nail Boutique תל אביב-יפו: ציפורניים, מניקור ופדיקור",https://beautyfind.co.il/dan/biz/luck-nail-boutique
feac125f-51d1-472c-b7d2-89a6d79eefb1,Nails by the Sea TLV,metaTitle,תל אביב–יפו x1,"Nails by the Sea TLV תל אביב–יפו: ציפורניים, מניקור ופדיקור","Nails by the Sea TLV תל אביב-יפו: ציפורניים, מניקור ופדיקור",https://beautyfind.co.il/dan/biz/nails-by-sea-tlv
05b89bca-a6d1-406e-946b-44228d4e71dd,Nailtov,metaTitle,תל אביב–יפו x1,"Nailtov תל אביב–יפו: ציפורניים, מניקור ופדיקור","Nailtov תל אביב-יפו: ציפורניים, מניקור ופדיקור",https://beautyfind.co.il/dan/biz/nailtov
1ba63936-05d0-4eb6-922e-17a870f09728,New York Barbershop TlV,metaTitle,תל אביב–יפו x1,New York Barbershop TlV תל אביב–יפו: מספרות ועיצוב שיער,New York Barbershop TlV תל אביב-יפו: מספרות ועיצוב שיער,https://beautyfind.co.il/dan/biz/new-york-barbershop-tlv
c97ce44a-ce4d-412a-adeb-44258f3ca251,Or medical cosmetic treatments,metaTitle,תל אביב–יפו x1,Or medical cosmetic treatments תל אביב–יפו,Or medical cosmetic treatments תל אביב-יפו,https://beautyfind.co.il/dan/biz/or-medical-cosmetic-treatments
428f7a54-124c-4b2c-917a-1c0772906303,"PRPclinic - טיפולי PRP, IPRF ו-CGF לנשירת שיער ואסתטיקה רפואית",description,תל אביב–יפו x1 | ₪ לפני המספר x1,"PRPclinic - טיפולי PRP, IPRF ו-CGF לנשירת שיער ואסתטיקה רפואית היא קליניקה בתל אביב–יפו בתחום אסתטיקה רפואית, השתלות שיער וטיפול בנשירה, קוסמטיקה וטיפולי פנים. הכתובת שפורסמה היא Brodetsky St 43, Tel Aviv-Yafo, 6905233. העסק מציין 3 תחומים: אסתטיקה רפואית, השתלות שיער וטיפול בנשירה, קוסמטיקה וטיפולי פנים. לפי אתר העסק הוא פועל מאז 2014. כך העסק מציג את עצמו: ברוכים הבאים ל-PRP Clinic, המרכז הרפואי שלכם לפתרונות מתקדמים בנשירת שיער, שיקום ואסתטיקה רפואית. אנו מתמחים במתן מענה מקיף ותהליכי אבחון מקצועיים להתאמת הטיפול המדויק ביותר עבורכם.

המרפאה מציעה מגוון טיפולים רפואיים חדשניים לעצירת נשירת שיער, חיזוק סיב השערה ושיפור משמעותי של תוצאות לאחר השתלת שיער, בהם: טיפולי PRP (פלזמה עשירה בטסיות), iPRF ומזותרפיה רפואית ברמה הגבוהה ביותר.

בנוסף, אנו מעניקים מעטפת שלמה של טיפו

אסתטיקה רפואית כוללת הזרקות וטיפולים שמבצע רופא או אחות בפיקוח רופא. בתחום אסתטיקה רפואית מפורסמים: PRP (המחיר לא פורסם); Activated PRP (המחיר לא פורסם); מזותרפיה (המחיר לא פורסם); טיפול PRP לפנים (המחיר לא פורסם); טיפול PRP (המחיר לא פורסם); בוטוקס (המחיר לא פורסם); בוטוקס לפנים (המחיר לא פורסם); בוטוקס למיגרנות (המחיר לא פורסם); בוטוקס להזעת יתר (המחיר לא פורסם); PRP אורתופדי (המחיר לא פורסם); זריקת PRP לברך (המחיר לא פורסם); הזרקת PRP לכתף (המחיר לא פורסם). טיפולים רפואיים מבוצעים לפי החלטת רופא בייעוץ, ושם נקבע גם המחיר הסופי.

השירותים שהעסק מפרסם בתחום הזה. בתחום שירותים נוספים מפורסמים: iPRF (המחיר לא פורסם); יעוץ לדלילות שיער (המחיר לא פורסם); אקסוזומים (₪1,500); טיפול iPRF (המחיר לא פורסם).

התחום עוסק בהשתלות שיער ובטיפול בנשירה. בתחום השתלות שיער וטיפול בנשירה מפורסמים: טיפול PRP לשיער (המחיר לא פורסם); Activated PRP – טיפול מופעל לנשירת שיער (המחיר לא פורסם); טיפול PRGF לנשירת שיער (המחיר לא פורסם). טיפולים רפואיים מבוצעים לפי החלטת רופא בייעוץ, ושם נקבע גם המחיר הסופי.

טיפולי פנים נועדו לניקוי, הזנה וטיפוח של עור הפנים. בתחום קוסמטיקה וטיפולי פנים מפורסמים: פילינג רפואי (המחיר לא פורסם).

בסך הכול מפורסמים 40 שירותים, אחד מהם עם מחיר.

ל39 שירותים לא פורסם מחיר במקורות שנבדקו (PRP, iPRF, Activated PRP, מזותרפיה ועוד). לקבלת הצעת מחיר פונים לעסק ישירות דרך פרטי הקשר בעמוד.

באתר העסק מוצגים 5 אנשי צוות: סקין בוסטר, מבוצע ע״י רופא חשוב לדעת, מומחה רלוונטי. הידע באתר זה הינו כללי, אינו מהווה תחליף לייעוץ רפואי אישי המתבצע על ידי מומחה רלוונטי. בדומה לכל הליך רפואי, לא ניתן להבטיח ו\או להתחייב על תוצאות כלשהן. תוצאות הטיפול משתנות מאדם לאדם. ט.ל.ח התאמה מדוייקת, מבוצע ע״י רופא נשים בהריון, רופא מוסמך. הערכת התאמה נעשית תמיד על ידי רופא מוסמך. ללא פשרות, ✔ רופאים בלבד הסמכות ורישיונות מאומתים מוצגים בעמוד רק אחרי אימות של העסק ב־BeautyFind.

שעות הפעילות שפורסמו: ראשון 08:00 עד 22:00, שני 08:00 עד 22:00, שלישי 08:00 עד 22:00, רביעי 08:00 עד 22:00, חמישי 08:00 עד 22:00, שישי 08:00 עד 14:00, שבת סגור. העסק פתוח 6 ימים בשבוע לפי הפרסום. השעות עשויות להשתנות בחגים ובימים מיוחדים, ולכן כדאי לוודא מול העסק לפני ההגעה.

המקום נגיש לכיסא גלגלים לפי הצהרת העסק. בעמוד מוצגות 8 תמונות מהעסק. 11 סרטונים מהערוץ הרשמי.

אפשר ליצור קשר עם העסק בטלפון, בוואטסאפ, בדוא״ל, באתר prpclinic.co.il, וברשתות (Instagram, Facebook, YouTube). בעמוד מופיעים גם הכתובת, מפה וקישורי ניווט בוויז ובגוגל. לבירור זמינות ותיאום פונים לעסק ישירות; אחרי שהעסק יאמת את הכרטיס אפשר יהיה להשאיר כאן פנייה. בגוגל יש לעסק דירוג 4.8 על סמך 51 ביקורות; הדירוג מוצג כפי שהוא ואינו נערך.

המחירים מוצגים כפי שפרסם העסק, בלי לקבוע אם הם כוללים מע״מ, ומחיר סופי נמסר על ידי העסק בלבד. באתר העסק מופיעות גם שאלות ותשובות, למשל: מה זה בעצם טיפול PRP ומה מטרתו? טיפול PRP (פלזמה עשירה בטסיות) הוא הליך רפואי שבו אנו לוקחים דם מהמטופל, מפיקים ממנו פלזמה עם ריכוז גבוה של גורמי גדילה, ומזריקים אותה לקרקפת. המטרה היא לנצל את. כל הפרטים בעמוד נאספו ממקורות פומביים של העסק, והעסק יכול לתקן ולהשלים אותם אחרי אימות הכרטיס. לשאלות נפוצות על המיקום, המחירים ודרכי הפנייה יש מדור נפרד בהמשך העמוד.","PRPclinic - טיפולי PRP, IPRF ו-CGF לנשירת שיער ואסתטיקה רפואית היא קליניקה בתל אביב-יפו בתחום אסתטיקה רפואית, השתלות שיער וטיפול בנשירה, קוסמטיקה וטיפולי פנים. הכתובת שפורסמה היא Brodetsky St 43, Tel Aviv-Yafo, 6905233. העסק מציין 3 תחומים: אסתטיקה רפואית, השתלות שיער וטיפול בנשירה, קוסמטיקה וטיפולי פנים. לפי אתר העסק הוא פועל מאז 2014. כך העסק מציג את עצמו: ברוכים הבאים ל-PRP Clinic, המרכז הרפואי שלכם לפתרונות מתקדמים בנשירת שיער, שיקום ואסתטיקה רפואית. אנו מתמחים במתן מענה מקיף ותהליכי אבחון מקצועיים להתאמת הטיפול המדויק ביותר עבורכם.

המרפאה מציעה מגוון טיפולים רפואיים חדשניים לעצירת נשירת שיער, חיזוק סיב השערה ושיפור משמעותי של תוצאות לאחר השתלת שיער, בהם: טיפולי PRP (פלזמה עשירה בטסיות), iPRF ומזותרפיה רפואית ברמה הגבוהה ביותר.

בנוסף, אנו מעניקים מעטפת שלמה של טיפו

אסתטיקה רפואית כוללת הזרקות וטיפולים שמבצע רופא או אחות בפיקוח רופא. בתחום אסתטיקה רפואית מפורסמים: PRP (המחיר לא פורסם); Activated PRP (המחיר לא פורסם); מזותרפיה (המחיר לא פורסם); טיפול PRP לפנים (המחיר לא פורסם); טיפול PRP (המחיר לא פורסם); בוטוקס (המחיר לא פורסם); בוטוקס לפנים (המחיר לא פורסם); בוטוקס למיגרנות (המחיר לא פורסם); בוטוקס להזעת יתר (המחיר לא פורסם); PRP אורתופדי (המחיר לא פורסם); זריקת PRP לברך (המחיר לא פורסם); הזרקת PRP לכתף (המחיר לא פורסם). טיפולים רפואיים מבוצעים לפי החלטת רופא בייעוץ, ושם נקבע גם המחיר הסופי.

השירותים שהעסק מפרסם בתחום הזה. בתחום שירותים נוספים מפורסמים: iPRF (המחיר לא פורסם); יעוץ לדלילות שיער (המחיר לא פורסם); אקסוזומים (1,500 ₪); טיפול iPRF (המחיר לא פורסם).

התחום עוסק בהשתלות שיער ובטיפול בנשירה. בתחום השתלות שיער וטיפול בנשירה מפורסמים: טיפול PRP לשיער (המחיר לא פורסם); Activated PRP – טיפול מופעל לנשירת שיער (המחיר לא פורסם); טיפול PRGF לנשירת שיער (המחיר לא פורסם). טיפולים רפואיים מבוצעים לפי החלטת רופא בייעוץ, ושם נקבע גם המחיר הסופי.

טיפולי פנים נועדו לניקוי, הזנה וטיפוח של עור הפנים. בתחום קוסמטיקה וטיפולי פנים מפורסמים: פילינג רפואי (המחיר לא פורסם).

בסך הכול מפורסמים 40 שירותים, אחד מהם עם מחיר.

ל39 שירותים לא פורסם מחיר במקורות שנבדקו (PRP, iPRF, Activated PRP, מזותרפיה ועוד). לקבלת הצעת מחיר פונים לעסק ישירות דרך פרטי הקשר בעמוד.

באתר העסק מוצגים 5 אנשי צוות: סקין בוסטר, מבוצע ע״י רופא חשוב לדעת, מומחה רלוונטי. הידע באתר זה הינו כללי, אינו מהווה תחליף לייעוץ רפואי אישי המתבצע על ידי מומחה רלוונטי. בדומה לכל הליך רפואי, לא ניתן להבטיח ו\או להתחייב על תוצאות כלשהן. תוצאות הטיפול משתנות מאדם לאדם. ט.ל.ח התאמה מדוייקת, מבוצע ע״י רופא נשים בהריון, רופא מוסמך. הערכת התאמה נעשית תמיד על ידי רופא מוסמך. ללא פשרות, ✔ רופאים בלבד הסמכות ורישיונות מאומתים מוצגים בעמוד רק אחרי אימות של העסק ב־BeautyFind.

שעות הפעילות שפורסמו: ראשון 08:00 עד 22:00, שני 08:00 עד 22:00, שלישי 08:00 עד 22:00, רביעי 08:00 עד 22:00, חמישי 08:00 עד 22:00, שישי 08:00 עד 14:00, שבת סגור. העסק פתוח 6 ימים בשבוע לפי הפרסום. השעות עשויות להשתנות בחגים ובימים מיוחדים, ולכן כדאי לוודא מול העסק לפני ההגעה.

המקום נגיש לכיסא גלגלים לפי הצהרת העסק. בעמוד מוצגות 8 תמונות מהעסק. 11 סרטונים מהערוץ הרשמי.

אפשר ליצור קשר עם העסק בטלפון, בוואטסאפ, בדוא״ל, באתר prpclinic.co.il, וברשתות (Instagram, Facebook, YouTube). בעמוד מופיעים גם הכתובת, מפה וקישורי ניווט בוויז ובגוגל. לבירור זמינות ותיאום פונים לעסק ישירות; אחרי שהעסק יאמת את הכרטיס אפשר יהיה להשאיר כאן פנייה. בגוגל יש לעסק דירוג 4.8 על סמך 51 ביקורות; הדירוג מוצג כפי שהוא ואינו נערך.

המחירים מוצגים כפי שפרסם העסק, בלי לקבוע אם הם כוללים מע״מ, ומחיר סופי נמסר על ידי העסק בלבד. באתר העסק מופיעות גם שאלות ותשובות, למשל: מה זה בעצם טיפול PRP ומה מטרתו? טיפול PRP (פלזמה עשירה בטסיות) הוא הליך רפואי שבו אנו לוקחים דם מהמטופל, מפיקים ממנו פלזמה עם ריכוז גבוה של גורמי גדילה, ומזריקים אותה לקרקפת. המטרה היא לנצל את. כל הפרטים בעמוד נאספו ממקורות פומביים של העסק, והעסק יכול לתקן ולהשלים אותם אחרי אימות הכרטיס. לשאלות נפוצות על המיקום, המחירים ודרכי הפנייה יש מדור נפרד בהמשך העמוד.",https://beautyfind.co.il/dan/biz/prpclinic-prp-iprf-cgf
428f7a54-124c-4b2c-917a-1c0772906303,"PRPclinic - טיפולי PRP, IPRF ו-CGF לנשירת שיער ואסתטיקה רפואית",faqs,תל אביב–יפו x1 | ₪ לפני המספר x1,"[{""a"":""הכתובת היא Brodetsky St 43, Tel Aviv-Yafo, 6905233, תל אביב–יפו. בעמוד יש קישורי ניווט בוויז ובגוגל."",""q"":""איפה נמצא PRPclinic - טיפולי PRP, IPRF ו-CGF לנשירת שיער ואסתטיקה רפואית?""},{""a"":""לפי המקורות שנבדקו: PRP, iPRF, Activated PRP, מזותרפיה, יעוץ לדלילות שיער, אקסוזומים ועוד. הרשימה המלאה מופיעה בעמוד תחת שירותים ומחירים."",""q"":""אילו שירותים מציע PRPclinic - טיפולי PRP, IPRF ו-CGF לנשירת שיער ואסתטיקה רפואית?""},{""a"":""חלק מהמחירים פורסמו על ידי העסק, למשל אקסוזומים ₪1,500. לשירותים ללא מחיר מפורסם מבקשים הצעת מחיר מהעסק."",""q"":""מה המחירים?""},{""a"":""פונים לעסק בטלפון, בוואטסאפ, בדוא״ל, באתר prpclinic.co.il, וברשתות (Instagram, Facebook, YouTube). אחרי שהעסק יאמת את הכרטיס אפשר יהיה להשאיר כאן פנייה."",""q"":""איך קובעים תור או מבררים זמינות?""},{""a"":""ראשון 08:00 עד 22:00, שני 08:00 עד 22:00, שלישי 08:00 עד 22:00, רביעי 08:00 עד 22:00, חמישי 08:00 עד 22:00, שישי 08:00 עד 14:00, שבת סגור. כדאי לוודא לפני הגעה."",""q"":""מה שעות הפעילות?""},{""a"":""לפי אתר העסק: סקין בוסטר (מבוצע ע״י רופא), חשוב לדעת (מומחה רלוונטי), התאמה מדוייקת (מבוצע ע״י רופא), נשים בהריון (רופא מוסמך). הסמכות מאומתות רק אחרי שהעסק מאמת את הכרטיס."",""q"":""מי בצוות?""},{""a"":""לא נמצא מידע מאומת על חניה מטעם העסק. המקום נגיש לכיסא גלגלים לפי הצהרת העסק. מומלץ לבדוק מול העסק לפני ההגעה."",""q"":""יש חניה ונגישות?""}]","[{""a"":""הכתובת היא Brodetsky St 43, Tel Aviv-Yafo, 6905233, תל אביב-יפו. בעמוד יש קישורי ניווט בוויז ובגוגל."",""q"":""איפה נמצא PRPclinic - טיפולי PRP, IPRF ו-CGF לנשירת שיער ואסתטיקה רפואית?""},{""a"":""לפי המקורות שנבדקו: PRP, iPRF, Activated PRP, מזותרפיה, יעוץ לדלילות שיער, אקסוזומים ועוד. הרשימה המלאה מופיעה בעמוד תחת שירותים ומחירים."",""q"":""אילו שירותים מציע PRPclinic - טיפולי PRP, IPRF ו-CGF לנשירת שיער ואסתטיקה רפואית?""},{""a"":""חלק מהמחירים פורסמו על ידי העסק, למשל אקסוזומים 1,500. ₪ לשירותים ללא מחיר מפורסם מבקשים הצעת מחיר מהעסק."",""q"":""מה המחירים?""},{""a"":""פונים לעסק בטלפון, בוואטסאפ, בדוא״ל, באתר prpclinic.co.il, וברשתות (Instagram, Facebook, YouTube). אחרי שהעסק יאמת את הכרטיס אפשר יהיה להשאיר כאן פנייה."",""q"":""איך קובעים תור או מבררים זמינות?""},{""a"":""ראשון 08:00 עד 22:00, שני 08:00 עד 22:00, שלישי 08:00 עד 22:00, רביעי 08:00 עד 22:00, חמישי 08:00 עד 22:00, שישי 08:00 עד 14:00, שבת סגור. כדאי לוודא לפני הגעה."",""q"":""מה שעות הפעילות?""},{""a"":""לפי אתר העסק: סקין בוסטר (מבוצע ע״י רופא), חשוב לדעת (מומחה רלוונטי), התאמה מדוייקת (מבוצע ע״י רופא), נשים בהריון (רופא מוסמך). הסמכות מאומתות רק אחרי שהעסק מאמת את הכרטיס."",""q"":""מי בצוות?""},{""a"":""לא נמצא מידע מאומת על חניה מטעם העסק. המקום נגיש לכיסא גלגלים לפי הצהרת העסק. מומלץ לבדוק מול העסק לפני ההגעה."",""q"":""יש חניה ונגישות?""}]",https://beautyfind.co.il/dan/biz/prpclinic-prp-iprf-cgf
428f7a54-124c-4b2c-917a-1c0772906303,"PRPclinic - טיפולי PRP, IPRF ו-CGF לנשירת שיער ואסתטיקה רפואית",metaDescription,תל אביב–יפו x1,"PRPclinic - טיפולי PRP, IPRF ו-CGF לנשירת שיער ואסתטיקה רפואית בתל אביב–יפו, אסתטיקה רפואית והשתלות שיער וטיפול בנשירה. שירותים: PRP, iPRF, Activated PRP. שעות ","PRPclinic - טיפולי PRP, IPRF ו-CGF לנשירת שיער ואסתטיקה רפואית בתל אביב-יפו, אסתטיקה רפואית והשתלות שיער וטיפול בנשירה. שירותים: PRP, iPRF, Activated PRP. שעות ",https://beautyfind.co.il/dan/biz/prpclinic-prp-iprf-cgf
0a3536e4-1b46-4988-82cb-e3eb38374c53,Renée Cosmetics,metaTitle,תל אביב–יפו x1,Renée Cosmetics תל אביב–יפו: קוסמטיקה וטיפולי פנים,Renée Cosmetics תל אביב-יפו: קוסמטיקה וטיפולי פנים,https://beautyfind.co.il/dan/biz/renee-cosmetics
22769a43-e52e-43a2-b880-a4953adfa60c,STIKA Beauty TLV,metaTitle,תל אביב–יפו x1,STIKA Beauty TLV תל אביב–יפו: קוסמטיקה וטיפולי פנים,STIKA Beauty TLV תל אביב-יפו: קוסמטיקה וטיפולי פנים,https://beautyfind.co.il/dan/biz/stika-beauty-tlv
1983207e-fcbc-44a1-88d5-ed9821777dfa,Sharoomba Cosmetics שרומבה קוסמטיקה,metaTitle,תל אביב–יפו x1,Sharoomba Cosmetics שרומבה קוסמטיקה תל אביב–יפו | ביקורות,Sharoomba Cosmetics שרומבה קוסמטיקה תל אביב-יפו | ביקורות,https://beautyfind.co.il/dan/biz/sharoomba-cosmetics
596ba9f5-fd64-4973-a164-a5c73ca72f1c,Shooshka,metaTitle,תל אביב–יפו x1,"Shooshka תל אביב–יפו: ציפורניים, מניקור ופדיקור","Shooshka תל אביב-יפו: ציפורניים, מניקור ופדיקור",https://beautyfind.co.il/dan/biz/shooshka
9c5b8ef0-27c9-4930-a164-4f47352d6053,Shosh Medical Pedicure,metaTitle,תל אביב–יפו x1,Shosh Medical Pedicure תל אביב–יפו,Shosh Medical Pedicure תל אביב-יפו,https://beautyfind.co.il/dan/biz/shosh-medical-pedicure
23aa6881-bebf-4804-982d-727428129ef1,TALETSKY ROOM TLV,metaTitle,תל אביב–יפו x1,TALETSKY ROOM TLV תל אביב–יפו: קוסמטיקה וטיפולי פנים,TALETSKY ROOM TLV תל אביב-יפו: קוסמטיקה וטיפולי פנים,https://beautyfind.co.il/dan/biz/taletsky-room-tlv
64b5961c-3884-407b-8737-9b72f855f632,The Beauty Lounge,metaTitle,תל אביב–יפו x1,The Beauty Lounge תל אביב–יפו: קוסמטיקה וטיפולי פנים,The Beauty Lounge תל אביב-יפו: קוסמטיקה וטיפולי פנים,https://beautyfind.co.il/dan/biz/beauty-lounge
315529a9-a10b-410b-8791-83c50658470f,ViVi TELAViVi NAiLS ויוי תלאביבי ניילס,metaTitle,תל אביב–יפו x1,ViVi TELAViVi NAiLS ויוי תלאביבי ניילס תל אביב–יפו,ViVi TELAViVi NAiLS ויוי תלאביבי ניילס תל אביב-יפו,https://beautyfind.co.il/dan/biz/vivi-telavivi-nails
b471583e-01ec-4a83-82f2-82912addd521,Winkler Clinic - Prof. Eyal Winkler,metaTitle,תל אביב–יפו x1,Winkler Clinic - Prof. Eyal Winkler תל אביב–יפו,Winkler Clinic - Prof. Eyal Winkler תל אביב-יפו,https://beautyfind.co.il/dan/biz/winkler-clinic-prof-eyal-winkler
dacc8de0-1f8e-4477-87a2-0a4963319ac2,Yullia,metaTitle,תל אביב–יפו x1,"Yullia תל אביב–יפו: הסרת שיער | מחירים, ביקורות ושעות פתיחה","Yullia תל אביב-יפו: הסרת שיער | מחירים, ביקורות ושעות פתיחה",https://beautyfind.co.il/dan/biz/yullia
2bfb8414-092f-460d-86f5-6e60f0a007ba,ZOI Med Aesthetics - מרפאת זוי,description,תל אביב–יפו x1,"ZOI Med Aesthetics - מרפאת זוי בתל אביב–יפו פועלת כמרכז לרפואה אסתטית במגדל הארבעה, קומה אחת. המיקום המצויין בכתובת הרחוב והבניין מספק מסגרת עירונית למגוון טיפולים אסתטיים ורפואיים. במידע הציבורי מודגש שמדובר במרפאה עם צוות הכולל רופאים מומחים וטכנאי מכשור רפואי מתקדם.

המומחיות של המרפאה מתמקדת בשילוב טיפולים אסתטיים ורפואיים. בין השירותים המצוינים מופיעים בוטוקס ומבצעים המיועדים גם לגברים, מגוון טיפולי מילוי ושיפור קווי פנים, פיסול אף ללא ניתוח ולהרמת עפעפיים, טיפולי PRP ו IPRF ומגוון טיפולים לטיפול בפיגמנטציה ומרקם העור. חלק מהטיפולים מסווגים כטיפולים רפואיים, ולכן לפי המידע בטקסטים העסקיים, כל טיפול רפואי נדרש לקביעת ההתאמה בהערכת רופא.

לנוחיות המבקרים מפורסמות שעות פעילות כלליות, בימי חול נפתחת המרפאה בבוקר ונסגרת בערב, בשבת מתקיימים שעות מוגבלות יותר וביום אחד בשבוע המרפאה סגורה. פרטי שעות מדויקים נמצאים בהודעת הפעילות של המרפאה. לעריכת פגישת ייעוץ קיימת אפשרות להשאיר פרטים באמצעות שירות המופיע ברשימת השירותים של המרפאה.

ליצירת קשר עם המרפאה אפשר לפנות טלפונית או באמצעות דואר אלקטרוני, כמו כן קיים אתר אינטרנט פעיל. המרפאה מופיעה גם ברשתות החברתיות כולל אינסטגרם, פייסבוק ויוטיוב, שם מתפרסמים תמונות וסרטונים רלוונטיים לפעילות. קביעת תורים מקוונת דרך מערכת הזמנות חיצונית לא מצוינת במידע, ולכן מומלץ ליצור קשר ישיר באמצעות הטלפון או הדוא""ל לצורך תיאום.

המרפאה מציינת עדכון בטכנולוגיות ובמוצרים לצד שימור טכניקות בסיסיות, כך שמידע על ציוד וצוות טכני נכלל בהצגת השירות. פרטים מדויקים על שפות מענה, שמות אנשי צוות או שנות פעילות לא פורסמו במקורות שנבדקו. גם מידע על חניה חינמית לא צויין במקורות.

המבנה מצוין כנגיש, מה שמרמז על התאמה לאנשים הזקוקים לנגישות מבחינת תנועה בתוך המבנה. מידע נוסף על מקום החניה, תנאי כניסה מדויקים או פרטי צוות ספציפיים יש לבדוק ישירות מול המרפאה. לקבלת הצעת טיפול או תיאום פגישה יש להשתמש בערוצי הקשר הרשומים, טלפון, דוא""ל או האתר הרשמי של המרפאה.","ZOI Med Aesthetics - מרפאת זוי בתל אביב-יפו פועלת כמרכז לרפואה אסתטית במגדל הארבעה, קומה אחת. המיקום המצויין בכתובת הרחוב והבניין מספק מסגרת עירונית למגוון טיפולים אסתטיים ורפואיים. במידע הציבורי מודגש שמדובר במרפאה עם צוות הכולל רופאים מומחים וטכנאי מכשור רפואי מתקדם.

המומחיות של המרפאה מתמקדת בשילוב טיפולים אסתטיים ורפואיים. בין השירותים המצוינים מופיעים בוטוקס ומבצעים המיועדים גם לגברים, מגוון טיפולי מילוי ושיפור קווי פנים, פיסול אף ללא ניתוח ולהרמת עפעפיים, טיפולי PRP ו IPRF ומגוון טיפולים לטיפול בפיגמנטציה ומרקם העור. חלק מהטיפולים מסווגים כטיפולים רפואיים, ולכן לפי המידע בטקסטים העסקיים, כל טיפול רפואי נדרש לקביעת ההתאמה בהערכת רופא.

לנוחיות המבקרים מפורסמות שעות פעילות כלליות, בימי חול נפתחת המרפאה בבוקר ונסגרת בערב, בשבת מתקיימים שעות מוגבלות יותר וביום אחד בשבוע המרפאה סגורה. פרטי שעות מדויקים נמצאים בהודעת הפעילות של המרפאה. לעריכת פגישת ייעוץ קיימת אפשרות להשאיר פרטים באמצעות שירות המופיע ברשימת השירותים של המרפאה.

ליצירת קשר עם המרפאה אפשר לפנות טלפונית או באמצעות דואר אלקטרוני, כמו כן קיים אתר אינטרנט פעיל. המרפאה מופיעה גם ברשתות החברתיות כולל אינסטגרם, פייסבוק ויוטיוב, שם מתפרסמים תמונות וסרטונים רלוונטיים לפעילות. קביעת תורים מקוונת דרך מערכת הזמנות חיצונית לא מצוינת במידע, ולכן מומלץ ליצור קשר ישיר באמצעות הטלפון או הדוא""ל לצורך תיאום.

המרפאה מציינת עדכון בטכנולוגיות ובמוצרים לצד שימור טכניקות בסיסיות, כך שמידע על ציוד וצוות טכני נכלל בהצגת השירות. פרטים מדויקים על שפות מענה, שמות אנשי צוות או שנות פעילות לא פורסמו במקורות שנבדקו. גם מידע על חניה חינמית לא צויין במקורות.

המבנה מצוין כנגיש, מה שמרמז על התאמה לאנשים הזקוקים לנגישות מבחינת תנועה בתוך המבנה. מידע נוסף על מקום החניה, תנאי כניסה מדויקים או פרטי צוות ספציפיים יש לבדוק ישירות מול המרפאה. לקבלת הצעת טיפול או תיאום פגישה יש להשתמש בערוצי הקשר הרשומים, טלפון, דוא""ל או האתר הרשמי של המרפאה.",https://beautyfind.co.il/dan/biz/zoi-med-aesthetics
2bfb8414-092f-460d-86f5-6e60f0a007ba,ZOI Med Aesthetics - מרפאת זוי,faqs,תל אביב–יפו x1,"[{""a"":""המרפאה נמצאת במגדל הארבעה, קומה אחת ברחוב המצויין בכתובת בתל אביב–יפו. לפרטים על הגעה וניווט ניתן להשתמש באתר של המרפאה או ליצור קשר טלפוני."",""q"":""איפה נמצאת המרפאה ואיך להגיע?""},{""a"":""הרשימה כוללת בין היתר בוטוקס, מילויים ופיסול אף ללא ניתוח, הרמת עפעפיים וטיפולי PRP/IPRF. עבור טיפולים המוגדרים רפואיים, הקביעה וההתאמה נעשות בהתאם להערכת רופא בייעוץ."",""q"":""אילו טיפולים רפואיים מציעה המרפאה?""},{""a"":""לפי המידע הציבורי, בימי חול המרפאה פתוחה משעות הבוקר עד הערב, בשבת יש שעות מוגבלות וביום אחד בשבוע המרפאה סגורה. מומלץ לוודא שעות מדויקות לפני הגעה באמצעות הטלפון או האתר."",""q"":""מהן שעות הפעילות של המרפאה?""},{""a"":""לא צוינה אפשרות להזמנה מקוונת במקורות שנבדקו. לקבלת תיאום פגישה או הצעת מחיר יש לפנות ישירות בטלפון או בדוא\""ל, או להשאיר פרטים באמצעות השירות הרלוונטי ברשימת השירותים של המרפאה."",""q"":""כיצד מזמינים פגישה או מקבלים הצעת מחיר?""},{""a"":""נמסר שהמרפאה נגישה, כלומר קיימת התאמה לנגישות בתוך המבנה. לגבי חניה חינמית או תנאי חניה מפורטים, המידע לא פורסם במקורות שנבדקו."",""q"":""האם המרפאה נגישה ומה בתנאי החניה?""},{""a"":""בטקסט הציבורי מצוין כי פועלים רופאים מומחים וטכנאי מכשור רפואי, אך פרטי אנשי הצוות ושפות מענה לא צויינו במקורות שנבדקו. לפירוט שמות ותחומי התמחות מומלץ לפנות ישירות למרפאה."",""q"":""האם יש רשימת אנשי צוות ושפות מענה?""},{""a"":""המרפאה מפעילה אתר אינטרנט ומופיעה ברשתות חברתיות הכוללות אינסטגרם, פייסבוק ויוטיוב. בנוסף ניתן ליצור קשר טלפוני או בדוא\""ל לפי פרטי הקשר שפורסמו."",""q"":""אילו ערוצי תקשורת ציבוריים יש למרפאה?""}]","[{""a"":""המרפאה נמצאת במגדל הארבעה, קומה אחת ברחוב המצויין בכתובת בתל אביב-יפו. לפרטים על הגעה וניווט ניתן להשתמש באתר של המרפאה או ליצור קשר טלפוני."",""q"":""איפה נמצאת המרפאה ואיך להגיע?""},{""a"":""הרשימה כוללת בין היתר בוטוקס, מילויים ופיסול אף ללא ניתוח, הרמת עפעפיים וטיפולי PRP/IPRF. עבור טיפולים המוגדרים רפואיים, הקביעה וההתאמה נעשות בהתאם להערכת רופא בייעוץ."",""q"":""אילו טיפולים רפואיים מציעה המרפאה?""},{""a"":""לפי המידע הציבורי, בימי חול המרפאה פתוחה משעות הבוקר עד הערב, בשבת יש שעות מוגבלות וביום אחד בשבוע המרפאה סגורה. מומלץ לוודא שעות מדויקות לפני הגעה באמצעות הטלפון או האתר."",""q"":""מהן שעות הפעילות של המרפאה?""},{""a"":""לא צוינה אפשרות להזמנה מקוונת במקורות שנבדקו. לקבלת תיאום פגישה או הצעת מחיר יש לפנות ישירות בטלפון או בדוא\""ל, או להשאיר פרטים באמצעות השירות הרלוונטי ברשימת השירותים של המרפאה."",""q"":""כיצד מזמינים פגישה או מקבלים הצעת מחיר?""},{""a"":""נמסר שהמרפאה נגישה, כלומר קיימת התאמה לנגישות בתוך המבנה. לגבי חניה חינמית או תנאי חניה מפורטים, המידע לא פורסם במקורות שנבדקו."",""q"":""האם המרפאה נגישה ומה בתנאי החניה?""},{""a"":""בטקסט הציבורי מצוין כי פועלים רופאים מומחים וטכנאי מכשור רפואי, אך פרטי אנשי הצוות ושפות מענה לא צויינו במקורות שנבדקו. לפירוט שמות ותחומי התמחות מומלץ לפנות ישירות למרפאה."",""q"":""האם יש רשימת אנשי צוות ושפות מענה?""},{""a"":""המרפאה מפעילה אתר אינטרנט ומופיעה ברשתות חברתיות הכוללות אינסטגרם, פייסבוק ויוטיוב. בנוסף ניתן ליצור קשר טלפוני או בדוא\""ל לפי פרטי הקשר שפורסמו."",""q"":""אילו ערוצי תקשורת ציבוריים יש למרפאה?""}]",https://beautyfind.co.il/dan/biz/zoi-med-aesthetics
2bfb8414-092f-460d-86f5-6e60f0a007ba,ZOI Med Aesthetics - מרפאת זוי,metaTitle,תל אביב–יפו x1,ZOI Med Aesthetics - מרפאת זוי תל אביב–יפו,ZOI Med Aesthetics - מרפאת זוי תל אביב-יפו,https://beautyfind.co.il/dan/biz/zoi-med-aesthetics
e82c7cf7-1eca-4b89-ac42-4846b53f53c8,be studio תל-אביב - בי סטודיו,metaTitle,תל אביב–יפו x1,be studio תל-אביב - בי סטודיו תל אביב–יפו,be studio תל-אביב - בי סטודיו תל אביב-יפו,https://beautyfind.co.il/dan/biz/be-studio
fbb4d1ed-8c4f-4d5e-a866-a86104204fa4,couture hair barbershop NYC New York,metaTitle,תל אביב–יפו x1,couture hair barbershop NYC New York תל אביב–יפו,couture hair barbershop NYC New York תל אביב-יפו,https://beautyfind.co.il/dan/biz/couture-hair-barbershop-nyc-new-york
9d70917d-d54a-45f9-b71f-1531509ecf2b,emi lee beauty salon – Nail & Beauty Tel Aviv,metaTitle,תל אביב–יפו x1,emi lee beauty salon – Nail & Beauty Tel Aviv תל אביב–יפו,emi lee beauty salon – Nail & Beauty Tel Aviv תל אביב-יפו,https://beautyfind.co.il/dan/biz/emi-lee-beauty-salon-nail-and-beauty-tel-aviv
b31e7964-7cb9-420e-86ad-9b8a746d6975,myclinic Lillienblum,description,תל אביב–יפו x1,"myclinic Lillienblum בתל אביב–יפו היא קליניקה אסתטית ושירותי יופי הממוקמת ברחוב לילינבלום 17. הפרופיל והאתר של הקליניקה מציגים מגוון טיפולים לפנים, לגוף ולשיער כולל טיפולים רפואיים וניתוחים פלסטיים. המטופלים מוצאים במקום שירותים כמו טיפולי פנים מקצועיים, טיפולי עיצוב גוף והסרת שיער בלייזר, וכן הזרקות אסתטיות וכירורגיה פלסטית.

התפריט כולל טיפולי פנים מסוגים שונים, ניקוי עמוק, טיפולי אקנה, טיפולי אנטי אייג׳ינג, מסאז׳ים ופוטותרפיות LED, לצד פרוצדורות כגון מיקרונידלינג, מזותרפיה ותרפיות חמצן. בתחום האסתטיקה הרפואית מוצעים בוטוקס, חומרי מילוי לשפתיים ולאף, Skin boosters וטיפולים אחרים המוזכרים כטיפולים רפואיים. בתחום הגוף קיימות אפשרויות לסילוק שיער, שעוות, עיסויים מקצועיים וטיפולים לחיטוב.

כחלק מהמידע הציבורי, הקליניקה מפרסמת גם טיפולים שנתפסים כמתקדמים בדף הבית שלה, לדוגמה Morpheus8, Lumecca IPL, PRF ו־DERMAPEN. עבור ניתוחים פלסטיים מצוין כי פעולות כירורגיות מבוצעות על ידי דוקטור ספציפי, צוין ד ר Samuel Levy בפרטי המקור. הקליניקה מציינת צוות הכולל רופאים מתחומי רפואה אסתטית, דרמטולוגיה ואוסטאופתיה בין היתר.

שעות הפעילות המפורטות הן ימי ראשון עד חמישי בין 09:00 ל־20:00, יום שישי בין 09:00 ל־14:00 ושבת סגור. נגישות המקום מסומנת כנגישה, אך פרטי חניה חופשית לא פורסמו במקורות שנבדקו. בתיקיית המדיה יש תמונות וסרטונים הממחישים חלק מהטיפולים והמרחב, וכן דירוג ציבורי מופיע כנקודת מידע משלימה.

ליצירת קשר או לקביעת פגישה ניתן להשתמש בטלפון שמופיע בפרופיל, בשלוחה וואטסאפ, באמצעות אימייל ובדרך כלל דרך האתר הראשי myclinic.co. ברשומות שנבדקו צוין כי קיימים גם פרופילים ברשתות חברתיות כמו אינסטגרם, פייסבוק ו־YouTube למידע וחידושים נוספים. מערכת הזמנות מקוונת לא צוינה כפעילה בפרטי המידע הזמינים.

המידע שנמסר כאן מתבסס על פרטי הקליניקה כפי שהם הופיעו במקורות הציבוריים שהועברו במקור המידע. למחירים מדויקים, זמינות תורים ופירוט אישיות הצוות מומלץ לפנות ישירות בערוצי הקשר המצוינים, שכן לא כל הטיפולים מופיעים עם מחיר או פירוט נוסף בפריטי המקור.","myclinic Lillienblum בתל אביב-יפו היא קליניקה אסתטית ושירותי יופי הממוקמת ברחוב לילינבלום 17. הפרופיל והאתר של הקליניקה מציגים מגוון טיפולים לפנים, לגוף ולשיער כולל טיפולים רפואיים וניתוחים פלסטיים. המטופלים מוצאים במקום שירותים כמו טיפולי פנים מקצועיים, טיפולי עיצוב גוף והסרת שיער בלייזר, וכן הזרקות אסתטיות וכירורגיה פלסטית.

התפריט כולל טיפולי פנים מסוגים שונים, ניקוי עמוק, טיפולי אקנה, טיפולי אנטי אייג׳ינג, מסאז׳ים ופוטותרפיות LED, לצד פרוצדורות כגון מיקרונידלינג, מזותרפיה ותרפיות חמצן. בתחום האסתטיקה הרפואית מוצעים בוטוקס, חומרי מילוי לשפתיים ולאף, Skin boosters וטיפולים אחרים המוזכרים כטיפולים רפואיים. בתחום הגוף קיימות אפשרויות לסילוק שיער, שעוות, עיסויים מקצועיים וטיפולים לחיטוב.

כחלק מהמידע הציבורי, הקליניקה מפרסמת גם טיפולים שנתפסים כמתקדמים בדף הבית שלה, לדוגמה Morpheus8, Lumecca IPL, PRF ו־DERMAPEN. עבור ניתוחים פלסטיים מצוין כי פעולות כירורגיות מבוצעות על ידי דוקטור ספציפי, צוין ד ר Samuel Levy בפרטי המקור. הקליניקה מציינת צוות הכולל רופאים מתחומי רפואה אסתטית, דרמטולוגיה ואוסטאופתיה בין היתר.

שעות הפעילות המפורטות הן ימי ראשון עד חמישי בין 09:00 ל־20:00, יום שישי בין 09:00 ל־14:00 ושבת סגור. נגישות המקום מסומנת כנגישה, אך פרטי חניה חופשית לא פורסמו במקורות שנבדקו. בתיקיית המדיה יש תמונות וסרטונים הממחישים חלק מהטיפולים והמרחב, וכן דירוג ציבורי מופיע כנקודת מידע משלימה.

ליצירת קשר או לקביעת פגישה ניתן להשתמש בטלפון שמופיע בפרופיל, בשלוחה וואטסאפ, באמצעות אימייל ובדרך כלל דרך האתר הראשי myclinic.co. ברשומות שנבדקו צוין כי קיימים גם פרופילים ברשתות חברתיות כמו אינסטגרם, פייסבוק ו־YouTube למידע וחידושים נוספים. מערכת הזמנות מקוונת לא צוינה כפעילה בפרטי המידע הזמינים.

המידע שנמסר כאן מתבסס על פרטי הקליניקה כפי שהם הופיעו במקורות הציבוריים שהועברו במקור המידע. למחירים מדויקים, זמינות תורים ופירוט אישיות הצוות מומלץ לפנות ישירות בערוצי הקשר המצוינים, שכן לא כל הטיפולים מופיעים עם מחיר או פירוט נוסף בפריטי המקור.",https://beautyfind.co.il/dan/biz/myclinic-lillienblum
b31e7964-7cb9-420e-86ad-9b8a746d6975,myclinic Lillienblum,faqs,תל אביב–יפו x1,"[{""a"":""הקליניקה נמצאת ברחוב לילינבלום 17 בתל אביב–יפו. שעות הפעילות המפורטות הן ראשון עד חמישי 09:00 עד 20:00, יום שישי 09:00 עד 14:00 ושבת סגור."",""q"":""איפה ממוקמת myclinic Lillienblum ומהן שעות הפעילות?""},{""a"":""אפשר לפנות לטלפון שמופיע בפרופיל, בוואטסאפ, באמצעות אימייל או דרך האתר myclinic.co. פרטי קשר נוספים זמינים גם בעמודי הרשתות החברתיות של הקליניקה."",""q"":""אילו ערוצי תקשורת זמינים כדי לקבוע פגישה?""},{""a"":""כן. ברשימת השירותים מופיעים טיפולים המוגדרים כטיפול רפואי כולל בוטוקס, מזותרפיה, Skin boosters וחומרי מילוי לאף ולשפתיים. עבור ניתוחים פלסטיים צוין רופא מבצע שמוזכר במקורות."",""q"":""האם הקליניקה מציעה טיפולים רפואיים והזרקות?""},{""a"":""המחיר לא פורסם במקורות שנבדקו עבור רוב הטיפולים. לקבלת הצעת מחיר מעודכנת מומלץ לפנות ישירות בטלפון, בוואטסאפ או באימייל ולציין את סוג הטיפול המבוקש."",""q"":""כמה עולים הטיפולים ואיך מקבלים הצעת מחיר?""},{""a"":""המידע מציין כי המקום נגיש. לגבי חניה חופשית לא פורסם במקורות שנבדקו, לכן כדאי לברר זאת ישירות מול הקליניקה."",""q"":""האם המקום נגישה למוגבלים בניידות וחניה חינם?""},{""a"":""בפרטי המידע הזמינים מערכת הזמנות מקוונת לא צוינה כפעילה. לקביעת תור יש לפנות בערוצי הקשר המצוינים בטלפון, וואטסאפ או אימייל."",""q"":""האם ניתן להזמין תור דרך האתר?""}]","[{""a"":""הקליניקה נמצאת ברחוב לילינבלום 17 בתל אביב-יפו. שעות הפעילות המפורטות הן ראשון עד חמישי 09:00 עד 20:00, יום שישי 09:00 עד 14:00 ושבת סגור."",""q"":""איפה ממוקמת myclinic Lillienblum ומהן שעות הפעילות?""},{""a"":""אפשר לפנות לטלפון שמופיע בפרופיל, בוואטסאפ, באמצעות אימייל או דרך האתר myclinic.co. פרטי קשר נוספים זמינים גם בעמודי הרשתות החברתיות של הקליניקה."",""q"":""אילו ערוצי תקשורת זמינים כדי לקבוע פגישה?""},{""a"":""כן. ברשימת השירותים מופיעים טיפולים המוגדרים כטיפול רפואי כולל בוטוקס, מזותרפיה, Skin boosters וחומרי מילוי לאף ולשפתיים. עבור ניתוחים פלסטיים צוין רופא מבצע שמוזכר במקורות."",""q"":""האם הקליניקה מציעה טיפולים רפואיים והזרקות?""},{""a"":""המחיר לא פורסם במקורות שנבדקו עבור רוב הטיפולים. לקבלת הצעת מחיר מעודכנת מומלץ לפנות ישירות בטלפון, בוואטסאפ או באימייל ולציין את סוג הטיפול המבוקש."",""q"":""כמה עולים הטיפולים ואיך מקבלים הצעת מחיר?""},{""a"":""המידע מציין כי המקום נגיש. לגבי חניה חופשית לא פורסם במקורות שנבדקו, לכן כדאי לברר זאת ישירות מול הקליניקה."",""q"":""האם המקום נגישה למוגבלים בניידות וחניה חינם?""},{""a"":""בפרטי המידע הזמינים מערכת הזמנות מקוונת לא צוינה כפעילה. לקביעת תור יש לפנות בערוצי הקשר המצוינים בטלפון, וואטסאפ או אימייל."",""q"":""האם ניתן להזמין תור דרך האתר?""}]",https://beautyfind.co.il/dan/biz/myclinic-lillienblum
b31e7964-7cb9-420e-86ad-9b8a746d6975,myclinic Lillienblum,metaTitle,תל אביב–יפו x1,myclinic Lillienblum תל אביב–יפו: קוסמטיקה וטיפולי פנים,myclinic Lillienblum תל אביב-יפו: קוסמטיקה וטיפולי פנים,https://beautyfind.co.il/dan/biz/myclinic-lillienblum
b31e7964-7cb9-420e-86ad-9b8a746d6975,myclinic Lillienblum,metaDescription,תל אביב–יפו x1,"קליניקה בתל אביב–יפו המציעה טיפולי פנים, הזרקות, הסרת שיער וטיפולים גוף. פתוח א׳־ה׳ 09:00 ל־20:00. פנייה דרך טלפון, וואטסאפ, אימייל או האתר.","קליניקה בתל אביב-יפו המציעה טיפולי פנים, הזרקות, הסרת שיער וטיפולים גוף. פתוח א׳־ה׳ 09:00 ל־20:00. פנייה דרך טלפון, וואטסאפ, אימייל או האתר.",https://beautyfind.co.il/dan/biz/myclinic-lillienblum
976d943f-892f-4dc3-a180-0a45663580f5,yullia King George,metaTitle,תל אביב–יפו x1,yullia King George תל אביב–יפו: הסרת שיער | מחירים וביקורות,yullia King George תל אביב-יפו: הסרת שיער | מחירים וביקורות,https://beautyfind.co.il/dan/biz/yullia-king-george
38f43de7-2cc4-47ed-8683-9f8031c3eb42,yullia Yirmeyahu,metaTitle,תל אביב–יפו x1,yullia Yirmeyahu תל אביב–יפו: הסרת שיער | מחירים וביקורות,yullia Yirmeyahu תל אביב-יפו: הסרת שיער | מחירים וביקורות,https://beautyfind.co.il/dan/biz/yullia-yirmeyahu
142e0ef4-d3fe-47ab-803c-a44e2e6e6825,Éclat beauty space,metaTitle,תל אביב–יפו x1,"Éclat beauty space תל אביב–יפו: ציפורניים, מניקור ופדיקור","Éclat beauty space תל אביב-יפו: ציפורניים, מניקור ופדיקור",https://beautyfind.co.il/dan/biz/eclat-beauty-space
c3968672-6116-457f-b3da-24f7aacf2dbb,ĀTO,metaTitle,תל אביב–יפו x1,ĀTO תל אביב–יפו: קוסמטיקה וטיפולי פנים | מחירים וביקורות,ĀTO תל אביב-יפו: קוסמטיקה וטיפולי פנים | מחירים וביקורות,https://beautyfind.co.il/dan/biz/to
ecaaa21f-6402-480b-94a6-f54aeb71b095,אי-קו סלון - Ei-Co Salon,metaTitle,תל אביב–יפו x1,אי-קו סלון - Ei-Co Salon תל אביב–יפו: מספרות ועיצוב שיער,אי-קו סלון - Ei-Co Salon תל אביב-יפו: מספרות ועיצוב שיער,https://beautyfind.co.il/dan/biz/ei-co-salon
39725c0f-27d3-43e2-b215-b440c24530bc,איילת גייר השתלות שיער בישראל וטיפולים מתקדמים,metaTitle,תל אביב–יפו x1,איילת גייר השתלות שיער בישראל וטיפולים מתקדמים תל אביב–יפו,איילת גייר השתלות שיער בישראל וטיפולים מתקדמים תל אביב-יפו,https://beautyfind.co.il/dan/biz/איילת-גייר-השתלות-שיער-בישראל-וטיפולים-מתקדמים
b8d35e6b-4975-4351-8cdc-efb35b189595,אמריקן לייזר- תל אביב,metaTitle,תל אביב–יפו x1,אמריקן לייזר- תל אביב תל אביב–יפו: הסרת שיער,אמריקן לייזר- תל אביב תל אביב-יפו: הסרת שיער,https://beautyfind.co.il/dan/biz/אמריקן-לייזר-תל-אביב
10e7985d-1462-400f-bff7-4503254b418e,אנדר פלאנט Another planet,metaTitle,תל אביב–יפו x1,אנדר פלאנט Another planet תל אביב–יפו: גבות וריסים,אנדר פלאנט Another planet תל אביב-יפו: גבות וריסים,https://beautyfind.co.il/dan/biz/another-planet
4c6fbe8b-f945-4e62-8586-8c94d711366f,אנזו מד Anzo Med,description,תל אביב–יפו x1,"אנזו מד Anzo Med היא קליניקה בתל אביב–יפו בתחום אסתטיקה רפואית, קוסמטיקה וטיפולי פנים, השתלות שיער וטיפול בנשירה. הכתובת שפורסמה היא HaSharon St 14, Tel Aviv-Yafo, 6618507. העסק מציין 6 תחומים: אסתטיקה רפואית, קוסמטיקה וטיפולי פנים, השתלות שיער וטיפול בנשירה, כירורגיה פלסטית, איפור קבוע, מספרות ועיצוב שיער. כך העסק מציג את עצמו: אנזו מד- קליניקה לאסתטיקה רפואית בתל אביב. טיפולים אסתטיים לפיסול פנים וצוואר ללא ניתוח, עיצוב ומילוי קמטים חומצות | מכשור RF | חוטים | חומצה | איפור קבוע | בוטוקס | פילינג רפואי ‏| PRP | IPRF מתבצע על ידי רופאים מומחים באסתטיקה

אסתטיקה רפואית כוללת הזרקות וטיפולים שמבצע רופא או אחות בפיקוח רופא. בתחום אסתטיקה רפואית מפורסמים: הטיפולים שלנו בוטוקס לטיפול בקמטים (המחיר לא פורסם); סקין בוסטר (המחיר לא פורסם); סקין בוסטר ופילינג בקליניקה (המחיר לא פורסם); בוטוקס וקמטים (המחיר לא פורסם); Botox / Dysport (המחיר לא פורסם); PRP / IPRF (המחיר לא פורסם); בוטוקס לטיפול בקמטים (המחיר לא פורסם); טיפול PRP / IPRF (המחיר לא פורסם); בוטוקס לטיפול בקמטים - ANZO MED (המחיר לא פורסם); טיפול PRP (המחיר לא פורסם); סקין בוסטר ומזותרפיה לשיפור מרקם העור (המחיר לא פורסם); מזותרפיה בשילוב סקין בוסטר (המחיר לא פורסם). טיפולים רפואיים מבוצעים לפי החלטת רופא בייעוץ, ושם נקבע גם המחיר הסופי.

כירורגיה פלסטית היא ניתוחים אסתטיים שמבצע מנתח. בתחום כירורגיה פלסטית מפורסמים: הרמת עפעפיים (המחיר לא פורסם); מתיחת פנים בחוטים (המחיר לא פורסם); סטטיסטיקה וניתוח נתונים (המחיר לא פורסם); טיפול בהזעת יתר ללא ניתוח (המחיר לא פורסם). טיפולים רפואיים מבוצעים לפי החלטת רופא בייעוץ, ושם נקבע גם המחיר הסופי.

איפור קבוע הוא פיגמנטציה של גבות, שפתיים או אייליינר. בתחום איפור קבוע מפורסמים: איפור קבוע – סימטריה ומראה טבעי לטווח ארוך (המחיר לא פורסם); איפור קבוע הרמת ריסים (המחיר לא פורסם); איפור קבוע (המחיר לא פורסם); איפור קבוע – סימטריה ומראה טבעי (המחיר לא פורסם).

שירותי מספרה כוללים תספורות, צבע ועיצוב שיער. בתחום מספרות ועיצוב שיער מפורסמים: מרקם העור פיגמנטציה וטיפול הבהרה (המחיר לא פורסם); פיגמנטציה וטיפול הבהרה (המחיר לא פורסם).

טיפולי פנים נועדו לניקוי, הזנה וטיפוח של עור הפנים. בתחום קוסמטיקה וטיפולי פנים מפורסמים: טיפול בצלקות אקנה ואקנה פעיל (המחיר לא פורסם); טיפול בצלקות ואקנה פעיל (המחיר לא פורסם); מכשור רפואי מתקדם: לטיפול בכתמים ושיפור מרקם העור. (המחיר לא פורסם); מי שיש לו פיגמנטציה ונזקי שמש (המחיר לא פורסם).

התחום עוסק בהשתלות שיער ובטיפול בנשירה. בתחום השתלות שיער וטיפול בנשירה מפורסמים: טיפולי שיער טיפול PRP – תהליך טבעי לשיער בריא (המחיר לא פורסם); טיפול שיער ופנים PRP / IPRF (המחיר לא פורסם); PRP – תהליך טבעי לשיער בריא (המחיר לא פורסם); PRP / IPRF שחזור שיער (המחיר לא פורסם); טיפול PRP – תהליך טבעי לשיער בריא (המחיר לא פורסם). טיפולים רפואיים מבוצעים לפי החלטת רופא בייעוץ, ושם נקבע גם המחיר הסופי.

השירותים שהעסק מפרסם בתחום הזה. בתחום שירותים נוספים מפורסמים: לשיחת ייעוץ (ללא עלות לפי פרסום העסק); מוכנים להתחיל? ייעוץ בקליניקה בתל אביב (ללא עלות לפי פרסום העסק); מוזמנים ליצור קשר בנוגע לכל שאלה וקבלת ייעוץ לטיפול הראשון שלכם! (ללא עלות לפי פרסום העסק).

טיפולי חיטוב הגוף נועדו לעיצוב היקפים ולמיצוק העור. בתחום עיצוב וחיטוב הגוף מפורסמים: טיפולי גוף וחיטוב (המחיר לא פורסם).

טיפולי גבות וריסים כוללים עיצוב, צביעה, הרמה והארכה. בתחום גבות וריסים מפורסמים: הרמת ריסים (המחיר לא פורסם).

בסך הכול מפורסמים 36 שירותים, ללא מחירים מפורסמים, ולשיחת ייעוץ, מוכנים להתחיל? ייעוץ בקליניקה בתל אביב, מוזמנים ליצור קשר בנוגע לכל שאלה וקבלת ייעוץ לטיפול הראשון שלכם! ללא עלות לפי פרסום העסק.

ל33 שירותים לא פורסם מחיר במקורות שנבדקו (הטיפולים שלנו בוטוקס לטיפול בקמטים, הרמת עפעפיים, איפור קבוע – סימטריה ומראה טבעי לטווח ארוך, מרקם העור פיגמנטציה וטיפול הבהרה ועוד). לקבלת הצעת מחיר פונים לעסק ישירות דרך פרטי הקשר בעמוד.

שעות הפעילות שפורסמו: ראשון 09:00 עד 20:00, שני 09:00 עד 20:00, שלישי 09:00 עד 20:00, רביעי 09:00 עד 20:00, חמישי 09:00 עד 20:00, שישי 09:00 עד 14:00, שבת סגור. העסק פתוח 6 ימים בשבוע לפי הפרסום. השעות עשויות להשתנות בחגים ובימים מיוחדים, ולכן כדאי לוודא מול העסק לפני ההגעה.

המקום נגיש לכיסא גלגלים לפי הצהרת העסק. בעמוד מוצגות 8 תמונות מהעסק.

אפשר ליצור קשר עם העסק בטלפון, בוואטסאפ, בדוא״ל, באתר anzomed.co.il, וברשתות (Instagram, Facebook, TikTok). בעמוד מופיעים גם הכתובת, מפה וקישורי ניווט בוויז ובגוגל. לבירור זמינות ותיאום פונים לעסק ישירות; אחרי שהעסק יאמת את הכרטיס אפשר יהיה להשאיר כאן פנייה. בגוגל יש לעסק דירוג 4.9 על סמך 98 ביקורות; הדירוג מוצג כפי שהוא ואינו נערך.

המחירים מוצגים כפי שפרסם העסק, בלי לקבוע אם הם כוללים מע״מ, ומחיר סופי נמסר על ידי העסק בלבד. כל הפרטים בעמוד נאספו ממקורות פומביים של העסק, והעסק יכול לתקן ולהשלים אותם אחרי אימות הכרטיס. לשאלות נפוצות על המיקום, המחירים ודרכי הפנייה יש מדור נפרד בהמשך העמוד.","אנזו מד Anzo Med היא קליניקה בתל אביב-יפו בתחום אסתטיקה רפואית, קוסמטיקה וטיפולי פנים, השתלות שיער וטיפול בנשירה. הכתובת שפורסמה היא HaSharon St 14, Tel Aviv-Yafo, 6618507. העסק מציין 6 תחומים: אסתטיקה רפואית, קוסמטיקה וטיפולי פנים, השתלות שיער וטיפול בנשירה, כירורגיה פלסטית, איפור קבוע, מספרות ועיצוב שיער. כך העסק מציג את עצמו: אנזו מד- קליניקה לאסתטיקה רפואית בתל אביב. טיפולים אסתטיים לפיסול פנים וצוואר ללא ניתוח, עיצוב ומילוי קמטים חומצות | מכשור RF | חוטים | חומצה | איפור קבוע | בוטוקס | פילינג רפואי ‏| PRP | IPRF מתבצע על ידי רופאים מומחים באסתטיקה

אסתטיקה רפואית כוללת הזרקות וטיפולים שמבצע רופא או אחות בפיקוח רופא. בתחום אסתטיקה רפואית מפורסמים: הטיפולים שלנו בוטוקס לטיפול בקמטים (המחיר לא פורסם); סקין בוסטר (המחיר לא פורסם); סקין בוסטר ופילינג בקליניקה (המחיר לא פורסם); בוטוקס וקמטים (המחיר לא פורסם); Botox / Dysport (המחיר לא פורסם); PRP / IPRF (המחיר לא פורסם); בוטוקס לטיפול בקמטים (המחיר לא פורסם); טיפול PRP / IPRF (המחיר לא פורסם); בוטוקס לטיפול בקמטים - ANZO MED (המחיר לא פורסם); טיפול PRP (המחיר לא פורסם); סקין בוסטר ומזותרפיה לשיפור מרקם העור (המחיר לא פורסם); מזותרפיה בשילוב סקין בוסטר (המחיר לא פורסם). טיפולים רפואיים מבוצעים לפי החלטת רופא בייעוץ, ושם נקבע גם המחיר הסופי.

כירורגיה פלסטית היא ניתוחים אסתטיים שמבצע מנתח. בתחום כירורגיה פלסטית מפורסמים: הרמת עפעפיים (המחיר לא פורסם); מתיחת פנים בחוטים (המחיר לא פורסם); סטטיסטיקה וניתוח נתונים (המחיר לא פורסם); טיפול בהזעת יתר ללא ניתוח (המחיר לא פורסם). טיפולים רפואיים מבוצעים לפי החלטת רופא בייעוץ, ושם נקבע גם המחיר הסופי.

איפור קבוע הוא פיגמנטציה של גבות, שפתיים או אייליינר. בתחום איפור קבוע מפורסמים: איפור קבוע – סימטריה ומראה טבעי לטווח ארוך (המחיר לא פורסם); איפור קבוע הרמת ריסים (המחיר לא פורסם); איפור קבוע (המחיר לא פורסם); איפור קבוע – סימטריה ומראה טבעי (המחיר לא פורסם).

שירותי מספרה כוללים תספורות, צבע ועיצוב שיער. בתחום מספרות ועיצוב שיער מפורסמים: מרקם העור פיגמנטציה וטיפול הבהרה (המחיר לא פורסם); פיגמנטציה וטיפול הבהרה (המחיר לא פורסם).

טיפולי פנים נועדו לניקוי, הזנה וטיפוח של עור הפנים. בתחום קוסמטיקה וטיפולי פנים מפורסמים: טיפול בצלקות אקנה ואקנה פעיל (המחיר לא פורסם); טיפול בצלקות ואקנה פעיל (המחיר לא פורסם); מכשור רפואי מתקדם: לטיפול בכתמים ושיפור מרקם העור. (המחיר לא פורסם); מי שיש לו פיגמנטציה ונזקי שמש (המחיר לא פורסם).

התחום עוסק בהשתלות שיער ובטיפול בנשירה. בתחום השתלות שיער וטיפול בנשירה מפורסמים: טיפולי שיער טיפול PRP – תהליך טבעי לשיער בריא (המחיר לא פורסם); טיפול שיער ופנים PRP / IPRF (המחיר לא פורסם); PRP – תהליך טבעי לשיער בריא (המחיר לא פורסם); PRP / IPRF שחזור שיער (המחיר לא פורסם); טיפול PRP – תהליך טבעי לשיער בריא (המחיר לא פורסם). טיפולים רפואיים מבוצעים לפי החלטת רופא בייעוץ, ושם נקבע גם המחיר הסופי.

השירותים שהעסק מפרסם בתחום הזה. בתחום שירותים נוספים מפורסמים: לשיחת ייעוץ (ללא עלות לפי פרסום העסק); מוכנים להתחיל? ייעוץ בקליניקה בתל אביב (ללא עלות לפי פרסום העסק); מוזמנים ליצור קשר בנוגע לכל שאלה וקבלת ייעוץ לטיפול הראשון שלכם! (ללא עלות לפי פרסום העסק).

טיפולי חיטוב הגוף נועדו לעיצוב היקפים ולמיצוק העור. בתחום עיצוב וחיטוב הגוף מפורסמים: טיפולי גוף וחיטוב (המחיר לא פורסם).

טיפולי גבות וריסים כוללים עיצוב, צביעה, הרמה והארכה. בתחום גבות וריסים מפורסמים: הרמת ריסים (המחיר לא פורסם).

בסך הכול מפורסמים 36 שירותים, ללא מחירים מפורסמים, ולשיחת ייעוץ, מוכנים להתחיל? ייעוץ בקליניקה בתל אביב, מוזמנים ליצור קשר בנוגע לכל שאלה וקבלת ייעוץ לטיפול הראשון שלכם! ללא עלות לפי פרסום העסק.

ל33 שירותים לא פורסם מחיר במקורות שנבדקו (הטיפולים שלנו בוטוקס לטיפול בקמטים, הרמת עפעפיים, איפור קבוע – סימטריה ומראה טבעי לטווח ארוך, מרקם העור פיגמנטציה וטיפול הבהרה ועוד). לקבלת הצעת מחיר פונים לעסק ישירות דרך פרטי הקשר בעמוד.

שעות הפעילות שפורסמו: ראשון 09:00 עד 20:00, שני 09:00 עד 20:00, שלישי 09:00 עד 20:00, רביעי 09:00 עד 20:00, חמישי 09:00 עד 20:00, שישי 09:00 עד 14:00, שבת סגור. העסק פתוח 6 ימים בשבוע לפי הפרסום. השעות עשויות להשתנות בחגים ובימים מיוחדים, ולכן כדאי לוודא מול העסק לפני ההגעה.

המקום נגיש לכיסא גלגלים לפי הצהרת העסק. בעמוד מוצגות 8 תמונות מהעסק.

אפשר ליצור קשר עם העסק בטלפון, בוואטסאפ, בדוא״ל, באתר anzomed.co.il, וברשתות (Instagram, Facebook, TikTok). בעמוד מופיעים גם הכתובת, מפה וקישורי ניווט בוויז ובגוגל. לבירור זמינות ותיאום פונים לעסק ישירות; אחרי שהעסק יאמת את הכרטיס אפשר יהיה להשאיר כאן פנייה. בגוגל יש לעסק דירוג 4.9 על סמך 98 ביקורות; הדירוג מוצג כפי שהוא ואינו נערך.

המחירים מוצגים כפי שפרסם העסק, בלי לקבוע אם הם כוללים מע״מ, ומחיר סופי נמסר על ידי העסק בלבד. כל הפרטים בעמוד נאספו ממקורות פומביים של העסק, והעסק יכול לתקן ולהשלים אותם אחרי אימות הכרטיס. לשאלות נפוצות על המיקום, המחירים ודרכי הפנייה יש מדור נפרד בהמשך העמוד.",https://beautyfind.co.il/dan/biz/anzo-med
4c6fbe8b-f945-4e62-8586-8c94d711366f,אנזו מד Anzo Med,faqs,תל אביב–יפו x1,"[{""a"":""הכתובת היא HaSharon St 14, Tel Aviv-Yafo, 6618507, תל אביב–יפו. בעמוד יש קישורי ניווט בוויז ובגוגל."",""q"":""איפה נמצא אנזו מד Anzo Med?""},{""a"":""לפי המקורות שנבדקו: הטיפולים שלנו בוטוקס לטיפול בקמטים, הרמת עפעפיים, איפור קבוע – סימטריה ומראה טבעי לטווח ארוך, מרקם העור פיגמנטציה וטיפול הבהרה, סקין בוסטר, טיפול בצלקות אקנה ואקנה פעיל ועוד. הרשימה המלאה מופיעה בעמוד תחת שירותים ומחירים."",""q"":""אילו שירותים מציע אנזו מד Anzo Med?""},{""a"":""חלק מהמחירים פורסמו על ידי העסק, למשל לשיחת ייעוץ ללא עלות לפי פרסום העסק, מוכנים להתחיל? ייעוץ בקליניקה בתל אביב ללא עלות לפי פרסום העסק, מוזמנים ליצור קשר בנוגע לכל שאלה וקבלת ייעוץ לטיפול הראשון שלכם! ללא עלות לפי פרסום העסק. לשירותים ללא מחיר מפורסם מבקשים הצעת מחיר מהעסק."",""q"":""מה המחירים?""},{""a"":""פונים לעסק בטלפון, בוואטסאפ, בדוא״ל, באתר anzomed.co.il, וברשתות (Instagram, Facebook, TikTok). אחרי שהעסק יאמת את הכרטיס אפשר יהיה להשאיר כאן פנייה."",""q"":""איך קובעים תור או מבררים זמינות?""},{""a"":""ראשון 09:00 עד 20:00, שני 09:00 עד 20:00, שלישי 09:00 עד 20:00, רביעי 09:00 עד 20:00, חמישי 09:00 עד 20:00, שישי 09:00 עד 14:00, שבת סגור. כדאי לוודא לפני הגעה."",""q"":""מה שעות הפעילות?""},{""a"":""לא נמצא מידע מאומת על חניה מטעם העסק. המקום נגיש לכיסא גלגלים לפי הצהרת העסק. מומלץ לבדוק מול העסק לפני ההגעה."",""q"":""יש חניה ונגישות?""}]","[{""a"":""הכתובת היא HaSharon St 14, Tel Aviv-Yafo, 6618507, תל אביב-יפו. בעמוד יש קישורי ניווט בוויז ובגוגל."",""q"":""איפה נמצא אנזו מד Anzo Med?""},{""a"":""לפי המקורות שנבדקו: הטיפולים שלנו בוטוקס לטיפול בקמטים, הרמת עפעפיים, איפור קבוע – סימטריה ומראה טבעי לטווח ארוך, מרקם העור פיגמנטציה וטיפול הבהרה, סקין בוסטר, טיפול בצלקות אקנה ואקנה פעיל ועוד. הרשימה המלאה מופיעה בעמוד תחת שירותים ומחירים."",""q"":""אילו שירותים מציע אנזו מד Anzo Med?""},{""a"":""חלק מהמחירים פורסמו על ידי העסק, למשל לשיחת ייעוץ ללא עלות לפי פרסום העסק, מוכנים להתחיל? ייעוץ בקליניקה בתל אביב ללא עלות לפי פרסום העסק, מוזמנים ליצור קשר בנוגע לכל שאלה וקבלת ייעוץ לטיפול הראשון שלכם! ללא עלות לפי פרסום העסק. לשירותים ללא מחיר מפורסם מבקשים הצעת מחיר מהעסק."",""q"":""מה המחירים?""},{""a"":""פונים לעסק בטלפון, בוואטסאפ, בדוא״ל, באתר anzomed.co.il, וברשתות (Instagram, Facebook, TikTok). אחרי שהעסק יאמת את הכרטיס אפשר יהיה להשאיר כאן פנייה."",""q"":""איך קובעים תור או מבררים זמינות?""},{""a"":""ראשון 09:00 עד 20:00, שני 09:00 עד 20:00, שלישי 09:00 עד 20:00, רביעי 09:00 עד 20:00, חמישי 09:00 עד 20:00, שישי 09:00 עד 14:00, שבת סגור. כדאי לוודא לפני הגעה."",""q"":""מה שעות הפעילות?""},{""a"":""לא נמצא מידע מאומת על חניה מטעם העסק. המקום נגיש לכיסא גלגלים לפי הצהרת העסק. מומלץ לבדוק מול העסק לפני ההגעה."",""q"":""יש חניה ונגישות?""}]",https://beautyfind.co.il/dan/biz/anzo-med
4c6fbe8b-f945-4e62-8586-8c94d711366f,אנזו מד Anzo Med,metaTitle,תל אביב–יפו x1,אנזו מד Anzo Med תל אביב–יפו: אסתטיקה רפואית,אנזו מד Anzo Med תל אביב-יפו: אסתטיקה רפואית,https://beautyfind.co.il/dan/biz/anzo-med
4c6fbe8b-f945-4e62-8586-8c94d711366f,אנזו מד Anzo Med,metaDescription,תל אביב–יפו x1,"אנזו מד Anzo Med בתל אביב–יפו, אסתטיקה רפואית וקוסמטיקה וטיפולי פנים. שירותים: הטיפולים שלנו בוטוקס לטיפול בקמטים, הרמת עפעפיים, איפור קבוע – סימטריה ומראה טבעי","אנזו מד Anzo Med בתל אביב-יפו, אסתטיקה רפואית וקוסמטיקה וטיפולי פנים. שירותים: הטיפולים שלנו בוטוקס לטיפול בקמטים, הרמת עפעפיים, איפור קבוע – סימטריה ומראה טבעי",https://beautyfind.co.il/dan/biz/anzo-med
2d77cda8-c9e8-4e41-b039-51c7d0edc141,אריאל מספרה נווה אביבים רמת אביב,description,תל אביב–יפו x1,"אריאל מספרה נווה אביבים רמת אביב פועלת בתל אביב–יפו ומציעה שירותי עיצוב שיער ומספרה במיקום מרכזי בשכונת נווה אביבים. העסק מזוהה עם שמו של אריאל ומצוין כמעצב שיער מומחה לתספורות, צבעים, תסרוקות והחלקות על פי הטקסט בפרופיל העסק.

תחום הפעילות כולל תספורות ועיצוב שיער, צבעי שיער וצבעים ללא אמוניה בתמהיל המכיל תמציות צמחים ושמנים אתריים. המידע שבפרופיל מציין גם החלקות שיער ללא פורמלין עם אישור שנמסר בפרופיל ותוספות שיער. במילים פשוטות, תספורת משנה או מתאמת את מראה השיער, צבע משנה גוון או מסייע בכיסוי שיבה, החלקה מטפלת במרקם השיער ותוספות מוסיפות נפח או אורך.

הפרופיל העסקי מציין שאיריאל עבר השתלמויות בחו""ל ומחזיק ברישיון קוסמוטולוג מארצות הברית, וכן עובד בשיתוף פעולה עם חברות כמו L'OREAL, KEUNE, Schwarzkopf ו WELLA. אלה עובדות הנובעות מתיאור העסק ומצביעות על התמקדות בטיפולי צבע וכימיה לשיער כפי שנרשם במקורות.

הקליניקה ממוקמת ברחוב טאגור 55 בנווה אביבים, הכתוב בפרופיל. שעות הפעילות מפורטות כך שהמקום פתוח בימים מסוימים בין 08:00 ל 19:00, וביום שישי עד 16:00. לפי לוח הזמנים שבמקור, המספרה סגורה בימי שני ובימי שבת.

העסק מסומן כנגיש, כלומר ישנה גישה מותאמת כנראה לכניסה ושירותים לפי הציון לנגישות שנרשם בפרופיל. פרטי חניה חינמית לא פורטו במקורות שנבדקו, ולכן אין מידע מאומת בנושא החניה.

ליצירת קשר נקבע כי ניתן להתקשר לטלפון או לשלוח אימייל כפי שסומן בפרופיל. לעסק יש עמוד פייסבוק פעיל שבו מוצגות תמונות של עבודות במידה ורוצים לראות דוגמאות לפני קביעת תור. הזמנה מקוונת דרך אתר אינה מסומנת, לכן יש לתאם תור בהתכתבות או בשיחה ישירה.

הפרופיל מציין דירוג ממוצע חמש מתוך מספר חוות דעת, עובדה המופיעה במקור. התמונות בעמוד משמשות כהדגמה ויזואלית של סוגי התספורות והעבודות שמוצעות, ולמבקשים פרטים נוספים מומלץ לפנות ישירות דרך הטלפון או האימייל המופיעים בפרופיל.","אריאל מספרה נווה אביבים רמת אביב פועלת בתל אביב-יפו ומציעה שירותי עיצוב שיער ומספרה במיקום מרכזי בשכונת נווה אביבים. העסק מזוהה עם שמו של אריאל ומצוין כמעצב שיער מומחה לתספורות, צבעים, תסרוקות והחלקות על פי הטקסט בפרופיל העסק.

תחום הפעילות כולל תספורות ועיצוב שיער, צבעי שיער וצבעים ללא אמוניה בתמהיל המכיל תמציות צמחים ושמנים אתריים. המידע שבפרופיל מציין גם החלקות שיער ללא פורמלין עם אישור שנמסר בפרופיל ותוספות שיער. במילים פשוטות, תספורת משנה או מתאמת את מראה השיער, צבע משנה גוון או מסייע בכיסוי שיבה, החלקה מטפלת במרקם השיער ותוספות מוסיפות נפח או אורך.

הפרופיל העסקי מציין שאיריאל עבר השתלמויות בחו""ל ומחזיק ברישיון קוסמוטולוג מארצות הברית, וכן עובד בשיתוף פעולה עם חברות כמו L'OREAL, KEUNE, Schwarzkopf ו WELLA. אלה עובדות הנובעות מתיאור העסק ומצביעות על התמקדות בטיפולי צבע וכימיה לשיער כפי שנרשם במקורות.

הקליניקה ממוקמת ברחוב טאגור 55 בנווה אביבים, הכתוב בפרופיל. שעות הפעילות מפורטות כך שהמקום פתוח בימים מסוימים בין 08:00 ל 19:00, וביום שישי עד 16:00. לפי לוח הזמנים שבמקור, המספרה סגורה בימי שני ובימי שבת.

העסק מסומן כנגיש, כלומר ישנה גישה מותאמת כנראה לכניסה ושירותים לפי הציון לנגישות שנרשם בפרופיל. פרטי חניה חינמית לא פורטו במקורות שנבדקו, ולכן אין מידע מאומת בנושא החניה.

ליצירת קשר נקבע כי ניתן להתקשר לטלפון או לשלוח אימייל כפי שסומן בפרופיל. לעסק יש עמוד פייסבוק פעיל שבו מוצגות תמונות של עבודות במידה ורוצים לראות דוגמאות לפני קביעת תור. הזמנה מקוונת דרך אתר אינה מסומנת, לכן יש לתאם תור בהתכתבות או בשיחה ישירה.

הפרופיל מציין דירוג ממוצע חמש מתוך מספר חוות דעת, עובדה המופיעה במקור. התמונות בעמוד משמשות כהדגמה ויזואלית של סוגי התספורות והעבודות שמוצעות, ולמבקשים פרטים נוספים מומלץ לפנות ישירות דרך הטלפון או האימייל המופיעים בפרופיל.",https://beautyfind.co.il/dan/biz/אריאל-מספרה-נווה-אביבים-רמת-אביב
2d77cda8-c9e8-4e41-b039-51c7d0edc141,אריאל מספרה נווה אביבים רמת אביב,faqs,תל אביב–יפו x1,"[{""a"":""המספרה ממוקמת בנווה אביבים בתל אביב–יפו ברחוב טאגור 55, כפי שמצויין בפרופיל העסק."",""q"":""איפה נמצאת המספרה?""},{""a"":""המקורות מציינים תספורות, צבעים, תסרוקות, החלקות שיער ללא פורמלין ותוספות שיער. פרטים נוספים על סוגי הטיפולים וסדרי העבודה יש לבקש ישירות בטלפון או באימייל."",""q"":""אילו שירותי שיער מוצעים במספרה?""},{""a"":""הזמנה מקוונת לא מסומנת במקורות שנבדקו, ולכן לא ניתן לאשר אפשרות כזו דרך האתר. מומלץ לתאם תור בטלפון או באימייל שמופיעים בפרופיל."",""q"":""האם ניתן להזמין תור אונליין?""},{""a"":""לפי לוח השעות במקורות, המקום פתוח בימים מסוימים בין 08:00 ל 19:00 וביום שישי עד 16:00. המספרה סגורה בימי שני ובימי שבת כפי שמתועד במקורות."",""q"":""מהן שעות הפעילות של המספרה?""},{""a"":""המקורות מציינים שהעסק נגיש, כלומר קיימת גישה מותאמת כנראה לכניסה ולמתקנים. לפרטים מדויקים על הנגישות מומלץ לפנות לעסק ישירות."",""q"":""האם המקום נגיש לנכים?""},{""a"":""ניתן להתקשר למספר הטלפון או לשלוח אימייל כפי שנרשמו בפרופיל העסק. בנוסף אפשר להעביר שאלות דרך עמוד הפייסבוק של העסק ולצפות בתמונות לפני קביעת תור."",""q"":""איך ניתן ליצור קשר לתיאום תור או לקבל פרטים נוספים?""},{""a"":""מקורות העסק לא מפרטים חניה חינמית ולכן אין מידע מאומת בנושא. לקבלת מענה מדויק בנושא החניה יש לפנות ישירות לעסק."",""q"":""האם יש מידע על חניה חינמית?""}]","[{""a"":""המספרה ממוקמת בנווה אביבים בתל אביב-יפו ברחוב טאגור 55, כפי שמצויין בפרופיל העסק."",""q"":""איפה נמצאת המספרה?""},{""a"":""המקורות מציינים תספורות, צבעים, תסרוקות, החלקות שיער ללא פורמלין ותוספות שיער. פרטים נוספים על סוגי הטיפולים וסדרי העבודה יש לבקש ישירות בטלפון או באימייל."",""q"":""אילו שירותי שיער מוצעים במספרה?""},{""a"":""הזמנה מקוונת לא מסומנת במקורות שנבדקו, ולכן לא ניתן לאשר אפשרות כזו דרך האתר. מומלץ לתאם תור בטלפון או באימייל שמופיעים בפרופיל."",""q"":""האם ניתן להזמין תור אונליין?""},{""a"":""לפי לוח השעות במקורות, המקום פתוח בימים מסוימים בין 08:00 ל 19:00 וביום שישי עד 16:00. המספרה סגורה בימי שני ובימי שבת כפי שמתועד במקורות."",""q"":""מהן שעות הפעילות של המספרה?""},{""a"":""המקורות מציינים שהעסק נגיש, כלומר קיימת גישה מותאמת כנראה לכניסה ולמתקנים. לפרטים מדויקים על הנגישות מומלץ לפנות לעסק ישירות."",""q"":""האם המקום נגיש לנכים?""},{""a"":""ניתן להתקשר למספר הטלפון או לשלוח אימייל כפי שנרשמו בפרופיל העסק. בנוסף אפשר להעביר שאלות דרך עמוד הפייסבוק של העסק ולצפות בתמונות לפני קביעת תור."",""q"":""איך ניתן ליצור קשר לתיאום תור או לקבל פרטים נוספים?""},{""a"":""מקורות העסק לא מפרטים חניה חינמית ולכן אין מידע מאומת בנושא. לקבלת מענה מדויק בנושא החניה יש לפנות ישירות לעסק."",""q"":""האם יש מידע על חניה חינמית?""}]",https://beautyfind.co.il/dan/biz/אריאל-מספרה-נווה-אביבים-רמת-אביב
2d77cda8-c9e8-4e41-b039-51c7d0edc141,אריאל מספרה נווה אביבים רמת אביב,metaTitle,תל אביב–יפו x1,אריאל מספרה נווה אביבים רמת אביב תל אביב–יפו,אריאל מספרה נווה אביבים רמת אביב תל אביב-יפו,https://beautyfind.co.il/dan/biz/אריאל-מספרה-נווה-אביבים-רמת-אביב
e0e7c443-ee21-4be5-8bb3-2568adf37232,אתר דוקטור חן,metaTitle,תל אביב–יפו x1,אתר דוקטור חן תל אביב–יפו: קוסמטיקה וטיפולי פנים,אתר דוקטור חן תל אביב-יפו: קוסמטיקה וטיפולי פנים,https://beautyfind.co.il/dan/biz/אתר-דוקטור-חן
86dcf669-765a-4931-8ad5-ae4a67f86c38,ביוטי פייס מכון הסרת שיער,metaTitle,תל אביב–יפו x1,ביוטי פייס מכון הסרת שיער תל אביב–יפו | מחירים וביקורות,ביוטי פייס מכון הסרת שיער תל אביב-יפו | מחירים וביקורות,https://beautyfind.co.il/dan/biz/ביוטי-פייס-מכון-הסרת-שיער
48804575-e784-45c7-a79d-6c087329fe49,גיל דורמן - המרכז לטיפולי פיגמנטציה,metaTitle,תל אביב–יפו x1,גיל דורמן - המרכז לטיפולי פיגמנטציה תל אביב–יפו,גיל דורמן - המרכז לטיפולי פיגמנטציה תל אביב-יפו,https://beautyfind.co.il/dan/biz/גיל-דורמן-המרכז-לטיפולי-פיגמנטציה
6c599493-1abb-4bb8-bb35-4738572296ca,"ד""ר אבנר בן שושן",metaTitle,תל אביב–יפו x1,"ד""ר אבנר בן שושן תל אביב–יפו: כירורגיה פלסטית","ד""ר אבנר בן שושן תל אביב-יפו: כירורגיה פלסטית",https://beautyfind.co.il/dan/biz/דר-אבנר-בן-שושן
7cdcfeb1-e294-4fd3-8c35-6af5e10b5669,"ד""ר אורי שבשין- מנתח פלסטי",metaTitle,תל אביב–יפו x1,"ד""ר אורי שבשין- מנתח פלסטי תל אביב–יפו: כירורגיה פלסטית","ד""ר אורי שבשין- מנתח פלסטי תל אביב-יפו: כירורגיה פלסטית",https://beautyfind.co.il/dan/biz/דר-אורי-שבשין-מנתח-פלסטי
89213fc9-41cb-45ef-8025-37c7f5d2506a,"ד""ר אידלמן יצחק רופא שיניים",metaTitle,תל אביב–יפו x1,"ד""ר אידלמן יצחק רופא שיניים תל אביב–יפו: אסתטיקה דנטלית","ד""ר אידלמן יצחק רופא שיניים תל אביב-יפו: אסתטיקה דנטלית",https://beautyfind.co.il/dan/biz/דר-אידלמן-יצחק-רופא-שיניים
23ca4a86-1c20-4b51-a8b6-30a5c76f4a95,"ד""ר אכי פרידמן",metaTitle,תל אביב–יפו x1,"ד""ר אכי פרידמן תל אביב–יפו: קוסמטיקה וטיפולי פנים","ד""ר אכי פרידמן תל אביב-יפו: קוסמטיקה וטיפולי פנים",https://beautyfind.co.il/dan/biz/דר-אכי-פרידמן
5583a955-dc96-4c3b-9d44-3a7500bf06ba,"ד""ר אלי כלב - רפואה אסתטית ללא ניתוח",metaTitle,תל אביב–יפו x1,"ד""ר אלי כלב - רפואה אסתטית ללא ניתוח תל אביב–יפו","ד""ר אלי כלב - רפואה אסתטית ללא ניתוח תל אביב-יפו",https://beautyfind.co.il/dan/biz/דר-אלי-כלב-רפואה-אסתטית-ללא-ניתוח
733686c9-c4e1-4e6c-84a5-0ad0c95652f7,"ד""ר דנה בוכבוט - רפואת שיער ורפואה אסתטית",metaTitle,תל אביב–יפו x1,"ד""ר דנה בוכבוט - רפואת שיער ורפואה אסתטית תל אביב–יפו","ד""ר דנה בוכבוט - רפואת שיער ורפואה אסתטית תל אביב-יפו",https://beautyfind.co.il/dan/biz/דר-דנה-בוכבוט-רפואת-שיער-ורפואה-אסתטית
92c6dd2a-714d-4328-8de6-46744895b9b9,"ד""ר זיידמן אלון יישור שיניים נסתר",description,תל אביב–יפו x1,"מרפאת יישור שיניים נסתר בתל אביב–יפו פועלת במרכז וייצמן, רחוב וייצמן 14, קומה 17 במגדל. המיקום מוזכר במקורות של המרפאה, והמרפאה מציעה מגוון טיפולים אסתטיים דנטליים ורפואיים שמטרתם שינוי מראה החיוך והתערבות באזור הפנים.

בהיבט הדנטלי מצויה במרפאה התמקדות ביישור שיניים נסתר במגוון שיטות, כולל קשתיות שקופות מסוג Invisalign ושיטות פנימיות כמו Incognito ו-WIN. ברשימת השירותים מופיעים גם טיפולים לציפויי שיניים, ציפויי למינייט וציפויי חרסינה, וכן הלבנת שיניים.

המרפאה מציעה גם טיפולים בתחום האסתטיקה הרפואית, הכוללים הזרקות חומצה היאלורונית לעיצוב נפחים, עיצוב שפתיים, מילויים לשקעי עיניים ועיצוב עצמות לחיים, וכן טיפולי בוטוקס. כל הטיפולים המסווגים כטיפולים רפואיים מופיעים ברשימת השירותים, ולכן החלטות מקצועיות לגבי טיפול רפואי מתקבלות במהלך פגישה או ייעוץ מקצועי.

במקורות מופיעה הזמנה מפורשת לפגישת ייעוץ ראשונית, והשירות מסומן כמופע ברשימת השירותים. לקביעת פגישה או לברר פרטים נוספים ניתן ליצור קשר בטלפון, בדואר אלקטרוני או בוואטסאפ, וכן לעיין באתר האינטרנט של המרפאה או בדף Facebook שנמצא ברשימת הערוצים.

שעות הפעילות המצוינות ברשומות משתנות בין ימי השבוע. במקורות נרשמו טווחי שעות כולל פתיחה סביב עשר בבוקר ועד הערב, וכן ימים שבהם המרפאה סגורה. מומלץ לאשר שעות מדויקות בפנייה ישירה, שכן יש הבדלים בין ימי הפעילות.

מהמידע הזמין עולה כי המרפאה קיימת על בסיס נתונים שצוינו במקורות, והיא מספקת תכנים דיגיטליים הכוללים תמונות וסרטונים. ברשומות נכלל גם דירוג ממטופלים, המופיע כמספר ערכי ביקורת ודירוג ממוצע, מה שמצביע על נוכחות ביקורות אונליין.

הצוות שמופיע במקורות כולל תיאורים מקצועיים הקשורים לאורתודונטיה ויישור שיניים למבוגרים, עם אזכור תפקידים של מומחים בתחום. פרטי שפה של המטפלים לא צוינו במקורות שנבדקו.

נגישות לבעלי מוגבלות מצוינת במקורות, אך פרטי חניה חינם לא פורסמו. לפרטים פרקטיים נוספים לגבי הגעה וחניה רצוי לפנות ישירות למרפאה באמצעות אמצעי התקשורת שצוינו. לקבלת הצעת מחיר ספציפית לטיפול כלשהו יש לפנות למרפאה, מאחר שמחירים מסוימים מופיעים כרשומים ושל אחרים מצויין כי הם ניתנים לפי בקשה.

לסיכום, מי שמעוניין ביישור נסתר, ציפויים או טיפולי אסתטיקה רפואית יכול ליצור קשר עם המרפאה דרך הטלפון, המייל או וואטסאפ כדי לתאם פגישת ייעוץ ראשונית ולברר פרטים נוספים.","מרפאת יישור שיניים נסתר בתל אביב-יפו פועלת במרכז וייצמן, רחוב וייצמן 14, קומה 17 במגדל. המיקום מוזכר במקורות של המרפאה, והמרפאה מציעה מגוון טיפולים אסתטיים דנטליים ורפואיים שמטרתם שינוי מראה החיוך והתערבות באזור הפנים.

בהיבט הדנטלי מצויה במרפאה התמקדות ביישור שיניים נסתר במגוון שיטות, כולל קשתיות שקופות מסוג Invisalign ושיטות פנימיות כמו Incognito ו-WIN. ברשימת השירותים מופיעים גם טיפולים לציפויי שיניים, ציפויי למינייט וציפויי חרסינה, וכן הלבנת שיניים.

המרפאה מציעה גם טיפולים בתחום האסתטיקה הרפואית, הכוללים הזרקות חומצה היאלורונית לעיצוב נפחים, עיצוב שפתיים, מילויים לשקעי עיניים ועיצוב עצמות לחיים, וכן טיפולי בוטוקס. כל הטיפולים המסווגים כטיפולים רפואיים מופיעים ברשימת השירותים, ולכן החלטות מקצועיות לגבי טיפול רפואי מתקבלות במהלך פגישה או ייעוץ מקצועי.

במקורות מופיעה הזמנה מפורשת לפגישת ייעוץ ראשונית, והשירות מסומן כמופע ברשימת השירותים. לקביעת פגישה או לברר פרטים נוספים ניתן ליצור קשר בטלפון, בדואר אלקטרוני או בוואטסאפ, וכן לעיין באתר האינטרנט של המרפאה או בדף Facebook שנמצא ברשימת הערוצים.

שעות הפעילות המצוינות ברשומות משתנות בין ימי השבוע. במקורות נרשמו טווחי שעות כולל פתיחה סביב עשר בבוקר ועד הערב, וכן ימים שבהם המרפאה סגורה. מומלץ לאשר שעות מדויקות בפנייה ישירה, שכן יש הבדלים בין ימי הפעילות.

מהמידע הזמין עולה כי המרפאה קיימת על בסיס נתונים שצוינו במקורות, והיא מספקת תכנים דיגיטליים הכוללים תמונות וסרטונים. ברשומות נכלל גם דירוג ממטופלים, המופיע כמספר ערכי ביקורת ודירוג ממוצע, מה שמצביע על נוכחות ביקורות אונליין.

הצוות שמופיע במקורות כולל תיאורים מקצועיים הקשורים לאורתודונטיה ויישור שיניים למבוגרים, עם אזכור תפקידים של מומחים בתחום. פרטי שפה של המטפלים לא צוינו במקורות שנבדקו.

נגישות לבעלי מוגבלות מצוינת במקורות, אך פרטי חניה חינם לא פורסמו. לפרטים פרקטיים נוספים לגבי הגעה וחניה רצוי לפנות ישירות למרפאה באמצעות אמצעי התקשורת שצוינו. לקבלת הצעת מחיר ספציפית לטיפול כלשהו יש לפנות למרפאה, מאחר שמחירים מסוימים מופיעים כרשומים ושל אחרים מצויין כי הם ניתנים לפי בקשה.

לסיכום, מי שמעוניין ביישור נסתר, ציפויים או טיפולי אסתטיקה רפואית יכול ליצור קשר עם המרפאה דרך הטלפון, המייל או וואטסאפ כדי לתאם פגישת ייעוץ ראשונית ולברר פרטים נוספים.",https://beautyfind.co.il/dan/biz/דר-זיידמן-אלון-יישור-שיניים-נסתר
92c6dd2a-714d-4328-8de6-46744895b9b9,"ד""ר זיידמן אלון יישור שיניים נסתר",metaTitle,תל אביב–יפו x1,"ד""ר זיידמן אלון יישור שיניים נסתר תל אביב–יפו","ד""ר זיידמן אלון יישור שיניים נסתר תל אביב-יפו",https://beautyfind.co.il/dan/biz/דר-זיידמן-אלון-יישור-שיניים-נסתר
459b4ea6-3f45-44f9-940a-ba6cef88b204,"ד""ר יאיר יוסף",metaTitle,תל אביב–יפו x1,"ד""ר יאיר יוסף תל אביב–יפו: אסתטיקה רפואית | מחירים וביקורות","ד""ר יאיר יוסף תל אביב-יפו: אסתטיקה רפואית | מחירים וביקורות",https://beautyfind.co.il/dan/biz/דר-יאיר-יוסף
26523da2-0961-4a0e-99f4-fc9a05babf96,"ד""ר יונתן ווגמן",metaTitle,תל אביב–יפו x1,"ד""ר יונתן ווגמן תל אביב–יפו: כירורגיה פלסטית","ד""ר יונתן ווגמן תל אביב-יפו: כירורגיה פלסטית",https://beautyfind.co.il/dan/biz/דר-יונתן-ווגמן
b88742b2-8f26-47aa-8d62-b36a6d1967e5,"ד""ר כריס השתלת שיער CHOIEXPERT",metaTitle,תל אביב–יפו x1,"ד""ר כריס השתלת שיער CHOIEXPERT תל אביב–יפו","ד""ר כריס השתלת שיער CHOIEXPERT תל אביב-יפו",https://beautyfind.co.il/dan/biz/choiexpert
1e8c108d-20ea-4043-bd39-5461c64f0c86,"ד""ר נועם חי | מנתח פלסטי בכיר בתל אביב",metaTitle,תל אביב–יפו x1,"ד""ר נועם חי | מנתח פלסטי בכיר בתל אביב תל אביב–יפו","ד""ר נועם חי | מנתח פלסטי בכיר בתל אביב תל אביב-יפו",https://beautyfind.co.il/dan/biz/דר-נועם-חי-מנתח-פלסטי-בכיר-בתל-אביב
8848c4aa-e0c4-43eb-b18a-ae99c2a356c4,"ד""ר עומר וולף - המרפאה הפרטית בע״מ",metaTitle,תל אביב–יפו x1,"ד""ר עומר וולף - המרפאה הפרטית בע״מ תל אביב–יפו","ד""ר עומר וולף - המרפאה הפרטית בע״מ תל אביב-יפו",https://beautyfind.co.il/dan/biz/דר-עומר-וולף-המרפאה-הפרטית-בעמ
84b983eb-e26b-4cee-ac49-3db5cf30cf13,"ד""ר רון יהב - מרפאת אמייזינג סמייל, מרפאת שיניים בתל אביב",description,תל אביב–יפו x1,"ד״ר רון יהב - מרפאת אמייזינג סמייל, מרפאת שיניים בתל אביב הוא עסק בתל אביב–יפו בתחום אסתטיקה דנטלית. הכתובת שפורסמה היא Moshe Sharet St 66, Tel Aviv-Yafo, 6250418. לפי אתר העסק הוא פועל מאז 2025. כך העסק מציג את עצמו: המרפאה הינה רב תחומית ועוסקת בשיקום הפה, בהשתלות ובשיפור החיוך ואסתטיקת הפנים.

אסתטיקה דנטלית עוסקת במראה השיניים והחיוך. בתחום אסתטיקה דנטלית מפורסמים: יישור שיניים (המחיר לא פורסם); יישור שיניים לילדים ולמתבגרים (המחיר לא פורסם); הלבנת שיניים (המחיר לא פורסם); כתרים (המחיר לא פורסם); מומחית ביישור שיניים ולסתות לילדים ומבוגרים. (המחיר לא פורסם); הלבנת שיניים לנוער. (המחיר לא פורסם); כתרים בשעה - ד״ר רון יהב (המחיר לא פורסם); כתרים בשעה (המחיר לא פורסם). טיפולים רפואיים מבוצעים לפי החלטת רופא בייעוץ, ושם נקבע גם המחיר הסופי.

בסך הכול מפורסמים 8 שירותים, ללא מחירים מפורסמים.

ל8 שירותים לא פורסם מחיר במקורות שנבדקו (יישור שיניים, יישור שיניים לילדים ולמתבגרים, הלבנת שיניים, כתרים ועוד). לקבלת הצעת מחיר פונים לעסק ישירות דרך פרטי הקשר בעמוד.

באתר העסק מוצגים 7 אנשי צוות: ד״ר רונית תורג׳מן, מומחית ביישור שיניים ולסתות. מומחית ביישור שיניים ולסתות לילדים ומבוגרים. פופר׳ אסף וילנסקי, מומחה לפריודונטיה. מומחה לפריודונטיה, מנהל המחלקה בהדסה. ד״ר גל אבישי, מומחה לכירורכיית הפה ולהסתות. ד״ר אבישי מומחה לכירורכיית הפה ולהסתות. ד״ר אבי לוין, מומחה. ד "" ר אבי לוין הוא מומחה בעל שם בתחום טיפולי השורש ,  המביא עמו ניסיון קליני עשיר .  החל משנת  2025,  מכהן ד "" ר לוין כיו "" ר הוועדה המקצועית לאנדודונטיה מטעם הסתדרות רפואת השיניים בישראל . ד״ר גיא מגנאג׳י, רופא שיניים מומחה לילדים. ד״ר מגנאג׳י רופא שיניים מומחה לילדים (""פדודונט""), מהמובילים בארץ בתחומו, עם למעלה מ-25 שנות ניסיון בטיפול בפעוטות מגיל שנה, ילדים ונוער. זאת אצל שני הרופאים, רופא השיניים ד״ר רון. רופא השיניים ד״ר רון יהב המשקם , והכירורג העובד במרפאתו, ד״ר גל אבישי מנהל המרפאה בבית חולים בלינסון. הגענו מאשדוד אליו., רופא שיניים. דוקטור רון יהב ,אדם ,רופא שיניים. הסמכות ורישיונות מאומתים מוצגים בעמוד רק אחרי אימות של העסק ב־BeautyFind.

שעות הפעילות שפורסמו: ראשון 08:00 עד 20:00, שני 08:00 עד 20:00, שלישי 08:00 עד 20:00, רביעי 13:00 עד 20:00, חמישי 08:00 עד 18:00, שישי 08:00 עד 14:00, שבת סגור. העסק פתוח 6 ימים בשבוע לפי הפרסום. השעות עשויות להשתנות בחגים ובימים מיוחדים, ולכן כדאי לוודא מול העסק לפני ההגעה.

המקום נגיש לכיסא גלגלים לפי הצהרת העסק. בעמוד מוצגות 8 תמונות מהעסק.

אפשר ליצור קשר עם העסק בטלפון, בוואטסאפ, בדוא״ל, באתר amazing-smile.com. בעמוד מופיעים גם הכתובת, מפה וקישורי ניווט בוויז ובגוגל. לבירור זמינות ותיאום פונים לעסק ישירות; אחרי שהעסק יאמת את הכרטיס אפשר יהיה להשאיר כאן פנייה. בגוגל יש לעסק דירוג 5.0 על סמך 319 ביקורות; הדירוג מוצג כפי שהוא ואינו נערך.

כל הפרטים בעמוד נאספו ממקורות פומביים של העסק, והעסק יכול לתקן ולהשלים אותם אחרי אימות הכרטיס. לשאלות נפוצות על המיקום, המחירים ודרכי הפנייה יש מדור נפרד בהמשך העמוד.","ד״ר רון יהב - מרפאת אמייזינג סמייל, מרפאת שיניים בתל אביב הוא עסק בתל אביב-יפו בתחום אסתטיקה דנטלית. הכתובת שפורסמה היא Moshe Sharet St 66, Tel Aviv-Yafo, 6250418. לפי אתר העסק הוא פועל מאז 2025. כך העסק מציג את עצמו: המרפאה הינה רב תחומית ועוסקת בשיקום הפה, בהשתלות ובשיפור החיוך ואסתטיקת הפנים.

אסתטיקה דנטלית עוסקת במראה השיניים והחיוך. בתחום אסתטיקה דנטלית מפורסמים: יישור שיניים (המחיר לא פורסם); יישור שיניים לילדים ולמתבגרים (המחיר לא פורסם); הלבנת שיניים (המחיר לא פורסם); כתרים (המחיר לא פורסם); מומחית ביישור שיניים ולסתות לילדים ומבוגרים. (המחיר לא פורסם); הלבנת שיניים לנוער. (המחיר לא פורסם); כתרים בשעה - ד״ר רון יהב (המחיר לא פורסם); כתרים בשעה (המחיר לא פורסם). טיפולים רפואיים מבוצעים לפי החלטת רופא בייעוץ, ושם נקבע גם המחיר הסופי.

בסך הכול מפורסמים 8 שירותים, ללא מחירים מפורסמים.

ל8 שירותים לא פורסם מחיר במקורות שנבדקו (יישור שיניים, יישור שיניים לילדים ולמתבגרים, הלבנת שיניים, כתרים ועוד). לקבלת הצעת מחיר פונים לעסק ישירות דרך פרטי הקשר בעמוד.

באתר העסק מוצגים 7 אנשי צוות: ד״ר רונית תורג׳מן, מומחית ביישור שיניים ולסתות. מומחית ביישור שיניים ולסתות לילדים ומבוגרים. פופר׳ אסף וילנסקי, מומחה לפריודונטיה. מומחה לפריודונטיה, מנהל המחלקה בהדסה. ד״ר גל אבישי, מומחה לכירורכיית הפה ולהסתות. ד״ר אבישי מומחה לכירורכיית הפה ולהסתות. ד״ר אבי לוין, מומחה. ד "" ר אבי לוין הוא מומחה בעל שם בתחום טיפולי השורש ,  המביא עמו ניסיון קליני עשיר .  החל משנת  2025,  מכהן ד "" ר לוין כיו "" ר הוועדה המקצועית לאנדודונטיה מטעם הסתדרות רפואת השיניים בישראל . ד״ר גיא מגנאג׳י, רופא שיניים מומחה לילדים. ד״ר מגנאג׳י רופא שיניים מומחה לילדים (""פדודונט""), מהמובילים בארץ בתחומו, עם למעלה מ-25 שנות ניסיון בטיפול בפעוטות מגיל שנה, ילדים ונוער. זאת אצל שני הרופאים, רופא השיניים ד״ר רון. רופא השיניים ד״ר רון יהב המשקם , והכירורג העובד במרפאתו, ד״ר גל אבישי מנהל המרפאה בבית חולים בלינסון. הגענו מאשדוד אליו., רופא שיניים. דוקטור רון יהב ,אדם ,רופא שיניים. הסמכות ורישיונות מאומתים מוצגים בעמוד רק אחרי אימות של העסק ב־BeautyFind.

שעות הפעילות שפורסמו: ראשון 08:00 עד 20:00, שני 08:00 עד 20:00, שלישי 08:00 עד 20:00, רביעי 13:00 עד 20:00, חמישי 08:00 עד 18:00, שישי 08:00 עד 14:00, שבת סגור. העסק פתוח 6 ימים בשבוע לפי הפרסום. השעות עשויות להשתנות בחגים ובימים מיוחדים, ולכן כדאי לוודא מול העסק לפני ההגעה.

המקום נגיש לכיסא גלגלים לפי הצהרת העסק. בעמוד מוצגות 8 תמונות מהעסק.

אפשר ליצור קשר עם העסק בטלפון, בוואטסאפ, בדוא״ל, באתר amazing-smile.com. בעמוד מופיעים גם הכתובת, מפה וקישורי ניווט בוויז ובגוגל. לבירור זמינות ותיאום פונים לעסק ישירות; אחרי שהעסק יאמת את הכרטיס אפשר יהיה להשאיר כאן פנייה. בגוגל יש לעסק דירוג 5.0 על סמך 319 ביקורות; הדירוג מוצג כפי שהוא ואינו נערך.

כל הפרטים בעמוד נאספו ממקורות פומביים של העסק, והעסק יכול לתקן ולהשלים אותם אחרי אימות הכרטיס. לשאלות נפוצות על המיקום, המחירים ודרכי הפנייה יש מדור נפרד בהמשך העמוד.",https://beautyfind.co.il/dan/biz/דר-רון-יהב-מרפאת-אמייזינג-סמייל-מרפאת-שיניים-בתל-אביב
84b983eb-e26b-4cee-ac49-3db5cf30cf13,"ד""ר רון יהב - מרפאת אמייזינג סמייל, מרפאת שיניים בתל אביב",faqs,תל אביב–יפו x1,"[{""a"":""הכתובת היא Moshe Sharet St 66, Tel Aviv-Yafo, 6250418, תל אביב–יפו. בעמוד יש קישורי ניווט בוויז ובגוגל."",""q"":""איפה נמצא ד״ר רון יהב - מרפאת אמייזינג סמייל, מרפאת שיניים בתל אביב?""},{""a"":""לפי המקורות שנבדקו: יישור שיניים, יישור שיניים לילדים ולמתבגרים, הלבנת שיניים, כתרים, מומחית ביישור שיניים ולסתות לילדים ומבוגרים., הלבנת שיניים לנוער. ועוד. הרשימה המלאה מופיעה בעמוד תחת שירותים ומחירים."",""q"":""אילו שירותים מציע ד״ר רון יהב - מרפאת אמייזינג סמייל, מרפאת שיניים בתל אביב?""},{""a"":""המחירים לא פורסמו במקורות שנבדקו. לקבלת מחיר מעודכן, אפשר לפנות לעסק דרך פרטי הקשר בעמוד."",""q"":""מה המחירים?""},{""a"":""פונים לעסק בטלפון, בוואטסאפ, בדוא״ל, באתר amazing-smile.com. אחרי שהעסק יאמת את הכרטיס אפשר יהיה להשאיר כאן פנייה."",""q"":""איך קובעים תור או מבררים זמינות?""},{""a"":""ראשון 08:00 עד 20:00, שני 08:00 עד 20:00, שלישי 08:00 עד 20:00, רביעי 13:00 עד 20:00, חמישי 08:00 עד 18:00, שישי 08:00 עד 14:00, שבת סגור. כדאי לוודא לפני הגעה."",""q"":""מה שעות הפעילות?""},{""a"":""לפי אתר העסק: ד״ר רונית תורג׳מן (מומחית ביישור שיניים ולסתות), פופר׳ אסף וילנסקי (מומחה לפריודונטיה), ד״ר גל אבישי (מומחה לכירורכיית הפה ולהסתות), ד״ר אבי לוין (מומחה). הסמכות מאומתות רק אחרי שהעסק מאמת את הכרטיס."",""q"":""מי בצוות?""},{""a"":""לא נמצא מידע מאומת על חניה מטעם העסק. המקום נגיש לכיסא גלגלים לפי הצהרת העסק. מומלץ לבדוק מול העסק לפני ההגעה."",""q"":""יש חניה ונגישות?""}]","[{""a"":""הכתובת היא Moshe Sharet St 66, Tel Aviv-Yafo, 6250418, תל אביב-יפו. בעמוד יש קישורי ניווט בוויז ובגוגל."",""q"":""איפה נמצא ד״ר רון יהב - מרפאת אמייזינג סמייל, מרפאת שיניים בתל אביב?""},{""a"":""לפי המקורות שנבדקו: יישור שיניים, יישור שיניים לילדים ולמתבגרים, הלבנת שיניים, כתרים, מומחית ביישור שיניים ולסתות לילדים ומבוגרים., הלבנת שיניים לנוער. ועוד. הרשימה המלאה מופיעה בעמוד תחת שירותים ומחירים."",""q"":""אילו שירותים מציע ד״ר רון יהב - מרפאת אמייזינג סמייל, מרפאת שיניים בתל אביב?""},{""a"":""המחירים לא פורסמו במקורות שנבדקו. לקבלת מחיר מעודכן, אפשר לפנות לעסק דרך פרטי הקשר בעמוד."",""q"":""מה המחירים?""},{""a"":""פונים לעסק בטלפון, בוואטסאפ, בדוא״ל, באתר amazing-smile.com. אחרי שהעסק יאמת את הכרטיס אפשר יהיה להשאיר כאן פנייה."",""q"":""איך קובעים תור או מבררים זמינות?""},{""a"":""ראשון 08:00 עד 20:00, שני 08:00 עד 20:00, שלישי 08:00 עד 20:00, רביעי 13:00 עד 20:00, חמישי 08:00 עד 18:00, שישי 08:00 עד 14:00, שבת סגור. כדאי לוודא לפני הגעה."",""q"":""מה שעות הפעילות?""},{""a"":""לפי אתר העסק: ד״ר רונית תורג׳מן (מומחית ביישור שיניים ולסתות), פופר׳ אסף וילנסקי (מומחה לפריודונטיה), ד״ר גל אבישי (מומחה לכירורכיית הפה ולהסתות), ד״ר אבי לוין (מומחה). הסמכות מאומתות רק אחרי שהעסק מאמת את הכרטיס."",""q"":""מי בצוות?""},{""a"":""לא נמצא מידע מאומת על חניה מטעם העסק. המקום נגיש לכיסא גלגלים לפי הצהרת העסק. מומלץ לבדוק מול העסק לפני ההגעה."",""q"":""יש חניה ונגישות?""}]",https://beautyfind.co.il/dan/biz/דר-רון-יהב-מרפאת-אמייזינג-סמייל-מרפאת-שיניים-בתל-אביב
84b983eb-e26b-4cee-ac49-3db5cf30cf13,"ד""ר רון יהב - מרפאת אמייזינג סמייל, מרפאת שיניים בתל אביב",metaDescription,תל אביב–יפו x1,"ד""ר רון יהב - מרפאת אמייזינג סמייל, מרפאת שיניים בתל אביב בתל אביב–יפו, אסתטיקה דנטלית. שירותים: יישור שיניים, יישור שיניים לילדים ולמתבגרים, הלבנת שיניים. שעות","ד""ר רון יהב - מרפאת אמייזינג סמייל, מרפאת שיניים בתל אביב בתל אביב-יפו, אסתטיקה דנטלית. שירותים: יישור שיניים, יישור שיניים לילדים ולמתבגרים, הלבנת שיניים. שעות",https://beautyfind.co.il/dan/biz/דר-רון-יהב-מרפאת-אמייזינג-סמייל-מרפאת-שיניים-בתל-אביב
ce18701c-19d9-4b43-a72c-ec1d5a9b3002,"ד""ר תומר פרלוק",metaTitle,תל אביב–יפו x1,"ד""ר תומר פרלוק תל אביב–יפו: כירורגיה פלסטית","ד""ר תומר פרלוק תל אביב-יפו: כירורגיה פלסטית",https://beautyfind.co.il/dan/biz/דר-תומר-פרלוק
b542c385-aad1-4b5d-94af-e485109d570f,דוקטור אילקר - מומחה עולמי להשתלות שיער,metaTitle,תל אביב–יפו x1,דוקטור אילקר - מומחה עולמי להשתלות שיער תל אביב–יפו,דוקטור אילקר - מומחה עולמי להשתלות שיער תל אביב-יפו,https://beautyfind.co.il/dan/biz/דוקטור-אילקר-מומחה-עולמי-להשתלות-שיער
cfedd499-1a35-4c61-a48a-61925886df64,דיאנה - בית הספר לעיצוב שיער ומקצועות היופי,metaTitle,תל אביב–יפו x1,דיאנה - בית הספר לעיצוב שיער ומקצועות היופי תל אביב–יפו,דיאנה - בית הספר לעיצוב שיער ומקצועות היופי תל אביב-יפו,https://beautyfind.co.il/dan/biz/דיאנה-הספר-לעיצוב-שיער-ומקצועות-היופי
e7d42b0b-f6c3-4a29-a665-1be7b87c0432,דיוויס ואודי סלון ובית ספר לספרות,metaTitle,תל אביב–יפו x1,דיוויס ואודי סלון ובית ספר לספרות תל אביב–יפו,דיוויס ואודי סלון ובית ספר לספרות תל אביב-יפו,https://beautyfind.co.il/dan/biz/דיוויס-ואודי-סלון-ובית-ספר-לספרות
b0c1e25d-797e-4146-b2c2-175f5d144556,דיתי מסר | מאפרת,metaTitle,תל אביב–יפו x1,דיתי מסר | מאפרת תל אביב–יפו: איפור מקצועי | מחירים וביקורות,דיתי מסר | מאפרת תל אביב-יפו: איפור מקצועי | מחירים וביקורות,https://beautyfind.co.il/dan/biz/דיתי-מסר-מאפרת
2df2cf51-e69b-482e-9c6c-c609803964af,דר' שיין - מומחה בכירורגיה פלסטית,metaTitle,תל אביב–יפו x1,דר' שיין - מומחה בכירורגיה פלסטית תל אביב–יפו | ביקורות,דר' שיין - מומחה בכירורגיה פלסטית תל אביב-יפו | ביקורות,https://beautyfind.co.il/dan/biz/דר-שיין-מומחה-בכירורגיה-פלסטית
af501a92-5f78-47d4-ac11-d5d30dc6a60c,ד״ר אורן גולדשטיין,metaTitle,תל אביב–יפו x1,ד״ר אורן גולדשטיין תל אביב–יפו: כירורגיה פלסטית,ד״ר אורן גולדשטיין תל אביב-יפו: כירורגיה פלסטית,https://beautyfind.co.il/dan/biz/דר-אורן-גולדשטיין
cfd78421-587a-4765-9296-85be71ff69d3,ד״ר איתם וייס - מומחה לכירורגיה פלסטית ואסתטית,metaTitle,תל אביב–יפו x1,ד״ר איתם וייס - מומחה לכירורגיה פלסטית ואסתטית תל אביב–יפו,ד״ר איתם וייס - מומחה לכירורגיה פלסטית ואסתטית תל אביב-יפו,https://beautyfind.co.il/dan/biz/דר-איתם-וייס-מומחה-לכירורגיה-פלסטית-ואסתטית
aa34b022-a476-4b3c-a121-43d9a8a0ab3c,ד״ר דיאא זייד - Dr Diaa zaid,description,תל אביב–יפו x1,"הקליניקה פועלת בתל אביב–יפו, ברחוב HaArba'a St 28. המתחם מציע טיפולים בתחום האסתטיקה וטיפולי פנים, לצד פרוצדורות המוגדרות כאסתטיקה רפואית.

ההיצע כולל הזרקות חומצה היאלורונית והזרקות בוטוקס, טיפוליים במסגרת האסתטיקה הרפואית. בנוסף מוצעים טיפולים לעיצוב השפתיים, פיסול אף, פיסול פנים ופיסול קו לסת, וכן טיפולי עור כלליים שמטרתם טיפול וטיפוח מראה העור.

המידע הזמין מצביע על פעילות קלינית המתקיימת תחת שם הקליניקה, עם אזכור עיסוק גם בתחום ההוראה במכללה הלאומית לאסתטיקה Inaamed. המקורות אינם מפרטים צוות נרחב, לכן כל המידע על המטפל מסתמך על זיהוי פעילות רפואית ואסתטית הנזכרת בתיאורים הרשמיים.

שעות הפעילות המוצהרות הן בימים ב' עד ה' בין השעות 11:00 ל־19:00, בעוד הימים האחרים מסומנים כסגורים. ליצירת קשר פורסמו ערוצי טלפון ועמוד אינסטגרם, אך לא צויין אתר אינטרנט לזימון מקוון, והזמנה דרך מערכת אונליין אינה מסומנת במקורות.

הקליניקה מדווחת על נגישות למבקרים עם צרכים נגישותיים, לפי המידע שנבדק. פרטים על חנייה לא פורסמו, ולכן מומלץ לברר זאת בעת ההתקשרות. גם שפות השירות לא צוינו במקורות, ולכן ניתן לשאול על שפת השירות בעת ההתקשרות לטלפון או דרך הרשת החברתית.

מטופלים המעוניינים במידע טכני על פרוטוקול הטיפול, משך זמן טיפולים או התאמה אישית מתבקשים לפנות לייעוץ קליני, שכן סוגי הטיפולים המצויים בתיק ההיצע כוללים פרוצדורות רפואיות שמחייבות התייעצות מקצועית. פרטים כגון מחירים ומשך מדויק של כל טיפול לא פורסמו במקורות שנבדקו.

הקליניקה פרסמה תמונות בתיק המדיה שלה, אך תיאורים מפורטים של נהלי קבלה, מדיניות תיאומים או פרטי תשלום פנימיים לא הוצגו. לקבלת מידע עדכני על טיפולים, זמינות ותיאום פגישה יש לפנות אל פרטי הקשר המופיעים בפרופיל האינסטגרם או לטלפון שסופק.","הקליניקה פועלת בתל אביב-יפו, ברחוב HaArba'a St 28. המתחם מציע טיפולים בתחום האסתטיקה וטיפולי פנים, לצד פרוצדורות המוגדרות כאסתטיקה רפואית.

ההיצע כולל הזרקות חומצה היאלורונית והזרקות בוטוקס, טיפוליים במסגרת האסתטיקה הרפואית. בנוסף מוצעים טיפולים לעיצוב השפתיים, פיסול אף, פיסול פנים ופיסול קו לסת, וכן טיפולי עור כלליים שמטרתם טיפול וטיפוח מראה העור.

המידע הזמין מצביע על פעילות קלינית המתקיימת תחת שם הקליניקה, עם אזכור עיסוק גם בתחום ההוראה במכללה הלאומית לאסתטיקה Inaamed. המקורות אינם מפרטים צוות נרחב, לכן כל המידע על המטפל מסתמך על זיהוי פעילות רפואית ואסתטית הנזכרת בתיאורים הרשמיים.

שעות הפעילות המוצהרות הן בימים ב' עד ה' בין השעות 11:00 ל־19:00, בעוד הימים האחרים מסומנים כסגורים. ליצירת קשר פורסמו ערוצי טלפון ועמוד אינסטגרם, אך לא צויין אתר אינטרנט לזימון מקוון, והזמנה דרך מערכת אונליין אינה מסומנת במקורות.

הקליניקה מדווחת על נגישות למבקרים עם צרכים נגישותיים, לפי המידע שנבדק. פרטים על חנייה לא פורסמו, ולכן מומלץ לברר זאת בעת ההתקשרות. גם שפות השירות לא צוינו במקורות, ולכן ניתן לשאול על שפת השירות בעת ההתקשרות לטלפון או דרך הרשת החברתית.

מטופלים המעוניינים במידע טכני על פרוטוקול הטיפול, משך זמן טיפולים או התאמה אישית מתבקשים לפנות לייעוץ קליני, שכן סוגי הטיפולים המצויים בתיק ההיצע כוללים פרוצדורות רפואיות שמחייבות התייעצות מקצועית. פרטים כגון מחירים ומשך מדויק של כל טיפול לא פורסמו במקורות שנבדקו.

הקליניקה פרסמה תמונות בתיק המדיה שלה, אך תיאורים מפורטים של נהלי קבלה, מדיניות תיאומים או פרטי תשלום פנימיים לא הוצגו. לקבלת מידע עדכני על טיפולים, זמינות ותיאום פגישה יש לפנות אל פרטי הקשר המופיעים בפרופיל האינסטגרם או לטלפון שסופק.",https://beautyfind.co.il/dan/biz/dr-diaa-zaid
aa34b022-a476-4b3c-a121-43d9a8a0ab3c,ד״ר דיאא זייד - Dr Diaa zaid,faqs,תל אביב–יפו x1,"[{""a"":""הקליניקה ממוקמת בתל אביב–יפו בכתובת HaArba'a St 28, כפי שמופיע במקורות."",""q"":""איפה ממוקמת הקליניקה?""},{""a"":""במקורות נכללים הזרקות חומצה היאלורונית והזרקות בוטוקס כטיפולים בקטגוריית האסתטיקה הרפואית. עבור התאמה פרטנית וייעוץ לטיפול יש לתאם בדיקה רפואית במקום."",""q"":""אילו טיפולים רפואיים מציעים במקום?""},{""a"":""ניתן לפנות טלפונית וכן דרך חשבון האינסטגרם של הקליניקה לצורך קבלת מידע ותיאום פגישה. במקורות לא צוינו אפשרויות הזמנה און ליין או אתר להזמנות."",""q"":""כיצד ניתן לקבוע תור או לקבל פרטים נוספים?""},{""a"":""השעות המפורטות במקורות הן בימים ב' עד ה' בין 11:00 ל־19:00. בימים האחרים הקליניקה מסומנת כלא פעילה לפי לוח הזמנים שנבדק."",""q"":""מהן שעות הפעילות של הקליניקה?""},{""a"":""המחירים לא פורסמו במקורות שנבדקו. לקבלת מחיר מעודכן יש לפנות לטלפון או לאינסטגרם של הקליניקה."",""q"":""איך מוצגים מחירים של הטיפולים?""},{""a"":""לפי המידע שבמקורות, הקליניקה נגישה למבקרים עם צרכים נגישותיים. פרטים מעשיים נוספים על סוג הנגישות לא צוינו, ולכן מומלץ לשאול ספציפית בעת יצירת הקשר."",""q"":""האם המקום נגיש לאנשים עם צרכים מיוחדים?""},{""a"":""בתיאור המקורות מצוין שמדובר בפעילות בתחום הרפואה האסתטית, עם אזכור של עיסוק גם בהוראה במכללה הלאומית לאסתטיקה Inaamed. פרטי הצוות המלאים לא פורסמו במקורות שנבדקו."",""q"":""מי מבצע את הטיפולים בקליניקה?""}]","[{""a"":""הקליניקה ממוקמת בתל אביב-יפו בכתובת HaArba'a St 28, כפי שמופיע במקורות."",""q"":""איפה ממוקמת הקליניקה?""},{""a"":""במקורות נכללים הזרקות חומצה היאלורונית והזרקות בוטוקס כטיפולים בקטגוריית האסתטיקה הרפואית. עבור התאמה פרטנית וייעוץ לטיפול יש לתאם בדיקה רפואית במקום."",""q"":""אילו טיפולים רפואיים מציעים במקום?""},{""a"":""ניתן לפנות טלפונית וכן דרך חשבון האינסטגרם של הקליניקה לצורך קבלת מידע ותיאום פגישה. במקורות לא צוינו אפשרויות הזמנה און ליין או אתר להזמנות."",""q"":""כיצד ניתן לקבוע תור או לקבל פרטים נוספים?""},{""a"":""השעות המפורטות במקורות הן בימים ב' עד ה' בין 11:00 ל־19:00. בימים האחרים הקליניקה מסומנת כלא פעילה לפי לוח הזמנים שנבדק."",""q"":""מהן שעות הפעילות של הקליניקה?""},{""a"":""המחירים לא פורסמו במקורות שנבדקו. לקבלת מחיר מעודכן יש לפנות לטלפון או לאינסטגרם של הקליניקה."",""q"":""איך מוצגים מחירים של הטיפולים?""},{""a"":""לפי המידע שבמקורות, הקליניקה נגישה למבקרים עם צרכים נגישותיים. פרטים מעשיים נוספים על סוג הנגישות לא צוינו, ולכן מומלץ לשאול ספציפית בעת יצירת הקשר."",""q"":""האם המקום נגיש לאנשים עם צרכים מיוחדים?""},{""a"":""בתיאור המקורות מצוין שמדובר בפעילות בתחום הרפואה האסתטית, עם אזכור של עיסוק גם בהוראה במכללה הלאומית לאסתטיקה Inaamed. פרטי הצוות המלאים לא פורסמו במקורות שנבדקו."",""q"":""מי מבצע את הטיפולים בקליניקה?""}]",https://beautyfind.co.il/dan/biz/dr-diaa-zaid
aa34b022-a476-4b3c-a121-43d9a8a0ab3c,ד״ר דיאא זייד - Dr Diaa zaid,metaTitle,תל אביב–יפו x1,ד״ר דיאא זייד - Dr Diaa zaid תל אביב–יפו,ד״ר דיאא זייד - Dr Diaa zaid תל אביב-יפו,https://beautyfind.co.il/dan/biz/dr-diaa-zaid
aa34b022-a476-4b3c-a121-43d9a8a0ab3c,ד״ר דיאא זייד - Dr Diaa zaid,metaDescription,תל אביב–יפו x1,"קליניקה בתל אביב–יפו המציעה טיפולים אסתטיים ורפואיים כולל בוטוקס וחומצה היאלורונית, פנייה בטלפון ובאינסטגרם.","קליניקה בתל אביב-יפו המציעה טיפולים אסתטיים ורפואיים כולל בוטוקס וחומצה היאלורונית, פנייה בטלפון ובאינסטגרם.",https://beautyfind.co.il/dan/biz/dr-diaa-zaid
84289740-1be4-4358-96e3-df00978b0e80,ד״ר יוני דללי - רפואה אסתטית,metaTitle,תל אביב–יפו x1,ד״ר יוני דללי - רפואה אסתטית תל אביב–יפו: אסתטיקה רפואית,ד״ר יוני דללי - רפואה אסתטית תל אביב-יפו: אסתטיקה רפואית,https://beautyfind.co.il/dan/biz/דר-יוני-דללי-רפואה-אסתטית
98bf9648-5e49-4df3-81b3-f68142edcdfd,ד״ר ערן צנציפר- מומחה לשיקום הפה,metaTitle,תל אביב–יפו x1,ד״ר ערן צנציפר- מומחה לשיקום הפה תל אביב–יפו: אסתטיקה דנטלית,ד״ר ערן צנציפר- מומחה לשיקום הפה תל אביב-יפו: אסתטיקה דנטלית,https://beautyfind.co.il/dan/biz/דר-ערן-צנציפר-מומחה-לשיקום-הפה
4125d5eb-f414-4c25-b3dd-0e8069a75afa,הסרת נגעי עור | הסרת נקודות חן | הסרת קונדילומה | הסרת שומות | אנגיוקרטומה | קסנטלזמה | נקודות אדומות (המנגיומות) - Medical-C,description,תל אביב–יפו x1,"הסרת נגעי עור | הסרת נקודות חן | הסרת קונדילומה | הסרת שומות | אנגיוקרטומה | קסנטלזמה | נקודות אדומות (המנגיומות) - Medical-C היא קליניקה בתל אביב–יפו בתחום אסתטיקה רפואית, קוסמטיקה וטיפולי פנים, כירורגיה פלסטית. הכתובת שפורסמה היא Menakhem Begin Rd 150, Tel Aviv-Yafo, 6936468. העסק מציין 3 תחומים: אסתטיקה רפואית, קוסמטיקה וטיפולי פנים, כירורגיה פלסטית. לפי אתר העסק הוא פועל מאז 2026. כך העסק מציג את עצמו: מדיקל סי מתמחה בטיפולים מתקדמים להסרת נגעי עור בטכנולוגיות לייזר ושיטות רפואיות מתקדמות. בקליניקה מבוצעים טיפולים מקצועיים להסרת נקודות חן, הסרת קונדילומה, הסרת סרחי עור, הסרת נקודות אדומות, הסרת אנגיוקרטומה, הסרת המנגיומות והסרת נגעי עור שונים. כל הטיפולים מבוצעים על ידי רופאים מנוסים ובהתאמה אישית לכל מטופל. אנו מתמקדים בהסרה מדויקת, אסתטית ובטוחה של נגעי עור באזורים שונים בגוף, תוך שימוש בטכנולוגיות מתקדמות ושמירה

השירותים שהעסק מפרסם בתחום הזה. בתחום שירותים נוספים מפורסמים: הסרת נקודות חן (המחיר לא פורסם); הסרת נקודות חן בלייזר (המחיר לא פורסם); הסרת קונדילומה (המחיר לא פורסם); הסרת קונדילומה בלייזר (המחיר לא פורסם); הסרת שומות (המחיר לא פורסם); הסרת שומות בלייזר (המחיר לא פורסם); הסרת קסנטלזמה (המחיר לא פורסם); הסרת קסנטלזמה בלייזר (המחיר לא פורסם); הסרת סרחי עור (המחיר לא פורסם); הסרת סרחי עור בלייזר (המחיר לא פורסם); הסרת אנגיוקרטומה (המחיר לא פורסם); הסרת המנגיומות (המחיר לא פורסם).

טיפולי פנים נועדו לניקוי, הזנה וטיפוח של עור הפנים. בתחום קוסמטיקה וטיפולי פנים מפורסמים: כתמי פיגמנטציה (המחיר לא פורסם); פיגמנטציה בפנים (המחיר לא פורסם); כתמים אדומים בפנים (המחיר לא פורסם); אקנה (המחיר לא פורסם); טיפול בכתמי פיגמנטציה (המחיר לא פורסם).

איפור קבוע הוא פיגמנטציה של גבות, שפתיים או אייליינר. בתחום איפור קבוע מפורסמים: הסרת איפור קבוע (המחיר לא פורסם).

בסך הכול מפורסמים 40 שירותים, ללא מחירים מפורסמים.

ל40 שירותים לא פורסם מחיר במקורות שנבדקו (הסרת נקודות חן, הסרת נקודות חן בלייזר, הסרת קונדילומה, הסרת קונדילומה בלייזר ועוד). לקבלת הצעת מחיר פונים לעסק ישירות דרך פרטי הקשר בעמוד.

באתר העסק מוצגים 7 אנשי צוות: מדיקל סי, טיפולי לייזר ואסתטיקה רפואית על ידי רופאים. מדיקל סי מעניקה טיפולים בנגעי עור אסתטיים, יבלות וקונדילומה, טיפולי פיגמנטציה, טיפולי לייזר והזרקות אסתטיות. הטיפולים מבוצעים על ידי רופאים בקליניקות בתל אביב, חיפה וקריית גת, לאחר בדיקה והתאמה אישית. ד״ר ג׳ורג׳ סאבא, רופא בעל רישיון בישראל ובגרמניה, העוסק בנגעי עור, לייזר ד״ר אנדרי בוטרוס, רופא בעל רישיון ישראלי וניסיון מקצועי בהסרת נגעי עור שפירים אימות רישיון, רופא בצוות מדיקל סי ד״ר יואב אוציטל, מומחה ברפואה פנימית ובעל הכשרה מקצועית ברפואה אסתטית ד״ר סמי קרינאוי, רופא בצוות מדיקל סי וליווי גם לאחר הטיפול., טיפולים על ידי רופאים. ההליכים מבוצעים בהתאם לסוג הטיפול, לאחר הערכה והתאמה רפואית. הסמכות ורישיונות מאומתים מוצגים בעמוד רק אחרי אימות של העסק ב־BeautyFind.

שעות הפעילות שפורסמו: ראשון 09:30 עד 19:30, שני 09:30 עד 19:30, שלישי 09:30 עד 19:30, רביעי 09:30 עד 19:30, חמישי 09:30 עד 19:30, שישי 09:00 עד 14:00, שבת סגור. העסק פתוח 6 ימים בשבוע לפי הפרסום. השעות עשויות להשתנות בחגים ובימים מיוחדים, ולכן כדאי לוודא מול העסק לפני ההגעה.

המקום נגיש לכיסא גלגלים לפי הצהרת העסק. בעמוד מוצגות 8 תמונות מהעסק. 10 סרטונים מהערוץ הרשמי.

אפשר ליצור קשר עם העסק בטלפון, בוואטסאפ, בדוא״ל, באתר medical-c.co.il, וברשתות (Instagram, Facebook, YouTube). בעמוד מופיעים גם הכתובת, מפה וקישורי ניווט בוויז ובגוגל. לבירור זמינות ותיאום פונים לעסק ישירות; אחרי שהעסק יאמת את הכרטיס אפשר יהיה להשאיר כאן פנייה. בגוגל יש לעסק דירוג 4.5 על סמך 93 ביקורות; הדירוג מוצג כפי שהוא ואינו נערך.

באתר העסק מופיעות גם שאלות ותשובות, למשל: טיפולים ומדריכים הסרת נקודות חן
 מחיר הסרת נקודות חן
 הסרת קונדילומה
 מדריך קונדילומה
 איך מזהים קונדילומה?
 כל הטיפולים. כל הפרטים בעמוד נאספו ממקורות פומביים של העסק, והעסק יכול לתקן ולהשלים אותם אחרי אימות הכרטיס. לשאלות נפוצות על המיקום, המחירים ודרכי הפנייה יש מדור נפרד בהמשך העמוד.","הסרת נגעי עור | הסרת נקודות חן | הסרת קונדילומה | הסרת שומות | אנגיוקרטומה | קסנטלזמה | נקודות אדומות (המנגיומות) - Medical-C היא קליניקה בתל אביב-יפו בתחום אסתטיקה רפואית, קוסמטיקה וטיפולי פנים, כירורגיה פלסטית. הכתובת שפורסמה היא Menakhem Begin Rd 150, Tel Aviv-Yafo, 6936468. העסק מציין 3 תחומים: אסתטיקה רפואית, קוסמטיקה וטיפולי פנים, כירורגיה פלסטית. לפי אתר העסק הוא פועל מאז 2026. כך העסק מציג את עצמו: מדיקל סי מתמחה בטיפולים מתקדמים להסרת נגעי עור בטכנולוגיות לייזר ושיטות רפואיות מתקדמות. בקליניקה מבוצעים טיפולים מקצועיים להסרת נקודות חן, הסרת קונדילומה, הסרת סרחי עור, הסרת נקודות אדומות, הסרת אנגיוקרטומה, הסרת המנגיומות והסרת נגעי עור שונים. כל הטיפולים מבוצעים על ידי רופאים מנוסים ובהתאמה אישית לכל מטופל. אנו מתמקדים בהסרה מדויקת, אסתטית ובטוחה של נגעי עור באזורים שונים בגוף, תוך שימוש בטכנולוגיות מתקדמות ושמירה

השירותים שהעסק מפרסם בתחום הזה. בתחום שירותים נוספים מפורסמים: הסרת נקודות חן (המחיר לא פורסם); הסרת נקודות חן בלייזר (המחיר לא פורסם); הסרת קונדילומה (המחיר לא פורסם); הסרת קונדילומה בלייזר (המחיר לא פורסם); הסרת שומות (המחיר לא פורסם); הסרת שומות בלייזר (המחיר לא פורסם); הסרת קסנטלזמה (המחיר לא פורסם); הסרת קסנטלזמה בלייזר (המחיר לא פורסם); הסרת סרחי עור (המחיר לא פורסם); הסרת סרחי עור בלייזר (המחיר לא פורסם); הסרת אנגיוקרטומה (המחיר לא פורסם); הסרת המנגיומות (המחיר לא פורסם).

טיפולי פנים נועדו לניקוי, הזנה וטיפוח של עור הפנים. בתחום קוסמטיקה וטיפולי פנים מפורסמים: כתמי פיגמנטציה (המחיר לא פורסם); פיגמנטציה בפנים (המחיר לא פורסם); כתמים אדומים בפנים (המחיר לא פורסם); אקנה (המחיר לא פורסם); טיפול בכתמי פיגמנטציה (המחיר לא פורסם).

איפור קבוע הוא פיגמנטציה של גבות, שפתיים או אייליינר. בתחום איפור קבוע מפורסמים: הסרת איפור קבוע (המחיר לא פורסם).

בסך הכול מפורסמים 40 שירותים, ללא מחירים מפורסמים.

ל40 שירותים לא פורסם מחיר במקורות שנבדקו (הסרת נקודות חן, הסרת נקודות חן בלייזר, הסרת קונדילומה, הסרת קונדילומה בלייזר ועוד). לקבלת הצעת מחיר פונים לעסק ישירות דרך פרטי הקשר בעמוד.

באתר העסק מוצגים 7 אנשי צוות: מדיקל סי, טיפולי לייזר ואסתטיקה רפואית על ידי רופאים. מדיקל סי מעניקה טיפולים בנגעי עור אסתטיים, יבלות וקונדילומה, טיפולי פיגמנטציה, טיפולי לייזר והזרקות אסתטיות. הטיפולים מבוצעים על ידי רופאים בקליניקות בתל אביב, חיפה וקריית גת, לאחר בדיקה והתאמה אישית. ד״ר ג׳ורג׳ סאבא, רופא בעל רישיון בישראל ובגרמניה, העוסק בנגעי עור, לייזר ד״ר אנדרי בוטרוס, רופא בעל רישיון ישראלי וניסיון מקצועי בהסרת נגעי עור שפירים אימות רישיון, רופא בצוות מדיקל סי ד״ר יואב אוציטל, מומחה ברפואה פנימית ובעל הכשרה מקצועית ברפואה אסתטית ד״ר סמי קרינאוי, רופא בצוות מדיקל סי וליווי גם לאחר הטיפול., טיפולים על ידי רופאים. ההליכים מבוצעים בהתאם לסוג הטיפול, לאחר הערכה והתאמה רפואית. הסמכות ורישיונות מאומתים מוצגים בעמוד רק אחרי אימות של העסק ב־BeautyFind.

שעות הפעילות שפורסמו: ראשון 09:30 עד 19:30, שני 09:30 עד 19:30, שלישי 09:30 עד 19:30, רביעי 09:30 עד 19:30, חמישי 09:30 עד 19:30, שישי 09:00 עד 14:00, שבת סגור. העסק פתוח 6 ימים בשבוע לפי הפרסום. השעות עשויות להשתנות בחגים ובימים מיוחדים, ולכן כדאי לוודא מול העסק לפני ההגעה.

המקום נגיש לכיסא גלגלים לפי הצהרת העסק. בעמוד מוצגות 8 תמונות מהעסק. 10 סרטונים מהערוץ הרשמי.

אפשר ליצור קשר עם העסק בטלפון, בוואטסאפ, בדוא״ל, באתר medical-c.co.il, וברשתות (Instagram, Facebook, YouTube). בעמוד מופיעים גם הכתובת, מפה וקישורי ניווט בוויז ובגוגל. לבירור זמינות ותיאום פונים לעסק ישירות; אחרי שהעסק יאמת את הכרטיס אפשר יהיה להשאיר כאן פנייה. בגוגל יש לעסק דירוג 4.5 על סמך 93 ביקורות; הדירוג מוצג כפי שהוא ואינו נערך.

באתר העסק מופיעות גם שאלות ותשובות, למשל: טיפולים ומדריכים הסרת נקודות חן
 מחיר הסרת נקודות חן
 הסרת קונדילומה
 מדריך קונדילומה
 איך מזהים קונדילומה?
 כל הטיפולים. כל הפרטים בעמוד נאספו ממקורות פומביים של העסק, והעסק יכול לתקן ולהשלים אותם אחרי אימות הכרטיס. לשאלות נפוצות על המיקום, המחירים ודרכי הפנייה יש מדור נפרד בהמשך העמוד.",https://beautyfind.co.il/dan/biz/medical-c
4125d5eb-f414-4c25-b3dd-0e8069a75afa,הסרת נגעי עור | הסרת נקודות חן | הסרת קונדילומה | הסרת שומות | אנגיוקרטומה | קסנטלזמה | נקודות אדומות (המנגיומות) - Medical-C,faqs,תל אביב–יפו x1,"[{""a"":""הכתובת היא Menakhem Begin Rd 150, Tel Aviv-Yafo, 6936468, תל אביב–יפו. בעמוד יש קישורי ניווט בוויז ובגוגל."",""q"":""איפה נמצא הסרת נגעי עור | הסרת נקודות חן | הסרת קונדילומה | הסרת שומות | אנגיוקרטומה | קסנטלזמה | נקודות אדומות (המנגיומות) - Medical-C?""},{""a"":""לפי המקורות שנבדקו: הסרת נקודות חן, הסרת נקודות חן בלייזר, הסרת קונדילומה, הסרת קונדילומה בלייזר, הסרת שומות, הסרת שומות בלייזר ועוד. הרשימה המלאה מופיעה בעמוד תחת שירותים ומחירים."",""q"":""אילו שירותים מציע הסרת נגעי עור | הסרת נקודות חן | הסרת קונדילומה | הסרת שומות | אנגיוקרטומה | קסנטלזמה | נקודות אדומות (המנגיומות) - Medical-C?""},{""a"":""המחירים לא פורסמו במקורות שנבדקו. לקבלת מחיר מעודכן, אפשר לפנות לעסק דרך פרטי הקשר בעמוד."",""q"":""מה המחירים?""},{""a"":""פונים לעסק בטלפון, בוואטסאפ, בדוא״ל, באתר medical-c.co.il, וברשתות (Instagram, Facebook, YouTube). אחרי שהעסק יאמת את הכרטיס אפשר יהיה להשאיר כאן פנייה."",""q"":""איך קובעים תור או מבררים זמינות?""},{""a"":""ראשון 09:30 עד 19:30, שני 09:30 עד 19:30, שלישי 09:30 עד 19:30, רביעי 09:30 עד 19:30, חמישי 09:30 עד 19:30, שישי 09:00 עד 14:00, שבת סגור. כדאי לוודא לפני הגעה."",""q"":""מה שעות הפעילות?""},{""a"":""לפי אתר העסק: מדיקל סי (טיפולי לייזר ואסתטיקה רפואית על ידי רופאים), ד״ר ג׳ורג׳ סאבא (רופא בעל רישיון בישראל ובגרמניה, העוסק בנגעי עור, לייזר), ד״ר אנדרי בוטרוס (רופא בעל רישיון ישראלי וניסיון מקצועי בהסרת נגעי עור שפירים), אימות רישיון (רופא בצוות מדיקל סי). הסמכות מאומתות רק אחרי שהעסק מאמת את הכרטיס."",""q"":""מי בצוות?""},{""a"":""לא נמצא מידע מאומת על חניה מטעם העסק. המקום נגיש לכיסא גלגלים לפי הצהרת העסק. מומלץ לבדוק מול העסק לפני ההגעה."",""q"":""יש חניה ונגישות?""}]","[{""a"":""הכתובת היא Menakhem Begin Rd 150, Tel Aviv-Yafo, 6936468, תל אביב-יפו. בעמוד יש קישורי ניווט בוויז ובגוגל."",""q"":""איפה נמצא הסרת נגעי עור | הסרת נקודות חן | הסרת קונדילומה | הסרת שומות | אנגיוקרטומה | קסנטלזמה | נקודות אדומות (המנגיומות) - Medical-C?""},{""a"":""לפי המקורות שנבדקו: הסרת נקודות חן, הסרת נקודות חן בלייזר, הסרת קונדילומה, הסרת קונדילומה בלייזר, הסרת שומות, הסרת שומות בלייזר ועוד. הרשימה המלאה מופיעה בעמוד תחת שירותים ומחירים."",""q"":""אילו שירותים מציע הסרת נגעי עור | הסרת נקודות חן | הסרת קונדילומה | הסרת שומות | אנגיוקרטומה | קסנטלזמה | נקודות אדומות (המנגיומות) - Medical-C?""},{""a"":""המחירים לא פורסמו במקורות שנבדקו. לקבלת מחיר מעודכן, אפשר לפנות לעסק דרך פרטי הקשר בעמוד."",""q"":""מה המחירים?""},{""a"":""פונים לעסק בטלפון, בוואטסאפ, בדוא״ל, באתר medical-c.co.il, וברשתות (Instagram, Facebook, YouTube). אחרי שהעסק יאמת את הכרטיס אפשר יהיה להשאיר כאן פנייה."",""q"":""איך קובעים תור או מבררים זמינות?""},{""a"":""ראשון 09:30 עד 19:30, שני 09:30 עד 19:30, שלישי 09:30 עד 19:30, רביעי 09:30 עד 19:30, חמישי 09:30 עד 19:30, שישי 09:00 עד 14:00, שבת סגור. כדאי לוודא לפני הגעה."",""q"":""מה שעות הפעילות?""},{""a"":""לפי אתר העסק: מדיקל סי (טיפולי לייזר ואסתטיקה רפואית על ידי רופאים), ד״ר ג׳ורג׳ סאבא (רופא בעל רישיון בישראל ובגרמניה, העוסק בנגעי עור, לייזר), ד״ר אנדרי בוטרוס (רופא בעל רישיון ישראלי וניסיון מקצועי בהסרת נגעי עור שפירים), אימות רישיון (רופא בצוות מדיקל סי). הסמכות מאומתות רק אחרי שהעסק מאמת את הכרטיס."",""q"":""מי בצוות?""},{""a"":""לא נמצא מידע מאומת על חניה מטעם העסק. המקום נגיש לכיסא גלגלים לפי הצהרת העסק. מומלץ לבדוק מול העסק לפני ההגעה."",""q"":""יש חניה ונגישות?""}]",https://beautyfind.co.il/dan/biz/medical-c
4125d5eb-f414-4c25-b3dd-0e8069a75afa,הסרת נגעי עור | הסרת נקודות חן | הסרת קונדילומה | הסרת שומות | אנגיוקרטומה | קסנטלזמה | נקודות אדומות (המנגיומות) - Medical-C,metaDescription,תל אביב–יפו x1,"הסרת נגעי עור | הסרת נקודות חן | הסרת קונדילומה | הסרת שומות | אנגיוקרטומה | קסנטלזמה | נקודות אדומות (המנגיומות) - Medical-C בתל אביב–יפו, אסתטיקה רפואית וקוסמ","הסרת נגעי עור | הסרת נקודות חן | הסרת קונדילומה | הסרת שומות | אנגיוקרטומה | קסנטלזמה | נקודות אדומות (המנגיומות) - Medical-C בתל אביב-יפו, אסתטיקה רפואית וקוסמ",https://beautyfind.co.il/dan/biz/medical-c
2b8e6318-5a0d-4b4d-aaf3-b52b5d94ccab,הקומה של אהובה,metaTitle,תל אביב–יפו x1,הקומה של אהובה תל אביב–יפו: קוסמטיקה וטיפולי פנים,הקומה של אהובה תל אביב-יפו: קוסמטיקה וטיפולי פנים,https://beautyfind.co.il/dan/biz/הקומה-אהובה
92d8659d-5d9f-459d-8221-c67756d5e310,ורה קליניק,metaTitle,תל אביב–יפו x1,ורה קליניק תל אביב–יפו: קוסמטיקה וטיפולי פנים,ורה קליניק תל אביב-יפו: קוסמטיקה וטיפולי פנים,https://beautyfind.co.il/dan/biz/ורה-קליניק
d28ebe09-451a-4ae9-ad6c-da08984ceae1,חד וחלק Pini Eliya,metaTitle,תל אביב–יפו x1,חד וחלק Pini Eliya תל אביב–יפו: קוסמטיקה וטיפולי פנים,חד וחלק Pini Eliya תל אביב-יפו: קוסמטיקה וטיפולי פנים,https://beautyfind.co.il/dan/biz/pini-eliya
e31afad1-b3c7-48b0-9817-b761d6e811ce,חיים קפלן,metaTitle,תל אביב–יפו x1,חיים קפלן תל אביב–יפו: כירורגיה פלסטית | מחירים וביקורות,חיים קפלן תל אביב-יפו: כירורגיה פלסטית | מחירים וביקורות,https://beautyfind.co.il/dan/biz/חיים-קפלן
7ef56877-6de8-4ee3-85d3-84f2c43fac74,חנה מושייב,metaTitle,תל אביב–יפו x1,"חנה מושייב תל אביב–יפו: ציפורניים, מניקור ופדיקור","חנה מושייב תל אביב-יפו: ציפורניים, מניקור ופדיקור",https://beautyfind.co.il/dan/biz/חנה-מושייב
4a91d675-61e9-48c8-94c9-f663c0ad9ff8,יוסי ממן,metaTitle,תל אביב–יפו x1,יוסי ממן תל אביב–יפו: מספרות ועיצוב שיער | מחירים וביקורות,יוסי ממן תל אביב-יפו: מספרות ועיצוב שיער | מחירים וביקורות,https://beautyfind.co.il/dan/biz/יוסי-ממן
77692c6f-a6bd-4c13-b92b-c41dea986f6d,ירון אזולאי - עיצוב שיער,metaTitle,תל אביב–יפו x1,ירון אזולאי - עיצוב שיער תל אביב–יפו: מספרות ועיצוב שיער,ירון אזולאי - עיצוב שיער תל אביב-יפו: מספרות ועיצוב שיער,https://beautyfind.co.il/dan/biz/ירון-אזולאי-עיצוב-שיער
b34e54bc-33f3-4d27-8ae0-3ab122dc7895,"כירורגיה פלסטית ואסתטית | ד""ר אייל שפירא",metaTitle,תל אביב–יפו x1,"כירורגיה פלסטית ואסתטית | ד""ר אייל שפירא תל אביב–יפו","כירורגיה פלסטית ואסתטית | ד""ר אייל שפירא תל אביב-יפו",https://beautyfind.co.il/dan/biz/כירורגיה-פלסטית-ואסתטית-דר-אייל-שפירא
c2b50e3b-4b6e-4596-891f-0a0128237b55,כללית אסתטיקה - רמת אביב - תל אביב,metaTitle,תל אביב–יפו x1,כללית אסתטיקה - רמת אביב - תל אביב תל אביב–יפו,כללית אסתטיקה - רמת אביב - תל אביב תל אביב-יפו,https://beautyfind.co.il/dan/biz/כללית-אסתטיקה-רמת-אביב-תל-אביב
6276b316-e855-4071-bc62-76b30546fcbc,מושלמת האוס אוף ביוטי,metaTitle,תל אביב–יפו x1,מושלמת האוס אוף ביוטי תל אביב–יפו: קוסמטיקה וטיפולי פנים,מושלמת האוס אוף ביוטי תל אביב-יפו: קוסמטיקה וטיפולי פנים,https://beautyfind.co.il/dan/biz/מושלמת-האוס-אוף-ביוטי
30c39ad7-486e-4c94-9df4-c7c02f154bc9,מכבי אסתטיקה - סניף תל אביב,metaTitle,תל אביב–יפו x1,מכבי אסתטיקה - סניף תל אביב תל אביב–יפו,מכבי אסתטיקה - סניף תל אביב תל אביב-יפו,https://beautyfind.co.il/dan/biz/מכבי-אסתטיקה-סניף-תל-אביב
f0c9803e-0050-45be-8060-19eb1ed9f379,מכון שיזוף בהתזה ׳ספריי׳ - spray tanning salon,metaTitle,תל אביב–יפו x1,מכון שיזוף בהתזה ׳ספריי׳ - spray tanning salon תל אביב–יפו,מכון שיזוף בהתזה ׳ספריי׳ - spray tanning salon תל אביב-יפו,https://beautyfind.co.il/dan/biz/spray-tanning-salon
8af31e3c-a298-4d41-933f-50031782d817,מסודרות,metaTitle,תל אביב–יפו x1,מסודרות תל אביב–יפו: קוסמטיקה וטיפולי פנים | מחירים וביקורות,מסודרות תל אביב-יפו: קוסמטיקה וטיפולי פנים | מחירים וביקורות,https://beautyfind.co.il/dan/biz/מסודרות
e29365c5-d113-429a-9a6f-a7469293eb5d,"מספרה Barak Shoshan Hair Design-Keratin,Japanese Treatment",description,תל אביב–יפו x1,"מספרה Barak Shoshan Hair Design-Keratin,Japanese Treatment נמצאת בתל אביב–יפו וממוקמת ברחוב פרישמן 32, בין דיזנגוף לבן יהודה. המקום מציע מגוון טיפולי שיער ועיצוב, עם דגש על החלקות וטיפולי קרטין ויפנית, לצד שירותי צבע ותספורות.

המספרה מציעה תספורות ועיצוב שיער, צבעי שורש וצבע מלא, הדגשות וסגנונות balayage ואומברה, וכן טיפול ייבוש ובלו-אאוט. אלה שירותים יומיומיים שמיועדים לשינוי סגנון, לתיקון מראה השיער או לטיפוח שוטף של המראה.

עוד במגוון השירותים מוצעים טיפולים להחלקת שיער בסוגים שונים, כולל החלקה יפנית, החלקה קרטין, החלקה אורגנית והחלקת משי. טיפולי קרטין וטיפולים מבוססי טנין המסומנים כטיפול רפואי גם הם חלק מההיצע; לגבי הטיפול המסומן כהשירות הרפואי ההחלטה על ההתאמה תיעשה בייעוץ רפואי.

בין שירותי הצבע המסופקים מצוי צבע אומברה, הדגשים והחלקת צבע בסגנון balayage, המתאימים למי שמחפש מראה רב גווני וממועם. השירותים כוללים גם טיפולים מותאמים לשיער מתולתל.

שעות הפתיחה מפורטות במקורות העסק: ראשון 10:00, 18:00, שני סגור, שלישי עד חמישי 10:00, 18:00, שישי 09:00, 12:00 ושבת סגור. ניתן להתייעץ לגבי זמינות ופניות מחוץ לשעות המפורטות באמצעות הטלפון.

לטובת תיאום והתקשרות העסק מסומן כמקבל שיחות טלפון ויש לו נוכחות באינסטגרם. אין אתר רשמי מקושר בדפי המידע שנבדקו, ואין אפשרות להזמנה מקוונת דרך הקישורים שבמידע זה.

המספרה מדווחת על פעילות עם ניסיון רב שנים ועבודה עבור לקוחות במרחב שבין לוס אנג'לס לתל אביב. בתמונות שפורסמו במקורות יש תמונות של סלון ועבודות שיער שונות. הנתונים מראים גם דירוג ממוצע גבוה שנצבר על בסיס ביקורות לקוחות.

המקום מצוין כאינטראקטיבי ונגיש מבחינת נגישות פיזית, כך שנגישות לנכים מסומנת במידע. פרטים מדויקים על חניה חינמית לא צוינו במקורות שנבדקו. לקבלת מידע מפורט יותר על זמני טיפול, עלויות או צוות המטפלים יש לפנות לטלפון של העסק או להודעה באינסטגרם ולהסדיר פגישה או ייעוץ.","מספרה Barak Shoshan Hair Design-Keratin,Japanese Treatment נמצאת בתל אביב-יפו וממוקמת ברחוב פרישמן 32, בין דיזנגוף לבן יהודה. המקום מציע מגוון טיפולי שיער ועיצוב, עם דגש על החלקות וטיפולי קרטין ויפנית, לצד שירותי צבע ותספורות.

המספרה מציעה תספורות ועיצוב שיער, צבעי שורש וצבע מלא, הדגשות וסגנונות balayage ואומברה, וכן טיפול ייבוש ובלו-אאוט. אלה שירותים יומיומיים שמיועדים לשינוי סגנון, לתיקון מראה השיער או לטיפוח שוטף של המראה.

עוד במגוון השירותים מוצעים טיפולים להחלקת שיער בסוגים שונים, כולל החלקה יפנית, החלקה קרטין, החלקה אורגנית והחלקת משי. טיפולי קרטין וטיפולים מבוססי טנין המסומנים כטיפול רפואי גם הם חלק מההיצע; לגבי הטיפול המסומן כהשירות הרפואי ההחלטה על ההתאמה תיעשה בייעוץ רפואי.

בין שירותי הצבע המסופקים מצוי צבע אומברה, הדגשים והחלקת צבע בסגנון balayage, המתאימים למי שמחפש מראה רב גווני וממועם. השירותים כוללים גם טיפולים מותאמים לשיער מתולתל.

שעות הפתיחה מפורטות במקורות העסק: ראשון 10:00, 18:00, שני סגור, שלישי עד חמישי 10:00, 18:00, שישי 09:00, 12:00 ושבת סגור. ניתן להתייעץ לגבי זמינות ופניות מחוץ לשעות המפורטות באמצעות הטלפון.

לטובת תיאום והתקשרות העסק מסומן כמקבל שיחות טלפון ויש לו נוכחות באינסטגרם. אין אתר רשמי מקושר בדפי המידע שנבדקו, ואין אפשרות להזמנה מקוונת דרך הקישורים שבמידע זה.

המספרה מדווחת על פעילות עם ניסיון רב שנים ועבודה עבור לקוחות במרחב שבין לוס אנג'לס לתל אביב. בתמונות שפורסמו במקורות יש תמונות של סלון ועבודות שיער שונות. הנתונים מראים גם דירוג ממוצע גבוה שנצבר על בסיס ביקורות לקוחות.

המקום מצוין כאינטראקטיבי ונגיש מבחינת נגישות פיזית, כך שנגישות לנכים מסומנת במידע. פרטים מדויקים על חניה חינמית לא צוינו במקורות שנבדקו. לקבלת מידע מפורט יותר על זמני טיפול, עלויות או צוות המטפלים יש לפנות לטלפון של העסק או להודעה באינסטגרם ולהסדיר פגישה או ייעוץ.",https://beautyfind.co.il/dan/biz/barak-shoshan-hair-design-keratin-japanese-treatment
e29365c5-d113-429a-9a6f-a7469293eb5d,"מספרה Barak Shoshan Hair Design-Keratin,Japanese Treatment",faqs,תל אביב–יפו x1,"[{""a"":""המספרה נמצאת ברחוב פרישמן 32 בתל אביב–יפו, בין דיזנגוף לבן יהודה."",""q"":""איפה נמצאת המספרה?""},{""a"":""העסק מציע תספורות ועיצוב שיער, צבעים, הדגשות בסגנון balayage ואומברה, פן והחלקות שונות כולל קרטין, החלקה יפנית ואורגנית, וטיפולי Botox tanin המסומנים כהשירות הרפואי."",""q"":""איזה טיפולים ושירותים מציעים?""},{""a"":""ניתן ליצור קשר טלפוני דרך המספר הרשום במקורות, וכן לפנות דרך פרופיל האינסטגרם של העסק. אין אתר או אפשרות הזמנה מקוונת בדפי המידע שנבדקו."",""q"":""איך מתקשרים כדי לתאם תור?""},{""a"":""שעות הפעילות המצוינות הן ראשון 10:00, 18:00, שני סגור, שלישי עד חמישי 10:00, 18:00, שישי 09:00, 12:00 ושבת סגור. מומלץ לוודא זמינות ספציפית לפני הגעה."",""q"":""מה שעות הפתיחה?""},{""a"":""כן, במידע שנבדק העסק מסומן כנגיש פיזית. לפרטים נוספים על סוגי הנגישות כדאי לפנות לטלפון של המקום."",""q"":""המספרה נגישה?""},{""a"":""המחירים לא פורסמו במקורות שנבדקו. לקבלת מחיר מעודכן עבור טיפול מסוים אפשר לפנות לעסק דרך פרטי הטלפון או פרופיל האינסטגרם."",""q"":""המחירים זמינים באתר?""},{""a"":""בדפי המקורות מופיע דירוג ממוצע גבוה המבוסס על מספר ביקורות של לקוחות. ניתן לעיין בביקורות בעמודי הרשתות החברתיות כדי לקבל רושם רחב יותר."",""q"":""האם יש המלצות וביקורות?""}]","[{""a"":""המספרה נמצאת ברחוב פרישמן 32 בתל אביב-יפו, בין דיזנגוף לבן יהודה."",""q"":""איפה נמצאת המספרה?""},{""a"":""העסק מציע תספורות ועיצוב שיער, צבעים, הדגשות בסגנון balayage ואומברה, פן והחלקות שונות כולל קרטין, החלקה יפנית ואורגנית, וטיפולי Botox tanin המסומנים כהשירות הרפואי."",""q"":""איזה טיפולים ושירותים מציעים?""},{""a"":""ניתן ליצור קשר טלפוני דרך המספר הרשום במקורות, וכן לפנות דרך פרופיל האינסטגרם של העסק. אין אתר או אפשרות הזמנה מקוונת בדפי המידע שנבדקו."",""q"":""איך מתקשרים כדי לתאם תור?""},{""a"":""שעות הפעילות המצוינות הן ראשון 10:00, 18:00, שני סגור, שלישי עד חמישי 10:00, 18:00, שישי 09:00, 12:00 ושבת סגור. מומלץ לוודא זמינות ספציפית לפני הגעה."",""q"":""מה שעות הפתיחה?""},{""a"":""כן, במידע שנבדק העסק מסומן כנגיש פיזית. לפרטים נוספים על סוגי הנגישות כדאי לפנות לטלפון של המקום."",""q"":""המספרה נגישה?""},{""a"":""המחירים לא פורסמו במקורות שנבדקו. לקבלת מחיר מעודכן עבור טיפול מסוים אפשר לפנות לעסק דרך פרטי הטלפון או פרופיל האינסטגרם."",""q"":""המחירים זמינים באתר?""},{""a"":""בדפי המקורות מופיע דירוג ממוצע גבוה המבוסס על מספר ביקורות של לקוחות. ניתן לעיין בביקורות בעמודי הרשתות החברתיות כדי לקבל רושם רחב יותר."",""q"":""האם יש המלצות וביקורות?""}]",https://beautyfind.co.il/dan/biz/barak-shoshan-hair-design-keratin-japanese-treatment
70143afd-d45c-4eea-90f4-a53804b07168,מספרת שי גדון עיצוב שיער נשים,description,תל אביב–יפו x1,"מספרת שי גדון עיצוב שיער נשים פועלת בתל אביב–יפו כתובת המוצהרת באתר. זוהי מספרת בוטיק המתוארת כמעגלת תשומת לב לשיער מתולתל ותספורות טרנדיות, עם דגש על גוונים וצבעים וחומרים איכותיים.

העסק מסומן בקטגוריות מספרות ועיצוב שיער וכן קוסמטיקה וטיפולי פנים, מה שמעיד על שילוב של שירותי שיער עם הצעה רחבה יותר בתחום הטיפוח. הפרטים שמוצגים מציינים מומחיות בעבודה עם שיער מתולתל ועבודה על תספורות וגוונים, אך רשימת טיפולים מדויקת לא פורסמה.

השעות כפי שהן מופיעות: ברוב הימים הפעילות מוגדרת בין עשר בבוקר לשמונה בערב, ביום אחד מצוינת פעילות עד שלוש אחר הצהריים ויש גם ימים שסגורים. אין פירוט מפורש של הימים לפי שמות הימים בעמוד הנתונים שהתקבל.

ליצירת קשר מצוין כי קיימת פנייה טלפונית ונוכחות אתר אינטרנט. אין פירוט של מספר טלפון בעדכון זה, והזמנת תורים מקוונת לא נרשמה כמופעלת. פרטי דוא״ל או ווטסאפ לא פורסמו במקור שנבדק.

אין פרטים מפורשים על צוות המטפלים או על השפות המדוברות במקום. כמו כן, מידע לגבי נגישות פיזית או אפשרויות חניה לא פורסם במקורות שסופקו.

בעמוד העסק מופיע דירוג ממוצע המבוסס על חוות דעת עם ציון כללי גבוה, וכן זמינים מספר תמונות שמציגות את המקום. מאגר המידע שהושג כאן אינו כולל תעריפים, מדיניות תורים מפורטת או רשימת טיפולים מלאה, ולכן כדי לקבל פרטים מדויקים על שירות מסוים או תמחור מומלץ לפנות ישירות דרך הטלפון או לבדוק את האתר שמצויין בעמוד העסק.","מספרת שי גדון עיצוב שיער נשים פועלת בתל אביב-יפו כתובת המוצהרת באתר. זוהי מספרת בוטיק המתוארת כמעגלת תשומת לב לשיער מתולתל ותספורות טרנדיות, עם דגש על גוונים וצבעים וחומרים איכותיים.

העסק מסומן בקטגוריות מספרות ועיצוב שיער וכן קוסמטיקה וטיפולי פנים, מה שמעיד על שילוב של שירותי שיער עם הצעה רחבה יותר בתחום הטיפוח. הפרטים שמוצגים מציינים מומחיות בעבודה עם שיער מתולתל ועבודה על תספורות וגוונים, אך רשימת טיפולים מדויקת לא פורסמה.

השעות כפי שהן מופיעות: ברוב הימים הפעילות מוגדרת בין עשר בבוקר לשמונה בערב, ביום אחד מצוינת פעילות עד שלוש אחר הצהריים ויש גם ימים שסגורים. אין פירוט מפורש של הימים לפי שמות הימים בעמוד הנתונים שהתקבל.

ליצירת קשר מצוין כי קיימת פנייה טלפונית ונוכחות אתר אינטרנט. אין פירוט של מספר טלפון בעדכון זה, והזמנת תורים מקוונת לא נרשמה כמופעלת. פרטי דוא״ל או ווטסאפ לא פורסמו במקור שנבדק.

אין פרטים מפורשים על צוות המטפלים או על השפות המדוברות במקום. כמו כן, מידע לגבי נגישות פיזית או אפשרויות חניה לא פורסם במקורות שסופקו.

בעמוד העסק מופיע דירוג ממוצע המבוסס על חוות דעת עם ציון כללי גבוה, וכן זמינים מספר תמונות שמציגות את המקום. מאגר המידע שהושג כאן אינו כולל תעריפים, מדיניות תורים מפורטת או רשימת טיפולים מלאה, ולכן כדי לקבל פרטים מדויקים על שירות מסוים או תמחור מומלץ לפנות ישירות דרך הטלפון או לבדוק את האתר שמצויין בעמוד העסק.",https://beautyfind.co.il/dan/biz/מספרת-שי-גדון-עיצוב-שיער-נשים
70143afd-d45c-4eea-90f4-a53804b07168,מספרת שי גדון עיצוב שיער נשים,faqs,תל אביב–יפו x1,"[{""a"":""הכתובת שמופיעה במקורות היא Sheinkin St 61, Tel Aviv-Yafo בתל אביב–יפו. פרטי הגעה מדויקים נוספים לא פורסמו בעמוד המידע שסופק."",""q"":""איפה ממוקמת המספרה?""},{""a"":""המקורות מציינים התמחות בעבודה עם שיער מתולתל, תספורות טרנדיות, גוונים וצבעים תוך שימוש בחומרים איכותיים. רשימת טיפולים מפורטת לא פורסמה, ולכן לקבלת פרטים ספציפיים כדאי לפנות למספרה."",""q"":""אילו סוגי שירותי שיער מציעים?""},{""a"":""במקורות מצוין כי הזמנה מקוונת לא מופעלת. לפעמים יש פרטי יצירת קשר נוספים באתר, לכן מומלץ לבדוק את האתר הרשום או ליצור קשר טלפוני."",""q"":""האם ניתן להזמין תור און־ליין?""},{""a"":""במקור נרשמו שעות ברוב הימים מ־10:00 עד 20:00, ביום אחד עד 15:00 ויש גם ימים שסגורים. לא פורסם פירוט של שמות הימים בהתאמה לשעות בעמוד הנתונים שסופק."",""q"":""מהן שעות הפעילות?""},{""a"":""במקורות צויין כי יש אפשרות לפנייה טלפונית וגם אתר אינטרנט פעיל. מספר הטלפון לא פורסם במידע שהתקבל, לכן יש לבדוק את האתר הרשום למידע מלא על אמצעי התקשרות."",""q"":""איך נוצר קשר עם המספרה?""},{""a"":""פרטי הצוות לא פורסמו במקורות שסופקו, ואין פירוט על שפות מדוברות במקום. לפנייה בנוגע למטפל מומלץ ליצור קשר טלפוני או לבדוק באתר."",""q"":""מה ידוע על הצוות והשפות המדוברות?""},{""a"":""מידע על נגישות ופארקינג לא פורסם במקורות שהתקבלו. לקבלת מידע על נגישות או חניה מומלץ לפנות ישירות למספרה."",""q"":""האם המקום נגיש ויש חניה חינם?""}]","[{""a"":""הכתובת שמופיעה במקורות היא Sheinkin St 61, Tel Aviv-Yafo בתל אביב-יפו. פרטי הגעה מדויקים נוספים לא פורסמו בעמוד המידע שסופק."",""q"":""איפה ממוקמת המספרה?""},{""a"":""המקורות מציינים התמחות בעבודה עם שיער מתולתל, תספורות טרנדיות, גוונים וצבעים תוך שימוש בחומרים איכותיים. רשימת טיפולים מפורטת לא פורסמה, ולכן לקבלת פרטים ספציפיים כדאי לפנות למספרה."",""q"":""אילו סוגי שירותי שיער מציעים?""},{""a"":""במקורות מצוין כי הזמנה מקוונת לא מופעלת. לפעמים יש פרטי יצירת קשר נוספים באתר, לכן מומלץ לבדוק את האתר הרשום או ליצור קשר טלפוני."",""q"":""האם ניתן להזמין תור און־ליין?""},{""a"":""במקור נרשמו שעות ברוב הימים מ־10:00 עד 20:00, ביום אחד עד 15:00 ויש גם ימים שסגורים. לא פורסם פירוט של שמות הימים בהתאמה לשעות בעמוד הנתונים שסופק."",""q"":""מהן שעות הפעילות?""},{""a"":""במקורות צויין כי יש אפשרות לפנייה טלפונית וגם אתר אינטרנט פעיל. מספר הטלפון לא פורסם במידע שהתקבל, לכן יש לבדוק את האתר הרשום למידע מלא על אמצעי התקשרות."",""q"":""איך נוצר קשר עם המספרה?""},{""a"":""פרטי הצוות לא פורסמו במקורות שסופקו, ואין פירוט על שפות מדוברות במקום. לפנייה בנוגע למטפל מומלץ ליצור קשר טלפוני או לבדוק באתר."",""q"":""מה ידוע על הצוות והשפות המדוברות?""},{""a"":""מידע על נגישות ופארקינג לא פורסם במקורות שהתקבלו. לקבלת מידע על נגישות או חניה מומלץ לפנות ישירות למספרה."",""q"":""האם המקום נגיש ויש חניה חינם?""}]",https://beautyfind.co.il/dan/biz/מספרת-שי-גדון-עיצוב-שיער-נשים
70143afd-d45c-4eea-90f4-a53804b07168,מספרת שי גדון עיצוב שיער נשים,metaTitle,תל אביב–יפו x1,מספרת שי גדון עיצוב שיער נשים תל אביב–יפו,מספרת שי גדון עיצוב שיער נשים תל אביב-יפו,https://beautyfind.co.il/dan/biz/מספרת-שי-גדון-עיצוב-שיער-נשים
e2015e53-cb22-4eba-b819-7efea95d1963,מרכז כירורגי שוורץ - ארד,metaTitle,תל אביב–יפו x1,מרכז כירורגי שוורץ - ארד תל אביב–יפו: כירורגיה פלסטית,מרכז כירורגי שוורץ - ארד תל אביב-יפו: כירורגיה פלסטית,https://beautyfind.co.il/dan/biz/מרכז-כירורגי-שוורץ-ארד
08e9db34-039c-4a8b-b288-e390cbb38da2,"מרפאת ד""ר ליבי כרמי, תל אביב",metaTitle,תל אביב–יפו x1,"מרפאת ד""ר ליבי כרמי, תל אביב תל אביב–יפו: אסתטיקה דנטלית","מרפאת ד""ר ליבי כרמי, תל אביב תל אביב-יפו: אסתטיקה דנטלית",https://beautyfind.co.il/dan/biz/מרפאת-דר-ליבי-כרמי-תל-אביב
e54fa942-5742-4408-8cad-cc2019be3403,"מרפאת השיניים והאסטתיקה של ד""ר צבי אבירם",metaTitle,תל אביב–יפו x1,"מרפאת השיניים והאסטתיקה של ד""ר צבי אבירם תל אביב–יפו","מרפאת השיניים והאסטתיקה של ד""ר צבי אבירם תל אביב-יפו",https://beautyfind.co.il/dan/biz/מרפאת-השיניים-והאסטתיקה-דר-צבי-אבירם
b9090e87-3422-4ae0-8847-4dec673e85a0,נטלי קוסמטיקס,description,תל אביב–יפו x1 | ₪ לפני המספר x8,"נטלי קוסמטיקס הוא עסק בתל אביב–יפו בתחום ציפורניים, מניקור ופדיקור, הסרת שיער, קוסמטיקה וטיפולי פנים. הכתובת שפורסמה היא Shlomo Ibn Gabirol St 107, Tel Aviv-Yafo. העסק מציין 4 תחומים: ציפורניים, מניקור ופדיקור, הסרת שיער, קוסמטיקה וטיפולי פנים, גבות וריסים. כך העסק מציג את עצמו: נטלי קוסמטיקס קיימת כבר 20 שנה ולמקום יש סיפור מעניין ,נתן נכנס לעסק, כאשר אשתו חלתה ,ונאמר לה שהיא לא תוכל לעבוד תקופה מאוד ארוכה ולכן נתן החליט לעשות מעשה המחמם את הלב והחליט ללמוד קוסמטיקה ולהמשיך את העסק בזמן ההחלמה של נטלי ומאז נתן ממשיך לעסוק בקוסמטיקה ,בנטלי קוסמטיקס כבר 20 שנים. לנתן יש ידי זהב ,הוא מקצועי ,עושה גבות ברמה מקצועית,פדיקור רפואי בשיטות ייחודיות משלו ללא סכינים,ללא מים,הטיפול נעשה עם טכנולוגיה חד

טיפולי ציפורניים כוללים מניקור, פדיקור ובנייה. בתחום ציפורניים, מניקור ופדיקור מפורסמים: Manicure (המחיר לא פורסם); Pedicure (המחיר לא פורסם); מניקור ג׳ל,לק ג׳ל (₪89); פדיקור (₪150); פדיקור רפואי לסוכרתיים (המחיר לא פורסם); פדיקור רפואי לספורטאים (המחיר לא פורסם); פדיקור רפואי עד הבית (המחיר לא פורסם); נטלי קוסמטיקס | פדיקור רפואי בתל אביב (המחיר לא פורסם); פדיקור רפואי (המחיר לא פורסם); טיפול בפטרת ציפורניים (₪350); פדיקור רפואי לגיל הזהב (המחיר לא פורסם); מניקור לק ג׳ל (המחיר לא פורסם).

הסרת שיער מתבצעת בלייזר, בשעווה או בשיטות אחרות. בתחום הסרת שיער מפורסמים: Body waxing (המחיר לא פורסם); טיפולי שעוות לגברים (המחיר לא פורסם); טיפולי שעוות לנשים (המחיר לא פורסם); עיצוב גבות,שיקום גבות,עיצוב גבות לגברים,בחוט,פיצטה,שעווה,אבן גבירול, (₪65); שעווה כל הגוף,הסרת שיער,שעווה ידיים,אבן גבירול תל אביב (₪60); שעווה רגליים שלמות,רגל שלמה,באבן גבירול תל אביב 050-7376194 (₪80); הסרת שיער – שעוות גוף (המחיר לא פורסם).

השירותים שהעסק מפרסם בתחום הזה. בתחום שירותים נוספים מפורסמים: טיפול בציפורן חודרנית (₪350); טיפול בעור קשה ויבש (₪350).

טיפולי גבות וריסים כוללים עיצוב, צביעה, הרמה והארכה. בתחום גבות וריסים מפורסמים: עיצוב גבות גברים (המחיר לא פורסם); עיצוב גבות לנשים (המחיר לא פורסם); עיצוב גבות (המחיר לא פורסם).

בסך הכול מפורסמים 40 שירותים, 9 מהם עם מחיר.

ל31 שירותים לא פורסם מחיר במקורות שנבדקו (Manicure, Pedicure, Body waxing, טיפולי שעוות לגברים ועוד). לקבלת הצעת מחיר פונים לעסק ישירות דרך פרטי הקשר בעמוד.

באתר העסק מוצגים 2 אנשי צוות: אייל ברגר, רופא שיניים ביקורת מתוך גוגל, מטפל בי ובגבות שלי. נתן מקסים ומקצועי ביותר, מטפל בי ובגבות שלי באהבה ועושה זאת כבר 3.5 שנים. הסמכות ורישיונות מאומתים מוצגים בעמוד רק אחרי אימות של העסק ב־BeautyFind.

שעות הפעילות שפורסמו: ראשון 08:00 עד 21:00, שני 08:00 עד 21:00, שלישי 08:00 עד 21:00, רביעי 08:00 עד 21:00, חמישי 08:00 עד 21:00, שישי 08:00 עד 17:00, שבת סגור. העסק פתוח 6 ימים בשבוע לפי הפרסום. השעות עשויות להשתנות בחגים ובימים מיוחדים, ולכן כדאי לוודא מול העסק לפני ההגעה.

המקום נגיש לכיסא גלגלים לפי הצהרת העסק. בעמוד מוצגות 8 תמונות מהעסק. 10 סרטונים מהערוץ הרשמי.

אפשר ליצור קשר עם העסק בטלפון, בוואטסאפ, באתר nco.co.il, וברשתות (Instagram, Facebook, TikTok, YouTube). דוא״ל לא פורסמו במקורות שנבדקו. בעמוד מופיעים גם הכתובת, מפה וקישורי ניווט בוויז ובגוגל. לבירור זמינות ותיאום פונים לעסק ישירות; אחרי שהעסק יאמת את הכרטיס אפשר יהיה להשאיר כאן פנייה. בגוגל יש לעסק דירוג 4.8 על סמך 587 ביקורות; הדירוג מוצג כפי שהוא ואינו נערך.

המחירים מוצגים כפי שפרסם העסק, בלי לקבוע אם הם כוללים מע״מ, ומחיר סופי נמסר על ידי העסק בלבד. באתר העסק מופיעות גם שאלות ותשובות, למשל: מה גורם לעור יבש, קשה וסדוק בכפות הרגליים? בעיית עור יבש, קשה וסדוק יכול להיגרם מכמה סיבות. הסיבות השכיחות הנפוצות כוללות מקרים של חוסר בשתייה והתייבשות שגורמות להספקת נוזלים נמוכה להזנת הרקמות שבניהן הע. כל הפרטים בעמוד נאספו ממקורות פומביים של העסק, והעסק יכול לתקן ולהשלים אותם אחרי אימות הכרטיס. לשאלות נפוצות על המיקום, המחירים ודרכי הפנייה יש מדור נפרד בהמשך העמוד.","נטלי קוסמטיקס הוא עסק בתל אביב-יפו בתחום ציפורניים, מניקור ופדיקור, הסרת שיער, קוסמטיקה וטיפולי פנים. הכתובת שפורסמה היא Shlomo Ibn Gabirol St 107, Tel Aviv-Yafo. העסק מציין 4 תחומים: ציפורניים, מניקור ופדיקור, הסרת שיער, קוסמטיקה וטיפולי פנים, גבות וריסים. כך העסק מציג את עצמו: נטלי קוסמטיקס קיימת כבר 20 שנה ולמקום יש סיפור מעניין ,נתן נכנס לעסק, כאשר אשתו חלתה ,ונאמר לה שהיא לא תוכל לעבוד תקופה מאוד ארוכה ולכן נתן החליט לעשות מעשה המחמם את הלב והחליט ללמוד קוסמטיקה ולהמשיך את העסק בזמן ההחלמה של נטלי ומאז נתן ממשיך לעסוק בקוסמטיקה ,בנטלי קוסמטיקס כבר 20 שנים. לנתן יש ידי זהב ,הוא מקצועי ,עושה גבות ברמה מקצועית,פדיקור רפואי בשיטות ייחודיות משלו ללא סכינים,ללא מים,הטיפול נעשה עם טכנולוגיה חד

טיפולי ציפורניים כוללים מניקור, פדיקור ובנייה. בתחום ציפורניים, מניקור ופדיקור מפורסמים: Manicure (המחיר לא פורסם); Pedicure (המחיר לא פורסם); מניקור ג׳ל,לק ג׳ל (89 ₪); פדיקור (150 ₪); פדיקור רפואי לסוכרתיים (המחיר לא פורסם); פדיקור רפואי לספורטאים (המחיר לא פורסם); פדיקור רפואי עד הבית (המחיר לא פורסם); נטלי קוסמטיקס | פדיקור רפואי בתל אביב (המחיר לא פורסם); פדיקור רפואי (המחיר לא פורסם); טיפול בפטרת ציפורניים (350 ₪); פדיקור רפואי לגיל הזהב (המחיר לא פורסם); מניקור לק ג׳ל (המחיר לא פורסם).

הסרת שיער מתבצעת בלייזר, בשעווה או בשיטות אחרות. בתחום הסרת שיער מפורסמים: Body waxing (המחיר לא פורסם); טיפולי שעוות לגברים (המחיר לא פורסם); טיפולי שעוות לנשים (המחיר לא פורסם); עיצוב גבות,שיקום גבות,עיצוב גבות לגברים,בחוט,פיצטה,שעווה,אבן גבירול, (65 ₪); שעווה כל הגוף,הסרת שיער,שעווה ידיים,אבן גבירול תל אביב (60 ₪); שעווה רגליים שלמות,רגל שלמה,באבן גבירול תל אביב 050-7376194 (80 ₪); הסרת שיער – שעוות גוף (המחיר לא פורסם).

השירותים שהעסק מפרסם בתחום הזה. בתחום שירותים נוספים מפורסמים: טיפול בציפורן חודרנית (350 ₪); טיפול בעור קשה ויבש (350 ₪).

טיפולי גבות וריסים כוללים עיצוב, צביעה, הרמה והארכה. בתחום גבות וריסים מפורסמים: עיצוב גבות גברים (המחיר לא פורסם); עיצוב גבות לנשים (המחיר לא פורסם); עיצוב גבות (המחיר לא פורסם).

בסך הכול מפורסמים 40 שירותים, 9 מהם עם מחיר.

ל31 שירותים לא פורסם מחיר במקורות שנבדקו (Manicure, Pedicure, Body waxing, טיפולי שעוות לגברים ועוד). לקבלת הצעת מחיר פונים לעסק ישירות דרך פרטי הקשר בעמוד.

באתר העסק מוצגים 2 אנשי צוות: אייל ברגר, רופא שיניים ביקורת מתוך גוגל, מטפל בי ובגבות שלי. נתן מקסים ומקצועי ביותר, מטפל בי ובגבות שלי באהבה ועושה זאת כבר 3.5 שנים. הסמכות ורישיונות מאומתים מוצגים בעמוד רק אחרי אימות של העסק ב־BeautyFind.

שעות הפעילות שפורסמו: ראשון 08:00 עד 21:00, שני 08:00 עד 21:00, שלישי 08:00 עד 21:00, רביעי 08:00 עד 21:00, חמישי 08:00 עד 21:00, שישי 08:00 עד 17:00, שבת סגור. העסק פתוח 6 ימים בשבוע לפי הפרסום. השעות עשויות להשתנות בחגים ובימים מיוחדים, ולכן כדאי לוודא מול העסק לפני ההגעה.

המקום נגיש לכיסא גלגלים לפי הצהרת העסק. בעמוד מוצגות 8 תמונות מהעסק. 10 סרטונים מהערוץ הרשמי.

אפשר ליצור קשר עם העסק בטלפון, בוואטסאפ, באתר nco.co.il, וברשתות (Instagram, Facebook, TikTok, YouTube). דוא״ל לא פורסמו במקורות שנבדקו. בעמוד מופיעים גם הכתובת, מפה וקישורי ניווט בוויז ובגוגל. לבירור זמינות ותיאום פונים לעסק ישירות; אחרי שהעסק יאמת את הכרטיס אפשר יהיה להשאיר כאן פנייה. בגוגל יש לעסק דירוג 4.8 על סמך 587 ביקורות; הדירוג מוצג כפי שהוא ואינו נערך.

המחירים מוצגים כפי שפרסם העסק, בלי לקבוע אם הם כוללים מע״מ, ומחיר סופי נמסר על ידי העסק בלבד. באתר העסק מופיעות גם שאלות ותשובות, למשל: מה גורם לעור יבש, קשה וסדוק בכפות הרגליים? בעיית עור יבש, קשה וסדוק יכול להיגרם מכמה סיבות. הסיבות השכיחות הנפוצות כוללות מקרים של חוסר בשתייה והתייבשות שגורמות להספקת נוזלים נמוכה להזנת הרקמות שבניהן הע. כל הפרטים בעמוד נאספו ממקורות פומביים של העסק, והעסק יכול לתקן ולהשלים אותם אחרי אימות הכרטיס. לשאלות נפוצות על המיקום, המחירים ודרכי הפנייה יש מדור נפרד בהמשך העמוד.",https://beautyfind.co.il/dan/biz/נטלי-קוסמטיקס
b9090e87-3422-4ae0-8847-4dec673e85a0,נטלי קוסמטיקס,faqs,תל אביב–יפו x1 | ₪ לפני המספר x3,"[{""a"":""הכתובת היא Shlomo Ibn Gabirol St 107, Tel Aviv-Yafo, תל אביב–יפו. בעמוד יש קישורי ניווט בוויז ובגוגל."",""q"":""איפה נמצא נטלי קוסמטיקס?""},{""a"":""לפי המקורות שנבדקו: Manicure, Pedicure, Body waxing, טיפול בציפורן חודרנית, טיפולי שעוות לגברים, טיפולי שעוות לנשים ועוד. הרשימה המלאה מופיעה בעמוד תחת שירותים ומחירים."",""q"":""אילו שירותים מציע נטלי קוסמטיקס?""},{""a"":""חלק מהמחירים פורסמו על ידי העסק, למשל טיפול בציפורן חודרנית ₪350, מניקור ג׳ל,לק ג׳ל ₪89, עיצוב גבות,שיקום גבות,עיצוב גבות לגברים,בחוט,פיצטה,שעווה,אבן גבירול, ₪65. לשירותים ללא מחיר מפורסם מבקשים הצעת מחיר מהעסק."",""q"":""מה המחירים?""},{""a"":""פונים לעסק בטלפון, בוואטסאפ, באתר nco.co.il, וברשתות (Instagram, Facebook, TikTok, YouTube). אחרי שהעסק יאמת את הכרטיס אפשר יהיה להשאיר כאן פנייה."",""q"":""איך קובעים תור או מבררים זמינות?""},{""a"":""ראשון 08:00 עד 21:00, שני 08:00 עד 21:00, שלישי 08:00 עד 21:00, רביעי 08:00 עד 21:00, חמישי 08:00 עד 21:00, שישי 08:00 עד 17:00, שבת סגור. כדאי לוודא לפני הגעה."",""q"":""מה שעות הפעילות?""},{""a"":""לפי אתר העסק: אייל ברגר (רופא שיניים), ביקורת מתוך גוגל (מטפל בי ובגבות שלי). הסמכות מאומתות רק אחרי שהעסק מאמת את הכרטיס."",""q"":""מי בצוות?""},{""a"":""לא נמצא מידע מאומת על חניה מטעם העסק. המקום נגיש לכיסא גלגלים לפי הצהרת העסק. מומלץ לבדוק מול העסק לפני ההגעה."",""q"":""יש חניה ונגישות?""}]","[{""a"":""הכתובת היא Shlomo Ibn Gabirol St 107, Tel Aviv-Yafo, תל אביב-יפו. בעמוד יש קישורי ניווט בוויז ובגוגל."",""q"":""איפה נמצא נטלי קוסמטיקס?""},{""a"":""לפי המקורות שנבדקו: Manicure, Pedicure, Body waxing, טיפול בציפורן חודרנית, טיפולי שעוות לגברים, טיפולי שעוות לנשים ועוד. הרשימה המלאה מופיעה בעמוד תחת שירותים ומחירים."",""q"":""אילו שירותים מציע נטלי קוסמטיקס?""},{""a"":""חלק מהמחירים פורסמו על ידי העסק, למשל טיפול בציפורן חודרנית 350, ₪ מניקור ג׳ל,לק ג׳ל 89, ₪ עיצוב גבות,שיקום גבות,עיצוב גבות לגברים,בחוט,פיצטה,שעווה,אבן גבירול, 65. ₪ לשירותים ללא מחיר מפורסם מבקשים הצעת מחיר מהעסק."",""q"":""מה המחירים?""},{""a"":""פונים לעסק בטלפון, בוואטסאפ, באתר nco.co.il, וברשתות (Instagram, Facebook, TikTok, YouTube). אחרי שהעסק יאמת את הכרטיס אפשר יהיה להשאיר כאן פנייה."",""q"":""איך קובעים תור או מבררים זמינות?""},{""a"":""ראשון 08:00 עד 21:00, שני 08:00 עד 21:00, שלישי 08:00 עד 21:00, רביעי 08:00 עד 21:00, חמישי 08:00 עד 21:00, שישי 08:00 עד 17:00, שבת סגור. כדאי לוודא לפני הגעה."",""q"":""מה שעות הפעילות?""},{""a"":""לפי אתר העסק: אייל ברגר (רופא שיניים), ביקורת מתוך גוגל (מטפל בי ובגבות שלי). הסמכות מאומתות רק אחרי שהעסק מאמת את הכרטיס."",""q"":""מי בצוות?""},{""a"":""לא נמצא מידע מאומת על חניה מטעם העסק. המקום נגיש לכיסא גלגלים לפי הצהרת העסק. מומלץ לבדוק מול העסק לפני ההגעה."",""q"":""יש חניה ונגישות?""}]",https://beautyfind.co.il/dan/biz/נטלי-קוסמטיקס
b9090e87-3422-4ae0-8847-4dec673e85a0,נטלי קוסמטיקס,metaTitle,תל אביב–יפו x1,"נטלי קוסמטיקס תל אביב–יפו: ציפורניים, מניקור ופדיקור","נטלי קוסמטיקס תל אביב-יפו: ציפורניים, מניקור ופדיקור",https://beautyfind.co.il/dan/biz/נטלי-קוסמטיקס
b9090e87-3422-4ae0-8847-4dec673e85a0,נטלי קוסמטיקס,metaDescription,תל אביב–יפו x1,"נטלי קוסמטיקס בתל אביב–יפו, ציפורניים, מניקור ופדיקור והסרת שיער. שירותים: Manicure, Pedicure, Body waxing. שעות פעילות, פרטי קשר וניווט בעמוד.","נטלי קוסמטיקס בתל אביב-יפו, ציפורניים, מניקור ופדיקור והסרת שיער. שירותים: Manicure, Pedicure, Body waxing. שעות פעילות, פרטי קשר וניווט בעמוד.",https://beautyfind.co.il/dan/biz/נטלי-קוסמטיקס
4fa1f819-6541-45c9-b1d4-0ae3aa4104bd,סלון יפו jaffa salon,metaTitle,תל אביב–יפו x1,סלון יפו jaffa salon תל אביב–יפו: קוסמטיקה וטיפולי פנים,סלון יפו jaffa salon תל אביב-יפו: קוסמטיקה וטיפולי פנים,https://beautyfind.co.il/dan/biz/jaffa-salon
15759f8a-3002-4f1d-9b88-e918ff89eb3f,סנס Sense,metaTitle,תל אביב–יפו x1,סנס Sense תל אביב–יפו: קוסמטיקה וטיפולי פנים,סנס Sense תל אביב-יפו: קוסמטיקה וטיפולי פנים,https://beautyfind.co.il/dan/biz/sense
462b5fe2-7d50-4c6a-82a9-530f1d0257ae,פרופורציה,description,תל אביב–יפו x1,"פרופורציה נמצאת בתל אביב–יפו וממוקמת במגדלי הארבעה, מגדל צפוני, קומה עשרים ושש. הקליניקה מציעה מגוון טיפולים אסתטיים ורפואיים, כולל הסרת שיער בלייזר, טיפולים אסתטיים לאזור הפנים והגוף וניתוחים פלסטיים. הכתובת והמיקום בקומה גבוהה בבניין משרדים מאפשרים קליטה ברורה של סוגי הטיפולים הניתנים במקום.

בין הטיפולים המצוינים ברשימה נמצאות הסרת שיער בלייזר לגברים ונשים, טיפולי מילוי חומצה היאלורונית, מזותרפיה, העלמת קמטים והצערת כפות ידיים. בנוסף מוצעים הליכים שנחשבים לניתוחיים או רפואיים כמו מתיחת פנים, שאיבת שומן, גניקומסטיה, טאץ' ליפט. עבור טיפולים המוגדרים רפואיים הקליניקה מציינת שבעת ייעוץ הרופא הוא הגורם שקובע את ההתאמה והמהלך הטיפולי.

הטיפולים הלא כירורגיים כוללים גם המסת שומן בגלי רדיו בבודי טייט, טיפול סקלרותרפיה להעלמת ורידים ונימים ושאיבת בלוטות זיעה. קיימים גם שירותים קוסמטיים כמו עיצוב סנטר, עיצוב עצמות לחיים ופיסול אף. רשימת הטיפולים במקום רחבה ומכסה אזורים שונים בגוף ובפנים.

שעות הפעילות משתנות במהלך השבוע, כאשר בימים מסוימים המקום פתוח משעות הבוקר המוקדמות עד הערב ובחלקם משעות הצהריים. בסוף השבוע יש שעות מקוצרות וביום אחד במניין הימים המקום סגור. פרופורציה מציינת נגישות פיזית במתחם, מה שמקל על הגעה לבעלי מוגבלויות תנועה.

כיצד ליצור קשר ותיאום ייעוץ. ישנה אפשרות לפנות בטלפון והאתר של הקליניקה פעיל ובראשו מצוין מידע על תיאום ייעוץ חינם וללא התחייבות, ולכן לקוחות המעוניינים במידע ראשוני מוזמנים לבקר באתר לצורך קביעת ייעוץ. מידע על דוא""ל או ווטסאפ לא נרשם במקורות הזמינים.

הקליניקה נרשמה עם דירוג ציבורי גבוה שמקורו בהערכות מטופלים, ויש תמונות שממחישות חלק מהמתקנים והחדרים. פרטים ספציפיים על צוות המטפלים ולשונות השירות לא צוינו במקורות, לכן מומלץ לפנות ישירות למקום לקבלת מידע על הרופאים והמומחים המשמשים בטיפולים הרצויים.

מידע על חניה חינם או אפשרויות חניה אחרות לא פורסם במקורות שנבדקו, ולכן יש לברר זאת מול הקליניקה לפני הגעה.","פרופורציה נמצאת בתל אביב-יפו וממוקמת במגדלי הארבעה, מגדל צפוני, קומה עשרים ושש. הקליניקה מציעה מגוון טיפולים אסתטיים ורפואיים, כולל הסרת שיער בלייזר, טיפולים אסתטיים לאזור הפנים והגוף וניתוחים פלסטיים. הכתובת והמיקום בקומה גבוהה בבניין משרדים מאפשרים קליטה ברורה של סוגי הטיפולים הניתנים במקום.

בין הטיפולים המצוינים ברשימה נמצאות הסרת שיער בלייזר לגברים ונשים, טיפולי מילוי חומצה היאלורונית, מזותרפיה, העלמת קמטים והצערת כפות ידיים. בנוסף מוצעים הליכים שנחשבים לניתוחיים או רפואיים כמו מתיחת פנים, שאיבת שומן, גניקומסטיה, טאץ' ליפט. עבור טיפולים המוגדרים רפואיים הקליניקה מציינת שבעת ייעוץ הרופא הוא הגורם שקובע את ההתאמה והמהלך הטיפולי.

הטיפולים הלא כירורגיים כוללים גם המסת שומן בגלי רדיו בבודי טייט, טיפול סקלרותרפיה להעלמת ורידים ונימים ושאיבת בלוטות זיעה. קיימים גם שירותים קוסמטיים כמו עיצוב סנטר, עיצוב עצמות לחיים ופיסול אף. רשימת הטיפולים במקום רחבה ומכסה אזורים שונים בגוף ובפנים.

שעות הפעילות משתנות במהלך השבוע, כאשר בימים מסוימים המקום פתוח משעות הבוקר המוקדמות עד הערב ובחלקם משעות הצהריים. בסוף השבוע יש שעות מקוצרות וביום אחד במניין הימים המקום סגור. פרופורציה מציינת נגישות פיזית במתחם, מה שמקל על הגעה לבעלי מוגבלויות תנועה.

כיצד ליצור קשר ותיאום ייעוץ. ישנה אפשרות לפנות בטלפון והאתר של הקליניקה פעיל ובראשו מצוין מידע על תיאום ייעוץ חינם וללא התחייבות, ולכן לקוחות המעוניינים במידע ראשוני מוזמנים לבקר באתר לצורך קביעת ייעוץ. מידע על דוא""ל או ווטסאפ לא נרשם במקורות הזמינים.

הקליניקה נרשמה עם דירוג ציבורי גבוה שמקורו בהערכות מטופלים, ויש תמונות שממחישות חלק מהמתקנים והחדרים. פרטים ספציפיים על צוות המטפלים ולשונות השירות לא צוינו במקורות, לכן מומלץ לפנות ישירות למקום לקבלת מידע על הרופאים והמומחים המשמשים בטיפולים הרצויים.

מידע על חניה חינם או אפשרויות חניה אחרות לא פורסם במקורות שנבדקו, ולכן יש לברר זאת מול הקליניקה לפני הגעה.",https://beautyfind.co.il/dan/biz/פרופורציה
462b5fe2-7d50-4c6a-82a9-530f1d0257ae,פרופורציה,faqs,תל אביב–יפו x2,"[{""a"":""הקליניקה נמצאת במגדלי הארבעה, מגדל צפוני, קומה עשרים ושש בתל אביב–יפו. הכתובת המלאה מופיעה במקורות הרשומים של העסק."",""q"":""איפה ממוקמת פרופורציה בתל אביב–יפו?""},{""a"":""האתר של הקליניקה פעיל ומוזכר כמקום לתיאום ייעוץ חינם וללא התחייבות, וכן ניתן לפנות אליהם בטלפון לצורך תיאום. אין במקורות הנבדקים פרטי דוא\""ל או אפשרות הזמנה ישירה דרך ווטסאפ."",""q"":""כיצד ניתן לקבוע ייעוץ או להתייעץ לגבי טיפולים?""},{""a"":""שעות הפעילות משתנות במהלך השבוע; בימים מסוימים המקום פתוח משעות הבוקר עד הערב ובימים אחרים משעות הצהריים עד הערב, בסופי שבוע יש שעות מקוצרות ויש יום סגור אחד. לפרטים מדויקים יש לעיין ברשימת השעות הזמינה במקורות."",""q"":""מה שעות הפעילות של הקליניקה?""},{""a"":""הקליניקה מצויינת כמונגשת במקורות הזמינים, כך שהכניסה והמתקנים נגישים לבעלי מוגבלויות תנועה. פרטים נוספים על סוג הנגישות לא פורסמו במקורות."",""q"":""האם יש נגישות לנכים במתחם?""},{""a"":""המחיר לא פורסם במקורות שנבדקו עבור הטיפולים המוצעים. לקבלת הצעת מחיר מומלץ לפנות לקליניקה באמצעות הטלפון או דרך האתר כדי לקבל פרטים ועדכון למחיר."",""q"":""כיצד ניתן לקבל מחיר לטיפול?""},{""a"":""בפרופורציה נרשמו טיפולים המוגדרים רפואיים וניתוחיים. ההחלטה על ביצוע טיפולים אלה נעשית על ידי רופא במהלך ייעוץ רפואי, לפי המקורות לגבי טיפולים רפואיים ברשימה."",""q"":""האם הקליניקה מציעה טיפולים רפואיים ומי מחליט על ביצועם?""},{""a"":""פרטים על חברי הצוות או על שפות השירות לא פורסמו במקורות שנבדקו. לקבלת מידע על הרופאים והמומחים יש לפנות ישירות לקליניקה."",""q"":""יש פרטים על צוות המטפל וכישורים?""},{""a"":""מידע על חניה חינם או על אפשרויות חניה כלל לא פורסם במקורות הזמינים. מומלץ לברר זאת מול הקליניקה לפני הגעה."",""q"":""האם יש חנייה חינם במקום?""}]","[{""a"":""הקליניקה נמצאת במגדלי הארבעה, מגדל צפוני, קומה עשרים ושש בתל אביב-יפו. הכתובת המלאה מופיעה במקורות הרשומים של העסק."",""q"":""איפה ממוקמת פרופורציה בתל אביב-יפו?""},{""a"":""האתר של הקליניקה פעיל ומוזכר כמקום לתיאום ייעוץ חינם וללא התחייבות, וכן ניתן לפנות אליהם בטלפון לצורך תיאום. אין במקורות הנבדקים פרטי דוא\""ל או אפשרות הזמנה ישירה דרך ווטסאפ."",""q"":""כיצד ניתן לקבוע ייעוץ או להתייעץ לגבי טיפולים?""},{""a"":""שעות הפעילות משתנות במהלך השבוע; בימים מסוימים המקום פתוח משעות הבוקר עד הערב ובימים אחרים משעות הצהריים עד הערב, בסופי שבוע יש שעות מקוצרות ויש יום סגור אחד. לפרטים מדויקים יש לעיין ברשימת השעות הזמינה במקורות."",""q"":""מה שעות הפעילות של הקליניקה?""},{""a"":""הקליניקה מצויינת כמונגשת במקורות הזמינים, כך שהכניסה והמתקנים נגישים לבעלי מוגבלויות תנועה. פרטים נוספים על סוג הנגישות לא פורסמו במקורות."",""q"":""האם יש נגישות לנכים במתחם?""},{""a"":""המחיר לא פורסם במקורות שנבדקו עבור הטיפולים המוצעים. לקבלת הצעת מחיר מומלץ לפנות לקליניקה באמצעות הטלפון או דרך האתר כדי לקבל פרטים ועדכון למחיר."",""q"":""כיצד ניתן לקבל מחיר לטיפול?""},{""a"":""בפרופורציה נרשמו טיפולים המוגדרים רפואיים וניתוחיים. ההחלטה על ביצוע טיפולים אלה נעשית על ידי רופא במהלך ייעוץ רפואי, לפי המקורות לגבי טיפולים רפואיים ברשימה."",""q"":""האם הקליניקה מציעה טיפולים רפואיים ומי מחליט על ביצועם?""},{""a"":""פרטים על חברי הצוות או על שפות השירות לא פורסמו במקורות שנבדקו. לקבלת מידע על הרופאים והמומחים יש לפנות ישירות לקליניקה."",""q"":""יש פרטים על צוות המטפל וכישורים?""},{""a"":""מידע על חניה חינם או על אפשרויות חניה כלל לא פורסם במקורות הזמינים. מומלץ לברר זאת מול הקליניקה לפני הגעה."",""q"":""האם יש חנייה חינם במקום?""}]",https://beautyfind.co.il/dan/biz/פרופורציה
462b5fe2-7d50-4c6a-82a9-530f1d0257ae,פרופורציה,metaTitle,תל אביב–יפו x1,פרופורציה תל אביב–יפו: הסרת שיער | מחירים וביקורות,פרופורציה תל אביב-יפו: הסרת שיער | מחירים וביקורות,https://beautyfind.co.il/dan/biz/פרופורציה
462b5fe2-7d50-4c6a-82a9-530f1d0257ae,פרופורציה,metaDescription,תל אביב–יפו x1,"קליניקת פרופורציה במגדלי הארבעה בתל אביב–יפו מציעה הסרת שיער, טיפולים אסתטיים וניתוחים פלסטיים. לתיאום ייעוץ היכנסו לאתר או צרו קשר טלפוני.","קליניקת פרופורציה במגדלי הארבעה בתל אביב-יפו מציעה הסרת שיער, טיפולים אסתטיים וניתוחים פלסטיים. לתיאום ייעוץ היכנסו לאתר או צרו קשר טלפוני.",https://beautyfind.co.il/dan/biz/פרופורציה
22574d12-60c6-4a7d-8a02-e1f7da2b9c36,קליניקה כרמל - טיפול בפטרת ציפורניים בתל אביב,metaTitle,תל אביב–יפו x1,קליניקה כרמל - טיפול בפטרת ציפורניים בתל אביב תל אביב–יפו,קליניקה כרמל - טיפול בפטרת ציפורניים בתל אביב תל אביב-יפו,https://beautyfind.co.il/dan/biz/קליניקה-כרמל-טיפול-בפטרת-ציפורניים-בתל-אביב
a359b297-0204-413e-b25a-ead4cef6829f,קליניקת ויקה קוסמטיקה מתקדמת | קוסמטיקאית רפואית,metaTitle,תל אביב–יפו x1,קליניקת ויקה קוסמטיקה מתקדמת | קוסמטיקאית רפואית תל אביב–יפו,קליניקת ויקה קוסמטיקה מתקדמת | קוסמטיקאית רפואית תל אביב-יפו,https://beautyfind.co.il/dan/biz/קליניקת-ויקה-קוסמטיקה-מתקדמת-קוסמטיקאית-רפואית
7ebda09d-9c17-40d7-8f6e-aa8337cc0d6a,קראוס קליניק - Krauss Clinic - ד״ר עומרי קראוס,metaTitle,תל אביב–יפו x1,קראוס קליניק - Krauss Clinic - ד״ר עומרי קראוס תל אביב–יפו,קראוס קליניק - Krauss Clinic - ד״ר עומרי קראוס תל אביב-יפו,https://beautyfind.co.il/dan/biz/krauss-clinic
f891816e-6a01-419a-8508-f6bfad688354,קרולין אופק,metaTitle,תל אביב–יפו x1,קרולין אופק תל אביב–יפו: קוסמטיקה וטיפולי פנים,קרולין אופק תל אביב-יפו: קוסמטיקה וטיפולי פנים,https://beautyfind.co.il/dan/biz/קרולין-אופק
46e3c405-f43f-4c54-8e69-3405d446ad25,קרנית מלמד - המרכז לטיפולי קוסמטיקה רפואית,description,תל אביב–יפו x1,"קרנית מלמד - המרכז לטיפולי קוסמטיקה רפואית היא מספרה בתל אביב–יפו בתחום קוסמטיקה וטיפולי פנים, ציפורניים, מניקור ופדיקור, איפור קבוע. הכתובת שפורסמה היא Mapu St 18, Tel Aviv-Yafo. העסק מציין 6 תחומים: קוסמטיקה וטיפולי פנים, ציפורניים, מניקור ופדיקור, איפור קבוע, מספרות ועיצוב שיער, הסרת שיער, עיצוב וחיטוב הגוף. לפי אתר העסק הוא פועל מאז 2004. כך העסק מציג את עצמו: “קרנית מלמד” הינו מרכז ייחודי ויוקרתי בלב תל אביב אשר הוקם בשנת 2004 ומנוהל ע״י קרנית מלמד,קוסמטיקאית רפואית. המרכז מציע מגוון רחב של טיפולים ופתרונות בתחום הקוסמטיקה והאסתטיקה. “מטרתי בהקמת המרכז היא להעניק ללקוחותיי פתרונות מקצועיים ואיכותיים , תוך התחשבות במאפיינים האישיים של כל לקוחה לרבות אורח חיים, מצב נפשי, גנטיקה ותזונה, כאשר הדגש הוא על טיפול מקצועי, אישי ונעים…

הסרת שיער מתבצעת בלייזר, בשעווה או בשיטות אחרות. בתחום הסרת שיער מפורסמים: Laser hair removal (המחיר לא פורסם).

טיפולי פנים נועדו לניקוי, הזנה וטיפוח של עור הפנים. בתחום קוסמטיקה וטיפולי פנים מפורסמים: Acne treatments (המחיר לא פורסם); טיפוליבצלקות ופוסט אקנה (המחיר לא פורסם); טיפול בפיגמנטציה (המחיר לא פורסם); מגוון טיפולי פנים פרא רפואיים (המחיר לא פורסם); טיפול פנים קלאסי - ראשוני (המחיר לא פורסם); טיפולי פנים (המחיר לא פורסם); טיפול פנים לניקוי עמוק וחידוש העור (המחיר לא פורסם); טיפול פנים להחדרת לחות (המחיר לא פורסם); טיפול פנים בהריון (המחיר לא פורסם); טיפול פנים לכלה (המחיר לא פורסם); טיפול באקנה בשיטת קרנית מלמד (המחיר לא פורסם); טיפול באקנה בטכנולוגיות מתקדמות (המחיר לא פורסם).

טיפולי ציפורניים כוללים מניקור, פדיקור ובנייה. בתחום ציפורניים, מניקור ופדיקור מפורסמים: Manicure (המחיר לא פורסם); Pedicure (המחיר לא פורסם); פדיקור רפואי (המחיר לא פורסם); טיפוח ציפורניים בג׳ל לק (המחיר לא פורסם); מניקור- פינוק מושלם לידיים בריאות ויפות (המחיר לא פורסם); פדיקור בכף הרגל (המחיר לא פורסם).

איפור קבוע הוא פיגמנטציה של גבות, שפתיים או אייליינר. בתחום איפור קבוע מפורסמים: Microblading (המחיר לא פורסם).

השירותים שהעסק מפרסם בתחום הזה. בתחום שירותים נוספים מפורסמים: טיפול במיצוק העור (המחיר לא פורסם); מיקרונידליניג (המחיר לא פורסם); FSR- טיפול בצלקות (המחיר לא פורסם); ALT - מיצוק העור והצוואר (המחיר לא פורסם); טיפולים אסתטיים המבוצעים ע״י רופא (המחיר לא פורסם); יעוץ ואיבחון קליני לתוכנית טיפול בקליניקה ובבית (המחיר לא פורסם); ג׳ל - מבנה אנטומי (המחיר לא פורסם); טיפול בנימים וכלי דם בפנים (המחיר לא פורסם); הסרת נגעים וסרחי עור (המחיר לא פורסם); טיפול בסבוריאה / רוזציאה / אוטופיק דרמטטיס (המחיר לא פורסם).

אסתטיקה רפואית כוללת הזרקות וטיפולים שמבצע רופא או אחות בפיקוח רופא. בתחום אסתטיקה רפואית מפורסמים: מזותרפיה (המחיר לא פורסם). טיפולים רפואיים מבוצעים לפי החלטת רופא בייעוץ, ושם נקבע גם המחיר הסופי.

שירותי מספרה כוללים תספורות, צבע ועיצוב שיער. בתחום מספרות ועיצוב שיער מפורסמים: טיפול הבהרה (המחיר לא פורסם); טיפול הבהרה בהריון (המחיר לא פורסם).

בסך הכול מפורסמים 40 שירותים, ללא מחירים מפורסמים.

ל40 שירותים לא פורסם מחיר במקורות שנבדקו (Laser hair removal, Acne treatments, Manicure, Pedicure ועוד). לקבלת הצעת מחיר פונים לעסק ישירות דרך פרטי הקשר בעמוד.

שעות הפעילות שפורסמו: ראשון 09:00 עד 21:00, שני 09:00 עד 21:00, שלישי 09:00 עד 21:00, רביעי 09:00 עד 21:00, חמישי 09:00 עד 21:00, שישי 09:00 עד 15:00, שבת סגור. העסק פתוח 6 ימים בשבוע לפי הפרסום. השעות עשויות להשתנות בחגים ובימים מיוחדים, ולכן כדאי לוודא מול העסק לפני ההגעה.

בעמוד מוצגות 8 תמונות מהעסק. 10 סרטונים מהערוץ הרשמי.

אפשר ליצור קשר עם העסק בטלפון, בוואטסאפ, בדוא״ל, באתר karnitmelamed.com, וברשתות (Instagram, Facebook, YouTube). בעמוד מופיעים גם הכתובת, מפה וקישורי ניווט בוויז ובגוגל. לבירור זמינות ותיאום פונים לעסק ישירות; אחרי שהעסק יאמת את הכרטיס אפשר יהיה להשאיר כאן פנייה. בגוגל יש לעסק דירוג 4.5 על סמך 191 ביקורות; הדירוג מוצג כפי שהוא ואינו נערך.

כל הפרטים בעמוד נאספו ממקורות פומביים של העסק, והעסק יכול לתקן ולהשלים אותם אחרי אימות הכרטיס. לשאלות נפוצות על המיקום, המחירים ודרכי הפנייה יש מדור נפרד בהמשך העמוד.","קרנית מלמד - המרכז לטיפולי קוסמטיקה רפואית היא מספרה בתל אביב-יפו בתחום קוסמטיקה וטיפולי פנים, ציפורניים, מניקור ופדיקור, איפור קבוע. הכתובת שפורסמה היא Mapu St 18, Tel Aviv-Yafo. העסק מציין 6 תחומים: קוסמטיקה וטיפולי פנים, ציפורניים, מניקור ופדיקור, איפור קבוע, מספרות ועיצוב שיער, הסרת שיער, עיצוב וחיטוב הגוף. לפי אתר העסק הוא פועל מאז 2004. כך העסק מציג את עצמו: “קרנית מלמד” הינו מרכז ייחודי ויוקרתי בלב תל אביב אשר הוקם בשנת 2004 ומנוהל ע״י קרנית מלמד,קוסמטיקאית רפואית. המרכז מציע מגוון רחב של טיפולים ופתרונות בתחום הקוסמטיקה והאסתטיקה. “מטרתי בהקמת המרכז היא להעניק ללקוחותיי פתרונות מקצועיים ואיכותיים , תוך התחשבות במאפיינים האישיים של כל לקוחה לרבות אורח חיים, מצב נפשי, גנטיקה ותזונה, כאשר הדגש הוא על טיפול מקצועי, אישי ונעים…

הסרת שיער מתבצעת בלייזר, בשעווה או בשיטות אחרות. בתחום הסרת שיער מפורסמים: Laser hair removal (המחיר לא פורסם).

טיפולי פנים נועדו לניקוי, הזנה וטיפוח של עור הפנים. בתחום קוסמטיקה וטיפולי פנים מפורסמים: Acne treatments (המחיר לא פורסם); טיפוליבצלקות ופוסט אקנה (המחיר לא פורסם); טיפול בפיגמנטציה (המחיר לא פורסם); מגוון טיפולי פנים פרא רפואיים (המחיר לא פורסם); טיפול פנים קלאסי - ראשוני (המחיר לא פורסם); טיפולי פנים (המחיר לא פורסם); טיפול פנים לניקוי עמוק וחידוש העור (המחיר לא פורסם); טיפול פנים להחדרת לחות (המחיר לא פורסם); טיפול פנים בהריון (המחיר לא פורסם); טיפול פנים לכלה (המחיר לא פורסם); טיפול באקנה בשיטת קרנית מלמד (המחיר לא פורסם); טיפול באקנה בטכנולוגיות מתקדמות (המחיר לא פורסם).

טיפולי ציפורניים כוללים מניקור, פדיקור ובנייה. בתחום ציפורניים, מניקור ופדיקור מפורסמים: Manicure (המחיר לא פורסם); Pedicure (המחיר לא פורסם); פדיקור רפואי (המחיר לא פורסם); טיפוח ציפורניים בג׳ל לק (המחיר לא פורסם); מניקור- פינוק מושלם לידיים בריאות ויפות (המחיר לא פורסם); פדיקור בכף הרגל (המחיר לא פורסם).

איפור קבוע הוא פיגמנטציה של גבות, שפתיים או אייליינר. בתחום איפור קבוע מפורסמים: Microblading (המחיר לא פורסם).

השירותים שהעסק מפרסם בתחום הזה. בתחום שירותים נוספים מפורסמים: טיפול במיצוק העור (המחיר לא פורסם); מיקרונידליניג (המחיר לא פורסם); FSR- טיפול בצלקות (המחיר לא פורסם); ALT - מיצוק העור והצוואר (המחיר לא פורסם); טיפולים אסתטיים המבוצעים ע״י רופא (המחיר לא פורסם); יעוץ ואיבחון קליני לתוכנית טיפול בקליניקה ובבית (המחיר לא פורסם); ג׳ל - מבנה אנטומי (המחיר לא פורסם); טיפול בנימים וכלי דם בפנים (המחיר לא פורסם); הסרת נגעים וסרחי עור (המחיר לא פורסם); טיפול בסבוריאה / רוזציאה / אוטופיק דרמטטיס (המחיר לא פורסם).

אסתטיקה רפואית כוללת הזרקות וטיפולים שמבצע רופא או אחות בפיקוח רופא. בתחום אסתטיקה רפואית מפורסמים: מזותרפיה (המחיר לא פורסם). טיפולים רפואיים מבוצעים לפי החלטת רופא בייעוץ, ושם נקבע גם המחיר הסופי.

שירותי מספרה כוללים תספורות, צבע ועיצוב שיער. בתחום מספרות ועיצוב שיער מפורסמים: טיפול הבהרה (המחיר לא פורסם); טיפול הבהרה בהריון (המחיר לא פורסם).

בסך הכול מפורסמים 40 שירותים, ללא מחירים מפורסמים.

ל40 שירותים לא פורסם מחיר במקורות שנבדקו (Laser hair removal, Acne treatments, Manicure, Pedicure ועוד). לקבלת הצעת מחיר פונים לעסק ישירות דרך פרטי הקשר בעמוד.

שעות הפעילות שפורסמו: ראשון 09:00 עד 21:00, שני 09:00 עד 21:00, שלישי 09:00 עד 21:00, רביעי 09:00 עד 21:00, חמישי 09:00 עד 21:00, שישי 09:00 עד 15:00, שבת סגור. העסק פתוח 6 ימים בשבוע לפי הפרסום. השעות עשויות להשתנות בחגים ובימים מיוחדים, ולכן כדאי לוודא מול העסק לפני ההגעה.

בעמוד מוצגות 8 תמונות מהעסק. 10 סרטונים מהערוץ הרשמי.

אפשר ליצור קשר עם העסק בטלפון, בוואטסאפ, בדוא״ל, באתר karnitmelamed.com, וברשתות (Instagram, Facebook, YouTube). בעמוד מופיעים גם הכתובת, מפה וקישורי ניווט בוויז ובגוגל. לבירור זמינות ותיאום פונים לעסק ישירות; אחרי שהעסק יאמת את הכרטיס אפשר יהיה להשאיר כאן פנייה. בגוגל יש לעסק דירוג 4.5 על סמך 191 ביקורות; הדירוג מוצג כפי שהוא ואינו נערך.

כל הפרטים בעמוד נאספו ממקורות פומביים של העסק, והעסק יכול לתקן ולהשלים אותם אחרי אימות הכרטיס. לשאלות נפוצות על המיקום, המחירים ודרכי הפנייה יש מדור נפרד בהמשך העמוד.",https://beautyfind.co.il/dan/biz/קרנית-מלמד-המרכז-לטיפולי-קוסמטיקה-רפואית
46e3c405-f43f-4c54-8e69-3405d446ad25,קרנית מלמד - המרכז לטיפולי קוסמטיקה רפואית,faqs,תל אביב–יפו x1,"[{""a"":""הכתובת היא Mapu St 18, Tel Aviv-Yafo, תל אביב–יפו. בעמוד יש קישורי ניווט בוויז ובגוגל."",""q"":""איפה נמצא קרנית מלמד - המרכז לטיפולי קוסמטיקה רפואית?""},{""a"":""לפי המקורות שנבדקו: Laser hair removal, Acne treatments, Manicure, Pedicure, Microblading, טיפוליבצלקות ופוסט אקנה ועוד. הרשימה המלאה מופיעה בעמוד תחת שירותים ומחירים."",""q"":""אילו שירותים מציע קרנית מלמד - המרכז לטיפולי קוסמטיקה רפואית?""},{""a"":""המחירים לא פורסמו במקורות שנבדקו. לקבלת מחיר מעודכן, אפשר לפנות לעסק דרך פרטי הקשר בעמוד."",""q"":""מה המחירים?""},{""a"":""פונים לעסק בטלפון, בוואטסאפ, בדוא״ל, באתר karnitmelamed.com, וברשתות (Instagram, Facebook, YouTube). אחרי שהעסק יאמת את הכרטיס אפשר יהיה להשאיר כאן פנייה."",""q"":""איך קובעים תור או מבררים זמינות?""},{""a"":""ראשון 09:00 עד 21:00, שני 09:00 עד 21:00, שלישי 09:00 עד 21:00, רביעי 09:00 עד 21:00, חמישי 09:00 עד 21:00, שישי 09:00 עד 15:00, שבת סגור. כדאי לוודא לפני הגעה."",""q"":""מה שעות הפעילות?""},{""a"":""לא נמצא מידע מאומת על חניה מטעם העסק. על נגישות לא נמצא מידע מאומת. מומלץ לבדוק מול העסק לפני ההגעה."",""q"":""יש חניה ונגישות?""}]","[{""a"":""הכתובת היא Mapu St 18, Tel Aviv-Yafo, תל אביב-יפו. בעמוד יש קישורי ניווט בוויז ובגוגל."",""q"":""איפה נמצא קרנית מלמד - המרכז לטיפולי קוסמטיקה רפואית?""},{""a"":""לפי המקורות שנבדקו: Laser hair removal, Acne treatments, Manicure, Pedicure, Microblading, טיפוליבצלקות ופוסט אקנה ועוד. הרשימה המלאה מופיעה בעמוד תחת שירותים ומחירים."",""q"":""אילו שירותים מציע קרנית מלמד - המרכז לטיפולי קוסמטיקה רפואית?""},{""a"":""המחירים לא פורסמו במקורות שנבדקו. לקבלת מחיר מעודכן, אפשר לפנות לעסק דרך פרטי הקשר בעמוד."",""q"":""מה המחירים?""},{""a"":""פונים לעסק בטלפון, בוואטסאפ, בדוא״ל, באתר karnitmelamed.com, וברשתות (Instagram, Facebook, YouTube). אחרי שהעסק יאמת את הכרטיס אפשר יהיה להשאיר כאן פנייה."",""q"":""איך קובעים תור או מבררים זמינות?""},{""a"":""ראשון 09:00 עד 21:00, שני 09:00 עד 21:00, שלישי 09:00 עד 21:00, רביעי 09:00 עד 21:00, חמישי 09:00 עד 21:00, שישי 09:00 עד 15:00, שבת סגור. כדאי לוודא לפני הגעה."",""q"":""מה שעות הפעילות?""},{""a"":""לא נמצא מידע מאומת על חניה מטעם העסק. על נגישות לא נמצא מידע מאומת. מומלץ לבדוק מול העסק לפני ההגעה."",""q"":""יש חניה ונגישות?""}]",https://beautyfind.co.il/dan/biz/קרנית-מלמד-המרכז-לטיפולי-קוסמטיקה-רפואית
46e3c405-f43f-4c54-8e69-3405d446ad25,קרנית מלמד - המרכז לטיפולי קוסמטיקה רפואית,metaTitle,תל אביב–יפו x1,קרנית מלמד - המרכז לטיפולי קוסמטיקה רפואית תל אביב–יפו,קרנית מלמד - המרכז לטיפולי קוסמטיקה רפואית תל אביב-יפו,https://beautyfind.co.il/dan/biz/קרנית-מלמד-המרכז-לטיפולי-קוסמטיקה-רפואית
46e3c405-f43f-4c54-8e69-3405d446ad25,קרנית מלמד - המרכז לטיפולי קוסמטיקה רפואית,metaDescription,תל אביב–יפו x1,"קרנית מלמד - המרכז לטיפולי קוסמטיקה רפואית בתל אביב–יפו, קוסמטיקה וטיפולי פנים וציפורניים, מניקור ופדיקור. שירותים: Laser hair removal, Acne treatments, Manicur","קרנית מלמד - המרכז לטיפולי קוסמטיקה רפואית בתל אביב-יפו, קוסמטיקה וטיפולי פנים וציפורניים, מניקור ופדיקור. שירותים: Laser hair removal, Acne treatments, Manicur",https://beautyfind.co.il/dan/biz/קרנית-מלמד-המרכז-לטיפולי-קוסמטיקה-רפואית
2e9b1d49-a617-44d9-a0a1-cb4c51dd3a4f,רונית רפאל מדע היופי - תל אביב,metaTitle,תל אביב–יפו x1,רונית רפאל מדע היופי - תל אביב תל אביב–יפו,רונית רפאל מדע היופי - תל אביב תל אביב-יפו,https://beautyfind.co.il/dan/biz/רונית-רפאל-מדע-היופי-תל-אביב
2b6edc19-53a1-4177-af5f-f621c4fd05a3,"רופא שיניים בתל אביב - מרפאת לובנדנט בע""מ",metaTitle,תל אביב–יפו x1,"רופא שיניים בתל אביב - מרפאת לובנדנט בע""מ תל אביב–יפו","רופא שיניים בתל אביב - מרפאת לובנדנט בע""מ תל אביב-יפו",https://beautyfind.co.il/dan/biz/רופא-שיניים-בתל-אביב-מרפאת-לובנדנט-בעמ
31cd10f7-8728-4caf-b8d5-a52fafdfb6bf,רעות ששון – עיצוב גבות ואיפור קבוע בצפון תל אביב,metaTitle,תל אביב–יפו x1,רעות ששון – עיצוב גבות ואיפור קבוע בצפון תל אביב תל אביב–יפו,רעות ששון – עיצוב גבות ואיפור קבוע בצפון תל אביב תל אביב-יפו,https://beautyfind.co.il/dan/biz/רעות-ששון-עיצוב-גבות-ואיפור-קבוע-בצפון-תל-אביב
a875de66-d331-4e58-a228-273eeb0119ac,LISA,description,ב־Google x1,LISA הוא עסק בתחום קוסמטיקה וטיפולי פנים באשדוד. דירוג 3.9 ב־Google על סמך 115 ביקורות.,LISA הוא עסק בתחום קוסמטיקה וטיפולי פנים באשדוד. דירוג 3.9 בגוגל על סמך 115 ביקורות.,https://beautyfind.co.il/south/biz/lisa
d058bd6d-ae57-4b8f-bf56-768e7e1e4e3a,מרפאת נרקיסיה,description,₪ לפני המספר x13,"מרפאת נרקיסיה היא קליניקה באשדוד בתחום כירורגיה פלסטית, קוסמטיקה וטיפולי פנים, מספרות ועיצוב שיער. הכתובת שפורסמה היא גן העיר, Ha-Gdud ha-Ivri St 5, Ashdod, 7745511. העסק מציין 3 תחומים: כירורגיה פלסטית, קוסמטיקה וטיפולי פנים, מספרות ועיצוב שיער. לפי אתר העסק הוא פועל מאז 2016. כך העסק מציג את עצמו: קליניקת בוטיק לטיפולי יופי
ללא הזרקות וללא סכין כירורגית
באמצעות מכשור רפואי מתקדם

עקרון של הצטיינות לאורך השנים והסתכלות כוללת על מצב בריאות המטופלים מונעת מאיתנו להציע טיפולים אשר מסוגלים לסכן את בריאותך בטווח הארוך.
טיפולים רב שכבתיים

הצערה ומתיחת פנים כולל העלמת קמטים.
הרמת עפעפיים
כהויות מתחת לעפעפיים
הצרה ופיסול אף בלייזר רפואי
עיבוי שפתיים בלייזר
טיפולי גוף ועוד

טיפולי פנים נועדו לניקוי, הזנה וטיפוח של עור הפנים. בתחום קוסמטיקה וטיפולי פנים מפורסמים: טיפולי פנים (המחיר לא פורסם); העלמת קמטוטים ושיוף קמטים וכתמים קשים בלייזר שטחי ממוקד (המחיר לא פורסם); ניקיון של כל המיותר: נימים, כתמים, הכרשות, חסימות, חיידקים (המחיר לא פורסם); הכתמים התת עוריים יוצאים החוצה ונראים מפחידים (המחיר לא פורסם); כתמי פיגמנטציה שלא יוצאים בשום שיטה (המחיר לא פורסם); פרוטוקול הבסיס של טיפול פנים 5D (המחיר לא פורסם); העלמת כתמי פיגמנטציה (המחיר לא פורסם); טיפול פנים המומלץ ביותר שלנו מ-2016 (המחיר לא פורסם); העלמת פיגמנטציה (המחיר לא פורסם); טיפול פנים CO2 (המחיר לא פורסם).

כירורגיה פלסטית היא ניתוחים אסתטיים שמבצע מנתח. בתחום כירורגיה פלסטית מפורסמים: הרמת עפעפיים ועיגולים מתחת לעיניים כדרך לבריאות העיניים (המחיר לא פורסם); מתיחת פנים ע״י חיזוק שרירים ומיצוק שכבות סחוסיות (המחיר לא פורסם); ניתוחים קטנים לשכנים בבית עם לייזר ביתי קל (המחיר לא פורסם); ניתוח אף בלייזר בלי הרדמה כללית (המחיר לא פורסם); תיקון אף לאחר נזק ניתוחי או תאונה (המחיר לא פורסם); UpLift – מתיחת פנים בלייזר שמבטלת צורך בניתוח (₪4,500); יישור מחיצת האף עם לייזר וחובת ניתוח כירורגי (₪2,000); UpLift - מתיחת פנים בלייזר שמבטלת צורך בניתוח - רפואה פלסטית בלייזר (₪4,500); title=""UpLift – מתיחת פנים בלייזר שמבטלת צורך בניתוח"" (המחיר לא פורסם); על הטיפול ה חדש ל מתיחת פנים (המחיר לא פורסם); מצב גוף חלש (לאחר ניתוח, מחלה אוטואימונית ועוד) (המחיר לא פורסם); ניתוח אף ללא ניתוח בלייזר רפואי (המחיר לא פורסם). טיפולים רפואיים מבוצעים לפי החלטת רופא בייעוץ, ושם נקבע גם המחיר הסופי.

השירותים שהעסק מפרסם בתחום הזה. בתחום שירותים נוספים מפורסמים: Акция — UpLift — процедура моментальной подтяжки лица (₪4,500); המחיר המקורי היה: 4,500 ₪. 2,150 ₪ המחיר הנוכחי הוא: 2,150 ₪. (₪4,500); המחיר המקורי היה: 2,500 ₪. 1,250 ₪ המחיר הנוכחי הוא: 1,250 ₪. (₪2,500); משוואה מנצחת לפנים צעירות 5D Light (₪12,500); טיפול במחלות עור שכיחות (₪350); טיפול יופי ובריאות מס׳ 1 בעולם – Pink Dragon (₪333); מחיר שלנו (₪4,500); משוואה מנצחת לפנים צעירות 5D Light - רפואה פלסטית בלייזר (₪12,500); טיפול נחירות שפותר בעיה | ע״י אף אוזן וגרון | בלייזר רפואי - רפואה פלסטית בלייזר (המחיר לא פורסם); הצעת מחיר אחראית ואישית תוכל לקבל אך ורק לאחר פגישת אבחון וייעוץ איתי בעלות של (₪350).

שירותי מספרה כוללים תספורות, צבע ועיצוב שיער. בתחום מספרות ועיצוב שיער מפורסמים: הבהרה וניקוי לבן בתוך העיניים (₪10,000).

בסך הכול מפורסמים 38 שירותים, 13 מהם עם מחיר.

ל25 שירותים לא פורסם מחיר במקורות שנבדקו (טיפולי פנים, הרמת עפעפיים ועיגולים מתחת לעיניים כדרך לבריאות העיניים, מתיחת פנים ע״י חיזוק שרירים ומיצוק שכבות סחוסיות, העלמת קמטוטים ושיוף קמטים וכתמים קשים בלייזר שטחי ממוקד ועוד). לקבלת הצעת מחיר פונים לעסק ישירות דרך פרטי הקשר בעמוד.

המקום נגיש לכיסא גלגלים לפי הצהרת העסק. בעמוד מוצגות 8 תמונות מהעסק. 7 סרטונים מהערוץ הרשמי.

אפשר ליצור קשר עם העסק בטלפון, בוואטסאפ, בדוא״ל, באתר narcissia.co.il, וברשתות (Instagram, Facebook). בעמוד מופיעים גם הכתובת, מפה וקישורי ניווט בוויז ובגוגל. לבירור זמינות ותיאום פונים לעסק ישירות; אחרי שהעסק יאמת את הכרטיס אפשר יהיה להשאיר כאן פנייה. בגוגל יש לעסק דירוג 4.2 על סמך 30 ביקורות; הדירוג מוצג כפי שהוא ואינו נערך.

המחירים מוצגים כפי שפרסם העסק, בלי לקבוע אם הם כוללים מע״מ, ומחיר סופי נמסר על ידי העסק בלבד. כל הפרטים בעמוד נאספו ממקורות פומביים של העסק, והעסק יכול לתקן ולהשלים אותם אחרי אימות הכרטיס. לשאלות נפוצות על המיקום, המחירים ודרכי הפנייה יש מדור נפרד בהמשך העמוד.","מרפאת נרקיסיה היא קליניקה באשדוד בתחום כירורגיה פלסטית, קוסמטיקה וטיפולי פנים, מספרות ועיצוב שיער. הכתובת שפורסמה היא גן העיר, Ha-Gdud ha-Ivri St 5, Ashdod, 7745511. העסק מציין 3 תחומים: כירורגיה פלסטית, קוסמטיקה וטיפולי פנים, מספרות ועיצוב שיער. לפי אתר העסק הוא פועל מאז 2016. כך העסק מציג את עצמו: קליניקת בוטיק לטיפולי יופי
ללא הזרקות וללא סכין כירורגית
באמצעות מכשור רפואי מתקדם

עקרון של הצטיינות לאורך השנים והסתכלות כוללת על מצב בריאות המטופלים מונעת מאיתנו להציע טיפולים אשר מסוגלים לסכן את בריאותך בטווח הארוך.
טיפולים רב שכבתיים

הצערה ומתיחת פנים כולל העלמת קמטים.
הרמת עפעפיים
כהויות מתחת לעפעפיים
הצרה ופיסול אף בלייזר רפואי
עיבוי שפתיים בלייזר
טיפולי גוף ועוד

טיפולי פנים נועדו לניקוי, הזנה וטיפוח של עור הפנים. בתחום קוסמטיקה וטיפולי פנים מפורסמים: טיפולי פנים (המחיר לא פורסם); העלמת קמטוטים ושיוף קמטים וכתמים קשים בלייזר שטחי ממוקד (המחיר לא פורסם); ניקיון של כל המיותר: נימים, כתמים, הכרשות, חסימות, חיידקים (המחיר לא פורסם); הכתמים התת עוריים יוצאים החוצה ונראים מפחידים (המחיר לא פורסם); כתמי פיגמנטציה שלא יוצאים בשום שיטה (המחיר לא פורסם); פרוטוקול הבסיס של טיפול פנים 5D (המחיר לא פורסם); העלמת כתמי פיגמנטציה (המחיר לא פורסם); טיפול פנים המומלץ ביותר שלנו מ-2016 (המחיר לא פורסם); העלמת פיגמנטציה (המחיר לא פורסם); טיפול פנים CO2 (המחיר לא פורסם).

כירורגיה פלסטית היא ניתוחים אסתטיים שמבצע מנתח. בתחום כירורגיה פלסטית מפורסמים: הרמת עפעפיים ועיגולים מתחת לעיניים כדרך לבריאות העיניים (המחיר לא פורסם); מתיחת פנים ע״י חיזוק שרירים ומיצוק שכבות סחוסיות (המחיר לא פורסם); ניתוחים קטנים לשכנים בבית עם לייזר ביתי קל (המחיר לא פורסם); ניתוח אף בלייזר בלי הרדמה כללית (המחיר לא פורסם); תיקון אף לאחר נזק ניתוחי או תאונה (המחיר לא פורסם); UpLift – מתיחת פנים בלייזר שמבטלת צורך בניתוח (4,500 ₪); יישור מחיצת האף עם לייזר וחובת ניתוח כירורגי (2,000 ₪); UpLift - מתיחת פנים בלייזר שמבטלת צורך בניתוח - רפואה פלסטית בלייזר (4,500 ₪); title=""UpLift – מתיחת פנים בלייזר שמבטלת צורך בניתוח"" (המחיר לא פורסם); על הטיפול ה חדש ל מתיחת פנים (המחיר לא פורסם); מצב גוף חלש (לאחר ניתוח, מחלה אוטואימונית ועוד) (המחיר לא פורסם); ניתוח אף ללא ניתוח בלייזר רפואי (המחיר לא פורסם). טיפולים רפואיים מבוצעים לפי החלטת רופא בייעוץ, ושם נקבע גם המחיר הסופי.

השירותים שהעסק מפרסם בתחום הזה. בתחום שירותים נוספים מפורסמים: Акция — UpLift — процедура моментальной подтяжки лица (4,500 ₪); המחיר המקורי היה: 4,500 ₪. 2,150 ₪ המחיר הנוכחי הוא: 2,150 ₪. (4,500 ₪); המחיר המקורי היה: 2,500 ₪. 1,250 ₪ המחיר הנוכחי הוא: 1,250 ₪. (2,500 ₪); משוואה מנצחת לפנים צעירות 5D Light (12,500 ₪); טיפול במחלות עור שכיחות (350 ₪); טיפול יופי ובריאות מס׳ 1 בעולם – Pink Dragon (333 ₪); מחיר שלנו (4,500 ₪); משוואה מנצחת לפנים צעירות 5D Light - רפואה פלסטית בלייזר (12,500 ₪); טיפול נחירות שפותר בעיה | ע״י אף אוזן וגרון | בלייזר רפואי - רפואה פלסטית בלייזר (המחיר לא פורסם); הצעת מחיר אחראית ואישית תוכל לקבל אך ורק לאחר פגישת אבחון וייעוץ איתי בעלות של (350 ₪).

שירותי מספרה כוללים תספורות, צבע ועיצוב שיער. בתחום מספרות ועיצוב שיער מפורסמים: הבהרה וניקוי לבן בתוך העיניים (10,000 ₪).

בסך הכול מפורסמים 38 שירותים, 13 מהם עם מחיר.

ל25 שירותים לא פורסם מחיר במקורות שנבדקו (טיפולי פנים, הרמת עפעפיים ועיגולים מתחת לעיניים כדרך לבריאות העיניים, מתיחת פנים ע״י חיזוק שרירים ומיצוק שכבות סחוסיות, העלמת קמטוטים ושיוף קמטים וכתמים קשים בלייזר שטחי ממוקד ועוד). לקבלת הצעת מחיר פונים לעסק ישירות דרך פרטי הקשר בעמוד.

המקום נגיש לכיסא גלגלים לפי הצהרת העסק. בעמוד מוצגות 8 תמונות מהעסק. 7 סרטונים מהערוץ הרשמי.

אפשר ליצור קשר עם העסק בטלפון, בוואטסאפ, בדוא״ל, באתר narcissia.co.il, וברשתות (Instagram, Facebook). בעמוד מופיעים גם הכתובת, מפה וקישורי ניווט בוויז ובגוגל. לבירור זמינות ותיאום פונים לעסק ישירות; אחרי שהעסק יאמת את הכרטיס אפשר יהיה להשאיר כאן פנייה. בגוגל יש לעסק דירוג 4.2 על סמך 30 ביקורות; הדירוג מוצג כפי שהוא ואינו נערך.

המחירים מוצגים כפי שפרסם העסק, בלי לקבוע אם הם כוללים מע״מ, ומחיר סופי נמסר על ידי העסק בלבד. כל הפרטים בעמוד נאספו ממקורות פומביים של העסק, והעסק יכול לתקן ולהשלים אותם אחרי אימות הכרטיס. לשאלות נפוצות על המיקום, המחירים ודרכי הפנייה יש מדור נפרד בהמשך העמוד.",https://beautyfind.co.il/south/biz/מרפאת-נרקיסיה
d058bd6d-ae57-4b8f-bf56-768e7e1e4e3a,מרפאת נרקיסיה,faqs,₪ לפני המספר x3,"[{""a"":""הכתובת היא גן העיר, Ha-Gdud ha-Ivri St 5, Ashdod, 7745511, אשדוד. בעמוד יש קישורי ניווט בוויז ובגוגל."",""q"":""איפה נמצא מרפאת נרקיסיה?""},{""a"":""לפי המקורות שנבדקו: טיפולי פנים, הרמת עפעפיים ועיגולים מתחת לעיניים כדרך לבריאות העיניים, מתיחת פנים ע״י חיזוק שרירים ומיצוק שכבות סחוסיות, העלמת קמטוטים ושיוף קמטים וכתמים קשים בלייזר שטחי ממוקד, ניתוחים קטנים לשכנים בבית עם לייזר ביתי קל, ניתוח אף בלייזר בלי הרדמה כללית ועוד. הרשימה המלאה מופיעה בעמוד תחת שירותים ומחירים."",""q"":""אילו שירותים מציע מרפאת נרקיסיה?""},{""a"":""חלק מהמחירים פורסמו על ידי העסק, למשל Акция — UpLift — процедура моментальной подтяжки лица ₪4,500, המחיר המקורי היה: 4,500 ₪. 2,150 ₪ המחיר הנוכחי הוא: 2,150 ₪. ₪4,500, המחיר המקורי היה: 2,500 ₪. 1,250 ₪ המחיר הנוכחי הוא: 1,250 ₪. ₪2,500. לשירותים ללא מחיר מפורסם מבקשים הצעת מחיר מהעסק."",""q"":""מה המחירים?""},{""a"":""פונים לעסק בטלפון, בוואטסאפ, בדוא״ל, באתר narcissia.co.il, וברשתות (Instagram, Facebook). אחרי שהעסק יאמת את הכרטיס אפשר יהיה להשאיר כאן פנייה."",""q"":""איך קובעים תור או מבררים זמינות?""},{""a"":""שעות הפעילות לא פורסמו במקורות שנבדקו. מומלץ לבדוק מול העסק לפני ההגעה."",""q"":""מה שעות הפעילות?""},{""a"":""לא נמצא מידע מאומת על חניה מטעם העסק. המקום נגיש לכיסא גלגלים לפי הצהרת העסק. מומלץ לבדוק מול העסק לפני ההגעה."",""q"":""יש חניה ונגישות?""}]","[{""a"":""הכתובת היא גן העיר, Ha-Gdud ha-Ivri St 5, Ashdod, 7745511, אשדוד. בעמוד יש קישורי ניווט בוויז ובגוגל."",""q"":""איפה נמצא מרפאת נרקיסיה?""},{""a"":""לפי המקורות שנבדקו: טיפולי פנים, הרמת עפעפיים ועיגולים מתחת לעיניים כדרך לבריאות העיניים, מתיחת פנים ע״י חיזוק שרירים ומיצוק שכבות סחוסיות, העלמת קמטוטים ושיוף קמטים וכתמים קשים בלייזר שטחי ממוקד, ניתוחים קטנים לשכנים בבית עם לייזר ביתי קל, ניתוח אף בלייזר בלי הרדמה כללית ועוד. הרשימה המלאה מופיעה בעמוד תחת שירותים ומחירים."",""q"":""אילו שירותים מציע מרפאת נרקיסיה?""},{""a"":""חלק מהמחירים פורסמו על ידי העסק, למשל Акция — UpLift — процедура моментальной подтяжки лица 4,500, ₪ המחיר המקורי היה: 4,500 ₪. 2,150 ₪ המחיר הנוכחי הוא: 2,150 ₪. 4,500, ₪ המחיר המקורי היה: 2,500 ₪. 1,250 ₪ המחיר הנוכחי הוא: 1,250 ₪. 2,500. ₪ לשירותים ללא מחיר מפורסם מבקשים הצעת מחיר מהעסק."",""q"":""מה המחירים?""},{""a"":""פונים לעסק בטלפון, בוואטסאפ, בדוא״ל, באתר narcissia.co.il, וברשתות (Instagram, Facebook). אחרי שהעסק יאמת את הכרטיס אפשר יהיה להשאיר כאן פנייה."",""q"":""איך קובעים תור או מבררים זמינות?""},{""a"":""שעות הפעילות לא פורסמו במקורות שנבדקו. מומלץ לבדוק מול העסק לפני ההגעה."",""q"":""מה שעות הפעילות?""},{""a"":""לא נמצא מידע מאומת על חניה מטעם העסק. המקום נגיש לכיסא גלגלים לפי הצהרת העסק. מומלץ לבדוק מול העסק לפני ההגעה."",""q"":""יש חניה ונגישות?""}]",https://beautyfind.co.il/south/biz/מרפאת-נרקיסיה
