branch_id,name,city,status,claimed,owner_approved,has_import_record,tier,why,draft_prompt_version,action,problems
388a5b73-0aed-4fea-9b38-a28b0b4b0aaa,Glamur G_B,נהריה,live,no,no,yes,normal,rejected,2026-10-04.6,rewrite,
ad544cb8-7e77-4524-9640-0befa25de827,L&Y beauty lab,נהריה,live,no,no,yes,sparse,text_rules,2026-10-04.6,rewrite,text:missing_info:במקורות | text:missing_info:לא פורסמו | text:missing_info:לא פורסם | text:missing_info:לא נמצאו | text:missing_info:אין מידע | text:missing_info:אין פירוט | text:record:הרשומה | text:record:מצוין | text:record:מציינת | text:record:ומופיעה | text:record:אין פירוט | text:address:Sderot | text:wording:כמו כן | text:latin:Sderot | text:latin:HaGa'aton | text:latin:Nahariyya | text:latin:bookingOnline | text:spelling:ווטסאפ
dddabe69-f356-4d08-bcd8-1d39cef0d770,Laurence skin care,נהריה,live,no,no,yes,sparse,text_rules,2026-10-04.6,rewrite,text:missing_info:במקורות | text:missing_info:לא פורסמו | text:missing_info:לא פורסם | text:missing_info:אין מידע | text:record:הרשומה | text:record:המצוינת | text:record:מציינת | text:record:נרשמה | text:record:מופיעה | text:address:St | text:latin:Golomb | text:latin:St | text:latin:Nahariyya | text:spelling:מצויין
caa416ae-8f10-4aee-ac00-d5f35227bbd0,Lilac Saturn cosmetics and eyebrow shaping,נהריה,live,no,no,yes,normal,rejected,2026-10-04.6,rewrite,
bcbde7dc-9a86-447f-940d-a440d716402c,M.B- BARBER SHOP,צפת,live,no,no,yes,sparse,text_rules,2026-10-04.6,rewrite,text:missing_info:במקורות | text:missing_info:לא צוין | text:missing_info:לא פורסמו | text:missing_info:לא פורסם | text:missing_info:בעמוד העסק | text:record:הרשומה | text:record:המצוינת | text:record:מופיע | text:wording:כמו כן | text:latin:Yoseftal
8d6eddba-0a9d-466f-84d5-94586d40f31b,Meital Ram professional makeup artist and cosmetologist,נהריה,live,no,no,yes,normal,text_rules+rejected,2026-10-04.6,rewrite,text:missing_info:במקורות | text:missing_info:לא פורסמו | text:missing_info:לא נמסר | text:missing_info:אין פירוט | text:missing_info:בפרופיל העסק | text:record:הרשומה | text:record:מציין | text:record:שנרשמו | text:record:המתואר | text:record:אינו מפרט | text:record:אין פירוט | text:address:St | text:latin:Pinsker | text:latin:St | text:latin:Nahariyya | text:spelling:המצויין | text:spelling:מצויין
e58b2a2e-29a8-4d41-988b-51bab7c40d3b,Tamar Cosmetics - קוסמטיקאית פרא רפואית,נהריה,live,no,no,yes,normal,text_rules+rejected,2026-10-04.6,rewrite,text:missing_info:במקורות | text:missing_info:לא פורסמו | text:missing_info:לא פורסם | text:missing_info:אין מידע | text:missing_info:לא נמסר | text:missing_info:המידע הזמין | text:record:ברשומה | text:record:מצוין | text:record:נרשמה | text:address:St | text:latin:Weizman | text:latin:St | text:spelling:המצויין | text:spelling:מצויין
5e7d4d4f-5aa6-41f1-b660-3e4cf7c5525f,Victoria Levin Cosmetics,נהריה,live,no,no,yes,normal,rejected,2026-10-04.6,rewrite,
06390e24-6f82-4bb1-8bc5-caecf3f12a37,mimi cosmetics,נהריה,live,no,no,yes,sparse,text_rules,2026-10-04.6,rewrite,text:missing_info:במקורות | text:missing_info:לא פורסמו | text:missing_info:לא פורסם | text:missing_info:לא נמצאו | text:missing_info:אין מידע | text:record:הרשומה | text:record:מציין | text:record:מופיעה | text:address:St | text:latin:Portsei | text:latin:Kele | text:latin:Ako | text:latin:St | text:latin:Nahariyya
c1d074c8-2287-4d62-b421-1ba5f1c08c70,"салон красоты "" DREAM """,נהריה,live,no,no,yes,sparse,text_rules,2026-10-04.6,rewrite,text:missing_info:במקורות | text:missing_info:לא פורסמו | text:missing_info:לא פורסם | text:missing_info:המידע הזמין | text:record:המצוינים | text:record:מציינות | text:record:ומופיע
31167bd4-b539-47fb-8a00-f9ed653212c2,אורית דיין מעצבת גבות והסרת שיער בלייזר,נהריה,live,no,no,yes,normal,text_rules,2026-10-04.6,rewrite,text:missing_info:במקורות | text:missing_info:שסופק | text:missing_info:לא צוין | text:missing_info:לא פורסמו | text:missing_info:לא נמצאו | text:missing_info:אין מידע | text:missing_info:לא נמסר | text:missing_info:בעמוד העסק | text:record:ברשומות | text:record:שמצוין | text:record:מציין | text:record:מופיעים | text:spelling:המצויין | text:spelling:מצויין | text:spelling:ווטסאפ
76c423b1-7a82-4e86-8b99-cab9c99707af,אורלי דהאן ORLY DAHAN,נהריה,live,no,no,yes,normal,text_rules+rejected,2026-10-04.6,rewrite,text:missing_info:במקורות | text:missing_info:לא צוין | text:missing_info:לא פורסמו | text:record:מצוינת | text:record:מציין | text:record:נרשמו | text:record:שמופיעים | text:address:St | text:latin:Keren | text:latin:HaYesod | text:latin:St | text:latin:Nahariyya
0e665d70-a4cd-4499-bf50-514a2bb29577,איפור ועיצוב שיער - רבקה רחמים,צפת,live,no,no,yes,normal,text_rules+rejected,2026-10-04.6,rewrite,text:missing_info:במקורות | text:missing_info:לא פורסם | text:missing_info:בעמוד העסק | text:record:מצוין | text:record:מציין | text:record:נרשמות | text:record:שמופיעים | text:address:St | text:wording:כמו כן | text:latin:Ha-Tavor | text:latin:St | text:latin:Safed | text:dash:— | text:spelling:ווטסאפ
0e5b7bdb-b90b-4576-a535-ab77269958df,אלה שמואל - טיפוח ויופי,נהריה,live,no,no,yes,normal,rejected,2026-10-04.6,rewrite,
142d077d-f5ce-4904-aeba-eaa2eb286855,דיאנה שרייפר,נהריה,live,no,no,yes,sparse,text_rules,2026-10-04.6,rewrite,text:record:המצוינות
30491085-9e7e-462d-887e-70b5ac899ef4,ד״ר אביטל אנדלר- אסתטיקה רפואית ודנטלית,נהריה,live,no,no,yes,sparse,rejected,2026-10-04.6,rewrite,
8aa9c929-98b3-4ae7-8ef2-c633df3ff7f4,הילה גנון מאפרת ומסרקת מקצועית מנהריה,נהריה,live,no,no,yes,normal,rejected,2026-10-04.6,rewrite,
ff590aaf-bf24-47fe-94af-30f52187b8c5,הלנה שינדרמן טיפולי פנים בנהריה,נהריה,live,no,no,yes,normal,text_rules,2026-10-04.6,rewrite,text:latin:RF | text:latin:IPL
ee4d7d41-ed59-4253-a44f-a35d78f933c7,הפינה של טלי בנהריה-דירות אירוח וספא בריאות,נהריה,live,no,no,yes,sparse,text_rules+rejected,2026-10-04.6,rewrite,text:missing_info:במקורות | text:missing_info:שסופק | text:missing_info:לא פורסמו | text:missing_info:לא פורסם | text:missing_info:לא נמצאו | text:record:הרשומה | text:record:שמצוין | text:record:מציינת | text:record:מופיעים | text:spelling:המצויין | text:spelling:מצויין
49c69891-3bae-4cf8-ab22-e473f85244b5,יוניק קליניק - unique clinic,נהריה,live,no,no,yes,normal,text_rules+rejected,2026-10-04.6,rewrite,text:missing_info:במקורות | text:missing_info:שסופק | text:missing_info:לא צוינו | text:missing_info:לא פורסם | text:missing_info:לא נמסר | text:missing_info:המידע הזמין | text:missing_info:בפרופיל העסק | text:record:מציינות | text:record:שנרשמו | text:record:מופיע | text:record:ומתוארת | text:record:אינו מפרט | text:wording:כמו כן | text:spelling:ווטסאפ
3b5f58db-d47c-40e8-9816-0c87f5a6b947,יעל ביוטי,נהריה,live,no,no,yes,sparse,text_rules,2026-10-04.6,rewrite,text:missing_info:במקורות | text:missing_info:לא פורסמו | text:missing_info:אין מידע | text:missing_info:הפרופיל כולל | text:missing_info:אין פירוט | text:missing_info:המידע הזמין | text:missing_info:בעמוד זה | text:record:שנרשמו | text:record:שמופיע | text:record:אין פירוט | text:address:St. | text:latin:Yefe | text:latin:Nof | text:latin:St
b5c6b28d-d5ae-4ca1-b53e-25f795617481,לב מדיקל - סניף נהריה,נהריה,live,no,no,yes,normal,rejected,2026-10-04.6,rewrite,
91b91049-672e-40a2-b689-2161570e2b4f,"ליאל מילר - קוסמטיקאית קלינית פרא רפואית מומחית בפיגמנטציה, אקנה ופוסט אקנה בעור הפנים והגוף",נהריה,live,no,no,yes,normal,text_rules+rejected,2026-10-04.6,rewrite,text:record:המצוינות
ac0b76e1-fa40-4d39-a307-7d29bff52c2f,ליאת גז,נהריה,live,no,no,yes,normal,text_rules+rejected,2026-10-04.6,rewrite,text:missing_info:במקורות | text:missing_info:לא פורסמו | text:missing_info:לא פורסם | text:missing_info:המידע הזמין | text:record:שמצוין | text:record:מופיע | text:wording:כמו כן
4d026a4e-c492-40cc-a8ca-d4a2d5056ced,לירן קוסמטיקס,נהריה,live,no,no,yes,normal,text_rules+rejected,2026-10-04.6,rewrite,text:missing_info:במקורות | text:missing_info:לא פורסמו | text:missing_info:לא פורסם | text:missing_info:אין פירוט | text:record:הרשומה | text:record:המצוין | text:record:מציינות | text:record:נרשמים | text:record:מופיעים | text:record:אינם מפרטים | text:record:אין פירוט | text:address:St | text:latin:Ha-Zamir | text:latin:St | text:latin:eighteen | text:spelling:מצויין
8addcfc7-48ba-4183-b32e-fe487838525b,"לקראת כלה- בוטיק-איפור-עיצוב שיער , מבית הילה פרץ",נהריה,live,no,no,yes,normal,rejected,2026-10-04.6,rewrite,
7ae5151f-120e-47e1-9984-92378daa9cef,מגי צרונה קוסמטיקה מתקדמת,נהריה,live,no,no,yes,sparse,text_rules,2026-10-04.6,rewrite,text:missing_info:במקורות | text:missing_info:שסופק | text:missing_info:לא צוינו | text:missing_info:לא פורסמו | text:missing_info:לא פורסם | text:missing_info:לא נמסר | text:missing_info:לא זמין | text:missing_info:המידע הזמין | text:missing_info:בעמוד העסק | text:record:ברשומה | text:record:שמצוין | text:record:נרשם | text:record:ומופיעה | text:spelling:מצויין
4fa323fe-817a-48f1-b827-79ce7229049b,מכון C היופי בנהריה,נהריה,live,no,no,yes,sparse,text_rules,2026-10-04.6,rewrite,text:record:המצוינות
54447982-0aae-431b-b030-50aef823883f,מרפאת שיניים וולפסון - Wolfson Dental Clinic,נהריה,live,no,no,yes,sparse,rejected,2026-10-04.7,rewrite,
8f3a53d6-b747-44e5-941f-6cce923aa6a5,פאינה אמילוב - קליניקה לאיפור קבוע שמדגיש את יופיך.,נהריה,live,no,no,yes,normal,rejected,2026-10-04.7,rewrite,
e7a7ede1-2590-4d64-9f3f-ce0893975d6d,פרו אסתטיקס טיפולים אסתטיים מתקדמים צפת,צפת,live,no,no,yes,rich,rejected,2026-10-04.7,rewrite,
64ad1de8-7c3d-419c-a982-3b625c10df3d,קוסמטיקאית בכירה נהריה | ענת | Anat & Co ',נהריה,live,no,no,yes,sparse,rejected,2026-10-04.7,rewrite,
c01a4806-3312-4deb-898d-bfd9b421da94,קוסמטיקאית בתיה גדז,נהריה,live,no,no,yes,sparse,text_rules,2026-10-04.7,rewrite,text:missing_info:במקורות | text:missing_info:לא צוינו | text:missing_info:לא פורסמו | text:missing_info:לא פורסם | text:record:ברשומה | text:record:שמצוינות | text:record:ומופיעה | text:address:St | text:latin:Yavne | text:latin:St | text:latin:Nahariyya
eae39576-cd1d-4f39-b4e5-151e80a1cb2f,רויטל שטאשוילי קוסמטיקאית קלינית בנהריה,נהריה,live,no,no,yes,normal,rejected,2026-10-04.6,rewrite,
b60cbd40-99eb-4dd3-ba0e-8eb1f4f99288,שרה סטודיו לציפורניים,נהריה,live,no,no,yes,normal,rejected,2026-10-04.7,rewrite,
13dc3d4c-75ae-438d-be70-083a921f4999,שרית אטיאס-עיצוב גבות,נהריה,live,no,no,yes,normal,text_rules+rejected,2026-10-04.7,rewrite,text:missing_info:במקורות | text:missing_info:לא פורסמו | text:missing_info:לא פורסם | text:missing_info:המידע הזמין | text:missing_info:בעמוד העסק | text:record:המצוינת | text:record:מציינים | text:record:שנרשמו | text:record:מופיעים | text:record:מתואר | text:address:St | text:latin:He-Khaluts | text:latin:St | text:latin:Nahariyya
6c8c5be7-3aed-4af7-b030-cb1c36ba0a81,תפארת היופי בניית ציפורניים וקוסמטיקאית,נהריה,live,no,no,yes,normal,text_rules+rejected,2026-10-04.7,rewrite,text:record:המצוינות
f50febde-d165-41a3-8ef3-c18ad6c44533,AdiandLucia Salon,חיפה,live,no,no,yes,normal,rejected,2026-10-04.6,rewrite,
84125f36-07a8-486b-9786-b21b46ee0adc,Beauty Lab - студия премиум-класса в Хайфе. Все виды эпиляции и аппаратной косметологии.,חיפה,live,no,no,yes,normal,text_rules,2026-10-04.6,rewrite,text:record:המצוינות
84c8be45-95df-43e6-89e5-6eecf8f19770,BeautyIdol,חיפה,live,no,no,yes,sparse,text_rules,2026-10-04.6,rewrite,text:missing_info:במקורות | text:missing_info:לא צוינו | text:missing_info:בעמוד העסק | text:record:ברשומה | text:record:המצוינת | text:record:מציינת | text:record:ומופיעה | text:record:לא מפורטים | text:address:St | text:latin:Jean | text:latin:Jaures | text:latin:St
9fe17e24-8415-4f30-94bd-3bb6dd1547df,BodyFaceControl,חיפה,live,no,no,yes,sparse,text_rules,2026-10-04.6,rewrite,text:missing_info:במקורות | text:missing_info:שסופק | text:missing_info:לא צוינו | text:missing_info:לא פורסמו | text:missing_info:לא פורסם | text:missing_info:לא נמצאו | text:missing_info:לא ידוע | text:missing_info:על פי הנתונים | text:record:המצוינת | text:record:נרשמו | text:address:Rd | text:latin:Ha'atzma'ut | text:latin:Rd | text:latin:Haifa
5e21a8cc-b7e1-49f4-85d0-6054d015837f,Bridal makeup and hairstyles makeup - brides Marine herein Studio,חיפה,live,no,no,yes,normal,rejected,2026-10-04.6,rewrite,
a105ab64-72a6-4355-b264-edc1de33b98b,Brows By Alla עיצוב גבות וריסים,חיפה,live,no,no,yes,normal,rejected,2026-10-04.6,rewrite,
1b021794-8031-4d50-9e8b-9d4d275f483d,Clinic Dr. Eran Bar-Meir,חיפה,live,no,no,yes,rich,text_rules+rejected,2026-10-04.6,rewrite,text:missing_info:במקורות | text:missing_info:לא פורסמו | text:missing_info:לא פורסם | text:missing_info:בעמוד העסק | text:missing_info:בפרופיל העסק | text:record:מצוין | text:record:מציינת | text:record:נרשמה | text:record:שמופיע | text:record:מתואר | text:wording:אשר
72e5db6d-cb5a-4726-80bc-cad512c4361d,Cosmetology One,חיפה,live,no,no,yes,normal,text_rules+rejected,2026-10-04.7,rewrite,text:missing_info:במקורות | text:missing_info:שסופק | text:missing_info:לא צוינו | text:missing_info:לא פורסמו | text:missing_info:לא פורסם | text:missing_info:אין מידע | text:missing_info:לפי הנתונים | text:missing_info:המידע הזמין | text:missing_info:בעמוד העסק | text:record:רשומה | text:record:שמצוין | text:record:מציין | text:record:שנרשם | text:record:מופיעות | text:record:מתוארים | text:wording:כמו כן | text:latin:IPL | text:spelling:ווטסאפ
4124e0af-651e-4e9e-8638-9535ace3bcd3,DK The Hair Lounge,חיפה,live,no,no,yes,normal,rejected,2026-10-04.7,rewrite,
fd7b2449-decb-48c1-b178-97956c809984,Dr.Matani Aesthetic,חיפה,live,no,no,yes,sparse,text_rules,2026-10-04.7,rewrite,text:latin:PRP
89576520-5f79-4723-b1a2-636045227830,Dr.raanan segev. ד״ר רענן שגב,חיפה,live,no,no,yes,normal,rejected,2026-10-04.7,rewrite,
f5f9510a-f30f-4fda-ac5d-ed82c839117e,Epilution Haifa | Салон красоты | Beauty Salon,חיפה,live,no,no,yes,rich,rejected,2026-10-04.7,rewrite,
0dbd3063-57dd-4ab1-9594-151e7a9e00ac,Face Art | רפואה אסתטית בחיפה,חיפה,live,no,no,yes,sparse,text_rules,2026-10-04.7,rewrite,text:missing_info:במקורות | text:missing_info:לא צוינו | text:missing_info:לא פורסם | text:missing_info:לא נמצאו | text:missing_info:אין מידע | text:missing_info:אין פירוט | text:record:ברשומות | text:record:מצוין | text:record:מציין | text:record:שנרשם | text:record:ומופיעה | text:record:אין פירוט | text:latin:bookingOnline | text:spelling:מצויין
1e4a9162-fb70-4285-95e1-1b230b1f94d5,GPoint,חיפה,live,no,no,yes,normal,text_rules+rejected,2026-10-04.7,rewrite,text:missing_info:במקורות | text:missing_info:לא צוינו | text:missing_info:לא פורסמו | text:record:ברשומות | text:record:שמצוינים | text:record:מציין | text:record:נרשמו | text:record:מופיע | text:wording:כמו כן | text:latin:Haifa
d3afdfe1-693f-47b0-8a7a-a60879dd4ee6,Gili Shani professional make-up,חיפה,live,no,no,yes,sparse,text_rules,2026-10-04.7,rewrite,text:missing_info:במקורות | text:missing_info:שסופק | text:missing_info:לא פורסמו | text:missing_info:לא זמין | text:missing_info:המידע הזמין | text:record:ברשומה | text:record:שמצוינים | text:record:מופיעים | text:address:St | text:latin:Hatzollelet | text:latin:Dakar | text:latin:St | text:latin:Haifa
83a4f1c8-32af-46b2-88e0-8ce64c1f3f6b,Hanna Vi Nails,חיפה,live,no,no,yes,normal,rejected,2026-10-04.7,rewrite,
72aa9b91-1800-45d4-aee7-90fdd3f55411,"ILANIT - סטיילינג, איפור ואפילציה בחיפה",חיפה,live,no,no,yes,normal,text_rules+rejected,2026-10-04.7,rewrite,text:missing_info:במקורות | text:missing_info:שסופק | text:missing_info:לא פורסמו | text:missing_info:לא נמצאו | text:missing_info:ללא פירוט | text:record:ברשומות | text:record:מצוין | text:record:מציינות | text:record:נרשמו | text:record:מופיעים | text:record:שמתואר | text:record:לא מפורטות | text:spelling:מצויין
39565533-b923-4b79-aab0-09004cef625b,Innesa_beauty_lab,חיפה,live,no,no,yes,normal,text_rules+rejected,2026-10-04.7,rewrite,text:missing_info:במקורות | text:missing_info:שסופק | text:missing_info:לא צוינו | text:missing_info:לא פורסמו | text:missing_info:אין פירוט | text:record:רשומה | text:record:שמצוין | text:record:מציין | text:record:מופיעים | text:record:ואין פירוט | text:address:Ave | text:latin:Moriah | text:latin:Ave
71ec6c62-0e51-4344-b8bd-cfb947b777bc,Irina Nikolenko,חיפה,live,no,no,yes,normal,text_rules+rejected,2026-10-04.7,rewrite,text:missing_info:במקורות | text:missing_info:שסופק | text:missing_info:לא צוינו | text:missing_info:לא פורסמו | text:missing_info:אין פירוט | text:missing_info:בעמוד העסק | text:missing_info:בפרופיל העסק | text:record:ברשומה | text:record:המצוינת | text:record:שנרשם | text:record:מופיעה | text:record:שמתואר | text:record:אין פירוט | text:address:Ave | text:latin:Moriah | text:latin:Ave
50ac6dab-ec35-4b33-bd75-46d81256cd5b,Kavva Beauty Boutique,טירת כרמל,live,no,no,yes,normal,text_rules,2026-10-04.7,rewrite,text:latin:IPL
1681b742-e40f-425c-93b5-335fc70d782a,MAC Cosmetics Haifa,חיפה,live,no,no,yes,normal,text_rules+rejected,2026-10-04.7,rewrite,text:missing_info:במקורות | text:missing_info:שסופק | text:missing_info:לא צוינו | text:missing_info:לא פורסמו | text:record:רשומה | text:record:שמצוין | text:record:מציינת | text:record:נרשם | text:record:מופיעים | text:address:Derech | text:latin:Simha | text:latin:Golan | text:latin:Derech
5aa93c11-a952-4603-be9d-24f17d8ddeec,Moria beauty/ מוריה ביוטי,חיפה,live,no,no,yes,normal,text_rules+rejected,2026-10-04.7,rewrite,text:missing_info:לא פורסמו | text:missing_info:אין מידע | text:missing_info:אין פירוט | text:record:הרשומה | text:record:שמצוינים | text:record:מציינת | text:record:שנרשמו | text:record:מופיע | text:record:אין פירוט | text:wording:כמו כן
062e0522-e937-4e53-81b5-b1a5a2558af8,My Beauty מכון יופי בת גלים,חיפה,live,no,no,yes,rich,text_rules+rejected,2026-10-04.7,rewrite,text:missing_info:במקורות | text:missing_info:לא צוינו | text:missing_info:לא פורסמו | text:missing_info:לא פורסם | text:missing_info:לא זמין | text:record:ברשומה | text:record:שמצוין | text:record:מציין | text:record:שנרשמו | text:record:מופיע | text:wording:אשר | text:wording:כמו כן | text:dash:—
e1127edf-795b-48b0-8153-4e4c865346d9,NEWNESS Cosmetology Haifa,חיפה,live,no,no,yes,normal,text_rules,2026-10-04.7,rewrite,text:latin:RF
422ac2ff-fd4d-4881-9098-79ca96b4cabb,Nael’s Barbershop,חיפה,live,no,no,yes,normal,text_rules,2026-10-04.7,rewrite,text:missing_info:במקורות | text:missing_info:לא פורסמו | text:missing_info:לא פורסם | text:missing_info:לא נמצאו | text:missing_info:אין מידע | text:missing_info:בעמוד העסק | text:record:כרשומה | text:record:מצוין | text:record:מציין | text:record:נרשמה | text:record:מופיעים | text:address:Derekh | text:latin:Derekh | text:latin:Yafo
2f2a838c-8789-49d4-a47a-726340cf66cc,O’brows- עיצוב גבות בנשר,נשר,live,no,no,yes,rich,text_rules+rejected,2026-10-04.7,rewrite,text:missing_info:במקורות | text:missing_info:לא צוין | text:missing_info:לא פורסמו | text:missing_info:לא פורסם | text:missing_info:אין פירוט | text:missing_info:בעמוד העסק | text:record:מצוין | text:record:שמציינות | text:record:שמופיעה | text:record:אין פירוט | text:wording:כמו כן
7f01f930-97a5-4bc9-a4ec-bac6e01cb8f0,Premium Beauty,חיפה,live,no,no,yes,rich,text_rules,2026-10-04.7,rewrite,text:missing_info:במקורות | text:missing_info:לא צוינו | text:missing_info:לא פורסם | text:missing_info:אין מידע | text:missing_info:אין פירוט | text:missing_info:ללא פירוט | text:record:ברשומות | text:record:מצוין | text:record:נרשמות | text:record:מופיעים | text:record:מתוארות | text:record:אין פירוט | text:address:Derech | text:latin:Derech | text:latin:Jaffa
b62b3b28-e109-48f6-ae9b-57b9c437d7d1,Premium Beauty Center,חיפה,live,no,no,yes,normal,text_rules,2026-10-04.7,rewrite,text:missing_info:במקורות | text:missing_info:לא פורסמו | text:record:מצוין | text:record:מציינים | text:record:נרשם | text:record:מופיעה | text:record:מתוארים | text:wording:אשר | text:latin:Vela | text:latin:Shape | text:latin:III | text:latin:ENDYMED | text:latin:Pure | text:latin:B-Flexy
cfdca373-6516-4296-a3b4-ee5b1621bac4,SO Clinic,חיפה,live,no,no,yes,normal,text_rules,2026-10-04.7,rewrite,text:missing_info:במקורות | text:missing_info:שסופק | text:missing_info:לא צוינו | text:missing_info:לא פורסמו | text:missing_info:לא פורסם | text:missing_info:אין מידע | text:record:לרשומה | text:record:מציין | text:record:שמופיע | text:record:לא מפורטות
eb9c31cc-753f-4299-8d3f-2e0ab9efdf83,Sacara,חיפה,live,no,no,yes,sparse,text_rules,2026-10-04.7,rewrite,text:missing_info:במקורות | text:missing_info:לא פורסמו | text:missing_info:אין פירוט | text:missing_info:לפי הנתונים | text:record:רשומה | text:record:שמצוין | text:record:מציין | text:record:מופיע | text:record:אין פירוט | text:spelling:מצויין
aeaba3d2-9483-4973-a2c6-8e638839cb48,Salon MARGO Haifa,חיפה,live,no,no,yes,sparse,text_rules,2026-10-04.7,rewrite,text:missing_info:לא נמסר | text:missing_info:לא זמין | text:missing_info:בפרופיל העסק | text:record:ברשומה | text:record:מצוין | text:record:מופיעים | text:record:אינה מפרטת | text:address:St | text:wording:כמו כן | text:latin:Yona | text:latin:St | text:latin:bookingOnline | text:spelling:המצויין | text:spelling:מצויין | text:spelling:ווטסאפ
9f0933ee-94c6-42cd-b69c-d61d71d5bf37,Salon boutique Paradise,חיפה,live,no,no,yes,rich,text_rules+rejected,2026-10-04.7,rewrite,text:missing_info:במקורות | text:missing_info:שסופק | text:missing_info:לא פורסם | text:missing_info:אין פירוט | text:missing_info:המידע הזמין | text:record:מצוין | text:record:מציינים | text:record:נרשמה | text:record:מופיעים | text:record:אין פירוט | text:spelling:מצויין
19983aee-b4dd-4e71-b29f-a26bab9a53df,Sol Clinics,חיפה,live,no,no,yes,rich,text_rules,2026-10-04.7,rewrite,text:missing_info:במקורות | text:missing_info:לא פורסמו | text:missing_info:לא פורסם | text:missing_info:המידע הזמין | text:record:מציינת | text:record:נרשמה | text:record:שמופיע | text:wording:כמו כן | text:spelling:ווטסאפ
87dd20b1-0840-4624-9bf7-4eca3eb11208,Tanya Gur,חיפה,live,no,no,yes,normal,text_rules+rejected,2026-10-04.7,rewrite,text:missing_info:במקורות | text:missing_info:לא צוינו | text:missing_info:לא פורסם | text:missing_info:לא נמסר | text:missing_info:אין פירוט | text:missing_info:המידע הזמין | text:record:הרשומה | text:record:מציינים | text:record:שנרשמה | text:record:מופיע | text:record:אין פירוט | text:wording:כמו כן
f01c0d3e-f6ae-46b3-820b-fc1ecc424158,ValentinaCosmetic,חיפה,live,no,no,yes,rich,text_rules+rejected,2026-10-04.7,rewrite,text:missing_info:לא צוינו | text:record:ברשומות | text:record:מצוינות | text:record:מציינת | text:record:נרשמו | text:record:מופיעים
3116d5c1-3b70-4309-9c55-abd9158a0e21,Yana Naumov Lash & Brow Studio,חיפה,live,no,no,yes,normal,text_rules+rejected,2026-10-04.7,rewrite,text:missing_info:במקורות | text:missing_info:לא צוינו | text:missing_info:לא פורסמו | text:missing_info:לא פורסם | text:missing_info:אין מידע | text:record:המצוינת | text:record:מציין | text:record:מופיעים | text:record:שמתוארות
a89a6dcd-cf86-44ed-a708-509a4c6145aa,escosmetician - קוסמטיקה מקצועית,חיפה,live,no,no,yes,normal,text_rules,2026-10-04.7,rewrite,text:latin:RF
c72c94d8-42c2-474a-88bc-5bec1b42fa32,Косметолог Марина Зверева,חיפה,live,no,no,yes,normal,text_rules+rejected,2026-10-04.7,rewrite,text:missing_info:במקורות | text:missing_info:שסופק | text:missing_info:לא פורסמו | text:missing_info:לא פורסם | text:missing_info:בעמוד העסק | text:record:המצוינת | text:record:מציין | text:record:שמופיע
fa9c02ad-1af6-4006-8234-25597523509a,"Стоматологическая клиника ""Style Dent"" Хайфа",חיפה,live,no,no,yes,normal,text_rules+rejected,2026-10-04.7,rewrite,text:missing_info:במקורות | text:missing_info:שסופק | text:missing_info:לא צוינו | text:missing_info:לא פורסמו | text:missing_info:לא פורסם | text:missing_info:אין מידע | text:missing_info:אין פירוט | text:record:הרשומה | text:record:שמצוינים | text:record:מציין | text:record:שנרשם | text:record:מופיע | text:record:אינו מפרט | text:record:אין פירוט | text:address:Ave | text:latin:Hahistadrut | text:latin:Ave | text:latin:Haifa | text:dash:— | text:spelling:המצויין | text:spelling:מצויין
cfbed9e7-b435-4986-bbee-1f7a0b991dba,אברמסקי - המרכז לבריאות השיער בחיפה,חיפה,live,no,no,yes,rich,text_rules,2026-10-04.7,rewrite,text:missing_info:במקורות | text:missing_info:לא פורסם | text:missing_info:לא נמצאו | text:record:המצוינת | text:record:מציינים | text:record:שמופיע | text:record:מתוארת | text:address:Ave | text:wording:כמו כן | text:latin:Hahistadrut | text:latin:Ave
02263231-4b7b-4b95-920a-228edffaf3e4,איילת קוסמטיקה במגע טבעי,נשר,live,no,no,yes,sparse,text_rules,2026-10-04.7,rewrite,text:missing_info:במקורות | text:missing_info:שסופק | text:missing_info:לא פורסמו | text:missing_info:לא נמצאו | text:missing_info:אין מידע | text:missing_info:הפרופיל כולל | text:missing_info:אין פירוט | text:record:ברשומות | text:record:שמצוינת | text:record:מציינים | text:record:מופיעים | text:record:שאין פירוט | text:wording:כמו כן | text:latin:Nesher | text:spelling:המצויין | text:spelling:מצויין | text:spelling:ווטסאפ
d7600688-f6b5-450a-9a96-febf72ebb9f4,אליס,חיפה,live,no,no,yes,sparse,text_rules,2026-10-04.7,rewrite,text:missing_info:במקורות | text:missing_info:לא פורסמו | text:missing_info:המידע הזמין | text:record:מצוין | text:record:מציינת | text:record:נרשמה | text:spelling:מצויין
9cb3af26-74dc-4270-bf98-73acd6081711,אסתי-סלון יופי. קוסמטיקאית מוסמכת בחיפה,חיפה,live,no,no,yes,normal,text_rules+rejected,2026-10-04.7,rewrite,text:missing_info:במקורות | text:missing_info:שסופק | text:missing_info:לא צוינו | text:missing_info:לא פורסמו | text:missing_info:לא פורסם | text:record:ברשומה | text:record:המצוינים | text:record:מופיעים
57f16419-fdda-4608-8e6e-24bef1580b21,ביו סקלפצ'ר ישראל BIO SCULPTURE IL,חיפה,live,no,no,yes,normal,text_rules+rejected,2026-10-04.7,rewrite,text:missing_info:במקורות | text:missing_info:שסופק | text:missing_info:לא צוינו | text:missing_info:אין פירוט | text:missing_info:המידע הזמין | text:record:המצוינים | text:record:מציינת | text:record:שנרשמו | text:record:מופיעים | text:record:אינו מפרט | text:record:אין פירוט
8ef4648e-8cdf-490b-b36d-d41ed0d1a0b3,"ד""ר אוהד בן-נון",חיפה,live,no,no,yes,normal,text_rules,2026-10-04.7,rewrite,text:missing_info:במקורות | text:missing_info:לא פורסמו | text:missing_info:לא פורסם | text:record:מצוינים | text:record:מציינת | text:record:שמופיעה | text:wording:כמו כן | text:spelling:ווטסאפ
fcdb8efd-b282-4555-9855-09e348073c1a,"ד""ר אליאס מטאנס - מנתח פלסטי",חיפה,live,no,no,yes,sparse,text_rules,2026-10-04.7,rewrite,text:missing_info:במקורות | text:missing_info:לא צוינו | text:missing_info:לא פורסמו | text:missing_info:לא נמסר | text:record:ברשומה | text:record:מצוין | text:record:נרשמו | text:record:מופיע | text:address:St | text:latin:Tchernikhovski | text:latin:St | text:latin:Haifa
d6b51cd7-10a9-4c1c-90eb-8a6c926e61b1,"ד""ר אריאל ניימן מומחה לכירורגיה פלסטית",חיפה,live,no,no,yes,normal,text_rules+rejected,2026-10-04.7,rewrite,text:missing_info:במקורות | text:missing_info:לא צוינו | text:missing_info:לא פורסם | text:missing_info:לא נמצאו | text:missing_info:לפי הנתונים | text:record:מצוין | text:record:מציינים | text:record:מופיעה | text:address:St | text:latin:Alon | text:latin:St
8d1b6326-7b24-482e-84fa-b4964b1e82f2,"ד""ר ברגר - ניתוחים פלסטיים בצפון",חיפה,live,no,no,yes,sparse,text_rules,2026-10-04.7,rewrite,text:missing_info:במקורות | text:missing_info:לא צוינו | text:missing_info:לא פורסמו | text:missing_info:לא פורסם | text:missing_info:לא נמצאו | text:missing_info:אין פירוט | text:record:רשומה | text:record:מצוין | text:record:שנרשמו | text:record:ומופיעה | text:record:אינן מפרטות | text:record:אין פירוט | text:wording:כמו כן
9652a052-c1e2-4ad8-8251-75eee658e7ef,"ד""ר תמיר גיל - מומחה בכירורגיה פלסטית בחיפה ובקריות",חיפה,live,no,no,yes,rich,text_rules+rejected,2026-10-04.7,rewrite,text:missing_info:במקורות | text:missing_info:לא פורסמו | text:missing_info:לא ידוע | text:missing_info:אין פירוט | text:missing_info:המידע הזמין | text:record:ברשומות | text:record:מציינים | text:record:מופיעה | text:record:ואין פירוט | text:address:St | text:latin:Yair | text:latin:Kats | text:latin:St | text:latin:Haifa | text:spelling:ווטסאפ
b32e1d35-cd2b-4934-bf95-628243ad36f1,דר מואיד אבו בכר - גשר שקוף בחיפה,חיפה,live,no,no,yes,normal,text_rules,2026-10-04.7,rewrite,text:missing_info:במקורות | text:missing_info:לא צוין | text:missing_info:לא פורסמו | text:missing_info:לא פורסם | text:missing_info:לא נמסר | text:missing_info:לפי הנתונים | text:record:ברשומות | text:record:המצוינת | text:record:מציינת | text:record:נרשמה | text:record:מופיעים | text:address:Road | text:wording:במידה ו | text:latin:Jaffa | text:latin:Road | text:latin:Haifa
106954bc-aa30-425f-8614-81c9106473fa,ד״ר גוברין - מומחה בכירורגיה פלסטית,חיפה,live,no,no,yes,normal,text_rules,2026-10-04.7,rewrite,text:missing_info:במקורות | text:missing_info:לא פורסמו | text:missing_info:לא פורסם | text:missing_info:אין מידע | text:missing_info:אין פירוט | text:missing_info:המידע הזמין | text:record:מצוינים | text:record:מציינות | text:record:מופיעה | text:record:המתוארים | text:record:אין פירוט | text:spelling:ווטסאפ
01445687-24a4-43b5-a2b1-27cc0c52045c,הלנייז - Helenayz בוטיק יופי,חיפה,live,no,no,yes,sparse,text_rules+rejected,2026-10-04.7,rewrite,text:missing_info:במקורות | text:missing_info:לא פורסמו | text:missing_info:אין פירוט | text:missing_info:מידע חסר | text:missing_info:לפי הנתונים | text:record:הרשומה | text:record:מציינות | text:record:שנרשמה | text:record:מופיעים | text:record:אין פירוט | text:address:St | text:latin:Wolfson | text:latin:St | text:latin:Haifa
f9e168f3-87ba-4a9e-b289-af46df13ffda,המכללה והמרכז לטיפוח יופי ואסתטיקה - U Master,חיפה,live,no,no,yes,sparse,text_rules,2026-10-04.7,rewrite,text:missing_info:במקורות | text:missing_info:לא פורסמו | text:missing_info:לא פורסם | text:missing_info:לא נמסר | text:record:רשומת | text:record:מציין | text:record:שנרשמו | text:record:מופיע | text:record:אינם מפרטים | text:address:St | text:latin:HaAshlag | text:latin:St
03bc6c74-8adc-4df3-b03b-04d0b537d9d3,הפנינה,חיפה,live,no,no,yes,sparse,text_rules,2026-10-04.7,rewrite,text:missing_info:במקורות | text:missing_info:שסופק | text:missing_info:לא פורסמו | text:missing_info:לא פורסם | text:missing_info:אין פירוט | text:missing_info:לא זמין | text:record:ברשומות | text:record:שנרשמו | text:record:מופיע | text:record:אין פירוט | text:address:St | text:latin:Khanita | text:latin:St | text:latin:Haifa | text:latin:bookingOnline | text:spelling:מצויין
964ade56-b9e0-4e7b-8a7a-78440e32516a,"יאנה קוסמטיקאית - טיפולי פנים, טיפולי אנטי אייג'ינג, אקנה, הסרת שיער, סידור ועיצוב גבות",חיפה,live,no,no,yes,sparse,text_rules,2026-10-04.7,rewrite,text:missing_info:במקורות | text:missing_info:שסופק | text:missing_info:לא צוינו | text:missing_info:לא פורסם | text:missing_info:לא זמין | text:record:רשומה | text:record:מציין | text:record:מופיעים | text:spelling:המצויין | text:spelling:מצויין
257b1b1b-43a7-4835-b55c-636b2a47c5fb,כללית אסתטיקה חיפה,חיפה,live,no,no,yes,normal,text_rules,2026-10-04.7,rewrite,text:missing_info:במקורות | text:missing_info:לא פורסמו | text:missing_info:לא פורסם | text:missing_info:לא נמצאו | text:record:מצוין | text:record:מציין | text:record:נרשמה | text:record:מופיע | text:spelling:מצויין
53f044ae-03f0-40da-abbd-7cbcf0bb8c7a,ליאן גלסריה קוסמטיקה & ביוטי,חיפה,live,no,no,yes,sparse,text_rules,2026-10-04.8,rewrite,text:missing_info:במקורות | text:missing_info:לא פורסמו | text:missing_info:לא פורסם | text:missing_info:לא נמצאו | text:missing_info:אין פירוט | text:record:ברשומת | text:record:מצוין | text:record:מציין | text:record:שנרשמו | text:record:ומופיעה | text:record:אין פירוט | text:address:St | text:latin:Kinneret | text:latin:St
9d52f7bd-e06a-4ae2-8fce-c2eb9cbd9cde,לייזר פיטס Laser Fits נשר,נשר,live,no,no,yes,normal,text_rules,2026-10-04.8,rewrite,text:missing_info:במקורות | text:missing_info:שסופק | text:missing_info:לא צוין | text:missing_info:לא פורסמו | text:missing_info:לא פורסם | text:missing_info:לא ידוע | text:missing_info:המידע הזמין | text:missing_info:בעמוד העסק | text:record:הרשומה | text:record:המצוינים | text:record:נרשמו | text:record:שמופיע | text:record:שמתואר | text:record:לא מפורטים | text:address:Road | text:wording:כמו כן | text:latin:Bar | text:latin:Yehuda | text:latin:Road | text:latin:Nesher
52bda819-5706-4dcb-b46a-0f844c079068,לירון רום - קליניקה לעיצוב גבות,חיפה,live,no,no,yes,normal,text_rules,2026-10-04.8,rewrite,text:missing_info:במקורות | text:missing_info:לא צוינו | text:missing_info:לא פורסמו | text:missing_info:לא פורסם | text:missing_info:לא נמסר | text:missing_info:אין פירוט | text:missing_info:המידע הזמין | text:missing_info:בעמוד העסק | text:missing_info:בפרופיל העסק | text:record:שנרשמו | text:record:מופיעים | text:record:אין פירוט | text:wording:כמו כן | text:dash:—
b873866f-d3c9-4d93-a5fa-5f888e5d7501,מכון רותם אפילציה קוסמטיקה ואיפור קבוע,חיפה,live,no,no,yes,sparse,text_rules,2026-10-04.8,rewrite,text:missing_info:במקורות | text:missing_info:שסופק | text:missing_info:לא פורסמו | text:missing_info:לא פורסם | text:missing_info:לא נמצאו | text:missing_info:לא נמסר | text:missing_info:אין פירוט | text:missing_info:המידע הזמין | text:record:המצוינות | text:record:מציינת | text:record:נרשם | text:record:ומופיע | text:record:אין פירוט | text:address:St | text:latin:Yitskhak | text:latin:Elkhanan | text:latin:St
a3676fa7-5923-429c-9481-a6ab3b0a1503,מרכז מרוות גנטוס ליופי וספא,חיפה,live,no,no,yes,sparse,text_rules,2026-10-04.7,rewrite,text:missing_info:במקורות | text:missing_info:שסופק | text:missing_info:לא צוינו | text:missing_info:לא פורסמו | text:missing_info:לא פורסם | text:missing_info:לא ידוע | text:missing_info:אין פירוט | text:missing_info:בעמוד העסק | text:record:רשומה | text:record:מצוין | text:record:מופיע | text:record:אין פירוט
87f2aa96-ced5-4769-aab8-3d7ae13856e6,מרפאה,חיפה,live,no,no,yes,sparse,text_rules,2026-10-04.8,rewrite,text:missing_info:במקורות | text:missing_info:שסופק | text:missing_info:לא פורסמו | text:missing_info:לא פורסם | text:record:ברשומות | text:record:המצוינות | text:record:מציין | text:record:שנרשמו | text:record:מופיע | text:record:לא מפורטות | text:address:St | text:latin:Herzl | text:latin:St | text:latin:Haifa
9437d332-c5e4-48ae-81b9-8581f516cbb2,מרפאת שיניים חיפה פבזנר 23 NewAge Dental Clinic Стоматологическая клиника Новая Эра Хайфа Певзнер 23,חיפה,live,no,no,yes,normal,text_rules,2026-10-04.7,rewrite,text:missing_info:במקורות | text:missing_info:לא פורסמו | text:missing_info:לא פורסם | text:missing_info:אין פירוט | text:missing_info:המידע הזמין | text:record:הרשומות | text:record:מצוינים | text:record:מציינים | text:record:נרשמו | text:record:מופיעים | text:record:אין פירוט
aab223b1-d1c3-4a0d-ba25-8fec61522274,מרפאת שיניים נווה שאנן,חיפה,live,no,no,yes,rich,text_rules,2026-10-04.7,rewrite,text:missing_info:במקורות | text:missing_info:לא פורסמו | text:missing_info:אין פירוט | text:missing_info:המידע הזמין | text:record:מצוין | text:record:מופיעים | text:record:מתוארת | text:record:אין פירוט
64629ed3-8873-4d44-ba49-a034d742c9ad,נחמי המבורגר קוסמטיקאית טיפולי אפילציה ושעוה,חיפה,live,no,no,yes,sparse,text_rules,2026-10-04.8,rewrite,text:missing_info:במקורות | text:missing_info:לא פורסמו | text:missing_info:לא פורסם | text:missing_info:לא נמצאו | text:missing_info:לא נמסר | text:missing_info:המידע הזמין | text:missing_info:בעמוד העסק | text:record:הרשומה | text:record:מציין | text:record:שנרשמו | text:record:מופיעים | text:address:St | text:latin:Michael | text:latin:St | text:latin:Haifa
be45a69e-2984-49e5-9fd3-56d5795dc77c,נטוראלייזר,חיפה,live,no,no,yes,rich,text_rules,2026-10-04.7,rewrite,text:missing_info:במקורות | text:missing_info:שסופק | text:missing_info:לא פורסמו | text:missing_info:לפי הנתונים | text:missing_info:המידע הזמין | text:record:שמצוין | text:record:מציין | text:record:מופיעים | text:address:St | text:latin:Sapir | text:latin:St
c5b1f5c6-a832-44d0-95bb-6b71b6efdef8,"נטלי לצ'ינסקי - סטודיו ניצוץ . איפור , תסרוקות , ציור פנים וגוף",חיפה,live,no,no,yes,normal,text_rules+rejected,2026-10-04.7,rewrite,text:missing_info:במקורות | text:missing_info:שסופק | text:missing_info:לא פורסמו | text:missing_info:עמוד העסק כולל | text:missing_info:בעמוד העסק | text:record:ברשומות | text:record:מצוין | text:record:מציין | text:record:נרשמו | text:record:מופיעים | text:address:Ave | text:latin:likewise | text:latin:Moriah | text:latin:Ave
07fdddec-60fb-4ef4-8900-f28c20a801b7,סטודיו מלי,נשר,live,no,no,yes,normal,text_rules,2026-10-04.8,rewrite,text:latin:RF
49dc6681-ab09-43bc-8968-a5b6a09647b0,סיון ביוטי - sivan beauty,טירת כרמל,live,no,no,yes,normal,text_rules,2026-10-04.8,rewrite,text:missing_info:במקורות | text:missing_info:שסופק | text:missing_info:לא צוינו | text:missing_info:לא פורסמו | text:missing_info:לא פורסם | text:missing_info:לא נמצאו | text:missing_info:אין פירוט | text:missing_info:בעמוד העסק | text:missing_info:בפרופיל העסק | text:record:מצוין | text:record:מציין | text:record:שנרשמו | text:record:מופיע | text:record:אין פירוט | text:wording:כמו כן
7c1cde7b-d76c-4fe8-b8c4-2ae653d18c5c,סלון לעיצוב שיער- מחוץ לסטודיו,חיפה,live,no,no,yes,normal,text_rules+rejected,2026-10-04.7,rewrite,text:missing_info:לא פורסמו | text:record:ברשומה | text:record:מצוין | text:record:מציינים | text:record:ונרשמה | text:record:ומופיע | text:record:איננה מפרטת
0be91073-5b5b-4a84-868b-472c142d59e2,פיור סקין – טיפולי קוסמטיקה מתקדמים,חיפה,live,no,no,yes,rich,text_rules,2026-10-04.7,rewrite,text:missing_info:במקורות | text:missing_info:לא פורסמו | text:missing_info:לא פורסם | text:missing_info:המידע הזמין | text:record:מציינת | text:record:מופיע | text:spelling:ווטסאפ
294d5c1c-1610-421e-8cc0-5f9ce65b6e88,"פרופורציה חיפה - הסרת שיער בלייזר, טיפולי אסתטיקה וניתוחים פלסטיים",חיפה,live,no,no,yes,normal,text_rules,2026-10-04.8,rewrite,text:missing_info:במקורות | text:missing_info:לא פורסמו | text:missing_info:לא זמין | text:record:הרשומה | text:record:שמצוין | text:record:מציינים | text:record:נרשמו | text:record:מופיע | text:address:Blvd | text:latin:HaNassi | text:latin:Blvd | text:latin:bookingOnline | text:spelling:מצויין
22c54aee-6234-47ca-a75d-9dbc3f43ff9b,קארן לוי אוסקר טיפולי גוף ויופי,טירת כרמל,live,no,no,yes,rich,text_rules,2026-10-04.7,rewrite,text:missing_info:במקורות | text:missing_info:לא ידוע | text:missing_info:אין פירוט | text:missing_info:ללא פירוט | text:missing_info:לא זמין | text:missing_info:לפי הנתונים | text:missing_info:בעמוד העסק | text:missing_info:בפרופיל העסק | text:record:המצוינות | text:record:מציינים | text:record:נרשמה | text:record:מופיעים | text:record:אין פירוט | text:latin:Tirat | text:latin:Carmel | text:latin:bookingOnline
d7744b88-2c1a-4b54-bfaa-29c598488716,"קוסמטיקאית, אלקטרולוג, עיסוי פנים Косметология, массаж лица, World_tali",חיפה,live,no,no,yes,normal,text_rules,2026-10-04.8,rewrite,text:missing_info:במקורות | text:missing_info:לא צוינו | text:missing_info:לא פורסמו | text:missing_info:לא נמצאו | text:missing_info:אין מידע | text:record:הרשומה | text:record:מצוין | text:record:שנרשמו | text:record:מופיע
15c1f271-98f8-4171-9ffd-965e28a802c4,קרן ומורן גלריה ליופי,חיפה,live,no,no,yes,sparse,text_rules,2026-10-04.8,rewrite,text:missing_info:במקורות | text:missing_info:לא פורסם | text:missing_info:אין פירוט | text:missing_info:לפי הנתונים | text:missing_info:הנתונים הזמינים | text:record:ברשומה | text:record:שמצוינים | text:record:מציינת | text:record:שנרשמו | text:record:מופיעה | text:record:אין פירוט | text:spelling:המצויין | text:spelling:מצויין
ee59f874-b737-4756-8ef9-8b630572d62e,רונית רפאל מדע היופי - חיפה,חיפה,live,no,no,yes,sparse,text_rules,2026-10-04.8,rewrite,text:missing_info:במקורות | text:missing_info:שסופק | text:missing_info:לא פורסמו | text:record:הרשומה | text:record:מצוין | text:record:מציינות | text:record:נרשם | text:record:ומופיעה | text:address:Blvd | text:latin:HaNassi | text:latin:Blvd | text:latin:Haifa
89c7fa70-af17-4802-aa84-776b8131e70a,שרית אטיאס -מומחית לקוסמטיקה קלינית ואסתטיקה מתקדמת,נשר,live,no,no,yes,rich,text_rules,2026-10-04.8,rewrite,text:missing_info:במקורות | text:missing_info:לא פורסם | text:record:מצוין | text:record:מציין | text:record:נרשם | text:record:מופיעים | text:latin:inmod
4314dabf-e928-4fd4-9074-82f5b74d407c,ALINA ZIABINA,נתניה,live,no,no,yes,normal,text_rules,2026-10-04.8,rewrite,text:missing_info:במקורות | text:missing_info:לא פורסמו | text:missing_info:לא פורסם | text:missing_info:אין פירוט | text:missing_info:לפי הנתונים | text:missing_info:המידע הזמין | text:record:שמצוינים | text:record:נרשמים | text:record:ומופיעה | text:record:אין פירוט | text:address:St | text:latin:Sokolov | text:latin:St | text:latin:Netanya
1cf814be-5ad7-40f4-aa2d-d0f93760b503,Beauty Salon Esthetics/Салон Красоты Эстетик,נתניה,live,no,no,yes,normal,text_rules,2026-10-04.8,rewrite,text:missing_info:במקורות | text:missing_info:לא פורסמו | text:record:מצוין | text:record:מציינת | text:record:שנרשם | text:wording:כמו כן | text:latin:Shmuel | text:latin:HaNatziv | text:latin:RF
71d1919b-712c-447d-80ac-860f63139d12,Black Up Israel,נתניה,live,no,no,yes,sparse,text_rules,2026-10-04.8,rewrite,text:missing_info:חבילת המידע | text:missing_info:בחבילת | text:missing_info:בדחיפה | text:missing_info:השדות והנתונים | text:missing_info:במקורות | text:missing_info:נכון לעת בדיקה | text:missing_info:לא פורסמו | text:missing_info:לא פורסם | text:missing_info:לא נמצאו | text:missing_info:אין תיעוד | text:missing_info:אין מידע | text:missing_info:עמוד העסק כולל | text:missing_info:תיאור זה | text:missing_info:הנתונים הזמינים | text:missing_info:בעמוד העסק | text:missing_info:בתיאור זה | text:record:המצוינות | text:record:נרשם | text:record:ומופיעה | text:address:Derech | text:latin:Derech | text:latin:Raziel | text:latin:under | text:spelling:המצויין | text:spelling:מצויין | text:spelling:ווטסאפ
48b8b155-73e3-4503-b2b9-48ca60b44a07,D-Shiny - אסתטיקה מתקדמת - סניף נתניה,נתניה,live,no,no,yes,rich,text_rules,2026-10-04.8,rewrite,text:missing_info:במקורות | text:missing_info:לא פורסם | text:missing_info:לא נמסר | text:missing_info:לפי הנתונים | text:missing_info:המידע הזמין | text:record:ברשומות | text:record:שמצוינים | text:record:מציין | text:record:נרשם | text:record:שמופיע | text:record:מתוארות | text:latin:Dental | text:latin:Shiny
d5ec765e-7cf3-4162-b9b7-9aeb68bbc38b,ELITE,נתניה,live,no,no,yes,rich,text_rules,2026-10-04.8,rewrite,text:missing_info:במקורות | text:missing_info:שסופק | text:missing_info:לא צוינו | text:missing_info:לא פורסמו | text:missing_info:לא פורסם | text:missing_info:אין מידע | text:missing_info:לא נמסר | text:record:ברשומות | text:record:המצוינת | text:record:מציין | text:record:נרשם | text:record:מופיעים | text:address:St | text:latin:Smilanski | text:latin:St | text:latin:Netanya
09a35f87-4db7-49cc-a21d-f11872fb2e2c,Ekaterina Goldin- Beauty Salon,נתניה,live,no,no,yes,sparse,text_rules,2026-10-04.8,rewrite,text:missing_info:במקורות | text:missing_info:לא פורסמו | text:missing_info:לא נמצאו | text:missing_info:לא נמסר | text:missing_info:אין פירוט | text:record:ברשומות | text:record:המצוינת | text:record:מציינות | text:record:נרשמו | text:record:מופיעה | text:record:אין פירוט | text:record:לא מפורטת | text:address:St | text:latin:Shmuel | text:latin:HaNatziv | text:latin:St | text:latin:Netanya
c71c7544-c226-489a-bb1b-0e9c7e591985,Ellie clinic קליניקה לפתרון מגוון בעיות עור,נתניה,live,no,no,yes,sparse,text_rules,2026-10-04.8,rewrite,text:missing_info:במקורות | text:missing_info:שסופק | text:missing_info:לא צוינו | text:missing_info:לא פורסמו | text:missing_info:לא פורסם | text:missing_info:לא נמצאו | text:missing_info:אין מידע | text:missing_info:המידע הזמין | text:missing_info:בעמוד העסק | text:record:שמצוין | text:record:שמופיע | text:spelling:מצויין
b4d20139-068b-430d-a18c-e425af019fbd,Esthetic lab,נתניה,live,no,no,yes,normal,text_rules,2026-10-04.8,rewrite,text:missing_info:במקורות | text:missing_info:לא צוינו | text:missing_info:לא פורסמו | text:missing_info:המידע הזמין | text:record:המצוינת | text:record:מציינים | text:record:מופיעים | text:record:שמתואר
97fef43e-e7d2-4a1d-b181-5c5d9a456c3c,EstheticBar,נתניה,live,no,no,yes,normal,text_rules,2026-10-04.8,rewrite,text:missing_info:בחבילת | text:missing_info:במקורות | text:record:הרשומה | text:record:המצוינים | text:record:שמופיעה | text:wording:במידה ו | text:wording:כמו כן | text:spelling:מצויין
e30d1d91-4b3c-4e68-9fae-d6cc4ab0c3ff,HSecret Beauty,נתניה,live,no,no,yes,normal,text_rules,2026-10-04.8,rewrite,text:missing_info:במקורות | text:missing_info:שסופק | text:missing_info:לא פורסם | text:missing_info:המידע הזמין | text:record:מצוין | text:record:מציינות | text:record:נרשמה | text:record:מופיע | text:record:מתואר | text:record:אינם מפרטים | text:spelling:המצויין | text:spelling:מצויין
7e482149-f6c3-4957-a0f0-3f6193cc0dbd,I.k.Aesthetics,נתניה,live,no,no,yes,sparse,text_rules,2026-10-04.8,rewrite,text:latin:SHR
c5417d93-b81b-4036-a212-d620668739c4,IDEAL beauty clinic,נתניה,live,no,no,yes,normal,text_rules,2026-10-04.8,rewrite,text:missing_info:במקורות | text:missing_info:שסופק | text:missing_info:לא פורסמו | text:missing_info:בעמוד העסק | text:record:הרשומה | text:record:המצוינים | text:record:ומציינת | text:record:מופיעים | text:record:אינו מפרט | text:spelling:המצויין | text:spelling:מצויין
ab08e541-6728-4a61-913f-28591b36c478,Lilia Stern - Beauty & Youth - ליליה שטרן,נתניה,live,no,no,yes,sparse,text_rules,2026-10-04.8,rewrite,text:missing_info:במקורות | text:missing_info:לא פורסמו | text:missing_info:לא פורסם | text:record:ברשומות | text:record:המצוינות | text:record:מציינת | text:record:מופיעים | text:address:Street | text:latin:Nitza | text:latin:Street | text:latin:Netanya
ec8ef87a-aa69-4978-958b-0f1ccdae96e4,Lisa Beauty Boutique,נתניה,live,no,no,yes,rich,text_rules,2026-10-04.8,rewrite,text:missing_info:במקורות | text:missing_info:לא צוינו | text:missing_info:לא פורסמו | text:missing_info:לא פורסם | text:record:המצוינים | text:record:מציינת | text:record:שנרשמים | text:record:שמופיע
a62f3349-82fc-4766-ad60-d87a3d863b50,M.L Beautique,נתניה,live,no,no,yes,rich,text_rules,2026-10-04.8,rewrite,text:missing_info:במקורות | text:missing_info:לא צוינו | text:missing_info:לא פורסמו | text:missing_info:לא פורסם | text:missing_info:המידע הזמין | text:record:ברשומה | text:record:מצוין | text:record:שמציינת | text:record:נרשמים | text:record:שמופיעות | text:wording:כמו כן | text:spelling:המצויין | text:spelling:מצויין | text:spelling:ווטסאפ
1a6f9f24-0b60-4ea7-8b9a-49a42c76023c,MAC Cosmetics Ir Yamim,נתניה,live,no,no,yes,normal,text_rules,2026-10-04.8,rewrite,text:missing_info:במקורות | text:missing_info:שסופק | text:missing_info:לא פורסמו | text:missing_info:לא פורסם | text:missing_info:אין מידע | text:missing_info:לפי הנתונים | text:record:הרשומה | text:record:מצוינות | text:record:מציינות | text:record:מופיע | text:latin:bookingOnline | text:spelling:ווטסאפ
4ce7564b-7c3c-4c2c-b98a-4286a0bbce5a,Natalia Shatilo skin expert,נתניה,live,no,no,yes,normal,text_rules,2026-10-04.8,rewrite,text:missing_info:במקורות | text:missing_info:לא נמסר | text:missing_info:אין פירוט | text:record:מצוין | text:record:שמופיעים | text:record:מתואר | text:record:אין פירוט | text:wording:כמו כן | text:latin:Lumecca | text:latin:Fractora | text:latin:Forma | text:latin:Geneo | text:latin:Tom | text:latin:Lantos
b17bcb62-1be7-4739-816d-f5516cc66a8b,Nava Esthetic | Institut de beauté |,נתניה,live,no,no,yes,rich,text_rules,2026-10-04.8,rewrite,text:missing_info:במקורות | text:missing_info:שסופק | text:missing_info:לא פורסמו | text:missing_info:לא פורסם | text:missing_info:בפרופיל העסק | text:record:ברשומות | text:record:מציינת | text:record:מופיעים
19542817-715f-4c6a-a5e4-54fb8550750d,Olga Finkell,נתניה,live,no,no,yes,sparse,text_rules,2026-10-04.8,rewrite,text:missing_info:במקורות | text:missing_info:שסופק | text:missing_info:לא פורסמו | text:missing_info:לא פורסם | text:missing_info:לא זמין | text:record:ברשומות | text:record:מציינים | text:record:נרשם | text:record:מופיע | text:record:אינם מפרטים | text:address:St | text:latin:Ha-Note'a | text:latin:St | text:latin:косметолог | text:latin:Holy | text:latin:Land | text:latin:bookingOnline | text:spelling:מצויין
836eb136-9d0c-47c2-af20-450f77ce79fa,Oron Avidan medical esthetician,נתניה,live,no,no,yes,rich,text_rules,2026-10-04.8,rewrite,text:missing_info:במקורות | text:missing_info:לא צוינו | text:missing_info:לא פורסם | text:missing_info:המידע הזמין | text:missing_info:בפרופיל העסק | text:record:מצוין | text:record:מציינות | text:record:מופיעים | text:address:St | text:latin:Arik | text:latin:Lavi | text:latin:St | text:latin:Netanya | text:dash:— | text:spelling:המצויין | text:spelling:מצויין
2c7d157c-1a5f-4d87-ba96-4ee8685246f1,Royal Dent,נתניה,live,no,no,yes,rich,text_rules,2026-10-04.8,rewrite,text:missing_info:במקורות | text:missing_info:לא פורסם | text:missing_info:המידע הזמין | text:record:מצוינת | text:record:מציין | text:record:מופיעה | text:spelling:ווטסאפ
3ffbc266-46ed-404a-bd65-d35c90b31892,Sagochka beauty,נתניה,live,no,no,yes,normal,text_rules,2026-10-04.8,rewrite,text:missing_info:במקורות | text:missing_info:במידע שנבדק | text:missing_info:לא צוינו | text:missing_info:המידע הזמין | text:record:רשומה | text:record:המצוינת | text:record:מציין | text:record:נרשם | text:record:מופיעים | text:record:אינו מפרט
a833a17a-1858-4350-8af8-14f7b3c1fc41,Salomé Beauty Institut,נתניה,live,no,no,yes,sparse,text_rules,2026-10-04.8,rewrite,text:missing_info:במקורות | text:missing_info:לא פורסמו | text:missing_info:לא פורסם | text:missing_info:אין פירוט | text:missing_info:לא זמין | text:missing_info:המידע הזמין | text:record:ברשומה | text:record:מצוין | text:record:מציינת | text:record:שמופיעות | text:record:אין פירוט | text:latin:Nitza | text:latin:Netanya
1371043b-9796-4bfc-b344-c855d20a8fb2,Sarit Cosmetics - עיצוב גבות ואיפור קבוע,נתניה,live,no,no,yes,normal,text_rules,2026-10-04.8,rewrite,text:missing_info:במקורות | text:missing_info:לא פורסמו | text:missing_info:לא נמסר | text:missing_info:המידע הזמין | text:record:מצוין | text:record:מופיעים | text:wording:כמו כן
f75a7f80-31e0-4bce-aadd-96948bbce4b3,VIRGINIE institut de beauté וירג'יני קוסמטיקה מתקדמת ליופי ובריאות,נתניה,live,no,no,yes,rich,text_rules,2026-10-04.8,rewrite,text:missing_info:לא צוינו | text:missing_info:לא פורסם | text:record:הרשומה | text:record:מצוין | text:record:מציינות | text:record:נרשמו | text:record:מופיעה | text:address:St | text:latin:Krauze | text:latin:St | text:latin:Netanya
b185d281-4d2d-44ed-b766-5fd00e7619e9,WinteRoseCo Beauty,נתניה,live,no,no,yes,sparse,text_rules,2026-10-04.8,rewrite,text:missing_info:במקורות | text:missing_info:לא פורסמו | text:missing_info:לא פורסם | text:missing_info:לא נמסר | text:missing_info:לפי הנתונים | text:missing_info:המידע הזמין | text:record:ברשומות | text:record:המצוינת | text:record:מציין | text:record:נרשמה | text:record:מופיע | text:wording:כמו כן
9b7e0080-ecfd-4c43-b902-68de109f985c,shop whitesmile,נתניה,live,no,no,yes,sparse,text_rules,2026-10-04.8,rewrite,text:missing_info:במקורות | text:missing_info:שסופק | text:missing_info:לא פורסמו | text:missing_info:לא פורסם | text:missing_info:לא נמצאו | text:missing_info:המידע הזמין | text:record:ברשומות | text:record:המצוינת | text:record:ומופיע | text:spelling:ווטסאפ
27c0722b-6bf5-44f2-82ee-ee2bbd00c6cc,Виорика,נתניה,live,no,no,yes,sparse,text_rules,2026-10-04.8,rewrite,text:missing_info:אין מידע | text:missing_info:אין פירוט | text:missing_info:לפי הנתונים | text:record:ברשומה | text:record:מצוין | text:record:מופיעה | text:record:אין פירוט | text:latin:Шмуэль | text:latin:анацив | text:latin:Netanya
9656e1e1-7e7c-4ef1-8902-69d4b3629196,Салон красоты Luxor,נתניה,live,no,no,yes,sparse,text_rules,2026-10-04.8,rewrite,text:missing_info:במקורות | text:missing_info:לא צוינו | text:missing_info:לא צוין | text:missing_info:לא פורסמו | text:missing_info:לא פורסם | text:missing_info:הפרופיל כולל | text:missing_info:לא נמסר | text:missing_info:אין פירוט | text:missing_info:המידע הזמין | text:record:מצוין | text:record:נרשמו | text:record:ומופיע | text:record:אין פירוט | text:latin:А-Маясдим | text:latin:Netanya | text:spelling:המצויין | text:spelling:מצויין
e098b7aa-cbf4-45d7-8c41-0deeb8b95fa3,אורטל ציפורניים לק ג'ל מיקרובליידינג שיטת השערה נתניה,נתניה,live,no,no,yes,normal,text_rules,2026-10-04.8,rewrite,text:missing_info:במקורות | text:missing_info:שסופק | text:missing_info:לא פורסמו | text:missing_info:לא פורסם | text:record:הרשומה | text:record:המצוינות | text:record:מציין | text:record:שנרשם | text:record:מופיע | text:record:שמתואר | text:address:St | text:latin:Herzl | text:latin:St | text:latin:Netanya
1944347e-8b37-42a0-84b6-27814bcbc370,אורלי ברטלר - קליניקה לקוסמטיקה ואסתטיקה,נתניה,live,no,no,yes,rich,text_rules,2026-10-04.8,rewrite,text:missing_info:במקורות | text:missing_info:לא צוין | text:missing_info:לא פורסם | text:missing_info:בעמוד העסק | text:record:שמצוינים | text:record:מציינות | text:record:מופיעים | text:address:St | text:latin:Archi | text:latin:Sherman | text:latin:St | text:latin:Netanya | text:spelling:מצויין
07365447-eb03-4c33-8c8a-6c4b60eb2c96,איפור ביוטי-כלה וערב,נתניה,live,no,no,yes,normal,text_rules,2026-10-04.8,rewrite,text:missing_info:במקורות | text:missing_info:לא פורסם | text:missing_info:לא נמצאו | text:missing_info:אין פירוט | text:record:מצוינים | text:record:שמופיע | text:record:אין פירוט | text:spelling:ווטסאפ
d20d8b8e-a2c3-4cdf-9d64-f33e6bf54c24,איפור קבוע בנתניה פאולה לוי,נתניה,live,no,no,yes,normal,text_rules,2026-10-04.8,rewrite,text:missing_info:במקורות | text:missing_info:לא צוינו | text:missing_info:לא פורסמו | text:missing_info:לא פורסם | text:missing_info:לא נמסר | text:missing_info:אין פירוט | text:missing_info:לא זמין | text:missing_info:בעמוד העסק | text:record:הרשומה | text:record:מצוין | text:record:מציינת | text:record:נרשם | text:record:מופיע | text:record:אין פירוט | text:address:St | text:latin:Irus | text:latin:ha-Argaman | text:latin:St | text:latin:Netanya | text:latin:bookingOnline
0bac5bf3-1f9e-4f04-ad84-a2e2446cf22a,אלינה אלבוים - קוסמטיקה מתקדמת,נתניה,live,no,no,yes,normal,text_rules,2026-10-04.8,rewrite,text:missing_info:במקורות | text:missing_info:שסופק | text:missing_info:לא צוינו | text:missing_info:לא פורסמו | text:missing_info:לא פורסם | text:missing_info:אין פירוט | text:record:המצוינת | text:record:מציינות | text:record:מופיעים | text:record:מתוארים | text:record:אין פירוט | text:record:לא מפורט | text:address:Blvd. | text:wording:כמו כן | text:latin:Lantos | text:latin:Blvd | text:latin:Tom
708b1ada-047b-475a-a7d9-9d1f7e33681e,אלינור בכר | קוסמטיקה ורפואה סינית אסתטית מתקדמת,נתניה,live,no,no,yes,normal,text_rules,2026-10-04.8,rewrite,text:missing_info:במקורות | text:missing_info:שסופק | text:missing_info:לא צוינו | text:record:המצוינים | text:record:מציינת | text:record:מופיע | text:record:לא מפורטים | text:wording:כמו כן | text:latin:Point
59800221-11af-4cf9-95b5-048f9c838c50,אנג'לה קוסמטיקס - Anjela Cosmetics,נתניה,live,no,no,yes,normal,text_rules,2026-10-04.8,rewrite,text:missing_info:במקורות | text:missing_info:לא פורסמו | text:missing_info:לא פורסם | text:missing_info:לא נמסר | text:missing_info:אין פירוט | text:record:ברשומות | text:record:שמצוין | text:record:מציינת | text:record:נרשמו | text:record:מופיע | text:record:מתוארת | text:record:אין פירוט | text:wording:כמו כן
76f28672-2592-480c-8496-60b0ab6f64c1,אסנקה איפור מקצועי,נתניה,live,no,no,yes,sparse,text_rules,2026-10-04.8,rewrite,text:missing_info:במקורות | text:missing_info:שסופק | text:missing_info:לא צוינו | text:missing_info:לא פורסמו | text:missing_info:אין מידע | text:missing_info:לא נמסר | text:missing_info:אין פירוט | text:missing_info:המידע הזמין | text:record:המצוינים | text:record:נרשמה | text:record:מופיעים | text:record:אין פירוט | text:wording:במידה ו
a74cc21d-86bc-4d3d-a64a-0fc5409c2da3,בניית ציפורניים לק ג'ל פדיקור מניקור נתניה,נתניה,live,no,no,yes,normal,text_rules,2026-10-04.8,rewrite,text:missing_info:במקורות | text:missing_info:לא פורסמו | text:missing_info:לא פורסם | text:missing_info:אין מידע | text:missing_info:אין פירוט | text:missing_info:ללא פירוט | text:record:ברשומות | text:record:מצוין | text:record:שנרשמו | text:record:מופיע | text:record:ומתואר | text:record:אין פירוט | text:address:St | text:wording:במידה ו | text:latin:Topaz | text:latin:Nails | text:latin:Ha-Portsim | text:latin:St | text:latin:Netanya
76aa7c44-b8de-468c-858e-fc6394f367be,"בר ויכמן נתניה - הסרת שיער בלייזר, פיסול פנים וטיפולי אסתטיקה רפואית",נתניה,live,no,no,yes,rich,text_rules,2026-10-04.8,rewrite,text:missing_info:במקורות | text:missing_info:שסופק | text:missing_info:לא פורסמו | text:missing_info:לא פורסם | text:missing_info:בעמוד העסק | text:record:מצוין | text:record:מציינת | text:record:שנרשם | text:record:מופיעים | text:latin:VADER | text:spelling:מצויין
45141270-2e22-4554-b8b6-4a20e2dc0120,ג'ואן אטלי Cosmetics Solutions איפור קבוע וקוסמטיקה מתקדמת,נתניה,live,no,no,yes,normal,text_rules,2026-10-04.8,rewrite,text:missing_info:במקורות | text:missing_info:לא צוינו | text:missing_info:לא פורסם | text:missing_info:תיאור זה | text:missing_info:אין פירוט | text:record:הרשומות | text:record:המצוינת | text:record:מציין | text:record:מופיעות | text:record:אין פירוט | text:address:St | text:latin:Khayim | text:latin:Levanon | text:latin:St
3352bfe1-cc77-40c3-a152-2dde697658be,ג'וליה - לק ג'ל בניית ציפורניים - מניקור ופדיקור בנתניה- טיפול עם נוף לים 😉,נתניה,live,no,no,yes,rich,text_rules,2026-10-04.8,rewrite,text:missing_info:במקורות | text:record:הרשומה | text:record:מצוין | text:record:שנרשמו | text:record:מופיעים | text:address:Sderot | text:latin:Sderot | text:latin:Jabotinsky | text:dash:— | text:spelling:מצויין
567dda71-16e6-4711-9b29-f98144c83fef,גלית פורת,נתניה,live,no,no,yes,sparse,text_rules,2026-10-04.8,rewrite,text:missing_info:במקורות | text:missing_info:לא צוינו | text:missing_info:לא פורסם | text:missing_info:לא נמסר | text:missing_info:בפרופיל העסק | text:record:ברשומה | text:record:שמצוינים | text:record:מציינות | text:record:נרשמו | text:record:מופיע | text:latin:Khativat | text:latin:Har'el | text:spelling:המצויין | text:spelling:מצויין
7050e53c-e4fb-4ce6-b0cf-07fac3a5738d,"ד""ר אלי שולמן - רפואה אסטתית",נתניה,live,no,no,yes,rich,text_rules,2026-10-04.8,rewrite,text:missing_info:במקורות | text:missing_info:שסופק | text:missing_info:לא פורסמו | text:missing_info:לא פורסם | text:record:מצוין | text:record:מציינים | text:record:שנרשם | text:record:מופיעה | text:wording:כמו כן | text:latin:APTOS
292e812b-f807-4590-ab52-c44b97e6f327,ד״ר שי לי אלמוג - מרפאה אסתטית,נתניה,live,no,no,yes,rich,text_rules,2026-10-04.8,rewrite,text:missing_info:במקורות | text:missing_info:לא פורסמו | text:missing_info:לא פורסם | text:record:מציין | text:record:מופיעים | text:address:Blvd. | text:latin:Tom | text:latin:Lantos | text:latin:Blvd | text:latin:Netanya
f9ef6efa-155d-4d68-907e-8eee85bdff59,הדבקת ריסים,נתניה,live,no,no,yes,normal,text_rules,2026-10-04.8,rewrite,text:missing_info:במקורות | text:missing_info:לא צוינו | text:missing_info:לא פורסמו | text:missing_info:לא נמצאו | text:record:הרשומה | text:record:מצוין | text:record:מציין | text:record:נרשמה | text:record:מופיע | text:record:שמתואר | text:address:Blvd | text:latin:Nitsa | text:latin:Blvd | text:latin:Netanya
3fea4a27-41a5-4498-9e8f-a02d5366f936,"הקליניקה לרפואה אסתטית ד״ר אובול - מגוון טיפולים אסתטיים מתקדמים: מילוי שפתיים, הזרקות לכל האזורים ועוד",נתניה,live,no,no,yes,sparse,text_rules,2026-10-04.8,rewrite,text:missing_info:במקורות | text:missing_info:שסופק | text:missing_info:לא פורסמו | text:missing_info:אין מידע | text:missing_info:אין פירוט | text:missing_info:לא זמין | text:record:שמצוינות | text:record:מציין | text:record:נרשמה | text:record:אין פירוט | text:wording:כמו כן | text:spelling:ווטסאפ
8eb1b361-f1a2-4c26-b2fe-e0711d18ee3b,חדווה בכר HBeauty - קוסמטיקה וטיפולי יופי,נתניה,live,no,no,yes,rich,text_rules,2026-10-04.8,rewrite,text:missing_info:במקורות | text:missing_info:לא פורסמו | text:missing_info:לא פורסם | text:missing_info:אין מידע | text:missing_info:אין פירוט | text:missing_info:לפי הנתונים | text:record:ברשומות | text:record:מצוין | text:record:ומציינים | text:record:נרשמות | text:record:מופיעים | text:record:שמתואר | text:record:אין פירוט
bca818e1-7d9b-4691-8725-218370aef332,יערית החלקות שיער בנתניה / החלקה אורגנית / מספרה בנתניה,נתניה,live,no,no,yes,normal,text_rules,2026-10-04.8,rewrite,text:missing_info:במקורות | text:missing_info:לא צוינו | text:missing_info:לא צוין | text:missing_info:לא פורסמו | text:missing_info:המידע הזמין | text:record:מצוין | text:record:מציין | text:record:מופיע | text:spelling:המצויין | text:spelling:מצויין
febe2422-969f-415b-a570-b808208e89c6,ירין פכטר קוסמטיקס,נתניה,live,no,no,yes,normal,text_rules,2026-10-04.8,rewrite,text:missing_info:במקורות | text:missing_info:שסופק | text:missing_info:לא פורסמו | text:missing_info:אין פירוט | text:missing_info:ללא פירוט | text:record:הרשומה | text:record:שמצוינים | text:record:מציין | text:record:שנרשם | text:record:מופיעים | text:record:מתוארים | text:record:אין פירוט
dec88199-1530-484f-91aa-9e4dd0b6920a,ליאורה גבורי קוסמטיקאית,נתניה,live,no,no,yes,normal,text_rules,2026-10-04.8,rewrite,text:missing_info:במקורות | text:missing_info:לא פורסמו | text:missing_info:לא פורסם | text:record:ברשומות | text:record:מצוין | text:record:נרשמה | text:record:שמופיע
db80de8e-2033-4a02-a976-015e5de74379,ליאל לוי | מכון קוסמטיקה ויופי,נתניה,live,no,no,yes,normal,text_rules,2026-10-04.8,rewrite,text:missing_info:במקורות | text:missing_info:לא פורסמו | text:missing_info:לא פורסם | text:missing_info:ללא פירוט | text:record:הרשומות | text:record:שמצוינת | text:record:מציין | text:record:נרשמו | text:record:מופיע
a3d15045-f65e-4e60-ab93-fc03135d67d8,לייזר פרו,נתניה,live,no,no,yes,normal,text_rules,2026-10-04.8,rewrite,text:missing_info:במקורות | text:missing_info:שסופק | text:missing_info:לא צוינו | text:missing_info:לא צוין | text:missing_info:לא פורסמו | text:missing_info:לא פורסם | text:record:המצוינים | text:record:מציין | text:record:ומופיע
98067c79-de1f-49ca-99b4-975c49a6b33f,מירב ישראל,נתניה,live,no,no,yes,normal,text_rules,2026-10-04.8,rewrite,text:missing_info:במקורות | text:missing_info:לא צוינו | text:missing_info:לא פורסמו | text:missing_info:לא פורסם | text:missing_info:אין מידע | text:missing_info:אין פירוט | text:missing_info:המידע הזמין | text:record:ברשומה | text:record:מופיעה | text:record:מתואר | text:record:אין פירוט | text:address:Sderot | text:latin:Sderot | text:latin:Oved | text:latin:Ben | text:latin:Ami
11e3f9e5-5236-473c-981c-dccab368098d,מעיין שחם רביב,נתניה,live,no,no,yes,normal,text_rules,2026-10-04.8,rewrite,text:latin:IPL | text:latin:EMS
2fa68a6a-e859-4918-8160-b752bfd4e86b,מרכז לרפואת שיניים אובול,נתניה,live,no,no,yes,rich,text_rules,2026-10-04.8,rewrite,text:missing_info:במקורות | text:missing_info:לא פורסמו | text:record:מצוין | text:record:מציינת | text:address:St | text:latin:Yehoshu'a | text:latin:Shtampfer | text:latin:St | text:latin:Netanya
c5c75f84-9b81-4d07-9ce9-3add023f37a1,מרפאת שיניים בנתניה Les Experts,נתניה,live,no,no,yes,rich,text_rules,2026-10-04.8,rewrite,text:missing_info:במקורות | text:missing_info:שסופק | text:missing_info:לא צוינו | text:missing_info:לא פורסמו | text:record:הרשומה | text:record:המצוינים | text:record:ומציינת | text:record:מופיעה | text:address:St | text:latin:Agam | text:latin:Kinneret | text:latin:St
e6dd2f6a-4d1e-47b7-aefd-233c449d67e9,נטלי סטודיו - ספא בנתניה,נתניה,live,no,no,yes,sparse,text_rules,2026-10-04.8,rewrite,text:missing_info:במקורות | text:missing_info:שסופק | text:missing_info:לא צוינו | text:missing_info:לא פורסם | text:missing_info:הפרופיל כולל | text:missing_info:לא נמסר | text:record:הרשומה | text:record:מצוין | text:record:מציין | text:record:נרשמה | text:record:שמופיע | text:wording:כמו כן
9428cd50-595f-430c-a840-f861cb202923,נטלי קוסמטיקה,נתניה,live,no,no,yes,sparse,text_rules,2026-10-04.8,rewrite,text:missing_info:במקורות | text:missing_info:שסופק | text:missing_info:לא צוינו | text:missing_info:לא פורסמו | text:missing_info:לא פורסם | text:missing_info:בעמוד העסק | text:address:St | text:latin:Uzi | text:latin:Hitman | text:latin:St | text:spelling:ווטסאפ
d9468ad1-4226-4c95-b480-fdc6f8548f9f,סטודיו גבות הילה שרון,נתניה,live,no,no,yes,rich,text_rules,2026-10-04.8,rewrite,text:missing_info:במקורות | text:missing_info:שסופק | text:missing_info:לא פורסמו | text:missing_info:אין מידע | text:record:ברשומות | text:record:שמצוינות | text:record:מציינות | text:record:נרשמו | text:record:שמופיעה | text:record:תוארה | text:address:St | text:wording:כמו כן | text:latin:Ha-Gila | text:latin:St | text:latin:Netanya | text:spelling:ווטסאפ
989d3548-16d9-40aa-9448-2403daa71539,סמדר קוסמטיק,נתניה,live,no,no,yes,sparse,text_rules,2026-10-04.8,rewrite,text:missing_info:במקורות | text:missing_info:שסופק | text:missing_info:לא צוינו | text:missing_info:לא פורסמו | text:missing_info:לא פורסם | text:record:ברשומה | text:record:המצוינות | text:record:מופיע | text:address:St | text:wording:כמו כן | text:latin:Uzi | text:latin:Hitman | text:latin:St | text:latin:Netanya
0c8a0575-161c-463d-95b1-c30a84b1049f,ספא ניצה,נתניה,live,no,no,yes,normal,text_rules,2026-10-04.8,rewrite,text:missing_info:במקורות | text:missing_info:לא צוינו | text:missing_info:לא פורסמו | text:missing_info:לא פורסם | text:missing_info:לא נמסר | text:missing_info:לפי הנתונים | text:record:שמצוין | text:record:מציין | text:record:מופיעים
84fcf018-961b-4dac-be3c-b1a5887614df,עדי ואת בדרך ליופי,נתניה,live,no,no,yes,normal,text_rules,2026-10-04.8,rewrite,text:missing_info:במקורות | text:missing_info:שסופק | text:missing_info:לא פורסמו | text:missing_info:אין פירוט | text:missing_info:ללא פירוט | text:missing_info:לפי הנתונים | text:missing_info:הנתונים הזמינים | text:record:ברשומות | text:record:המצוינות | text:record:מציין | text:record:נרשמו | text:record:מופיע | text:record:המתואר | text:record:אין פירוט | text:spelling:ווטסאפ
9899d99c-7136-4185-b2cb-11a6f561d64c,פיט פלוס - Feet Plus,נתניה,live,no,no,yes,sparse,text_rules,2026-10-04.8,rewrite,text:missing_info:במקורות | text:missing_info:לא צוינו | text:missing_info:לא פורסמו | text:missing_info:לא פורסם | text:missing_info:לא נמסר | text:missing_info:המידע הזמין | text:missing_info:בעמוד העסק | text:record:ברשומות | text:record:המצוינות | text:record:נרשמה | text:record:ומופיע | text:address:St | text:wording:כמו כן | text:latin:Ahronson | text:latin:St | text:latin:Netanya | text:latin:Efrayim | text:spelling:המצויין | text:spelling:מצויין
82277c2f-90b9-42cc-81df-a0e2422c5b3e,ציפי- הרמת ריסים בנתניה,נתניה,live,no,no,yes,sparse,text_rules,2026-10-04.8,rewrite,text:missing_info:במקורות | text:missing_info:לא צוינו | text:missing_info:לא פורסמו | text:missing_info:לא פורסם | text:missing_info:המידע הזמין | text:record:הרשומה | text:record:המצוינות | text:record:נרשמו | text:address:St | text:latin:Ha-Shiv'a | text:latin:St | text:latin:Netanya | text:spelling:מצויין
607eba4e-0098-46eb-a61a-638863abb41e,קטי מולגן - מעצבת שיער Ketty Molgan- Hair design,נתניה,live,no,no,yes,normal,text_rules,2026-10-04.8,rewrite,text:missing_info:במקורות | text:missing_info:לא פורסם | text:missing_info:ללא פירוט | text:missing_info:לפי הנתונים | text:missing_info:המידע הזמין | text:record:ברשומות | text:record:מצוין | text:record:מציינת | text:record:שמופיע | text:wording:כמו כן
72546b1d-cb4c-4833-8733-a5534d6452bb,קליניקה בוטיק - POPULAR,נתניה,live,no,no,yes,normal,text_rules,2026-10-04.8,rewrite,text:latin:RF | text:latin:HIFU
f66a90af-7cf5-431e-a203-f1f15c943755,"רונית רפאל - מדע היופי, סניף נתניה",נתניה,live,no,no,yes,sparse,text_rules,2026-10-04.8,rewrite,text:missing_info:במקורות | text:missing_info:לא פורסמו | text:missing_info:לא פורסם | text:missing_info:אין פירוט | text:missing_info:המידע הזמין | text:record:ברשומות | text:record:מצוין | text:record:מציינות | text:record:שמופיעות | text:record:אין פירוט | text:latin:Ir | text:latin:Yamim | text:latin:Mall
3b91356d-a46d-40e8-9715-0956cb7884e9,רות קוסמטיקה - RUTH cosmetics,נתניה,live,no,no,yes,sparse,text_rules,2026-10-04.8,rewrite,text:missing_info:במקורות | text:missing_info:לא פורסמו | text:missing_info:לא נמסר | text:missing_info:אין פירוט | text:record:ברשומות | text:record:המצוינת | text:record:מציינת | text:record:נרשמה | text:record:מופיעה | text:record:אין פירוט | text:wording:כמו כן
6484b048-98bd-400f-9fda-046026e0ac0b,רחלי גל - אמנית יופי,נתניה,live,no,no,yes,normal,text_rules,2026-10-04.8,rewrite,text:missing_info:במקורות | text:missing_info:לא צוין | text:missing_info:לא פורסמו | text:missing_info:לא פורסם | text:missing_info:אין מידע | text:missing_info:לא נמסר | text:missing_info:אין פירוט | text:missing_info:בעמוד העסק | text:record:רשומות | text:record:מצוינת | text:record:מציינות | text:record:שנרשמו | text:record:שמופיעים | text:record:מתואר | text:record:אין פירוט | text:address:St | text:latin:Iyar | text:latin:St | text:latin:Netanya | text:latin:bookingOnline | text:spelling:המצויין | text:spelling:מצויין | text:spelling:ווטסאפ
69b8b74c-a513-4c4b-9f00-0cb42eddf4e8,רפאל אסטתיקס - השתלות שיער איכותיות וטיפולים קוסמטיים,נתניה,live,no,no,yes,normal,text_rules,2026-10-04.8,rewrite,text:missing_info:במקורות | text:missing_info:לא פורסמו | text:missing_info:אין פירוט | text:record:רשומות | text:record:מצוין | text:record:שמתואר | text:record:אין פירוט | text:spelling:מצויין
86a6edee-8303-44c1-9680-ca0f11a51237,שלומי עיצוב שיער,נתניה,live,no,no,yes,normal,text_rules,2026-10-04.8,rewrite,text:missing_info:במקורות | text:missing_info:שסופק | text:missing_info:לא צוינו | text:missing_info:לא פורסמו | text:missing_info:לפי הנתונים | text:record:מצוין | text:record:מציינים | text:record:מופיעים | text:address:St | text:latin:Lilienblum | text:latin:St | text:spelling:מצויין
41b33d29-6986-4758-b382-2bde08d435be,4Man - מכון יופי וטיפוח לגבר בתל אביב,תל אביב-יפו,live,no,no,yes,normal,text_rules,2026-10-04.8,rewrite,text:latin:Candela | text:latin:GentleMax
6ce6a534-9359-40f3-bfb6-8d631d3724ea,Absolute Esthetics by Andrea,תל אביב-יפו,live,no,no,yes,rich,text_rules,2026-10-04.8,rewrite,text:missing_info:במקורות | text:missing_info:לא צוינו | text:missing_info:לא פורסם | text:record:הרשומות | text:record:שמצוין | text:record:מציינת | text:record:מופיעים | text:record:אינו מפרט | text:wording:כמו כן
61a6b949-be55-4270-9e99-09995c9c57fc,BeautIX - Beauty Salon,גבעתיים,live,no,no,yes,rich,text_rules,2026-10-04.8,rewrite,text:missing_info:במקורות | text:missing_info:לא פורסמו | text:missing_info:לא פורסם | text:missing_info:אין פירוט | text:missing_info:בפרופיל העסק | text:record:מצוין | text:record:מציין | text:record:נרשמות | text:record:ומופיע | text:record:אין פירוט | text:record:לא מפורט | text:address:St | text:latin:Katzenelson | text:latin:St | text:spelling:ווטסאפ
f6ada3ef-6eb6-49d7-bd74-b8892cb59a33,BorimskyCosmetic Boutique,רמת גן,live,no,no,yes,rich,text_rules,2026-10-04.8,rewrite,text:missing_info:במקורות | text:missing_info:אין פירוט | text:missing_info:ללא פירוט | text:missing_info:בפרופיל העסק | text:record:רשומה | text:record:המצוינים | text:record:מציינת | text:record:מופיעות | text:record:מתוארת | text:record:אין פירוט
9016d4c1-c7f3-4da5-89b5-62689cc58321,CUT THE BULLSHIT BarberShop,תל אביב-יפו,live,no,no,yes,normal,text_rules,2026-10-04.8,rewrite,text:missing_info:במקורות | text:missing_info:במידע שנבדק | text:missing_info:שסופק | text:missing_info:לא צוינו | text:missing_info:לא פורסמו | text:missing_info:לא פורסם | text:missing_info:אין פירוט | text:record:שמצוינים | text:record:מציין | text:record:נרשמה | text:record:אין פירוט
e7f4f6f5-896d-43dc-8ec8-6f800b29887c,Cosmetology Tel-Aviv קוסמטיקאית תל אביב,תל אביב-יפו,live,no,no,yes,normal,text_rules,2026-10-04.8,rewrite,text:missing_info:במקורות | text:missing_info:שסופק | text:missing_info:לא צוינו | text:missing_info:לא פורסם | text:missing_info:לא נמסר | text:record:הרשומה | text:record:המצוינות | text:record:מציינת | text:record:שנרשמו | text:record:מופיעים | text:record:שמתואר | text:address:St | text:latin:Harav | text:latin:Reines | text:latin:St | text:latin:Tel | text:latin:Aviv-Yafo
55c8d098-e68e-4f3a-92c2-42e98dd81d91,Deborah Cosmetics,רמת גן,live,no,no,yes,rich,text_rules,2026-10-04.8,rewrite,text:missing_info:במקורות | text:missing_info:לא צוינו | text:missing_info:לא פורסמו | text:missing_info:לא פורסם | text:record:המצוינת | text:record:מופיע
a47c066a-3ce3-414b-af68-7b6df17c2218,"Dr Meir Cohen, ד""ר מאיר כהן מנתח פלסטי",רמת גן,live,no,no,yes,sparse,text_rules,2026-10-04.8,rewrite,text:missing_info:במקורות | text:missing_info:לא צוינו | text:missing_info:לא פורסמו | text:missing_info:לא פורסם | text:missing_info:המידע הזמין | text:missing_info:בפרופיל העסק | text:record:הרשומה | text:record:המצוינים | text:record:מציין | text:record:מופיעה | text:address:St | text:wording:כמו כן | text:latin:Jabotinsky | text:latin:St | text:latin:Ramat | text:latin:Gan | text:spelling:המצויין | text:spelling:מצויין
2b9aa1e9-5f31-49dc-9ad3-28a450c51ebf,Dr. Eini - Ramat Gan Clinic,רמת גן,live,no,no,yes,rich,text_rules,2026-10-04.8,rewrite,text:missing_info:במקורות | text:missing_info:לא פורסמו | text:missing_info:לא פורסם | text:missing_info:אין פירוט | text:missing_info:לא זמין | text:missing_info:המידע הזמין | text:record:הרשומות | text:record:מצוין | text:record:מציינות | text:record:שנרשם | text:record:ומופיעים | text:record:המתואר | text:record:אין פירוט | text:wording:במידה ו | text:latin:bookingOnline | text:spelling:מצויין | text:spelling:ווטסאפ
a0f49337-6233-424f-a268-5c0450c7f411,Dr. Tali Friedman - International Center for Body Shaping,תל אביב-יפו,live,no,no,yes,normal,text_rules,2026-10-04.8,rewrite,text:missing_info:במקורות | text:missing_info:לא צוינו | text:missing_info:לא פורסמו | text:missing_info:לא פורסם | text:missing_info:אין מידע | text:missing_info:אין פירוט | text:record:ברשומות | text:record:ומצוין | text:record:מציין | text:record:נרשמה | text:record:מופיעה | text:record:ואין פירוט
409bfe62-4056-4144-804a-aa1821b63992,Dreamboat,תל אביב-יפו,live,no,no,yes,rich,text_rules,2026-10-04.8,rewrite,text:missing_info:במקורות | text:missing_info:ללא פירוט | text:record:ברשומה | text:record:מצוין | text:record:מציין | text:record:מופיעה | text:record:מתואר
e41cb1e0-4dba-4c0a-9ae9-62d4b07e7cfd,Gorgeous,תל אביב-יפו,live,no,no,yes,normal,text_rules,2026-10-04.8,rewrite,text:latin:IPL
b4da1f26-c7b3-444b-a71c-ee0f6f082877,H.Clinic | לייזר ואסתטיקה,תל אביב-יפו,live,no,no,yes,rich,text_rules,2026-10-04.8,rewrite,text:missing_info:במקורות | text:missing_info:לא פורסמו | text:missing_info:לא פורסם | text:missing_info:אין מידע | text:missing_info:המידע הזמין | text:record:מצוין | text:record:מציינת | text:record:מופיעים | text:latin:HaNechoshet
800087b3-e648-4bb1-9f81-439a1022feda,Happy Hour TLV,תל אביב-יפו,live,no,no,yes,normal,text_rules,2026-10-04.8,rewrite,text:missing_info:במקורות | text:missing_info:לא צוינו | text:missing_info:לא פורסמו | text:missing_info:לא פורסם | text:missing_info:בכרטיס העסק | text:record:המצוינות | text:record:מציינות | text:record:שנרשמו | text:record:שמופיעה | text:wording:כמו כן
e4e613ba-3131-4b3c-b1df-7dcbdd6465c9,Happy hour דיזנגוף,תל אביב-יפו,live,no,no,yes,normal,text_rules,2026-10-04.8,rewrite,text:missing_info:במקורות | text:missing_info:לא צוינו | text:missing_info:לא פורסמו | text:missing_info:לא פורסם | text:missing_info:תיאור זה | text:missing_info:ללא פירוט | text:missing_info:בפרופיל העסק | text:missing_info:בתיאור זה | text:record:ברשומות | text:record:שמצוינים | text:record:מציינים | text:record:שמופיע
90c397d2-b22b-47e1-81db-bc814a5ec773,Ida eyebrows and Hair Removal,תל אביב-יפו,live,no,no,yes,normal,text_rules,2026-10-04.8,rewrite,text:missing_info:במקורות | text:missing_info:לא צוין | text:missing_info:לא פורסמו | text:missing_info:לא פורסם | text:missing_info:אין פירוט | text:missing_info:המידע הזמין | text:record:רשומה | text:record:מצוין | text:record:מציינים | text:record:נרשמה | text:record:ומופיעים | text:record:שאין פירוט
e6d2762c-590a-4790-a561-f10f3a3fce4f,KEDEM SPA HOUSE קדם ספא וחמאם ביפו Spa in Jaffa,תל אביב-יפו,live,no,no,yes,normal,text_rules,2026-10-04.8,rewrite,text:missing_info:במקורות | text:missing_info:לא פורסמו | text:missing_info:לא פורסם | text:record:מציין | text:record:מופיעים | text:address:Kikar | text:wording:הינו | text:latin:Kikar | text:latin:Kedumim | text:latin:st | text:latin:Tel | text:latin:Aviv-Yafo | text:latin:THE | text:latin:YACHT | text:latin:NORDOY | text:latin:PALATIN | text:latin:Wellness
7cbf57bc-682f-4799-adb8-f07fcd7faf8c,Lavic Beauty & Advanced Cosmetology,תל אביב-יפו,live,no,no,yes,rich,text_rules,2026-10-04.8,rewrite,text:missing_info:במקורות | text:missing_info:לא פורסם | text:missing_info:המידע הזמין | text:record:המצוינים | text:record:מציין | text:record:מופיעה
8dff0752-72ef-4f8e-8b12-13fd11e2d96e,Love is in the Hair By Ram Solan,תל אביב-יפו,live,no,no,yes,rich,text_rules,2026-10-04.8,rewrite,text:missing_info:במקורות | text:missing_info:לא פורסמו | text:missing_info:לא פורסם | text:missing_info:לא נמסר | text:missing_info:בעמוד העסק | text:record:מציין | text:record:מופיעים | text:wording:כמו כן
33ac1e19-50b8-4836-8854-7c6ea5f0a763,Luck Nail Boutique,תל אביב-יפו,live,no,no,yes,sparse,text_rules,2026-10-04.8,rewrite,text:missing_info:במקורות | text:missing_info:לא פורסמו | text:missing_info:אין מידע | text:missing_info:הנתונים הזמינים | text:missing_info:המידע הזמין | text:record:רשומה | text:record:מצוין | text:record:מציין | text:record:נרשמו | text:record:ומופיע | text:spelling:מצויין
05b89bca-a6d1-406e-946b-44228d4e71dd,Nailtov,תל אביב-יפו,live,no,no,yes,rich,text_rules,2026-10-04.8,rewrite,text:missing_info:במקורות | text:missing_info:לא צוינו | text:missing_info:לא פורסמו | text:missing_info:לא פורסם | text:missing_info:לא נמצאו | text:missing_info:בעמוד העסק | text:record:מהרשומות | text:record:המצוינת | text:record:מציינות | text:record:מופיעים | text:address:St | text:latin:Yegi'a | text:latin:Kapayim | text:latin:St | text:dash:–
f4498f47-9e11-4acc-8c1e-ec0263c29d39,Queens Clinic,בני ברק,live,no,no,yes,rich,text_rules,2026-10-04.8,rewrite,text:missing_info:במקורות | text:missing_info:לא צוינו | text:missing_info:לא פורסמו | text:missing_info:אין פירוט | text:record:המצוינות | text:record:מציינת | text:record:מופיעים | text:record:אין פירוט | text:wording:כמו כן
0a3536e4-1b46-4988-82cb-e3eb38374c53,Renée Cosmetics,תל אביב-יפו,live,no,no,yes,normal,text_rules,2026-10-04.8,rewrite,text:missing_info:לא פורסמו | text:missing_info:לא פורסם | text:missing_info:עמוד העסק כולל | text:missing_info:אין פירוט | text:missing_info:בעמוד העסק | text:record:הרשומה | text:record:המצוינים | text:record:מציינת | text:record:שנרשמו | text:record:מופיע | text:record:מתואר | text:record:אין פירוט | text:record:לא מפורט | text:address:St | text:wording:כמו כן | text:latin:Biopeptix | text:latin:Wissotsky | text:latin:St
4a5ed346-8780-4f33-8320-e256deefa1bd,Shlomi Shem Tov Hairdresser,גבעתיים,live,no,no,yes,normal,text_rules,2026-10-04.8,rewrite,text:missing_info:במקורות | text:missing_info:לא צוינו | text:missing_info:לא פורסמו | text:missing_info:לא פורסם | text:record:רשומה | text:record:שמצוינים | text:record:מציינים | text:record:נרשם | text:record:ומופיע | text:record:מתוארים | text:wording:במידה ו | text:latin:English
596ba9f5-fd64-4973-a164-a5c73ca72f1c,Shooshka,תל אביב-יפו,live,no,no,yes,normal,text_rules,2026-10-04.8,rewrite,text:missing_info:במקורות | text:missing_info:לא פורסמו | text:missing_info:אין פירוט | text:record:הרשומה | text:record:מציין | text:record:שנרשם | text:record:מופיע | text:record:מתואר | text:record:אין פירוט | text:spelling:ווטסאפ
9c5b8ef0-27c9-4930-a164-4f47352d6053,Shosh Medical Pedicure,תל אביב-יפו,live,no,no,yes,normal,text_rules,2026-10-04.8,rewrite,text:missing_info:במקורות | text:missing_info:לא פורסמו | text:missing_info:לא פורסם | text:record:מצוין | text:address:St | text:latin:Ha-Kalir | text:latin:St
64b5961c-3884-407b-8737-9b72f855f632,The Beauty Lounge,תל אביב-יפו,live,no,no,yes,rich,text_rules,2026-10-04.8,rewrite,text:missing_info:במקורות | text:missing_info:לא פורסם | text:missing_info:המידע הזמין | text:record:מצוין | text:record:מציין | text:record:שנרשם | text:record:מופיע | text:record:המתוארות | text:address:St | text:wording:כמו כן | text:latin:Aba | text:latin:Akhime'ir | text:latin:St
b471583e-01ec-4a83-82f2-82912addd521,Winkler Clinic - Prof. Eyal Winkler,תל אביב-יפו,live,no,no,yes,rich,text_rules,2026-10-04.8,rewrite,text:missing_info:במקורות | text:missing_info:לא צוינו | text:missing_info:לא פורסם | text:record:ברשומות | text:record:המצוינים | text:record:נרשמה | text:record:מופיעים | text:record:מתוארת
fbb4d1ed-8c4f-4d5e-a866-a86104204fa4,couture hair barbershop NYC New York,תל אביב-יפו,live,no,no,yes,normal,text_rules,2026-10-04.8,rewrite,text:missing_info:במקורות | text:missing_info:לא פורסמו | text:missing_info:לא פורסם | text:record:שמציין | text:record:מופיעים | text:wording:כמו כן | text:spelling:מצויין
b31e7964-7cb9-420e-86ad-9b8a746d6975,myclinic Lillienblum,תל אביב-יפו,live,no,no,yes,rich,text_rules,2026-10-04.8,rewrite,text:missing_info:במקורות | text:missing_info:לא פורסמו | text:missing_info:לא פורסם | text:record:ברשומות | text:record:מצוין | text:record:מציינת | text:record:מופיע | text:latin:boosters | text:latin:Lumecca | text:latin:PRF | text:latin:Samuel | text:latin:Levy
38f43de7-2cc4-47ed-8683-9f8031c3eb42,yullia Yirmeyahu,תל אביב-יפו,live,no,no,yes,rich,text_rules,2026-10-04.8,rewrite,text:missing_info:במקורות | text:missing_info:שסופק | text:missing_info:לא פורסמו | text:missing_info:לא פורסם | text:missing_info:לא זמין | text:missing_info:המידע הזמין | text:record:ברשומות | text:record:מצוין | text:record:מופיעים | text:latin:bookingOnline
39725c0f-27d3-43e2-b215-b440c24530bc,איילת גייר השתלות שיער בישראל וטיפולים מתקדמים,תל אביב-יפו,live,no,no,yes,rich,text_rules,2026-10-04.8,rewrite,text:missing_info:במקורות | text:missing_info:שסופק | text:missing_info:לא צוינו | text:missing_info:לא פורסמו | text:record:שמצוינים | text:record:מציינת | text:record:מופיעים | text:address:St | text:latin:HaBarzel | text:latin:St | text:latin:Tel | text:latin:Aviv-Yafo
b8d35e6b-4975-4351-8cdc-efb35b189595,אמריקן לייזר- תל אביב,תל אביב-יפו,live,no,no,yes,normal,text_rules,2026-10-04.8,rewrite,text:missing_info:במקורות | text:missing_info:שסופק | text:missing_info:אין מידע | text:missing_info:לא נמסר | text:missing_info:לפי הנתונים | text:missing_info:המידע הזמין | text:record:ברשומות | text:record:מצוין | text:record:מציין | text:record:נרשמה | text:record:ומופיע | text:address:St | text:wording:אשר | text:latin:Dizengoff | text:latin:St | text:spelling:ווטסאפ
4c6fbe8b-f945-4e62-8586-8c94d711366f,אנזו מד Anzo Med,תל אביב-יפו,live,no,no,yes,rich,text_rules,2026-10-04.8,rewrite,text:missing_info:במקורות | text:missing_info:לא פורסם | text:record:מציין | text:record:מופיעים | text:address:St | text:latin:HaSharon | text:latin:St | text:latin:Tel | text:latin:Aviv-Yafo | text:latin:RF | text:dash:–
e0e7c443-ee21-4be5-8bb3-2568adf37232,אתר דוקטור חן,תל אביב-יפו,live,no,no,yes,rich,text_rules,2026-10-04.8,rewrite,text:missing_info:במקורות | text:missing_info:לא פורסם | text:missing_info:לא נמסר | text:missing_info:בפרופיל העסק | text:record:הרשומות | text:record:המצוינות | text:record:מציינות | text:record:מופיע | text:address:St | text:latin:HaBarzel | text:latin:St
4d1dad4a-6df4-4298-848f-1f166188681f,בוטיק הקוסמטיקה של מרינה,גבעתיים,live,no,no,yes,rich,text_rules,2026-10-04.8,rewrite,text:missing_info:במקורות | text:missing_info:שסופק | text:missing_info:לא פורסמו | text:missing_info:לא פורסם | text:missing_info:אין פירוט | text:record:מצוין | text:record:מציין | text:record:נרשמה | text:record:אין פירוט
aaed9ee8-abef-4d3e-a74e-ce9c8611e658,בית ספר לעיצוב שיער - מוטיה רובין - MOTIE RUBIN,גבעתיים,live,no,no,yes,rich,text_rules,2026-10-04.8,rewrite,text:missing_info:במקורות | text:missing_info:לא צוינו | text:missing_info:לא פורסמו | text:missing_info:המידע הזמין | text:record:שמצוינים | text:record:מציין | text:record:שנרשמים | text:record:מופיעים | text:wording:כמו כן
48804575-e784-45c7-a79d-6c087329fe49,גיל דורמן - המרכז לטיפולי פיגמנטציה,תל אביב-יפו,live,no,no,yes,rich,text_rules,2026-10-04.8,rewrite,text:missing_info:במקורות | text:missing_info:לא פורסמו | text:missing_info:לא פורסם | text:missing_info:אין פירוט | text:missing_info:ללא פירוט | text:record:ברשומות | text:record:שמצוין | text:record:מציינות | text:record:מופיע | text:record:אין פירוט | text:dash:—
45e6545d-12da-4e23-a764-0ea9214e6744,"ד""ר אהרן עמיר -מומחה בינלאומי לכירורגיה פלסטית, אסתטית ומשחזרת",תל אביב-יפו,live,no,no,yes,sparse,text_rules,2026-10-04.8,rewrite,text:missing_info:במקורות | text:missing_info:שסופק | text:missing_info:לא צוינו | text:missing_info:לא פורסמו | text:missing_info:לא פורסם | text:record:ברשומה | text:record:המצוינת | text:record:מציינת | text:record:נרשמו | text:record:מופיע | text:latin:We
53c9fbe6-c038-45f0-a742-9c4aa40f82f6,"ד""ר אור פרידמן מומחה לכירורגיה פלסטית משחזרת ואסתטית",תל אביב-יפו,live,no,no,yes,rich,text_rules,2026-10-04.8,rewrite,text:missing_info:במקורות | text:missing_info:לא צוינו | text:missing_info:לא פורסם | text:missing_info:המידע הזמין | text:record:המצוינים | text:record:מציינת | text:record:נרשם | text:record:מופיעות | text:latin:Crisalix | text:spelling:המצויין | text:spelling:מצויין
89213fc9-41cb-45ef-8025-37c7f5d2506a,"ד""ר אידלמן יצחק רופא שיניים",תל אביב-יפו,live,no,no,yes,rich,text_rules,2026-10-04.8,rewrite,text:missing_info:במקורות | text:missing_info:שסופק | text:missing_info:לא פורסמו | text:record:ברשומות | text:record:מצוינת | text:record:מציין | text:record:מופיע | text:wording:כמו כן
23ca4a86-1c20-4b51-a8b6-30a5c76f4a95,"ד""ר אכי פרידמן",תל אביב-יפו,live,no,no,yes,rich,text_rules,2026-10-04.8,rewrite,text:missing_info:במקורות | text:missing_info:לא פורסמו | text:missing_info:לא פורסם | text:missing_info:המידע הזמין | text:record:רשומה | text:record:מציין | text:record:מופיעים | text:dash:—
a6205955-18a0-4099-8f66-79ef26092e33,"ד""ר אלון לירן - מנתח פלסטי בכיר | מומחה בכירורגיה פלסטית, אסתטית ומשחזרת",תל אביב-יפו,live,no,no,yes,normal,text_rules,2026-10-04.8,rewrite,text:missing_info:במקורות | text:missing_info:שסופק | text:missing_info:לא פורסמו | text:missing_info:לא נמסר | text:missing_info:לפי הנתונים | text:missing_info:בעמוד העסק | text:record:ברשומות | text:record:המצוינות | text:record:נרשמה | text:record:מופיע | text:wording:כמו כן
73dcc4d5-53ab-492c-847c-0c9ebe462c3d,"ד""ר דרור בן-שלמה רופא שיניים וטיפולים אסתטיים בתל אביב",תל אביב-יפו,live,no,no,yes,rich,text_rules,2026-10-04.8,rewrite,text:missing_info:במקורות | text:missing_info:לא צוינו | text:missing_info:לא פורסמו | text:record:רשומה | text:record:שמצוינים | text:record:מציינת | text:record:מופיע | text:address:St | text:wording:הינו | text:latin:Malkhi | text:latin:Yisrael | text:latin:St
92c6dd2a-714d-4328-8de6-46744895b9b9,"ד""ר זיידמן אלון יישור שיניים נסתר",תל אביב-יפו,live,no,no,yes,rich,text_rules,2026-10-04.8,rewrite,text:missing_info:במקורות | text:missing_info:לא צוינו | text:missing_info:לא פורסמו | text:missing_info:לא פורסם | text:missing_info:המידע הזמין | text:record:ברשומות | text:record:המצוינות | text:record:נרשמו | text:record:מופיעים | text:spelling:מצויין
459b4ea6-3f45-44f9-940a-ba6cef88b204,"ד""ר יאיר יוסף",תל אביב-יפו,live,no,no,yes,rich,text_rules,2026-10-04.8,rewrite,text:missing_info:במקורות | text:missing_info:שסופק | text:missing_info:לא פורסמו | text:missing_info:לא פורסם | text:record:ברשומות | text:record:המצוינת | text:record:מציינים | text:record:מופיעים | text:address:Rd | text:latin:Menakhem | text:latin:Begin | text:latin:Rd
26523da2-0961-4a0e-99f4-fc9a05babf96,"ד""ר יונתן ווגמן",תל אביב-יפו,live,no,no,yes,normal,text_rules,2026-10-04.8,rewrite,text:missing_info:לא פורסמו | text:record:ברשומות | text:record:המצוינות | text:record:מציינת | text:record:נרשמו | text:record:ומופיעה | text:address:St | text:latin:Kehilat | text:latin:Saloniki | text:latin:St
b88742b2-8f26-47aa-8d62-b36a6d1967e5,"ד""ר כריס השתלת שיער CHOIEXPERT",תל אביב-יפו,live,no,no,yes,rich,text_rules,2026-10-04.8,rewrite,text:missing_info:במקורות | text:missing_info:שסופק | text:missing_info:לא צוינו | text:missing_info:לא פורסמו | text:missing_info:לא פורסם | text:missing_info:לא ידוע | text:missing_info:המידע הזמין | text:record:ברשומות | text:record:מצוין | text:record:מציינת | text:record:מופיעות | text:wording:כמו כן
396b0f47-4c94-4e45-be30-8b32c5299ccb,"ד""ר ללוש - מדע מוכח ליופי שלך",רמת גן,live,no,no,yes,rich,text_rules,2026-10-04.8,rewrite,text:missing_info:במקורות | text:missing_info:לא פורסם | text:record:מציין | text:record:מופיעים | text:address:St | text:latin:Tfutsot | text:latin:Yisra'el | text:latin:St | text:latin:Giv'atayim | text:emoji:✨
1e8c108d-20ea-4043-bd39-5461c64f0c86,"ד""ר נועם חי | מנתח פלסטי בכיר בתל אביב",תל אביב-יפו,live,no,no,yes,rich,text_rules,2026-10-04.8,rewrite,text:missing_info:במקורות | text:missing_info:שסופק | text:missing_info:לא צוינו | text:missing_info:לא פורסמו | text:missing_info:לא פורסם | text:record:שמצוין | text:record:מציינת | text:record:מופיעות | text:latin:ISAPS | text:dash:— | text:spelling:המצויין | text:spelling:מצויין
fbd81ef3-7e3f-4513-ab19-a496a68e22fe,"ד""ר נמרוד פרידמן- ניתוחים פלסטיים וטיפולים אסתטיים",תל אביב-יפו,live,no,no,yes,sparse,text_rules,2026-10-04.8,rewrite,text:missing_info:במקורות | text:missing_info:במידע שנבדק | text:missing_info:לא פורסמו | text:missing_info:לא פורסם | text:missing_info:לא נמצאו | text:missing_info:המידע הזמין | text:missing_info:בפרופיל העסק | text:record:ברשומות | text:record:שמצוינים | text:record:מופיעה
8848c4aa-e0c4-43eb-b18a-ae99c2a356c4,"ד""ר עומר וולף - המרפאה הפרטית בע״מ",תל אביב-יפו,live,no,no,yes,normal,text_rules,2026-10-04.8,rewrite,text:missing_info:במקורות | text:missing_info:שסופק | text:missing_info:לא צוינו | text:missing_info:לא פורסמו | text:missing_info:לא פורסם | text:missing_info:אין פירוט | text:missing_info:המידע הזמין | text:record:מצוין | text:record:מציין | text:record:נרשמו | text:record:מופיע | text:record:אינם מפרטים | text:record:אין פירוט | text:address:St | text:latin:Anderson | text:latin:HaBarzel | text:latin:St | text:spelling:ווטסאפ
9de5fe8a-48df-47f1-9013-3c5653e3b84a,"ד""ר ערן חדד - מנתח פלסטי, מומחה לכירורגיה פלסטית - כירורג פלסטי",תל אביב-יפו,live,no,no,yes,rich,text_rules,2026-10-04.8,rewrite,text:missing_info:במקורות | text:missing_info:לא פורסם | text:missing_info:אין מידע | text:missing_info:המידע הזמין | text:record:המצוינת | text:record:מציין | text:record:מופיע
1078a5f6-3eea-4596-9f92-529340285f7f,"ד""ר צחי שלקוביץ' רופא עור",בני ברק,live,no,no,yes,rich,text_rules,2026-10-04.8,rewrite,text:missing_info:במקורות | text:missing_info:לא פורסמו | text:missing_info:המידע הזמין | text:missing_info:בעמוד זה | text:record:המצוינת | text:record:מופיעים | text:record:מתואר | text:latin:TOWER | text:dash:—
84b983eb-e26b-4cee-ac49-3db5cf30cf13,"ד""ר רון יהב - מרפאת אמייזינג סמייל, מרפאת שיניים בתל אביב",תל אביב-יפו,live,no,no,yes,rich,text_rules,2026-10-04.8,rewrite,text:missing_info:במקורות | text:missing_info:לא פורסמו | text:missing_info:לא פורסם | text:record:מופיעים | text:address:St | text:wording:הינו | text:latin:Moshe | text:latin:Sharet | text:latin:St | text:latin:Tel | text:latin:Aviv-Yafo
ce18701c-19d9-4b43-a72c-ec1d5a9b3002,"ד""ר תומר פרלוק",תל אביב-יפו,live,no,no,yes,sparse,text_rules,2026-10-04.8,rewrite,text:missing_info:במקורות | text:missing_info:לא צוינו | text:missing_info:לא פורסם | text:missing_info:לא נמסר | text:missing_info:אין פירוט | text:record:הרשומות | text:record:המצוינות | text:record:מציינות | text:record:שנרשם | text:record:שמופיע | text:record:אין פירוט | text:address:St | text:latin:Arazi | text:latin:St | text:spelling:המצויין | text:spelling:מצויין
b542c385-aad1-4b5d-94af-e485109d570f,דוקטור אילקר - מומחה עולמי להשתלות שיער,תל אביב-יפו,live,no,no,yes,normal,text_rules,2026-10-04.8,rewrite,text:missing_info:במקורות | text:missing_info:לא פורסמו | text:missing_info:לא פורסם | text:missing_info:לא נמצאו | text:missing_info:אין פירוט | text:missing_info:המידע הזמין | text:missing_info:בעמוד העסק | text:record:המצוינת | text:record:מציינות | text:record:מופיע | text:record:אינו מפרט | text:record:אין פירוט | text:spelling:מצויין
e7d42b0b-f6c3-4a29-a665-1be7b87c0432,דיוויס ואודי סלון ובית ספר לספרות,תל אביב-יפו,live,no,no,yes,normal,text_rules,2026-10-04.8,rewrite,text:missing_info:במקורות | text:missing_info:שסופק | text:missing_info:לא צוינו | text:missing_info:לא פורסם | text:missing_info:לפי הנתונים | text:missing_info:המידע הזמין | text:missing_info:בעמוד העסק | text:missing_info:בפרופיל העסק | text:record:ברשומות | text:record:המצוינות | text:record:מציין | text:record:נרשם | text:record:מופיעים
758de1cc-ed61-4ff7-97b1-0720b36184a0,"ד״ר אודי ארד, מומחה בניתוחים פלסטיים וטיפולים אסתטיים",תל אביב-יפו,live,no,no,yes,rich,text_rules,2026-10-04.8,rewrite,text:missing_info:במקורות | text:missing_info:לא צוין | text:missing_info:לא פורסמו | text:missing_info:אין פירוט | text:record:שמצוינת | text:record:מציינות | text:record:שמופיעים | text:record:אין פירוט | text:address:St | text:wording:כמו כן | text:latin:HaBarzel | text:latin:St | text:latin:Tel | text:latin:Aviv-Yafo | text:spelling:המצויין | text:spelling:מצויין
d28ebe09-451a-4ae9-ad6c-da08984ceae1,חד וחלק Pini Eliya,תל אביב-יפו,live,no,no,yes,normal,text_rules,2026-10-04.8,rewrite,text:missing_info:במקורות | text:missing_info:לא צוינו | text:missing_info:לא פורסם | text:record:מופיעה | text:record:שמתואר | text:address:St | text:latin:Shlomo | text:latin:Ibn | text:latin:Gabirol | text:latin:St | text:spelling:מצויין
e31afad1-b3c7-48b0-9817-b761d6e811ce,חיים קפלן,תל אביב-יפו,live,no,no,yes,sparse,text_rules,2026-10-04.8,rewrite,text:missing_info:במקורות | text:missing_info:לא צוינו | text:missing_info:לא פורסמו | text:missing_info:לא פורסם | text:missing_info:המידע הזמין | text:record:המצוינים | text:record:מציין | text:spelling:ווטסאפ
782d97ce-4746-42bd-bb43-19dab6e989aa,יופי קורן,חולון,live,no,no,yes,rich,text_rules,2026-10-04.8,rewrite,text:missing_info:במקורות | text:missing_info:לא צוינו | text:missing_info:לא צוין | text:missing_info:אין פירוט | text:missing_info:בפרופיל העסק | text:record:ברשומות | text:record:מצוין | text:record:מציין | text:record:שנרשם | text:record:מופיעה | text:record:המתוארת | text:record:אינו מפרט | text:record:אין פירוט | text:address:St | text:wording:כמו כן | text:latin:Sprinzak | text:latin:St | text:spelling:מצויין
3e581e2f-55ba-47f6-bbf3-9ab2cc8a9014,יורי סטייל,בת ים,live,no,no,yes,sparse,text_rules,2026-10-04.8,rewrite,text:missing_info:לא פורסמו | text:record:ברשומות | text:record:ומצוין | text:record:שמופיע | text:address:St | text:latin:Nitsana | text:latin:St
77692c6f-a6bd-4c13-b92b-c41dea986f6d,ירון אזולאי - עיצוב שיער,תל אביב-יפו,live,no,no,yes,sparse,text_rules,2026-10-04.8,rewrite,text:missing_info:במקורות | text:missing_info:שסופק | text:missing_info:לא פורסמו | text:missing_info:לא פורסם | text:missing_info:אין פירוט | text:record:הרשומה | text:record:המצוינות | text:record:מציין | text:record:נרשמו | text:record:מופיע | text:record:אין פירוט | text:address:St | text:latin:Brodetsky | text:latin:St
b34e54bc-33f3-4d27-8ae0-3ab122dc7895,"כירורגיה פלסטית ואסתטית | ד""ר אייל שפירא",תל אביב-יפו,live,no,no,yes,rich,text_rules,2026-10-04.8,rewrite,text:missing_info:במקורות | text:missing_info:במידע שנבדק | text:missing_info:שסופק | text:missing_info:לא צוינו | text:missing_info:לא פורסמו | text:missing_info:לא פורסם | text:record:המצוינת | text:record:מציינת | text:record:מופיעים | text:address:St | text:latin:HaBarzel | text:latin:St | text:spelling:מצויין
c2b50e3b-4b6e-4596-891f-0a0128237b55,כללית אסתטיקה - רמת אביב - תל אביב,תל אביב-יפו,live,no,no,yes,normal,text_rules,2026-10-04.8,rewrite,text:missing_info:במקורות | text:missing_info:לא פורסמו | text:missing_info:לא פורסם | text:missing_info:המידע הזמין | text:record:שמצוינת | text:record:מציין | text:record:שנרשמו | text:record:שמופיעה | text:record:לא מפורטים | text:wording:כמו כן | text:latin:Brazil | text:spelling:ווטסאפ
32848e81-f29f-44fa-be10-d330b2cdbda1,ליהיא וקנין - מומחית בעיצוב גבות ושיטת ספריי פודרה,חולון,live,no,no,yes,normal,text_rules,2026-10-04.8,rewrite,text:missing_info:במקורות | text:missing_info:לא צוינו | text:missing_info:לא פורסמו | text:missing_info:לא פורסם | text:missing_info:אין מידע | text:missing_info:אין פירוט | text:missing_info:ללא פירוט | text:missing_info:המידע הזמין | text:record:ברשומות | text:record:המצוינות | text:record:מציין | text:record:נרשמה | text:record:ומופיע | text:record:שמתואר | text:record:אין פירוט
75fb76c5-de75-45f0-af66-85d6fb7a8834,"לימור שמואל קוסמטיקאית,פדיקור,מניקור ג׳ל, ליזר ,שעוות ,אפילציה",תל אביב-יפו,live,no,no,yes,normal,text_rules,2026-10-04.8,rewrite,text:latin:IPL
0937894d-8c96-4c8a-9578-98a967e39211,לירז קוסמטיקה | הסרת שיער בלייזר וטיפולי פנים,גבעתיים,live,no,no,yes,rich,text_rules,2026-10-04.8,rewrite,text:missing_info:במקורות | text:missing_info:לא פורסמו | text:missing_info:לא פורסם | text:missing_info:לא נמסר | text:missing_info:לא זמין | text:record:ברשומות | text:record:מצוין | text:record:נרשמו | text:record:ומופיעה | text:spelling:ווטסאפ
2ea2ab17-1678-4a57-b255-4c4fb620740c,"מאי לי ביוטי - הדגשת תווי פנים: מיקרובליידינג, היפראליזם, מיקרושיידינג, הדגשת שפתיים, אייליינר, הסרת איפור קבוע בלייזר",תל אביב-יפו,live,no,no,yes,rich,text_rules,2026-10-04.8,rewrite,text:missing_info:במקורות | text:missing_info:לא פורסם | text:missing_info:המידע הזמין | text:record:המצוינת | text:record:מציין | text:record:מופיע | text:record:אינו מפרט
6276b316-e855-4071-bc62-76b30546fcbc,מושלמת האוס אוף ביוטי,תל אביב-יפו,live,no,no,yes,rich,text_rules,2026-10-04.8,rewrite,text:missing_info:במקורות | text:missing_info:שסופק | text:missing_info:לא פורסמו | text:missing_info:המידע הזמין | text:record:מצוין | text:record:מציין | text:record:מופיעים | text:address:St | text:latin:HaHashmonaim | text:latin:St | text:latin:gel | text:spelling:מצויין
30c39ad7-486e-4c94-9df4-c7c02f154bc9,מכבי אסתטיקה - סניף תל אביב,תל אביב-יפו,live,no,no,yes,normal,text_rules,2026-10-04.8,rewrite,text:missing_info:במקורות | text:missing_info:לא צוינו | text:missing_info:לא פורסמו | text:record:הרשומה | text:record:מצוין | text:record:שמציין | text:record:נרשמים | text:record:ומופיע | text:record:אינו מפרט | text:latin:PLAY
8af31e3c-a298-4d41-933f-50031782d817,מסודרות,תל אביב-יפו,live,no,no,yes,rich,text_rules,2026-10-04.8,rewrite,text:missing_info:במקורות | text:missing_info:לא צוינו | text:missing_info:לא פורסמו | text:missing_info:לא פורסם | text:missing_info:המידע הזמין | text:record:נרשמים | text:record:שמופיע | text:wording:כמו כן | text:latin:on | text:latin:request | text:spelling:מצויין
e29365c5-d113-429a-9a6f-a7469293eb5d,"מספרה Barak Shoshan Hair Design-Keratin,Japanese Treatment",תל אביב-יפו,live,no,no,yes,normal,text_rules,2026-10-04.8,rewrite,text:latin:Design
e2015e53-cb22-4eba-b819-7efea95d1963,מרכז כירורגי שוורץ - ארד,תל אביב-יפו,live,no,no,yes,rich,text_rules,2026-10-04.8,rewrite,text:missing_info:במקורות | text:missing_info:לא פורסמו | text:missing_info:לא פורסם | text:record:הרשומות | text:record:המצוינות | text:record:מציין | text:record:שנרשם | text:record:שמופיע
e54fa942-5742-4408-8cad-cc2019be3403,"מרפאת השיניים והאסטתיקה של ד""ר צבי אבירם",תל אביב-יפו,live,no,no,yes,rich,text_rules,2026-10-04.8,rewrite,text:missing_info:במידע שנבדק | text:missing_info:לא צוינו | text:record:המצוינים | text:record:מציינת | text:record:מופיעים | text:record:המתוארות
83773757-43ad-4a1a-8a32-4838b8ffe3be,מרפאת שיניים אורן באר שבע,רמת גן,live,no,no,yes,rich,text_rules,2026-10-04.8,rewrite,text:missing_info:במקורות | text:missing_info:לא פורסמו | text:missing_info:לא נמצאו | text:missing_info:המידע הזמין | text:record:המצוינת | text:record:מציינות | text:record:מופיע | text:latin:Bialik | text:latin:Mall | text:latin:Ramat | text:latin:Gan | text:spelling:מצויין
4fa1f819-6541-45c9-b1d4-0ae3aa4104bd,סלון יפו jaffa salon,תל אביב-יפו,live,no,no,yes,sparse,text_rules,2026-10-04.8,rewrite,text:missing_info:במקורות | text:missing_info:לא צוין | text:missing_info:לא פורסמו | text:missing_info:לא פורסם | text:missing_info:אין מידע | text:missing_info:אין פירוט | text:record:ברשומה | text:record:המצוינת | text:record:מציינות | text:record:מופיע | text:record:אין פירוט
15759f8a-3002-4f1d-9b88-e918ff89eb3f,סנס Sense,תל אביב-יפו,live,no,no,yes,normal,text_rules,2026-10-04.8,rewrite,text:latin:Kerastase | text:latin:IPL
3523186e-4a4a-4061-b4a4-9037c32a929e,פאות קאסטם - אתי שוקרון פאות יוקרה,בני ברק,live,no,no,yes,sparse,text_rules,2026-10-04.8,rewrite,text:missing_info:במקורות | text:missing_info:שסופק | text:missing_info:לא פורסמו | text:missing_info:לא פורסם | text:missing_info:אין מידע | text:missing_info:לא נמסר | text:missing_info:אין פירוט | text:missing_info:המידע הזמין | text:record:שמצוינות | text:record:מציינות | text:record:שמופיעה | text:record:אין פירוט | text:address:St | text:latin:Ya'akov | text:latin:Rosenheim | text:latin:St | text:latin:Bnei | text:latin:Brak
22574d12-60c6-4a7d-8a02-e1f7da2b9c36,קליניקה כרמל - טיפול בפטרת ציפורניים בתל אביב,תל אביב-יפו,live,no,no,yes,rich,text_rules,2026-10-04.8,rewrite,text:missing_info:במקורות | text:missing_info:לא צוינו | text:missing_info:לא פורסם | text:record:הרשומה | text:record:המצוינים | text:record:ומציינת | text:record:שנרשם | text:record:מופיעים | text:address:St | text:latin:HaMasger | text:latin:St
7ebda09d-9c17-40d7-8f6e-aa8337cc0d6a,קראוס קליניק - Krauss Clinic - ד״ר עומרי קראוס,תל אביב-יפו,live,no,no,yes,normal,text_rules,2026-10-04.8,rewrite,text:missing_info:במקורות | text:missing_info:לא נמצאו | text:missing_info:המידע הזמין | text:record:מצוין | text:record:ומציינת | text:record:שנרשם | text:record:מופיעים | text:record:אינו מפרט | text:address:Sderot | text:latin:Sderot | text:latin:Sha'ul | text:latin:HaMelech | text:latin:St | text:spelling:ווטסאפ
46e3c405-f43f-4c54-8e69-3405d446ad25,קרנית מלמד - המרכז לטיפולי קוסמטיקה רפואית,תל אביב-יפו,live,no,no,yes,rich,text_rules,2026-10-04.8,rewrite,text:missing_info:במקורות | text:missing_info:לא פורסמו | text:missing_info:לא פורסם | text:record:מציין | text:record:מופיעים | text:address:St | text:wording:הינו | text:wording:אשר | text:latin:Mapu | text:latin:St | text:latin:Tel | text:latin:Aviv-Yafo
2061ad51-e86d-40ca-b4ee-a0e8557cf719,רבקה זיידה - המרכז לטיפול באקנה ופוסט אקנה,בני ברק,live,no,no,yes,rich,text_rules,2026-10-04.8,rewrite,text:missing_info:במקורות | text:missing_info:לא פורסמו | text:missing_info:לא פורסם | text:missing_info:אין מידע | text:missing_info:בפרופיל העסק | text:record:ברשומה | text:record:המצוינת | text:record:מציינות | text:record:מופיעים | text:spelling:ווטסאפ
2b6edc19-53a1-4177-af5f-f621c4fd05a3,"רופא שיניים בתל אביב - מרפאת לובנדנט בע""מ",תל אביב-יפו,live,no,no,yes,normal,text_rules,2026-10-04.8,rewrite,text:missing_info:במקורות | text:missing_info:לא צוינו | text:missing_info:לא פורסמו | text:missing_info:המידע הזמין | text:record:שמצוין | text:record:ומציינת | text:record:ונרשמה
31cd10f7-8728-4caf-b8d5-a52fafdfb6bf,רעות ששון – עיצוב גבות ואיפור קבוע בצפון תל אביב,תל אביב-יפו,live,no,no,yes,rich,text_rules,2026-10-04.8,rewrite,text:missing_info:במקורות | text:missing_info:לא צוינו | text:missing_info:לא צוין | text:missing_info:אין פירוט | text:missing_info:בכרטיס העסק | text:record:רשומה | text:record:שמצוין | text:record:מציין | text:record:מופיע | text:record:מתוארות | text:record:אין פירוט | text:address:St | text:latin:PMU | text:latin:Refidim | text:latin:St | text:latin:Tel | text:latin:Aviv | text:latin:Yafo
a8b1cf9c-72c8-42a2-bdbf-3a8d979b5cc8,שרי ארז - מרכז לאסתטיקה טכנולוגית וקוסמטיקה רפואית,גבעתיים,live,no,no,yes,normal,text_rules,2026-10-04.8,rewrite,text:missing_info:במקורות | text:missing_info:שסופק | text:missing_info:לא פורסמו | text:missing_info:לא פורסם | text:missing_info:המידע הזמין | text:record:המצוינים | text:record:מציין | text:record:מופיעים | text:record:מתוארת | text:address:St | text:latin:Rambam | text:latin:St | text:dash:–
4d762de1-9a81-4671-bffb-f9b1967c5ca4,ALMA Wellness & Beauty || עלמה טיפוח ויופי,ירושלים,live,no,no,yes,normal,text_rules,2026-10-04.8,rewrite,text:missing_info:במקורות | text:missing_info:לא צוינו | text:missing_info:לא פורסמו | text:missing_info:בעמוד העסק | text:record:המצוינת | text:record:ומציינות | text:record:מופיע | text:record:מתוארת | text:address:St | text:latin:Ben | text:latin:Yehuda | text:latin:St
02d62cb7-94dd-4d51-96fa-b10683da910d,Dalia Institute of Cosmetic,מבשרת ציון,live,no,no,yes,normal,text_rules,2026-10-04.8,rewrite,text:missing_info:במקורות | text:missing_info:שסופק | text:missing_info:לא צוינו | text:missing_info:לא פורסמו | text:missing_info:לא נמסר | text:record:ברשומות | text:record:המצוינים | text:record:מציינות | text:record:שנרשם | text:record:מופיעים | text:spelling:המצויין | text:spelling:מצויין
596e300c-d01d-4ec8-891d-0e6ee56e46eb,Dr Haim Aseriel Dentist,ירושלים,live,no,no,yes,normal,text_rules,2026-10-04.8,rewrite,text:latin:Invisalign
0081ebe3-6c63-42d6-9bb1-44546565dbd7,Dr. Allan Schuman - ד״ר אלן שומן,ירושלים,live,no,no,yes,sparse,text_rules,2026-10-04.8,rewrite,text:missing_info:במקורות | text:missing_info:שסופק | text:missing_info:לא פורסמו | text:missing_info:לא פורסם | text:missing_info:לא נמסר | text:missing_info:אין פירוט | text:missing_info:המידע הזמין | text:missing_info:בפרופיל העסק | text:record:הרשומות | text:record:מצוינים | text:record:מציינים | text:record:נרשם | text:record:מופיע | text:record:אין פירוט | text:address:St | text:latin:Beitar | text:latin:St
fcbfeb13-07c9-4caa-9632-ea516328bb2a,Glamour Nails,ירושלים,live,no,no,yes,normal,text_rules,2026-10-04.8,rewrite,text:missing_info:במקורות | text:missing_info:לא צוינו | text:missing_info:לא פורסם | text:missing_info:אין פירוט | text:record:שמצוינים | text:record:מציינים | text:record:מופיע | text:record:מתואר | text:record:אין פירוט | text:address:St | text:latin:Jaffa | text:latin:St
15de9f04-c4c7-4a48-ad01-541a7f5dd105,Jerusalem Dental - Dr. Simone Landau,ירושלים,live,no,no,yes,rich,text_rules,2026-10-04.8,rewrite,text:missing_info:במקורות | text:missing_info:שסופק | text:missing_info:לא פורסמו | text:missing_info:אין פירוט | text:record:הרשומה | text:record:מצוין | text:record:שמציינת | text:record:שמופיע | text:record:אין פירוט | text:record:לא מפורטים | text:address:St | text:latin:Hatnufa | text:latin:Complex | text:latin:HaTnufa | text:latin:St | text:latin:Building | text:latin:Floor | text:latin:OMFS | text:spelling:ווטסאפ
99be92e1-f902-41cd-b4d3-95c3d2ce7898,Ka,ירושלים,live,no,no,yes,sparse,text_rules,2026-10-04.8,rewrite,text:missing_info:במקורות | text:missing_info:שסופק | text:missing_info:לא צוינו | text:missing_info:לא פורסמו | text:missing_info:לא פורסם | text:missing_info:אין מידע | text:missing_info:תיאור זה | text:missing_info:בתיאור זה | text:record:המצוינת | text:record:מופיע | text:address:St | text:wording:כמו כן | text:latin:Jaffa | text:latin:St | text:latin:Jerusalem | text:spelling:המצויין | text:spelling:מצויין
072f388b-5963-475d-81a8-84a16af93b09,Koby atar,ירושלים,live,no,no,yes,rich,text_rules,2026-10-04.8,rewrite,text:missing_info:במקורות | text:missing_info:שסופק | text:missing_info:לא צוינו | text:missing_info:לא פורסמו | text:missing_info:אין פירוט | text:missing_info:המידע הזמין | text:record:שמצוין | text:record:מציין | text:record:נרשמו | text:record:מופיעים | text:record:אין פירוט | text:address:St | text:latin:Jaffa | text:latin:St | text:latin:Jerusalem
f33c1153-74cc-4454-aea5-8555e3d80b24,"Kurer Jackson Dental Office, Jerusalem",ירושלים,live,no,no,yes,rich,text_rules,2026-10-04.8,rewrite,text:missing_info:במקורות | text:missing_info:המידע הזמין | text:record:המצוינים | text:record:מופיע | text:record:המתוארת | text:address:St | text:latin:Keren | text:latin:HaYesod | text:latin:St
fcb84cf4-de63-4581-9fe5-0e85b1587100,MAC Cosmetics Mamila,ירושלים,live,no,no,yes,normal,text_rules,2026-10-04.8,rewrite,text:missing_info:במקורות | text:missing_info:לא צוינו | text:missing_info:לא פורסמו | text:missing_info:לא פורסם | text:missing_info:לא נמסר | text:record:ברשומות | text:record:מצוין | text:record:שנרשמו | text:record:מופיע | text:record:לא מפורט | text:address:Rd | text:latin:Mamilla | text:latin:Rd
c577dbf3-a093-442b-9acd-f76012d1353f,Rami Hair,ירושלים,live,no,no,yes,normal,text_rules,2026-10-04.8,rewrite,text:missing_info:במקורות | text:missing_info:לא פורסמו | text:record:ברשומות | text:record:המצוינת | text:record:מציינת | text:record:נרשמו | text:record:מופיעה | text:address:St | text:latin:Jaffa | text:latin:St | text:latin:Jerusalem | text:spelling:המצויין | text:spelling:מצויין
f730b96e-178c-4549-86e7-206a0998dc12,Revistyle,ירושלים,live,no,no,yes,normal,text_rules,2026-10-04.8,rewrite,text:missing_info:במקורות | text:missing_info:במידע שנבדק | text:missing_info:שסופק | text:missing_info:לא פורסמו | text:missing_info:לא פורסם | text:missing_info:לא נמצאו | text:missing_info:אין מידע | text:missing_info:הפרופיל כולל | text:missing_info:לא נמסר | text:missing_info:בפרופיל העסק | text:record:מצוין | text:record:ומופיע | text:address:St | text:latin:Yosef | text:latin:Khakhami | text:latin:St | text:latin:Jerusalem
b0263255-6264-4159-bd26-0756ec6aeffe,Sagit's Place,ירושלים,live,no,no,yes,sparse,text_rules,2026-10-04.8,rewrite,text:missing_info:במקורות | text:missing_info:שסופק | text:missing_info:לא צוין | text:missing_info:לא פורסמו | text:missing_info:לא פורסם | text:missing_info:בעמוד העסק | text:record:הרשומה | text:record:מצוין | text:record:מופיעה
00e475b3-1256-4719-9452-609212b20416,Sharon Cosmetics,ירושלים,live,no,no,yes,normal,text_rules,2026-10-04.8,rewrite,text:missing_info:במקורות | text:missing_info:לא פורסמו | text:missing_info:לא פורסם | text:record:ברשומות | text:record:המצוינת | text:record:מופיעים | text:address:Rd | text:latin:Hebron | text:latin:Rd | text:latin:Jerusalem | text:dash:—
e8e9fa1b-b279-4e8d-b990-f14eb6e652fd,Spa Barak,ירושלים,live,no,no,yes,normal,text_rules,2026-10-04.8,rewrite,text:missing_info:במקורות | text:missing_info:שסופק | text:missing_info:לא צוינו | text:missing_info:לא פורסמו | text:missing_info:לא פורסם | text:missing_info:אין מידע | text:missing_info:אין פירוט | text:missing_info:ללא פירוט | text:record:ברשומות | text:record:המצוינים | text:record:מציין | text:record:שנרשם | text:record:מופיעות | text:record:מתוארים | text:record:ואין פירוט | text:wording:כמו כן | text:dash:—
25f4f69f-6b66-4a0e-afdf-0e1d32c29658,Sreter Clinic | מרפאת שיניים בירושלים | מומחה לשיקום הפה והשתלות שיניים,ירושלים,live,no,no,yes,normal,text_rules,2026-10-04.8,rewrite,text:missing_info:במקורות | text:missing_info:לא פורסם | text:missing_info:לא נמצאו | text:missing_info:לפי הנתונים | text:record:ברשומות | text:record:מצוין | text:record:מציין | text:record:שנרשמו | text:record:מופיעה
92d830a4-48d1-46da-bce9-d5f4fe286362,Topnail,ירושלים,live,no,no,yes,sparse,text_rules,2026-10-04.8,rewrite,text:missing_info:במקורות | text:missing_info:לא צוינו | text:missing_info:לא פורסמו | text:missing_info:לא פורסם | text:missing_info:אין מידע | text:record:מציין | text:record:נרשמו | text:record:מופיע | text:address:St | text:latin:Bnei | text:latin:Betera | text:latin:St | text:latin:Jerusalem
2628b9a6-1493-4982-a96b-f4d70d449fcd,אורן הספר,ירושלים,live,no,no,yes,normal,text_rules,2026-10-04.8,rewrite,text:missing_info:במקורות | text:missing_info:לא פורסמו | text:missing_info:המידע הזמין | text:record:ברשומות | text:record:המצוינת | text:record:שנרשמו | text:record:מופיע
fe77c04e-6394-4827-888f-b6aeeb0e84bf,אתי פרץ הסרת שיער בלייזר/ טיפול בפטרת ציפורניים / מחלות עור,ירושלים,live,no,no,yes,normal,text_rules,2026-10-04.8,rewrite,text:missing_info:במקורות | text:missing_info:לא פורסמו | text:missing_info:לא פורסם | text:record:שמצוין | text:record:מציין | text:record:מופיעים | text:address:St | text:wording:כמו כן | text:latin:Sol | text:latin:Lipchin | text:latin:St | text:spelling:ווטסאפ
fa3023d8-4356-4fbe-af48-e30868fd1ce9,בר מדיקל קליניקה לייזר,ירושלים,live,no,no,yes,rich,text_rules,2026-10-04.8,rewrite,text:missing_info:במקורות | text:missing_info:לא פורסמו | text:missing_info:אין מידע | text:missing_info:הפרופיל כולל | text:missing_info:המידע הזמין | text:record:ברשומה | text:record:מצוינים | text:record:מציינת | text:record:מופיעות | text:address:St | text:wording:כמו כן | text:latin:Yad | text:latin:Harutsim | text:latin:St | text:latin:Jerusalem
842b18c3-aa66-49ab-b837-06be169ee6a2,"ד""ר הלל ברוך - רופא שיניים בירושלים | מומחה בשיקום הפה | השתלות שיניים | ציפוי שיניים",ירושלים,live,no,no,yes,normal,text_rules,2026-10-04.8,rewrite,text:missing_info:במקורות | text:missing_info:לא פורסמו | text:missing_info:אין מידע | text:record:המצוינות | text:record:מציינת | text:record:נרשמה | text:record:לא מפורט | text:spelling:המצויין | text:spelling:מצויין
16989dc3-e8e7-4d1c-a47a-915334f9d54f,"ד""ר צחי שטרק - מרפאת שיניים בירושלים",ירושלים,live,no,no,yes,normal,text_rules,2026-10-04.8,rewrite,text:missing_info:במקורות | text:missing_info:שסופק | text:missing_info:לא פורסמו | text:missing_info:לא פורסם | text:record:מצוין | text:record:מציין | text:record:שמופיע | text:record:מתואר
29eb68dd-175a-4bd6-b5e8-1d415c5d32d1,טיפולי פנים ועיסויים בירושלים - ספא תמר,ירושלים,live,no,no,yes,sparse,text_rules,2026-10-04.8,rewrite,text:missing_info:במקורות | text:missing_info:לא צוינו | text:missing_info:לא פורסמו | text:missing_info:לא פורסם | text:missing_info:ללא פירוט | text:missing_info:המידע הזמין | text:record:הרשומה | text:record:שמצוינים | text:record:שנרשמו | text:record:מופיע | text:address:St | text:latin:Keren | text:latin:HaYesod | text:latin:St | text:latin:Jerusalem
7230e850-bb77-4681-8db3-ffd47d85a398,יואל צרפתי סניף מבשרת ציון,מבשרת ציון,live,no,no,yes,normal,text_rules,2026-10-04.8,rewrite,text:missing_info:במקורות | text:missing_info:לא פורסמו | text:missing_info:לא פורסם | text:record:מציין | text:record:מופיעים | text:address:St | text:latin:Ha-Zamir | text:latin:St | text:latin:Mevaseret | text:latin:Zion | text:latin:philip | text:latin:martins
93990464-2803-4326-a2bb-0d46526ccfda,מאק מלחה ירושלים,ירושלים,live,no,no,yes,normal,text_rules,2026-10-04.8,rewrite,text:missing_info:במקורות | text:missing_info:שסופק | text:missing_info:לא צוינו | text:missing_info:לא פורסמו | text:missing_info:לא פורסם | text:record:מצוין | text:record:מציינים | text:record:נרשמה | text:address:St | text:latin:MAC | text:latin:Malcha | text:latin:Shopping | text:latin:Mall | text:latin:Agudat | text:latin:St | text:latin:Jerusalem
7a8f02e4-85f2-4b41-88a9-f460590fa13e,מוטי מספרה,ירושלים,live,no,no,yes,rich,text_rules,2026-10-04.8,rewrite,text:missing_info:במקורות | text:missing_info:לא צוין | text:record:ברשומות | text:record:ומצוינת | text:record:שנרשמו | text:record:מופיעים | text:spelling:מצויין
e06daae3-5c72-427a-9d21-b9917f05b480,מספרה - אנה עיצוב שיער | парикмахерский салон - Анна дизайнер волос,ירושלים,live,no,no,yes,normal,text_rules,2026-10-04.8,rewrite,text:missing_info:במקורות | text:missing_info:לא פורסמו | text:missing_info:לא פורסם | text:missing_info:לא ידוע | text:missing_info:אין פירוט | text:record:הרשומה | text:record:מצוין | text:record:ומציין | text:record:נרשם | text:record:מופיעות | text:record:מתואר | text:record:אין פירוט | text:address:St | text:wording:במידה ו | text:wording:כמו כן | text:latin:Yitskhak | text:latin:Tunik | text:latin:St | text:spelling:מצויין
bc94376e-35f3-4623-b660-b8e79b57d33a,"מספרה, עיצוב שיער ומכון יופי ""גזום"" ""Hair style & beauty salon ""Gazoom",ירושלים,live,no,no,yes,normal,text_rules,2026-10-04.8,rewrite,text:missing_info:במקורות | text:missing_info:שסופק | text:missing_info:לא פורסמו | text:missing_info:לא פורסם | text:missing_info:בעמוד העסק | text:record:ברשומה | text:record:ומציינת | text:record:מופיע
8e6eff31-276a-4d9a-942b-f3b7479562d2,מרפאת שיניים בירושלים ד''ר סטלה הייזלר - שיקום הפה | ציפוי שיניים | השתלות שיניים ושתלים דנטליים,ירושלים,live,no,no,yes,rich,text_rules,2026-10-04.8,rewrite,text:missing_info:במקורות | text:missing_info:לא פורסמו | text:missing_info:לא פורסם | text:record:המצוינים | text:record:נרשמים | text:record:מופיעים | text:address:St | text:wording:כמו כן | text:latin:HaTnufa | text:latin:St
c68541b2-741c-41d7-b6df-8930807aeded,נייל בר מכון יופי • קניון הראל מבשרת ציון,מבשרת ציון,live,no,no,yes,normal,text_rules,2026-10-04.8,rewrite,text:missing_info:במקורות | text:missing_info:לא פורסמו | text:missing_info:לא פורסם | text:missing_info:אין מידע | text:record:מצוין | text:record:מציין | text:record:שנרשם | text:record:מופיעות | text:record:המתוארת | text:latin:предлагает
93d21a92-49c4-43b6-bb70-afca304f5a68,ספארקל,ירושלים,live,no,no,yes,sparse,text_rules,2026-10-04.8,rewrite,text:missing_info:במקורות | text:missing_info:לא פורסמו | text:missing_info:אין מידע | text:missing_info:בפרופיל העסק | text:record:מופיע
085b6a39-9a43-414f-ba1c-aaa22eb6e63c,פרסי קוסמטיקה - ירושלים,ירושלים,live,no,no,yes,rich,text_rules,2026-10-04.8,rewrite,text:missing_info:במקורות | text:missing_info:לא צוינו | text:missing_info:לא פורסמו | text:missing_info:לא פורסם | text:record:רשומות | text:record:מצוין | text:record:מציינת | text:record:נרשמו | text:record:מתוארת | text:wording:כמו כן | text:dash:—
7898a0cc-0647-42f0-a31f-337f1c2d57cc,קוסמטיקאית קלינית בירושלים | אליס המרכז לטיפולים קוסמטיים,ירושלים,live,no,no,yes,rich,text_rules,2026-10-04.8,rewrite,text:missing_info:במקורות | text:missing_info:לא פורסמו | text:missing_info:לא פורסם | text:missing_info:אין פירוט | text:record:הרשומה | text:record:המצוינת | text:record:מציינת | text:record:שנרשמה | text:record:מופיע | text:record:אין פירוט | text:address:St | text:latin:Yehoshua | text:latin:Bitsur | text:latin:St
30b9e9c0-c0c5-4a53-b2a6-a31bf6309dcf,רבקי בלאו קוסמטיקה Rivky Blau,ירושלים,live,no,no,yes,rich,text_rules,2026-10-04.8,rewrite,text:missing_info:במקורות | text:missing_info:שסופק | text:missing_info:לא צוינו | text:missing_info:לא פורסמו | text:missing_info:לא פורסם | text:missing_info:אין פירוט | text:record:ברשומות | text:record:מצוין | text:record:מציין | text:record:נרשמו | text:record:מופיע | text:record:אין פירוט | text:spelling:מצויין
8afa9d11-2f8d-47a5-884d-839edb6be5bc,Hamam Spa Raphael,רחובות,live,no,no,yes,normal,text_rules,2026-10-04.8,rewrite,text:missing_info:במקורות | text:missing_info:לא צוינו | text:missing_info:לא פורסמו
44571512-39d9-432f-b704-052de5f583ad,Ilana Nails - ציפורניים לק ג׳ל,רחובות,live,no,no,yes,normal,text_rules,2026-10-04.8,rewrite,text:missing_info:במקורות | text:missing_info:שסופק | text:missing_info:לא צוינו | text:missing_info:לא פורסמו | text:missing_info:המידע הזמין | text:record:ברשומות | text:record:שנרשם | text:record:מופיעים | text:address:St | text:latin:Ben | text:latin:Tsiyon | text:latin:Fogel | text:latin:St | text:spelling:מצויין | text:spelling:ווטסאפ
79a3e972-7790-409b-b609-74c024ac2458,L.A Aesthetics - קליניקה מתקדמת לרפואה אסתטית ד״ר עמית ליבוביץ׳,נס ציונה,live,no,no,yes,rich,text_rules,2026-10-04.8,rewrite,text:missing_info:במקורות | text:missing_info:לא פורסמו | text:record:המצוינים | text:record:מופיע | text:record:מתואר
0cf10daa-6231-4464-af2f-0c9dad0bdec7,Limor Cosmetics,רחובות,live,no,no,yes,rich,text_rules,2026-10-04.8,rewrite,text:record:מצוינים | text:record:מציינת | text:record:מופיעות
3e75a41a-03f3-4d98-8a56-21a89a4c7225,Liv Beauty Academy,רחובות,live,no,no,yes,normal,text_rules,2026-10-04.8,rewrite,text:missing_info:במקורות | text:missing_info:לא פורסמו | text:missing_info:אין מידע | text:missing_info:אין פירוט | text:missing_info:לפי הנתונים | text:missing_info:המידע הזמין | text:record:מצוין | text:record:מציינים | text:record:נרשמה | text:record:שמופיע | text:record:אין פירוט | text:address:St | text:latin:Herzl | text:latin:St | text:spelling:מצויין
9814d9be-8073-4222-a5c2-2482f08a1d3a,NK Beauty Lounge,רחובות,live,no,no,yes,normal,text_rules,2026-10-04.8,rewrite,text:latin:Hydrafacial
967798ad-a15f-4fa3-903a-791e623c5993,Smile Center Dental Clinic Dr. David Attia,רחובות,live,no,no,yes,rich,text_rules,2026-10-04.8,rewrite,text:missing_info:במקורות | text:missing_info:לא צוין | text:missing_info:לא פורסם | text:record:שמצוינים | text:record:מציין | text:record:שנרשם | text:record:מופיעים | text:record:שמתואר | text:record:לא מפורטים
1fb9c05f-5135-47f9-99d7-f7be941bdb74,Stella Beauty,רחובות,live,no,no,yes,rich,text_rules,2026-10-04.8,rewrite,text:missing_info:במקורות | text:missing_info:לא פורסמו | text:missing_info:לא פורסם | text:missing_info:לא נמסר | text:record:ברשומות | text:record:מציינת | text:record:מופיעה
d95544c9-60e5-45b2-bdac-06abd65ffea8,"Svetlana Iskhakov - סלון יופי, קוסמטיקה וטיפולים משלימים",רחובות,live,no,no,yes,rich,text_rules,2026-10-04.8,rewrite,text:missing_info:במקורות | text:missing_info:לא צוינו | text:missing_info:לא פורסמו | text:missing_info:לא פורסם | text:record:מצוין | text:record:מציינים | text:record:ונרשם | text:record:שמופיעים | text:record:מתוארת | text:wording:כמו כן | text:latin:vacuum | text:latin:RF | text:latin:IPL | text:dash:— | text:spelling:מצויין
e3743894-d945-47aa-8be5-e1b6794064b7,abiglam,רחובות,live,no,no,yes,rich,text_rules,2026-10-04.8,rewrite,text:missing_info:במקורות | text:missing_info:שסופק | text:missing_info:לא צוינו | text:missing_info:הפרופיל כולל | text:missing_info:לא נמסר | text:missing_info:אין פירוט | text:missing_info:לא זמין | text:record:רשומות | text:record:מצוין | text:record:מציינים | text:record:מופיעים | text:record:אין פירוט | text:address:St | text:wording:כמו כן | text:latin:Moti | text:latin:Kind | text:latin:St | text:latin:bookingOnline | text:spelling:ווטסאפ
2800d02f-40a7-47ab-8cfa-486fbe2e5775,sk קוסמטיקה מתקדמת ופדיקור רפואי,רחובות,live,no,no,yes,rich,text_rules,2026-10-04.8,rewrite,text:missing_info:במקורות | text:missing_info:שסופק | text:missing_info:לא צוינו | text:missing_info:לא פורסמו | text:record:הרשומה | text:record:המצוינות | text:record:שנרשמו | text:record:מופיעים | text:record:מתוארים | text:address:St | text:latin:Aharon | text:latin:Eisenberg | text:latin:St | text:latin:Rehovot | text:latin:premises
a2d77ce0-e0e7-4ee9-9bc7-4f1c6cc51dc6,איילת שבתאי מאפרת ומסרקת כלות וערב,רחובות,live,no,no,yes,normal,text_rules,2026-10-04.8,rewrite,text:missing_info:במקורות | text:missing_info:שסופק | text:missing_info:לא פורסמו | text:missing_info:לא פורסם | text:record:המצוינים | text:record:נרשמה | text:record:מופיע | text:address:Derekh | text:wording:כמו כן | text:latin:Derekh | text:latin:Yavne | text:spelling:מצויין
de2484af-3b05-444a-8ab2-0bb0c9890d1b,איפור קבוע לימור לוין,רחובות,live,no,no,yes,normal,text_rules,2026-10-04.8,rewrite,text:missing_info:במקורות | text:missing_info:לא פורסמו | text:missing_info:בעמוד העסק | text:missing_info:בפרופיל העסק | text:record:המצוינות | text:record:מציינים | text:record:מופיעים
a744997d-ef19-4d22-94ae-59f854aa8e2c,איריס פרחן - איריס ניילס - לק ג'ל ונליסה ריו קויו Iris Nails | VENALISA KOYO RIO,רחובות,live,no,no,yes,rich,text_rules,2026-09-26.1,rewrite,text:missing_info:במקורות | text:missing_info:לא צוינו | text:missing_info:לא פורסם | text:record:שמצוין | text:wording:כמו כן
9a6aa3be-ed73-4203-b622-a45fa327d4d5,אתי ניילס - אקדמיה לאיפור קבוע ועיצוב גבות,רחובות,live,no,no,yes,normal,text_rules,2026-10-04.8,rewrite,text:missing_info:במקורות | text:missing_info:שסופק | text:missing_info:לא צוינו | text:missing_info:לא פורסם | text:missing_info:לא נמסר | text:missing_info:אין פירוט | text:missing_info:בעמוד העסק | text:record:המצוינות | text:record:מציין | text:record:מופיעה | text:record:אין פירוט
d89a4304-f973-40b2-af6f-50205bc1e795,טליה דגן קוסמטיקה roof top (רחובות),רחובות,live,no,no,yes,normal,text_rules,2026-10-04.8,rewrite,text:latin:EMS | text:latin:RF
aba6a12f-eb4a-4582-a934-19bb2ae2ba55,"יערה וקיים מאפרת | עיצוב שיער - תסרוקות | תספורות | צבע גוונים ברחובות. ""להדגיש את היופי שבך""",רחובות,live,no,no,yes,normal,text_rules,2026-10-04.8,rewrite,text:missing_info:במקורות | text:missing_info:לא צוינו | text:missing_info:לא פורסמו | text:record:המצוינת | text:record:מציינים | text:record:ונרשמה | text:record:מופיעות | text:record:מתואר
4d562b29-df0b-4422-a0cc-dc59fa59275b,ליאת דנינו- מרכז לאסתטיקה|Liat Danino Aesthetics center,רחובות,live,no,no,yes,normal,text_rules,2026-10-04.8,rewrite,text:missing_info:במקורות | text:missing_info:לא פורסם | text:missing_info:לא נמסר | text:missing_info:המידע הזמין | text:missing_info:בעמוד העסק | text:record:ברשומות | text:record:מצוין | text:record:נרשמה | text:record:שמופיעים | text:wording:כמו כן
0a762856-0b16-4a4d-b391-95cbd08c37f8,מירב וחן הכרמלי טיפולים קוסמטיים,רחובות,live,no,no,yes,sparse,text_rules,2026-10-04.8,rewrite,text:missing_info:במקורות | text:missing_info:לא צוינו | text:missing_info:לא פורסמו | text:missing_info:לא פורסם | text:missing_info:אין מידע | text:missing_info:בעמוד העסק | text:missing_info:בפרופיל העסק | text:record:הרשומה | text:record:שמצוין | text:record:שנרשמו | text:record:ומופיעה | text:record:אינו מפרט | text:record:לא מפורטים | text:address:St | text:latin:Moti | text:latin:Kind | text:latin:St | text:latin:Rehovot | text:spelling:המצויין | text:spelling:מצויין
74724c13-7499-445a-a81a-59be444dd89f,מרפאת ד״ר נייזוב | מרפאת שיניים ברחובות,רחובות,live,no,no,yes,rich,text_rules,2026-10-04.8,rewrite,text:missing_info:במקורות | text:missing_info:במידע שנבדק | text:missing_info:לא צוינו | text:missing_info:לא פורסם | text:record:המצוינים | text:record:מציינת | text:record:נרשמו | text:record:מופיעים | text:dash:– | text:spelling:מצויין
0d7324b6-c9f0-449f-bb7a-2cfe6954ef42,נורית בן נתן - בניית ציפורניים ברחובות,רחובות,live,no,no,yes,normal,text_rules,2026-09-26.1,rewrite,text:missing_info:במקורות | text:missing_info:לא צוינו | text:missing_info:לא צוין | text:missing_info:לא פורסם | text:missing_info:אין מידע | text:missing_info:המידע הזמין | text:record:הרשומה | text:record:ומצוין | text:record:מציינת | text:record:שנרשמו | text:record:שמופיעים | text:wording:כמו כן | text:spelling:המצויין | text:spelling:מצויין
c504d2c7-8339-469c-8ba3-4f5b03bc4009,סמדר קוסמטיקה רפואית,רחובות,live,no,no,yes,normal,text_rules,2026-09-26.1,rewrite,text:missing_info:במקורות | text:missing_info:שסופק | text:missing_info:לא פורסמו | text:missing_info:לא פורסם | text:missing_info:אין מידע | text:missing_info:אין פירוט | text:missing_info:לפי הנתונים | text:record:ברשומה | text:record:מציין | text:record:נרשמו | text:record:מופיעים | text:record:מתוארים | text:record:אינה מפרטת | text:record:אין פירוט | text:latin:IPL
e792e14a-0e6e-4ecd-a224-2a5b310d697a,עיצוב שיער יניב קלימי,רחובות,live,no,no,yes,normal,text_rules,2026-10-04.8,rewrite,text:missing_info:במקורות | text:missing_info:לא צוינו | text:missing_info:לא פורסמו | text:missing_info:לא פורסם | text:missing_info:אין פירוט | text:record:הרשומה | text:record:מציינת | text:record:שמופיעה | text:record:אין פירוט | text:record:לא מפורטים | text:address:St | text:latin:Herzl | text:latin:St | text:latin:Rehovot | text:spelling:ווטסאפ
c24e37c8-c89c-4577-b88b-08895591589c,ציפורניים - אבי שגיא - קליניקה בריאותית לציפורניים,רחובות,live,no,no,yes,normal,text_rules,2026-09-26.1,rewrite,text:missing_info:שסופק | text:record:ברשומות | text:record:המצוינים | text:record:מציין | text:record:נרשמו | text:record:מופיעים | text:record:המתואר | text:address:St | text:latin:Moshe | text:latin:Forer | text:latin:St | text:spelling:ווטסאפ
a768b956-706d-47b1-84bc-4b990670a642,קוסמטיקאית ברחובות סיגל שבו מומחית לפתרון בעיות עור,רחובות,live,no,no,yes,rich,text_rules,2026-10-04.8,rewrite,text:missing_info:במקורות | text:missing_info:לא צוינו | text:missing_info:לא פורסמו | text:record:מצוין | text:record:מציין | text:record:שנרשם | text:record:מופיע
bb3d7841-67cc-47c7-a9ff-86224e1ac302,קוסמטיקאית רחובות טליה בן עטר,רחובות,live,no,no,yes,rich,text_rules,2026-10-04.8,rewrite,text:missing_info:במקורות | text:missing_info:לא צוינו | text:missing_info:לא פורסמו | text:missing_info:לא פורסם | text:missing_info:בפרופיל העסק | text:record:מופיע | text:spelling:מצויין
93538dfa-3813-4695-b1b5-141b40af6d54,קוסמטיקה.טיפוח.טבעי & מיקרובליידינג. איפור קבוע אורגני,רחובות,live,no,no,yes,normal,text_rules,2026-10-04.8,rewrite,text:missing_info:במקורות | text:missing_info:לא צוינו | text:missing_info:לא צוין | text:missing_info:לא פורסמו | text:missing_info:לא פורסם | text:missing_info:על פי הנתונים | text:missing_info:בפרופיל העסק | text:record:ברשומת | text:record:מצוין | text:record:ומציין | text:record:שנרשמו | text:record:ומופיעה | text:spelling:ווטסאפ
16c68d36-c44c-4275-b549-963f59b2dcf1,שני וגל קוסמטיקס,רחובות,live,no,no,yes,sparse,text_rules,2026-09-26.1,rewrite,text:missing_info:במקורות | text:missing_info:לא פורסם | text:missing_info:לא נמסר | text:missing_info:אין פירוט | text:missing_info:המידע הזמין | text:missing_info:בעמוד העסק | text:record:הרשומה | text:record:המצוינות | text:record:מציינות | text:record:ומופיעה | text:record:אין פירוט | text:spelling:מצויין
9d84a1a2-36ea-4c92-b0f3-c75eac76641f,AG עיצוב ושיקום שיער,אשדוד,live,no,no,yes,normal,text_rules,2026-10-04.8,rewrite,text:missing_info:במקורות | text:missing_info:לא פורסמו | text:missing_info:לא פורסם | text:missing_info:לא נמסר | text:missing_info:אין פירוט | text:record:ברשומות | text:record:מצוין | text:record:שמציינת | text:record:שנרשם | text:record:מתוארת | text:record:אין פירוט
5c7f50ff-1d30-4b74-a620-c065124101b5,B PURE CLINIC,אשדוד,live,no,no,yes,normal,text_rules,2026-10-04.8,rewrite,text:missing_info:במקורות | text:missing_info:לא פורסמו | text:missing_info:לא פורסם | text:missing_info:לפי הנתונים | text:missing_info:המידע הזמין | text:record:הרשומה | text:record:המצוינים | text:record:ומציין | text:record:מופיע | text:record:אינם מפרטים | text:address:St | text:latin:Ha-Gdud | text:latin:ha-Ivri | text:latin:St | text:latin:Soprano | text:latin:Titanium | text:latin:ADEL | text:latin:RF | text:latin:Microneedling
1127f177-b22a-49b9-91fc-12e60fd21a7c,Ester the queen,אשדוד,live,no,no,yes,sparse,text_rules,2026-10-04.8,rewrite,text:missing_info:במקורות | text:missing_info:שסופק | text:missing_info:לא פורסמו | text:record:מצוין | text:record:ומציינת | text:record:נרשמו | text:record:ומופיעה | text:wording:כמו כן
2a6fe4cb-d410-4847-8e1e-7682d37879e3,Glam42 גלאם42 אשדוד,אשדוד,live,no,no,yes,rich,text_rules,2026-10-04.8,rewrite,text:missing_info:במקורות | text:record:ברשומות | text:record:מצוין | text:record:מציין | text:record:מופיעים | text:record:מתוארים
a1b13758-e5fd-4f26-8a9e-9d33708644d8,Kati sara makeup artist,אשדוד,live,no,no,yes,sparse,text_rules,2026-10-04.8,rewrite,text:missing_info:במקורות | text:missing_info:לא צוינו | text:missing_info:לא פורסמו | text:missing_info:לא פורסם | text:missing_info:אין מידע | text:missing_info:בפרופיל העסק | text:record:רשומה | text:record:המצוינת | text:record:מופיעה | text:address:St | text:latin:Ahi | text:latin:Eilat | text:latin:St | text:latin:Ashdod
13c2f0ea-45bf-490c-b4ab-fe602c81b248,Mor Amour,אשדוד,live,no,no,yes,normal,text_rules,2026-10-04.8,rewrite,text:missing_info:במקורות | text:missing_info:במידע שנבדק | text:missing_info:לא צוינו | text:missing_info:לא פורסמו | text:missing_info:לא פורסם | text:missing_info:הפרופיל כולל | text:missing_info:בעמוד העסק | text:missing_info:בפרופיל העסק | text:record:הרשומה | text:record:מצוין | text:record:שנרשמו | text:record:שמופיע | text:spelling:מצויין
5f188255-888f-4258-b380-4ca2bdd98cbb,NOA LEV נועה לב,אשדוד,live,no,no,yes,sparse,text_rules,2026-10-04.8,rewrite,text:missing_info:במקורות | text:missing_info:שסופק | text:missing_info:לא פורסם | text:missing_info:אין פירוט | text:missing_info:לא זמין | text:record:ברשומות | text:record:מצוין | text:record:שנרשם | text:record:מופיע | text:record:ומתואר | text:record:אין פירוט | text:address:St | text:wording:כמו כן | text:latin:HaMishar | text:latin:St | text:latin:Ashdod | text:latin:PME | text:spelling:המצויין | text:spelling:מצויין
f2e4e0e2-aa75-4c45-981a-ff0070e2b35d,Nails Yuli יוליה בניית ציפורניים מקצועית אשדוד,אשדוד,live,no,no,yes,normal,text_rules,2026-10-04.8,rewrite,text:missing_info:במקורות | text:missing_info:לא פורסמו | text:missing_info:לפי הנתונים | text:record:מצוין | text:record:מציין | text:record:שנרשם | text:record:מופיעה | text:address:St | text:latin:Ha-Atsma'ut | text:latin:St | text:latin:Ashdod | text:latin:ACRYLIC | text:spelling:מצויין
a040df08-a0be-4afe-acb4-5a0d0a3fde7d,Or.Fix — Аппаратная косметология & Лифтинг,אשדוד,live,no,no,yes,normal,text_rules,2026-10-04.8,rewrite,text:latin:HIFU | text:latin:RF
6c80af72-2af0-44bb-b7c0-52161ac61782,Orit's Beauty Place,אשדוד,live,no,no,yes,normal,text_rules,2026-10-04.8,rewrite,text:missing_info:במקורות | text:missing_info:לא פורסמו | text:missing_info:לא פורסם | text:record:מצוינת | text:record:מציין | text:record:שמופיע | text:address:St | text:latin:Rogozin | text:latin:St
1eed952a-7af9-4875-9dc6-572d9167a83a,RN laser cosmetic,אשדוד,live,no,no,yes,rich,text_rules,2026-10-04.8,rewrite,text:missing_info:במקורות | text:missing_info:לא צוינו | text:record:שמצוין | text:record:מופיעים
315b6591-b747-480f-8ca8-e8cb08b10e62,Salon Kosmetik Janna,אשדוד,live,no,no,yes,sparse,text_rules,2026-10-04.8,rewrite,text:missing_info:במקורות | text:missing_info:לא פורסמו | text:missing_info:לא פורסם | text:missing_info:בכרטיס העסק | text:record:מצוין | text:record:מציין | text:record:שנרשמו | text:record:מופיע
de9ab7fb-2f51-4bbd-b538-242cabe9d69e,Two Rbib- aesthetics and Care Clinic,אשדוד,live,no,no,yes,sparse,text_rules,2026-10-04.8,rewrite,text:missing_info:במקורות | text:missing_info:לא פורסמו | text:missing_info:לא פורסם | text:missing_info:אין מידע | text:missing_info:אין פירוט | text:missing_info:המידע הזמין | text:record:הרשומה | text:record:מציין | text:record:מופיע | text:record:אין פירוט | text:spelling:ווטסאפ
7bf793da-b7d9-4de6-911c-7d4d56247c6b,V-Clinic,אשדוד,live,no,no,yes,normal,text_rules,2026-10-04.8,rewrite,text:missing_info:במקורות | text:missing_info:לא צוינו | text:missing_info:לא פורסמו | text:missing_info:לא פורסם | text:record:ברשומות | text:record:מציינים | text:record:שנרשמו | text:record:מופיעה | text:wording:כמו כן
00922006-11c0-4414-a5ea-92d7c0d9e13b,bar.by cosmetology,אשדוד,live,no,no,yes,normal,text_rules,2026-09-26.1,rewrite,text:missing_info:במקורות | text:missing_info:לא צוינו | text:missing_info:לא פורסם | text:missing_info:מידע חסר | text:missing_info:המידע הזמין | text:missing_info:בעמוד העסק | text:record:מצוין | text:record:מציינים | text:record:מתואר | text:address:Sderot | text:wording:כמו כן | text:latin:Sderot | text:latin:Yerushalayim | text:dash:—
5a348272-cf6d-4ca8-b206-4b94ba39b16d,iStudio-Ashdod,אשדוד,live,no,no,yes,normal,text_rules,2026-09-26.1,rewrite,text:missing_info:במקורות | text:missing_info:לא פורסמו | text:missing_info:לא פורסם | text:missing_info:אין מידע | text:missing_info:המידע הזמין | text:record:ברשומות | text:record:מצוין | text:record:מציין | text:record:שנרשמה | text:record:מופיעים | text:latin:Geneo | text:latin:BioLift
7da88bd3-16d9-4e7a-aa76-cd9fa41f35b7,shiran sultan nail,אשדוד,live,no,no,yes,sparse,text_rules,2026-09-26.1,rewrite,text:missing_info:במקורות | text:missing_info:לא פורסמו | text:missing_info:לא פורסם | text:missing_info:לא נמצאו | text:missing_info:ללא פירוט | text:missing_info:על פי הנתונים | text:missing_info:לפי הנתונים | text:missing_info:בפרופיל העסק | text:record:הרשומה | text:record:שמצוין | text:record:מציין | text:record:שנרשם | text:record:שמופיע | text:record:שמתואר | text:wording:במידה ו | text:wording:כמו כן | text:latin:Tapuz | text:latin:Ashdod | text:latin:gel
81624ed6-db4f-45d6-a44c-70d5d769d130,Студия Красоты Veranda,אשדוד,live,no,no,yes,sparse,text_rules,2026-09-26.1,rewrite,text:missing_info:במקורות | text:missing_info:לא צוינו | text:missing_info:לא פורסמו | text:missing_info:לפי הנתונים | text:record:ברשומה | text:record:מציין | text:record:שנרשמו | text:record:ומופיעה | text:latin:Ashdod
5ea120ef-6c66-4d0b-b19f-564f791b79cb,אומנית היופי החלק - IRIT WAK (בהנהלת אירית וייסמן ),אשדוד,live,no,no,yes,normal,text_rules,2026-09-26.1,rewrite,text:missing_info:במקורות | text:missing_info:שסופק | text:missing_info:לא פורסם | text:missing_info:אין מידע | text:missing_info:לא נמסר | text:record:המצוינות | text:record:מציינת | text:record:שנרשמו | text:record:מופיעים | text:address:St | text:wording:כמו כן | text:latin:Tsahal | text:latin:St | text:latin:Gan | text:latin:Yavne
fcebd368-e439-46c7-a0e8-909e9a61807e,אוראל בטיטו - עיצוב גבות באשדוד,אשדוד,live,no,no,yes,normal,text_rules,2026-09-26.1,rewrite,text:missing_info:במקורות | text:missing_info:לא צוינו | text:missing_info:המידע הזמין | text:record:רשומה | text:record:מצוין | text:record:מציין | text:record:נרשמה | text:record:מופיע | text:address:St | text:wording:כמו כן | text:latin:St | text:latin:Ashdod | text:latin:Brenner
e2d519f3-24c3-4b02-bb52-447305d046cf,אוראל שאלתיאל מאפרת ומסרקת כלות וערב,אשדוד,live,no,no,yes,sparse,text_rules,2026-09-26.1,rewrite,text:missing_info:במקורות | text:missing_info:שסופק | text:missing_info:לא פורסמו | text:missing_info:לא פורסם | text:missing_info:אין מידע | text:missing_info:ללא פירוט | text:missing_info:המידע הזמין | text:record:הרשומה | text:record:מצוינות | text:record:מציין | text:record:מופיע | text:address:St | text:wording:במידה ו | text:latin:Rabi | text:latin:Me'ir | text:latin:Ba'al | text:latin:ha-Nes | text:latin:St | text:latin:Ashdod
df8f55ef-7b98-4965-9480-3cad55198155,אושר בן חמו קליניקה לטיפוח,אשדוד,live,no,no,yes,normal,text_rules,2026-09-26.1,rewrite,text:missing_info:במקורות | text:missing_info:לא צוינו | text:missing_info:לא פורסמו | text:missing_info:לא פורסם | text:missing_info:אין פירוט | text:missing_info:בעמוד העסק | text:record:רשומות | text:record:המצוינת | text:record:מציינת | text:record:מופיע | text:record:אין פירוט | text:wording:כמו כן | text:spelling:מצויין
011e4ee8-e3a8-4768-ac58-976a12dbfa47,אלי אלמוזנינו בוטיק שיער - EA Eli Almoznino,אשדוד,live,no,no,yes,normal,text_rules,2026-09-26.1,rewrite,text:missing_info:במקורות | text:missing_info:לא צוינו | text:missing_info:לא פורסמו | text:missing_info:לא פורסם | text:missing_info:אין מידע | text:missing_info:אין פירוט | text:missing_info:ללא פירוט | text:record:ברשומה | text:record:מצוין | text:record:מציינת | text:record:נרשמו | text:record:שמופיעה | text:record:אין פירוט | text:latin:trails | text:spelling:מצויין
dd4f9334-b142-4403-b9fa-7ea94ab5ee18,אקסיומה,אשדוד,live,no,no,yes,normal,text_rules,2026-09-26.1,rewrite,text:missing_info:במקורות | text:missing_info:לא פורסמו | text:missing_info:אין מידע | text:missing_info:אין פירוט | text:missing_info:המידע הזמין | text:record:ברשומה | text:record:מצוין | text:record:מציינת | text:record:שמופיע | text:record:אין פירוט | text:address:St | text:wording:חציון | text:latin:Tashah | text:latin:St | text:latin:Ashdod | text:latin:Axioma | text:latin:by | text:latin:Impuls | text:latin:Medical | text:latin:Center
7523c6da-f219-41b3-afcc-019ca87b6ed6,ביוטי קלאב,אשדוד,live,no,no,yes,sparse,text_rules,2026-09-26.1,rewrite,text:missing_info:במקורות | text:missing_info:שסופק | text:missing_info:לא צוין | text:missing_info:לא פורסם | text:missing_info:לא נמסר | text:missing_info:ללא פירוט | text:missing_info:המידע הזמין | text:record:ברשומה | text:record:מצוין | text:record:נרשמו | text:record:מופיעים | text:latin:Mevo | text:latin:HaEtrog
7d1f3b35-940c-4225-915f-1164815cce35,"ד""ר אלכסיי רחמנוב - השתלות שיניים באשדוד, רופא שיניים באשדוד",אשדוד,live,no,no,yes,normal,text_rules,2026-09-26.1,rewrite,text:missing_info:במקורות | text:missing_info:שסופק | text:missing_info:לא פורסמו | text:missing_info:המידע הזמין | text:record:שמצוינים | text:record:מציין | text:record:נרשמה | text:record:מופיע | text:record:מתוארים | text:record:אינו מפרט
f9330707-df6e-4201-a959-5f264cbbb4ef,"ד""ר טל שניידר חירום אשדוד",אשדוד,live,no,no,yes,rich,text_rules,2026-09-26.1,rewrite,text:missing_info:במקורות | text:missing_info:שסופק | text:missing_info:לא צוינו | text:record:מצוין | text:record:נרשם | text:record:מופיעה
69a712f3-e982-4099-b753-daf808108e0c,"ד""ר לאוניד קאן",אשדוד,live,no,no,yes,sparse,text_rules,2026-09-26.1,rewrite,text:missing_info:במקורות | text:missing_info:שסופק | text:missing_info:לא צוינו | text:missing_info:לא פורסמו | text:missing_info:לא פורסם | text:missing_info:לא נמצאו | text:missing_info:לא נמסר | text:missing_info:המידע הזמין | text:missing_info:בעמוד העסק | text:record:הרשומה | text:record:מציין | text:record:שנרשמו | text:record:מתואר | text:address:St | text:wording:כמו כן | text:latin:Rogozin | text:latin:St | text:latin:Ashdod | text:spelling:ווטסאפ
3d5445ed-d862-44d5-802a-fe55950316b7,"ד""ר ליאפיס מיכל",אשדוד,live,no,no,yes,sparse,text_rules,2026-09-26.1,rewrite,text:missing_info:במקורות | text:missing_info:שסופק | text:missing_info:לא פורסמו | text:missing_info:לא נמסר | text:missing_info:אין פירוט | text:record:הרשומה | text:record:מציינות | text:record:נרשמה | text:record:אין פירוט | text:address:St | text:wording:כמו כן | text:latin:Kineret | text:latin:St | text:latin:Ashdod
838b9137-549b-444e-a567-8064fd306297,"דאלי סודות היופי של דליה מיכאלי, קוסמטיקאית באשדוד",אשדוד,live,no,no,yes,sparse,text_rules,2026-09-26.1,rewrite,text:missing_info:במקורות | text:missing_info:שסופק | text:missing_info:לא צוינו | text:missing_info:לא פורסמו | text:missing_info:לא פורסם | text:missing_info:לא נמצאו | text:record:ברשומות | text:record:מצוין | text:record:מציין | text:record:מופיעים | text:record:שמתואר | text:record:אינה מפרטת | text:address:St | text:latin:Leonardo | text:latin:da | text:latin:Vinci | text:latin:St
6db79906-f1ba-431b-93de-2d494d0b877f,דנה טיפולי אסתטיקה מתקדמים,אשדוד,live,no,no,yes,sparse,text_rules,2026-09-26.1,rewrite,text:missing_info:במקורות | text:missing_info:לא צוינו | text:missing_info:לא צוין | text:missing_info:לא פורסמו | text:missing_info:בעמוד העסק | text:record:ברשומת | text:record:מצוינת | text:record:ומציין | text:record:נרשמה | text:record:מופיע | text:record:שתוארה | text:record:מתוארת | text:spelling:מצויין
da0cd29f-bc44-42cd-9d44-cb36bdc71fe7,דריה - אקדמיה מקצועית לציפורניים,אשדוד,live,no,no,yes,normal,text_rules,2026-09-26.1,rewrite,text:missing_info:במקורות | text:missing_info:שסופק | text:missing_info:לא פורסמו | text:missing_info:לפי הנתונים | text:record:הרשומה | text:record:מצוינות | text:record:מציין | text:record:נרשמה | text:record:אינו מפרט | text:address:St | text:latin:Ha-Atsma'ut | text:latin:St | text:spelling:מצויין | text:spelling:ווטסאפ
d7d1292a-9dbf-42ca-8910-64a8934831f3,"ד״ר אלינה גרמן, רופאת שיניים",אשדוד,live,no,no,yes,rich,text_rules,2026-09-26.1,rewrite,text:missing_info:במקורות | text:missing_info:לא פורסם | text:record:הרשומות | text:record:מצוינים | text:record:שמציין | text:record:נרשמים | text:record:מופיעים | text:wording:כמו כן | text:dash:— | text:spelling:מצויין
0a8d75fb-8562-449c-945b-c22599fb2b6e,ד״ר סוזנה דורפמן - מרפאת שיניים לכירורגיה ואסתטיקה Dr. Susana Dorfman - Dental Surgery clinic,אשדוד,live,no,no,yes,rich,text_rules,2026-09-26.1,rewrite,text:missing_info:במקורות | text:missing_info:שסופק | text:missing_info:לא צוינו | text:missing_info:לא פורסמו | text:missing_info:לא פורסם | text:missing_info:בפרופיל העסק | text:record:הרשומה | text:record:המצוינים | text:record:מופיעים | text:wording:כמו כן
17a1468f-edf1-4436-a8cb-f2322d88b2f3,החלקת שיער אורגנית ושיקום hair style אשדוד,אשדוד,live,no,no,yes,normal,text_rules,2026-09-26.1,rewrite,text:missing_info:במקורות | text:missing_info:לא פורסמו | text:missing_info:לא פורסם | text:missing_info:אין פירוט | text:missing_info:לפי הנתונים | text:missing_info:המידע הזמין | text:missing_info:בפרופיל העסק | text:record:המצוינים | text:record:מופיעים | text:record:תוארו | text:record:אין פירוט | text:latin:Shlomo | text:latin:Ben | text:latin:Yosef
f45dc8f4-e348-447f-83d5-087dcaf0a66a,הילה קנפו טיפוח ויופי,אשדוד,live,no,no,yes,sparse,text_rules,2026-09-26.1,rewrite,text:missing_info:חבילת המידע | text:missing_info:בחבילת | text:missing_info:במקורות | text:missing_info:שסופק | text:missing_info:לא פורסמו | text:missing_info:לא פורסם | text:missing_info:אין מידע | text:missing_info:לא נמסר | text:missing_info:ללא פירוט | text:record:הרשומה | text:record:מצוין | text:record:מציינים | text:record:ומופיעה | text:address:St | text:latin:Shevet | text:latin:Levi | text:latin:St | text:latin:Ashdod
de719ab0-31b3-486d-b603-48490e3890f0,הלחמת ריסים אשדוד наращивание ресниц Ашдод לימודים קורס,אשדוד,live,no,no,yes,rich,text_rules,2026-09-26.1,rewrite,text:missing_info:במקורות | text:missing_info:לא פורסמו | text:missing_info:לא פורסם | text:missing_info:בפרופיל העסק | text:record:המצוינת | text:record:מציין | text:record:נרשם | text:address:Sderot | text:wording:כמו כן | text:latin:Sderot | text:latin:Yerushalayim | text:latin:Ashdod | text:latin:alongside | text:spelling:המצויין | text:spelling:מצויין
472b592c-ca69-4284-be03-c0bf42a850e8,הרמת ריסים וגבות | עיצוב גבות | מיקרובליידינג | מלי מויאל,אשדוד,live,no,no,yes,rich,text_rules,2026-09-26.1,rewrite,text:missing_info:במקורות | text:missing_info:לא פורסמו | text:missing_info:לא זמין | text:record:ברשומות | text:record:מצוינת | text:record:מציין | text:record:שמופיע | text:record:מתואר | text:latin:THUYA
9d4b8ee3-85ea-42db-aa13-a719cf106148,ויקטוריה שייני קוסמטיקה,אשדוד,live,no,no,yes,normal,text_rules,2026-09-26.1,rewrite,text:missing_info:במקורות | text:missing_info:שסופק | text:missing_info:לא צוינו | text:missing_info:לא פורסם | text:missing_info:לא נמצאו | text:missing_info:אין פירוט | text:missing_info:המידע הזמין | text:missing_info:בעמוד העסק | text:missing_info:בפרופיל העסק | text:record:ברשומה | text:record:מצוין | text:record:מציין | text:record:שנרשמו | text:record:מופיעים | text:record:שמתואר | text:record:אינו מפרט | text:record:אין פירוט
40aa708d-7653-499e-90e1-450873b446cf,זרי חמיאס,אשדוד,live,no,no,yes,normal,text_rules,2026-09-26.1,rewrite,text:missing_info:במקורות | text:missing_info:לא צוינו | text:missing_info:לא פורסמו | text:missing_info:המידע הזמין | text:record:המצוינת | text:record:שמציין | text:record:מופיע | text:address:St | text:latin:Likewise | text:latin:Ha-Tavor | text:latin:St | text:latin:Gan | text:latin:Yavne
8c4b8e6d-8cec-4c74-b7dc-4f51cf3e20ff,חני קוסמטיקה פרא רפואית,אשדוד,live,no,no,yes,sparse,text_rules,2026-09-26.1,rewrite,text:missing_info:במקורות | text:missing_info:לא צוינו | text:missing_info:לא צוין | text:missing_info:לא פורסמו | text:missing_info:לא נמסר | text:missing_info:בעמוד העסק | text:missing_info:בפרופיל העסק | text:record:מצוין | text:record:מציינת | text:record:שמופיעה | text:record:שמתואר
1d0f041a-c407-4b4c-a04b-02701289e3e6,יעל תמם - איפור כלות ואיפור ערב,אשדוד,live,no,no,yes,normal,text_rules,2026-09-26.1,rewrite,text:missing_info:במקורות | text:missing_info:לא פורסמו | text:missing_info:לא פורסם | text:missing_info:אין פירוט | text:record:הרשומה | text:record:מצוין | text:record:מציינות | text:record:אין פירוט | text:address:St | text:latin:Afarsemon | text:latin:St | text:latin:Ashdod | text:spelling:ווטסאפ
d20c5538-4f62-46d3-9c32-fcf269b95740,כללית אסתטיקה אשדוד,אשדוד,live,no,no,yes,normal,text_rules,2026-09-26.1,rewrite,text:missing_info:במקורות | text:missing_info:לא פורסמו | text:missing_info:לא פורסם | text:missing_info:לא נמסר | text:missing_info:המידע הזמין | text:record:מצוין | text:record:מציין | text:record:שנרשמו | text:record:מתוארים | text:address:St | text:latin:Tsahal | text:latin:St | text:spelling:מצויין
ec58a053-2a80-47c7-898d-d11d6e44ed3d,כנרת ממן,אשדוד,live,no,no,yes,normal,text_rules,2026-09-26.1,rewrite,text:missing_info:לא פורסמו | text:missing_info:לא פורסם | text:missing_info:אין פירוט | text:missing_info:המידע הזמין | text:record:ברשומות | text:record:המצוינים | text:record:מציינים | text:record:נרשמו | text:record:מופיעה | text:record:אין פירוט | text:address:St | text:latin:Gei | text:latin:Oni | text:latin:St | text:latin:Ashdod
95be327f-901b-4d03-bfe3-01d72ac12308,ליאנה זיו - אמנית גבות ומיקרובליידינג,אשדוד,live,no,no,yes,sparse,text_rules,2026-09-26.1,rewrite,text:missing_info:במקורות | text:missing_info:לא פורסמו | text:missing_info:לא פורסם | text:missing_info:לא נמצאו | text:missing_info:תיאור זה | text:missing_info:לא נמסר | text:record:ברשומות | text:record:המצוינים | text:record:נרשמו | text:record:מופיע | text:address:Derech | text:wording:כמו כן | text:latin:Derech | text:latin:Canada | text:latin:Gan | text:latin:Yavne | text:spelling:המצויין | text:spelling:מצויין
b2db1fc9-6730-44c8-8c10-bb10167e3bb2,מאי בטש - עיצוב גבות וריסים,אשדוד,live,no,no,yes,rich,text_rules,2026-09-26.1,rewrite,text:missing_info:במקורות | text:missing_info:לא צוינו | text:missing_info:לא פורסמו | text:missing_info:לא פורסם | text:missing_info:בעמוד העסק | text:record:ברשומות | text:record:המצוינות | text:record:מופיעים | text:dash:—
1e8f4f64-a255-45d2-b0d0-235743fc1ffd,מאפרת ומעצבת שיער נטלי בורנשטיין,אשדוד,live,no,no,yes,normal,text_rules,2026-09-26.1,rewrite,text:missing_info:במקורות | text:missing_info:לא צוינו | text:missing_info:לא נמצאו | text:missing_info:אין פירוט | text:record:ברשומות | text:record:המצוינת | text:record:מופיעים | text:record:אין פירוט | text:address:St | text:wording:כמו כן | text:latin:Ha-Atsma'ut | text:latin:St | text:spelling:המצויין | text:spelling:מצויין
c110573b-a2ce-413f-b9e5-c07aec2c863a,מגיק טאץ - המרכז להשתלות שיניים באשדוד,אשדוד,live,no,no,yes,normal,text_rules,2026-09-26.1,rewrite,text:missing_info:במקורות | text:missing_info:שסופק | text:missing_info:לא צוינו | text:record:שמצוינים | text:record:מציין | text:record:נרשמו | text:record:שמופיע | text:latin:Straumann
7bc36af9-950c-49b9-8483-82644ef65045,"מד אסתטיק - ד""ר פרייב מיכאל",אשדוד,live,no,no,yes,normal,text_rules,2026-09-26.1,rewrite,text:missing_info:במקורות | text:missing_info:לא צוינו | text:missing_info:לא פורסמו | text:missing_info:לא פורסם | text:record:ברשומות | text:record:המצוינת | text:record:מציינים | text:record:שמופיעים
99a5127d-c82f-4f54-9ae1-39812dc0c3ae,מומחית בעיצוב ציפורניים וגבות,אשדוד,live,no,no,yes,normal,text_rules,2026-09-26.1,rewrite,text:missing_info:במקורות | text:missing_info:לא פורסמו | text:missing_info:לא פורסם | text:missing_info:המידע הזמין | text:missing_info:בפרופיל העסק | text:record:שמצוין | text:record:מופיע | text:record:מתוארים | text:latin:Ha-Hagana | text:spelling:מצויין
405d1a60-224a-47bd-bf1e-9edd8d0f544a,מוריה מזרחי | קליניקה לאסתטיקה וטכנולוגיה מתקדמת,אשדוד,live,no,no,yes,sparse,text_rules,2026-09-26.1,rewrite,text:missing_info:במקורות | text:missing_info:לא פורסם | text:missing_info:אין תיעוד | text:missing_info:אין פירוט | text:missing_info:בעמוד העסק | text:record:הרשומות | text:record:מצוין | text:record:מציינת | text:record:מופיע | text:record:אין פירוט | text:address:St | text:wording:כמו כן | text:latin:Alma | text:latin:Harmony | text:latin:XL | text:latin:Yoseftal | text:latin:St | text:latin:Ashdod | text:spelling:מצויין | text:spelling:ווטסאפ
9b118c0e-468e-46df-a3fe-70ac2da00c20,מכון היופי - מרים שטרן,אשדוד,live,no,no,yes,normal,text_rules,2026-09-26.1,rewrite,text:missing_info:במקורות | text:missing_info:לא צוינו | text:missing_info:לא פורסמו | text:missing_info:לא פורסם | text:missing_info:אין פירוט | text:record:ברשומה | text:record:המצוינות | text:record:מציינת | text:record:מופיע | text:record:אין פירוט | text:address:St | text:latin:Shamai | text:latin:St | text:latin:Ashdod
c1875478-0e78-44b7-9e89-5dae2de8a08b,מרטין קליניק,אשדוד,live,no,no,yes,normal,text_rules,2026-09-26.1,rewrite,text:missing_info:במקורות | text:missing_info:שסופק | text:missing_info:לא צוינו | text:missing_info:לא פורסמו | text:missing_info:לא פורסם | text:missing_info:אין מידע | text:missing_info:המידע הזמין | text:record:הרשומה | text:record:מציין | text:record:שנרשם | text:record:מופיעה | text:latin:K-Tower
d058bd6d-ae57-4b8f-bf56-768e7e1e4e3a,מרפאת נרקיסיה,אשדוד,live,no,no,yes,normal,text_rules,2026-09-26.1,rewrite,text:missing_info:במקורות | text:missing_info:לא פורסמו | text:missing_info:לא פורסם | text:record:מציין | text:record:מופיעים | text:address:St | text:wording:אשר | text:latin:Ha-Gdud | text:latin:ha-Ivri | text:latin:St | text:latin:Ashdod | text:dash:–
cec36a00-b5c2-463f-8155-927387d789cb,"מרפאת שיניים באשדוד ד""ר אולגה ניקולאיבסקי",אשדוד,live,no,no,yes,normal,text_rules,2026-09-26.1,rewrite,text:missing_info:במקורות | text:missing_info:לא צוינו | text:missing_info:לא פורסמו | text:missing_info:לא פורסם | text:missing_info:אין פירוט | text:record:ברשומות | text:record:מצוין | text:record:שמציין | text:record:נרשמה | text:record:מופיעים | text:record:אין פירוט | text:address:Sderot | text:latin:K-Tower | text:latin:Sderot | text:latin:Yerushalayim
ba06eadd-da6a-48f7-a153-0539410dc72c,נופר קפורי - איפור שיער לכלות וערב,אשדוד,live,no,no,yes,normal,text_rules,2026-09-26.1,rewrite,text:missing_info:במקורות | text:missing_info:לא צוינו | text:missing_info:לא פורסמו | text:missing_info:אין מידע | text:record:המצוינות | text:record:מציין | text:record:מופיע | text:spelling:ווטסאפ
4c012c96-a8c4-4bf3-a6ad-f3b117fa1857,ניצן בוארון- הסרת שיער בלייזר קר ומניקור ג׳ל,אשדוד,live,no,no,yes,normal,text_rules,2026-09-26.1,rewrite,text:missing_info:במקורות | text:missing_info:לא צוינו | text:missing_info:לא פורסמו | text:missing_info:לא פורסם | text:missing_info:מידע חסר | text:record:המצוינות | text:record:ומציינת | text:record:מופיע | text:record:המתואר | text:record:אינם מפרטים | text:wording:כמו כן | text:spelling:המצויין | text:spelling:מצויין | text:spelling:ווטסאפ
6e6eea1e-5989-4f3c-856d-7417fdda98da,סלון יופי קסם,אשדוד,live,no,no,yes,sparse,text_rules,2026-09-26.1,rewrite,text:missing_info:במקורות | text:missing_info:לא פורסמו | text:missing_info:לא פורסם | text:missing_info:תיאור זה | text:missing_info:המידע הזמין | text:record:ברשומה | text:record:מצוינת | text:record:מציינת | text:record:מופיע | text:address:St | text:latin:Ibn | text:latin:Ezra | text:latin:St | text:latin:Ashdod | text:latin:Moshe
39f2c543-8190-40e3-bd8f-6baadc8494b8,סלון נאטל - מספרה | קוסמטיקה | טיפולי פנים,אשדוד,live,no,no,yes,normal,text_rules,2026-09-26.1,rewrite,text:missing_info:במקורות | text:missing_info:לא צוינו | text:missing_info:לא פורסמו | text:missing_info:לא פורסם | text:missing_info:בעמוד העסק | text:record:ברשומה | text:record:מצוינות | text:record:שנרשמו | text:record:מופיע
ec6a50ae-40d6-49c0-a3b3-a0f89462dfdf,"סמדג׳ה משה - המרכז להחלקות שיער אשדוד | החלקה אורגנית, החלקת קרטין | הסרת שיער בלייזר | טיפולי פנים",אשדוד,live,no,no,yes,rich,text_rules,2026-09-26.1,rewrite,text:missing_info:במקורות | text:missing_info:לא צוינו | text:missing_info:לא פורסמו | text:record:מצוין | text:record:מציין | text:record:נרשמו | text:record:שמופיעה | text:address:St | text:latin:Rogozin | text:latin:St | text:latin:Ashdod
702aad30-2aa7-4f5d-bb8d-b576aa5ee655,עינת ברק,אשדוד,live,no,no,yes,normal,text_rules,2026-09-26.1,rewrite,text:missing_info:במקורות | text:missing_info:לא צוינו | text:missing_info:לא פורסמו | text:missing_info:לא פורסם | text:record:ברשומת | text:record:מצוין | text:record:מציינת | text:record:נרשמה | text:record:מופיע | text:address:St | text:latin:Ha-Gdud | text:latin:ha-Ivri | text:latin:St | text:latin:Ashdod
d1b25779-5d2c-4904-b029-4652ad6d0801,קוסמטיקאית -אולגה קוסמטיקה מתקדמת,אשדוד,live,no,no,yes,sparse,text_rules,2026-09-26.1,rewrite,text:missing_info:במקורות | text:missing_info:לא צוינו | text:missing_info:לא פורסמו | text:missing_info:בעמוד העסק | text:record:שמצוין | text:record:מציין | text:record:נרשמו | text:record:ומופיעה | text:record:מתוארים | text:address:St | text:latin:Nahal | text:latin:Yarmuh | text:latin:St | text:latin:Ashdod
afa2c630-fdef-4ffc-b333-d901c2e28da2,"קורל אסולין- קליניקה לציפורניים,פדיקור,ריסים וגבות באשדוד",אשדוד,live,no,no,yes,normal,text_rules,2026-09-26.1,rewrite,text:missing_info:במקורות | text:missing_info:לא פורסם | text:missing_info:אין פירוט | text:missing_info:המידע הזמין | text:record:ברשומות | text:record:המצוינות | text:record:מציינת | text:record:שמופיעה | text:record:אין פירוט | text:spelling:המצויין | text:spelling:מצויין
72c6c43d-735d-48ec-898d-e1b3e5725612,קסם קוסמטיקס,אשדוד,live,no,no,yes,normal,text_rules,2026-09-26.1,rewrite,text:missing_info:במקורות | text:missing_info:לא פורסמו | text:missing_info:המידע הזמין | text:record:ברשומות | text:record:מצוין | text:record:מציין | text:record:נרשמה | text:record:מופיע | text:address:St | text:wording:כמו כן | text:latin:Yehoshafat | text:latin:ha-Melekh | text:latin:St | text:latin:Ashdod | text:latin:Hava | text:latin:Zingboim
63f47ba2-b476-46ee-b5d2-305bc5832b96,רוסלנה ביוטי סטייל,אשדוד,live,no,no,yes,normal,text_rules,2026-09-26.1,rewrite,text:missing_info:במקורות | text:missing_info:לא פורסמו | text:missing_info:לא פורסם | text:missing_info:ללא פירוט | text:record:ברשומת | text:record:מצוינים | text:record:מציינות | text:record:נרשמו | text:record:מופיע | text:spelling:המצויין | text:spelling:מצויין
6b20d446-7029-46dd-b9c4-8d848157596e,רינת ברטוב קוסמטיקאית פרא רפואית,אשדוד,live,no,no,yes,sparse,text_rules,2026-09-26.1,rewrite,text:missing_info:במקורות | text:missing_info:לא צוינו | text:missing_info:לא פורסמו | text:missing_info:לא פורסם | text:missing_info:המידע הזמין | text:missing_info:בעמוד העסק | text:record:ברשומה | text:record:שמצוינים | text:record:מציין | text:record:שנרשמו | text:record:מופיע | text:wording:כמו כן | text:spelling:המצויין | text:spelling:מצויין | text:spelling:ווטסאפ
5560ee57-7861-48b5-9e78-cdf9f102e1a3,רנטה מילבסקי || קורס איפור קבוע והדגשת שפתיים למתחילות ולמתקדמות - Renata Permanent Makeup,אשדוד,live,no,no,yes,normal,text_rules,2026-09-26.1,rewrite,text:missing_info:במקורות | text:missing_info:לא פורסמו | text:missing_info:בעמוד העסק | text:missing_info:בפרופיל העסק | text:record:מצוין | text:record:מציין | text:record:מופיעות | text:record:המתוארים | text:wording:כמו כן | text:latin:Demo | text:latin:Speaker | text:spelling:מצויין
c4208ee5-2c86-4172-8839-1955869ca462,שלומית - מכון קוסמטיקה ויופי,אשדוד,live,no,no,yes,sparse,text_rules,2026-09-26.1,rewrite,text:missing_info:לא צוין | text:missing_info:לא פורסמו | text:missing_info:לא פורסם | text:missing_info:בפרופיל העסק | text:record:הרשומה | text:record:המצוינות | text:record:שנרשמה | text:record:מופיעה | text:record:אינו מפרט | text:wording:כמו כן
832509ee-bf15-4f61-a953-1d72c7d1c05c,שני אשכנזי תוספות שיער אשדוד,אשדוד,live,no,no,yes,sparse,text_rules,2026-09-26.1,rewrite,text:missing_info:במקורות | text:missing_info:לא פורסמו | text:missing_info:לא פורסם | text:missing_info:בפרופיל העסק | text:record:המצוינת | text:record:מציין | text:record:שנרשמו | text:record:מופיעה
4bd98bdd-9ade-4715-8bea-a90a43d6b32f,שרה שמחה - קוסמטיקה רפואית טיפולי פנים מתקדמים,אשדוד,live,no,no,yes,sparse,text_rules,2026-09-26.1,rewrite,text:missing_info:במקורות | text:missing_info:לא צוין | text:missing_info:לא נמסר | text:missing_info:בעמוד העסק | text:record:ברשומות | text:record:שמצוינים | text:record:מציין | text:record:נרשמו | text:record:מופיעה | text:record:אינו מפרט | text:wording:כמו כן | text:latin:RF
ab8ef699-aa34-4d1a-861c-68f83ca37ab4,שרונה נבון קוסמטיקאית קלינית ואחות מוסמכת | טיפולי פנים ואיפור קבוע,אשדוד,live,no,no,yes,normal,text_rules,2026-09-26.1,rewrite,text:missing_info:במקורות | text:missing_info:לא צוינו | text:missing_info:לא פורסם | text:missing_info:לא זמין | text:record:שמצוינת | text:record:מציינת | text:record:מופיעים | text:record:שמתואר
03b912e7-c823-4c1a-84ea-5a52b9906f82,שרי קוסמטיקס,אשדוד,live,no,no,yes,sparse,text_rules,2026-09-26.1,rewrite,text:missing_info:במקורות | text:missing_info:לא צוינו | text:missing_info:לא פורסמו | text:missing_info:לא פורסם | text:missing_info:אין מידע | text:record:ברשומת | text:record:שמציינת | text:record:מופיע | text:address:Blvd | text:latin:Tel-Chay | text:latin:Blvd | text:latin:Ashdod
